timestamp,latitude,longitude,heading,event_type,avg_deceleration_kmh_s,peak_deceleration_kmh_s,surrounding_speed_kmh,speed_at_braking_segment_kmh,duration_flagged_interval_s,road_quality,gps_distance_m,time_interval_s,trip_id,segments_represented
2026-01-26 09:04:26+00:00,52.35381,4.80915,70.0,Sudden braking,2.0,2.0,21.236363636363635,20.3,1.0,2,5.2,1.0,602CA_Trip195,1
2026-01-26 09:07:11+00:00,52.356113,4.826721,90.0,Sudden braking,2.2,2.2,18.936363636363637,18.9,1.0,2,4.4,1.0,602CA_Trip195,1
2026-01-26 09:07:12+00:00,52.356111,4.826785,92.0,Sudden braking,2.1,2.1,17.527272727272727,16.8,1.0,2,3.5,1.0,602CA_Trip195,1
2026-01-26 09:07:19+00:00,52.355922,4.826866,167.0,Sudden braking,2.1,2.1,10.042857142857143,7.2,1.0,1,1.8,1.0,602CA_Trip195,1
2026-01-26 09:07:42+00:00,52.356065,4.827126,28.0,Sudden braking,2.2,2.2,8.657142857142857,6.2,1.0,2,1.4,1.0,602CA_Trip195,1
2026-01-26 09:12:16+00:00,52.35495,4.849996,89.0,Sudden braking,2.2,2.2,17.118181818181817,18.9,1.0,2,4.3,1.0,602CA_Trip195,1
2026-01-26 09:12:17+00:00,52.35495,4.850059,89.0,Sudden braking,2.7,2.7,15.518181818181818,16.2,1.0,2,3.6,1.0,602CA_Trip195,1
2026-01-26 09:12:18+00:00,52.354951,4.850112,89.0,Sudden braking,2.8,2.8,14.709999999999999,13.4,1.0,2,2.4,1.0,602CA_Trip195,1
2026-01-26 09:12:19+00:00,52.354951,4.850148,89.0,Sudden braking,2.7,2.7,13.744444444444444,10.7,1.0,2,2.1,1.0,602CA_Trip195,1
2026-01-26 09:12:20+00:00,52.354951,4.850179,89.0,Sudden braking,2.5,2.5,12.6375,8.2,1.0,2,1.5,1.0,602CA_Trip195,1
2026-01-26 09:17:45+00:00,52.361595,4.88154,56.0,Sudden braking,2.1,2.1,20.25,21.1,1.0,2,5.1,1.0,602CA_Trip195,1
2026-01-26 09:17:46+00:00,52.361622,4.8816,52.0,Sudden braking,2.4,2.4,19.41111111111111,18.7,1.0,2,4.1,1.0,602CA_Trip195,1
2026-01-26 09:17:47+00:00,52.361647,4.881644,50.0,Sudden braking,3.6,3.6,18.4625,15.1,1.0,3,3.4,1.0,602CA_Trip195,1
2026-01-26 09:17:48+00:00,52.361669,4.881678,40.0,Sudden braking,4.3,4.3,17.37142857142857,10.8,1.0,2,2.6,1.0,602CA_Trip195,1
2026-01-26 09:19:46+00:00,52.359644,4.890081,112.0,Sudden braking,2.0,2.0,22.0,23.7,1.0,2,6.0,1.0,602CA_Trip195,1
2026-01-26 09:19:47+00:00,52.359619,4.890159,114.0,Sudden braking,2.4,2.4,20.181818181818183,21.3,1.0,2,4.9,1.0,602CA_Trip195,1
2026-01-26 09:19:48+00:00,52.359601,4.890226,116.0,Sudden braking,2.7,2.7,18.2,18.6,1.0,2,4.3,1.0,602CA_Trip195,1
2026-01-26 09:19:49+00:00,52.359576,4.890273,125.0,Sudden braking,2.8,2.8,16.10909090909091,15.8,1.0,2,3.4,1.0,602CA_Trip195,1
2026-01-26 09:19:50+00:00,52.359559,4.890315,124.0,Sudden braking,2.6,2.6,14.036363636363637,13.2,1.0,2,2.8,1.0,602CA_Trip195,1
2026-01-26 09:19:51+00:00,52.35955,4.890353,117.0,Sudden braking,2.3,2.3,12.870000000000001,10.9,1.0,2,2.5,1.0,602CA_Trip195,1
2026-01-26 09:19:52+00:00,52.359548,4.890389,108.0,Sudden braking,2.0,2.0,11.666666666666668,8.9,1.0,2,1.9,1.0,602CA_Trip195,1
2026-01-26 09:19:53+00:00,52.359551,4.890417,99.0,Sudden braking,2.1,2.1,9.811111111111112,6.8,1.0,2,1.3,1.0,602CA_Trip195,1
2026-01-26 09:21:53+00:00,52.359336,4.897922,77.0,Sudden braking,2.4,2.4,17.51818181818182,19.3,1.0,2,4.5,1.0,602CA_Trip195,1
2026-01-26 09:21:54+00:00,52.359344,4.897988,77.0,Sudden braking,2.7,2.7,15.954545454545455,16.6,1.0,2,3.6,1.0,602CA_Trip195,1
2026-01-26 09:21:55+00:00,52.359351,4.89804,77.0,Sudden braking,2.7,2.7,14.245454545454546,13.9,1.0,2,2.8,1.0,602CA_Trip195,1
2026-01-26 09:21:56+00:00,52.359358,4.898079,77.0,Sudden braking,2.4,2.4,13.290000000000001,11.5,1.0,2,2.5,1.0,602CA_Trip195,1
2026-01-26 09:21:57+00:00,52.359364,4.898114,78.0,Sudden braking,2.1,2.1,12.177777777777777,9.4,1.0,2,2.0,1.0,602CA_Trip195,1
2026-01-26 09:21:58+00:00,52.359365,4.898143,78.0,Sudden braking,2.2,2.2,10.9875,7.2,1.0,2,1.8,1.0,602CA_Trip195,1
2026-01-26 09:24:07+00:00,52.361025,4.907867,84.0,Sudden braking,2.1,2.1,15.8,15.3,1.0,2,4.0,1.0,602CA_Trip195,1
2026-01-26 09:26:26+00:00,52.367061,4.912459,29.0,Sudden braking,2.7,2.7,22.89090909090909,26.4,1.0,2,5.7,1.0,602CA_Trip195,1
2026-01-26 09:26:27+00:00,52.367103,4.912505,29.0,Sudden braking,3.9,3.9,21.68181818181818,22.5,1.0,2,4.4,1.0,602CA_Trip195,1
2026-01-26 09:26:28+00:00,52.367131,4.91255,29.0,Sudden braking,4.1,4.1,20.37272727272727,18.4,1.0,3,2.9,1.0,602CA_Trip195,1
2026-01-26 09:26:29+00:00,52.367149,4.912582,29.0,Sudden braking,3.4,3.4,19.054545454545455,15.0,1.0,3,2.6,1.0,602CA_Trip195,1
2026-01-26 09:26:30+00:00,52.367168,4.912604,29.0,Sudden braking,2.0,2.0,17.8,13.0,1.0,2,1.7,1.0,602CA_Trip195,1
2026-01-26 09:27:36+00:00,52.369475,4.912277,299.0,Sudden braking,2.0,2.0,15.227272727272727,14.6,1.0,2,4.0,1.0,602CA_Trip195,1
2026-01-26 09:30:06+00:00,52.372399,4.918303,36.0,Sudden braking,2.0,2.0,12.511111111111111,11.5,1.0,2,3.5,1.0,602CA_Trip195,1
2026-01-26 09:30:07+00:00,52.372431,4.918313,21.0,Sudden braking,2.3,2.3,11.825,9.2,1.0,2,2.4,1.0,602CA_Trip195,1
2026-01-26 09:30:08+00:00,52.372445,4.918287,351.0,Sudden braking,2.1,2.1,11.1,7.1,1.0,2,1.1,1.0,602CA_Trip195,1
2026-02-20 07:45:07+00:00,52.353679,4.807277,151.0,Sudden braking,2.0,2.0,11.366666666666667,10.0,1.0,2,1.8,1.0,602CA_Trip196,1
2026-02-20 07:45:08+00:00,52.353665,4.807289,152.0,Sudden braking,2.3,2.3,10.5875,7.7,1.0,2,1.8,1.0,602CA_Trip196,1
2026-02-20 07:45:09+00:00,52.35365,4.807296,154.0,Sudden braking,2.3,2.3,8.9125,5.4,1.0,2,1.6,1.0,602CA_Trip196,1
2026-02-20 07:49:14+00:00,52.356113,4.826831,90.0,Sudden braking,2.0,2.0,18.51818181818182,19.5,1.0,2,4.8,1.0,602CA_Trip196,1
2026-02-20 07:49:15+00:00,52.356112,4.826901,90.0,Sudden braking,2.2,2.2,17.081818181818182,17.3,1.0,2,3.7,1.0,602CA_Trip196,1
2026-02-20 07:49:16+00:00,52.356114,4.826955,89.0,Sudden braking,2.2,2.2,15.627272727272727,15.1,1.0,2,2.9,1.0,602CA_Trip196,1
2026-02-20 07:49:17+00:00,52.356112,4.826997,93.0,Sudden braking,2.1,2.1,14.263636363636364,13.0,1.0,2,3.3,1.0,602CA_Trip196,1
2026-02-20 07:53:11+00:00,52.355713,4.84762,90.0,Sudden braking,2.2,2.2,17.945454545454545,18.4,1.0,2,4.5,1.0,602CA_Trip196,1
2026-02-20 07:53:12+00:00,52.355707,4.847686,94.0,Sudden braking,2.4,2.4,16.954545454545453,16.0,1.0,2,3.3,1.0,602CA_Trip196,1
2026-02-20 07:53:13+00:00,52.355693,4.847729,106.0,Sudden braking,2.2,2.2,16.1,13.8,1.0,2,2.8,1.0,602CA_Trip196,1
2026-02-20 07:53:58+00:00,52.35496,4.850146,89.0,Sudden braking,2.2,2.2,14.21111111111111,12.4,1.0,2,2.6,1.0,602CA_Trip196,1
2026-02-20 07:53:59+00:00,52.35496,4.850184,89.0,Sudden braking,2.2,2.2,13.21111111111111,10.2,1.0,2,2.0,1.0,602CA_Trip196,1
2026-02-20 07:54:56+00:00,52.354775,4.855067,72.0,Sudden braking,2.5,2.5,17.49,18.6,1.0,2,4.1,1.0,602CA_Trip196,1
2026-02-20 07:54:57+00:00,52.354787,4.855125,72.0,Sudden braking,3.1,3.1,16.933333333333334,15.5,1.0,2,3.5,1.0,602CA_Trip196,1
2026-02-20 07:54:58+00:00,52.354799,4.855174,69.0,Sudden braking,3.8,3.8,16.1125,11.7,1.0,3,2.0,1.0,602CA_Trip196,1
2026-02-20 07:54:59+00:00,52.354807,4.8552,62.0,Sudden braking,3.2,3.2,15.0,8.5,1.0,3,1.4,1.0,602CA_Trip196,1
2026-02-20 07:59:59+00:00,52.361637,4.881725,49.0,Sudden braking,2.3,2.3,11.9125,9.1,1.0,2,2.2,1.0,602CA_Trip196,1
2026-02-20 08:00:00+00:00,52.361653,4.881743,42.0,Sudden braking,2.1,2.1,11.057142857142857,7.0,1.0,2,1.0,1.0,602CA_Trip196,1
2026-02-20 08:01:24+00:00,52.362503,4.883528,47.0,Sudden braking,2.7,2.7,12.436363636363637,11.9,1.0,2,3.1,1.0,602CA_Trip196,1
2026-02-20 08:01:25+00:00,52.362522,4.88356,45.0,Sudden braking,2.5,2.5,12.027272727272727,9.4,1.0,2,2.6,1.0,602CA_Trip196,1
2026-02-20 08:08:56+00:00,52.368512,4.913726,30.0,Sudden braking,2.1,2.1,18.536363636363635,19.8,1.0,2,4.7,1.0,602CA_Trip196,1
2026-02-20 08:08:57+00:00,52.368549,4.913761,30.0,Sudden braking,2.4,2.4,17.318181818181817,17.4,1.0,3,3.4,1.0,602CA_Trip196,1
2026-02-20 08:08:58+00:00,52.368576,4.913785,30.0,Sudden braking,2.3,2.3,16.054545454545455,15.1,1.0,3,2.9,1.0,602CA_Trip196,1
2026-02-20 08:10:44+00:00,52.371026,4.915068,75.0,Sudden braking,2.0,2.0,10.1875,7.1,1.0,2,1.5,1.0,602CA_Trip196,1
2026-02-21 17:16:45+00:00,52.371057,4.913207,282.0,Sudden braking,2.5,2.5,14.3625,12.1,1.0,1,2.5,1.0,602CA_Trip378,1
2026-02-21 17:16:46+00:00,52.371059,4.913171,278.0,Sudden braking,2.6,2.6,13.757142857142856,9.5,1.0,1,2.0,1.0,602CA_Trip378,1
2026-02-21 17:19:25+00:00,52.366718,4.911888,212.0,Sudden braking,2.0,2.0,10.911111111111111,9.6,1.0,2,2.2,1.0,602CA_Trip378,1
2026-02-21 17:19:26+00:00,52.366701,4.911871,212.0,Sudden braking,2.1,2.1,10.325,7.5,1.0,2,1.6,1.0,602CA_Trip378,1
2026-02-21 17:21:14+00:00,52.364441,4.90666,263.0,Sudden braking,2.2,2.2,17.963636363636365,18.3,1.0,2,4.3,1.0,602CA_Trip378,1
2026-02-21 17:21:15+00:00,52.36444,4.906597,271.0,Sudden braking,2.0,2.0,17.37,16.3,1.0,2,3.4,1.0,602CA_Trip378,1
2026-02-21 17:25:14+00:00,52.359734,4.898713,203.0,Sudden braking,2.0,2.0,14.936363636363636,14.6,1.0,2,3.6,1.0,602CA_Trip378,1
2026-02-21 17:25:15+00:00,52.359703,4.8987,203.0,Sudden braking,2.1,2.1,14.045454545454545,12.5,1.0,2,2.6,1.0,602CA_Trip378,1
2026-02-21 17:28:25+00:00,52.362572,4.883937,309.0,Sudden braking,2.3,2.3,15.49090909090909,16.7,1.0,2,3.5,1.0,602CA_Trip378,1
2026-02-21 17:28:26+00:00,52.362592,4.883897,309.0,Sudden braking,2.8,2.8,13.818181818181818,13.9,1.0,2,2.5,1.0,602CA_Trip378,1
2026-02-21 17:28:27+00:00,52.362607,4.883869,310.0,Sudden braking,2.8,2.8,12.10909090909091,11.1,1.0,2,1.9,1.0,602CA_Trip378,1
2026-02-21 17:28:28+00:00,52.362614,4.883843,309.0,Sudden braking,2.3,2.3,11.11,8.8,1.0,2,1.5,1.0,602CA_Trip378,1
2026-02-21 17:34:25+00:00,52.354974,4.855911,248.0,Sudden braking,2.0,2.0,16.236363636363635,16.9,1.0,2,4.4,1.0,602CA_Trip378,1
2026-02-21 17:34:26+00:00,52.354966,4.855847,253.0,Sudden braking,2.2,2.2,14.836363636363636,14.7,1.0,2,3.5,1.0,602CA_Trip378,1
2026-02-21 17:34:27+00:00,52.354957,4.855797,253.0,Sudden braking,2.1,2.1,13.427272727272728,12.6,1.0,2,2.5,1.0,602CA_Trip378,1
2026-02-21 17:40:44+00:00,52.356345,4.827562,302.0,Sudden braking,2.2,2.2,12.911111111111111,11.6,1.0,2,2.7,1.0,602CA_Trip378,1
2026-02-21 17:40:45+00:00,52.356361,4.827533,307.0,Sudden braking,2.4,2.4,12.3,9.2,1.0,2,2.1,1.0,602CA_Trip378,1
2026-02-23 07:28:43+00:00,52.354148,4.810755,71.0,Sudden braking,2.0,2.0,15.872727272727273,15.9,1.0,2,6.9,1.0,602CA_Trip379,1
2026-02-23 07:31:32+00:00,52.356113,4.826911,89.0,Sudden braking,2.1,2.1,17.39090909090909,18.7,1.0,2,4.4,1.0,602CA_Trip379,1
2026-02-23 07:31:33+00:00,52.356114,4.826975,90.0,Sudden braking,2.5,2.5,15.763636363636364,16.2,1.0,2,3.3,1.0,602CA_Trip379,1
2026-02-23 07:31:34+00:00,52.356109,4.827023,95.0,Sudden braking,2.7,2.7,14.00909090909091,13.5,1.0,2,3.0,1.0,602CA_Trip379,1
2026-02-23 07:31:35+00:00,52.3561,4.827065,105.0,Sudden braking,2.3,2.3,12.218181818181819,11.2,1.0,2,2.2,1.0,602CA_Trip379,1
2026-02-23 07:35:49+00:00,52.3557,4.847667,94.0,Sudden braking,2.1,2.1,17.509090909090908,16.5,1.0,2,3.8,1.0,602CA_Trip379,1
2026-02-23 07:50:58+00:00,52.366073,4.911548,30.0,Sudden braking,2.3,2.3,17.272727272727273,17.8,1.0,2,4.0,1.0,602CA_Trip379,1
2026-02-23 07:50:59+00:00,52.366104,4.911577,30.0,Sudden braking,2.5,2.5,15.781818181818181,15.3,1.0,2,3.0,1.0,602CA_Trip379,1
2026-02-23 07:51:00+00:00,52.366125,4.911604,30.0,Sudden braking,2.5,2.5,14.381818181818183,12.8,1.0,2,2.7,1.0,602CA_Trip379,1
2026-02-23 07:51:01+00:00,52.36614,4.911635,30.0,Sudden braking,2.0,2.0,13.145454545454546,10.8,1.0,2,2.2,1.0,602CA_Trip379,1
2026-03-02 08:25:30+00:00,52.353793,4.809064,74.0,Sudden braking,2.1,2.1,14.554545454545455,14.7,1.0,2,3.8,1.0,602CA_Trip380,1
2026-03-02 08:25:31+00:00,52.353811,4.809111,70.0,Sudden braking,2.1,2.1,13.045454545454545,12.6,1.0,2,2.7,1.0,602CA_Trip380,1
2026-03-02 08:29:26+00:00,52.356103,4.826794,89.0,Sudden braking,2.2,2.2,18.21818181818182,19.0,1.0,2,4.2,1.0,602CA_Trip380,1
2026-03-02 08:29:27+00:00,52.356108,4.826856,88.0,Sudden braking,2.4,2.4,16.536363636363635,16.6,1.0,2,3.8,1.0,602CA_Trip380,1
2026-03-02 08:29:28+00:00,52.356109,4.826912,90.0,Sudden braking,2.3,2.3,14.809090909090909,14.3,1.0,2,3.4,1.0,602CA_Trip380,1
2026-03-02 08:29:29+00:00,52.35611,4.826961,90.0,Sudden braking,2.0,2.0,13.86,12.3,1.0,2,2.8,1.0,602CA_Trip380,1
2026-03-02 08:34:34+00:00,52.354772,4.853539,100.0,Sudden braking,2.5,2.5,14.563636363636364,15.6,1.0,3,5.1,1.0,602CA_Trip380,1
2026-03-02 08:34:35+00:00,52.354766,4.853614,99.0,Sudden braking,2.7,2.7,12.99090909090909,12.9,1.0,3,2.2,1.0,602CA_Trip380,1
2026-03-02 08:34:36+00:00,52.354774,4.853644,89.0,Sudden braking,2.5,2.5,11.527272727272727,10.4,1.0,2,2.3,1.0,602CA_Trip380,1
2026-03-02 08:34:37+00:00,52.354794,4.853655,65.0,Sudden braking,2.6,2.6,10.181818181818182,7.8,1.0,2,2.1,1.0,602CA_Trip380,1
2026-03-02 08:34:38+00:00,52.354803,4.853681,57.0,Sudden braking,2.1,2.1,8.972727272727273,5.7,1.0,2,2.5,1.0,602CA_Trip380,1
2026-03-02 08:39:37+00:00,52.361601,4.881703,62.0,Sudden braking,2.4,2.4,16.681818181818183,18.9,1.0,2,4.6,1.0,602CA_Trip380,1
2026-03-02 08:39:38+00:00,52.361623,4.881761,60.0,Sudden braking,3.0,3.0,15.89,15.9,1.0,2,3.1,1.0,602CA_Trip380,1
2026-03-02 08:39:39+00:00,52.361639,4.881799,60.0,Sudden braking,3.0,3.0,14.988888888888889,12.9,1.0,2,1.4,1.0,602CA_Trip380,1
2026-03-02 08:39:40+00:00,52.36165,4.881787,55.0,Sudden braking,3.4,3.4,13.925,9.5,1.0,2,2.7,1.0,602CA_Trip380,1
2026-03-02 08:39:41+00:00,52.361664,4.881818,54.0,Sudden braking,3.4,3.4,11.4875,6.1,1.0,2,1.6,1.0,602CA_Trip380,1
2026-03-02 08:42:38+00:00,52.359511,4.890996,100.0,Sudden braking,2.3,2.3,15.081818181818182,17.2,1.0,1,4.2,1.0,602CA_Trip380,1
2026-03-02 08:42:39+00:00,52.359505,4.891057,100.0,Sudden braking,3.0,3.0,14.47,14.2,1.0,1,2.8,1.0,602CA_Trip380,1
2026-03-02 08:42:40+00:00,52.359504,4.891098,98.0,Sudden braking,3.0,3.0,12.62,11.2,1.0,1,1.7,1.0,602CA_Trip380,1
2026-03-02 08:42:41+00:00,52.359499,4.891121,103.0,Sudden braking,2.8,2.8,11.6,8.4,1.0,1,1.3,1.0,602CA_Trip380,1
2026-03-02 08:42:42+00:00,52.359496,4.89114,104.0,Sudden braking,2.7,2.7,10.424999999999999,5.7,1.0,1,1.1,1.0,602CA_Trip380,1
2026-03-02 08:44:35+00:00,52.359333,4.89811,77.0,Sudden braking,2.6,2.6,16.445454545454545,17.1,1.0,2,5.1,1.0,602CA_Trip380,1
2026-03-02 08:44:36+00:00,52.359339,4.898184,78.0,Sudden braking,2.4,2.4,14.754545454545454,14.7,1.0,2,1.1,1.0,602CA_Trip380,1
2026-03-02 08:44:37+00:00,52.359342,4.8982,78.0,Sudden braking,2.2,2.2,13.86,12.5,0.999,2,2.3,0.999,602CA_Trip380,1
2026-03-02 08:44:38+00:00,52.359349,4.898231,78.0,Sudden braking,2.4,2.4,12.877777777777778,10.1,1.0,2,2.3,1.0,602CA_Trip380,1
2026-03-02 08:44:39+00:00,52.359356,4.898263,78.0,Sudden braking,2.2,2.2,11.7875,7.9,1.0,2,1.8,1.0,602CA_Trip380,1
2026-03-02 08:46:48+00:00,52.360975,4.907616,72.0,Sudden braking,3.0,3.0,17.71818181818182,19.4,1.0,2,4.2,1.0,602CA_Trip380,1
2026-03-02 08:46:49+00:00,52.360984,4.907677,73.0,Sudden braking,3.6,3.6,15.927272727272728,15.8,1.0,2,2.7,1.0,602CA_Trip380,1
2026-03-02 08:46:50+00:00,52.36099,4.907715,71.0,Sudden braking,3.3,3.3,14.018181818181818,12.5,1.0,2,1.9,1.0,602CA_Trip380,1
2026-03-02 08:46:51+00:00,52.361001,4.907737,66.0,Sudden braking,2.7,2.7,12.145454545454545,9.8,1.0,2,2.2,1.0,602CA_Trip380,1
2026-03-02 08:46:52+00:00,52.36101,4.907766,66.0,Sudden braking,2.0,2.0,10.93,7.8,1.0,2,1.9,1.0,602CA_Trip380,1
2026-03-02 08:49:12+00:00,52.364719,4.910793,343.0,Sudden braking,2.4,2.4,19.84,20.6,1.0,2,4.9,1.0,602CA_Trip380,1
2026-03-02 08:49:13+00:00,52.36476,4.91077,344.0,Sudden braking,2.6,2.6,19.527272727272727,18.0,1.0,2,3.9,1.0,602CA_Trip380,1
2026-03-02 08:49:14+00:00,52.364792,4.910747,344.0,Sudden braking,2.2,2.2,18.745454545454546,15.8,1.0,2,3.0,1.0,602CA_Trip380,1
2026-03-02 08:49:40+00:00,52.366039,4.911558,30.0,Sudden braking,2.1,2.1,17.69090909090909,18.7,1.0,3,4.2,1.0,602CA_Trip380,1
2026-03-02 08:49:41+00:00,52.36607,4.911591,30.0,Sudden braking,2.3,2.3,16.37272727272727,16.4,1.0,3,3.8,1.0,602CA_Trip380,1
2026-03-02 08:49:42+00:00,52.366101,4.911615,30.0,Sudden braking,2.3,2.3,15.027272727272727,14.1,1.0,3,3.8,1.0,602CA_Trip380,1
2026-03-02 08:49:43+00:00,52.366133,4.911636,30.0,Sudden braking,2.0,2.0,13.772727272727272,12.1,1.0,3,2.9,1.0,602CA_Trip380,1
2026-03-02 08:51:03+00:00,52.369476,4.912364,299.0,Sudden braking,2.1,2.1,18.48,18.0,1.0,2,3.9,1.0,602CA_Trip380,1
2026-03-02 08:51:04+00:00,52.369498,4.912319,299.0,Sudden braking,2.3,2.3,17.41,15.7,1.0,2,4.0,1.0,602CA_Trip380,1
2026-03-02 08:52:06+00:00,52.371,4.914957,60.0,Sudden braking,2.0,2.0,15.559999999999999,14.8,1.0,2,3.4,1.0,602CA_Trip380,1
2026-03-02 08:52:07+00:00,52.371007,4.915006,69.0,Sudden braking,2.1,2.1,14.14,12.7,1.0,2,3.0,1.0,602CA_Trip380,1
2026-03-02 08:52:08+00:00,52.371012,4.915049,74.0,Sudden braking,2.3,2.3,13.05,10.4,1.0,2,2.1,1.0,602CA_Trip380,1
2026-04-01 09:07:55+00:00,52.374505,4.915053,255.0,Sudden braking,2.07,2.07,16.88,16.0,0.967,3,5.3,0.967,602CA_Trip194,1
2026-04-01 09:09:00+00:00,52.376584,4.914058,340.0,Sudden braking,2.3,2.3,16.93,16.0,0.999,2,4.4,0.999,602CA_Trip194,1
2026-04-01 09:11:15+00:00,52.373886,4.920184,226.0,Sudden braking,2.54,2.54,18.022222222222222,17.4,0.946,2,4.0,0.946,602CA_Trip194,1
2026-04-01 09:11:16+00:00,52.37386,4.920144,217.0,Sudden braking,2.29,2.29,18.022222222222222,15.0,1.05,2,6.0,1.05,602CA_Trip194,1
2026-04-08 13:26:31+00:00,52.37505,4.914063,211.0,Sudden braking,2.0,2.0,12.045454545454545,13.3,1.001,3,5.3,1.001,602DE_Trip197,1
2026-04-08 13:26:32+00:00,52.375008,4.914025,210.0,Sudden braking,2.9,2.9,11.709090909090909,10.4,0.999,3,3.4,0.999,602DE_Trip197,1
2026-04-08 13:26:33+00:00,52.374983,4.913994,213.0,Sudden braking,2.4,2.4,11.463636363636363,8.0,1.0,3,1.7,1.0,602DE_Trip197,1
2026-04-08 13:28:23+00:00,52.372704,4.917601,138.0,Sudden braking,2.8,2.8,15.233333333333333,13.2,1.0,2,3.4,1.0,602DE_Trip197,1
2026-04-08 13:28:24+00:00,52.372674,4.917609,155.0,Sudden braking,2.0,2.0,14.9,11.2,1.001,2,3.0,1.001,602DE_Trip197,1
2026-04-08 13:46:17+00:00,52.376684,4.913279,91.0,Sudden braking,2.4,2.4,13.06,12.8,1.0,3,3.8,1.0,602DE_Trip198,1
2026-04-08 13:47:25+00:00,52.375175,4.91409,187.0,Sudden braking,2.1,2.1,9.75,7.2,1.0,3,4.9,1.0,602DE_Trip198,1
2026-04-08 14:22:00+00:00,52.372656,4.917755,141.0,Sudden braking,2.4,2.4,17.472727272727273,19.6,1.0,2,6.4,1.0,602DE_Trip203,1
2026-04-08 14:22:01+00:00,52.372612,4.917815,139.0,Sudden braking,2.8,2.8,15.4,16.8,1.0,2,4.5,1.0,602DE_Trip203,1
2026-04-08 14:22:02+00:00,52.372579,4.917855,140.0,Sudden braking,3.2,3.2,12.290000000000001,13.6,1.0,2,3.2,1.0,602DE_Trip203,1
2026-04-08 14:22:03+00:00,52.372557,4.917886,139.0,Sudden braking,4.1,4.1,10.38,9.5,1.0,2,2.8,1.0,602DE_Trip203,1
2026-04-08 14:22:04+00:00,52.372538,4.917912,144.0,Sudden braking,3.3,3.3,9.818181818181818,6.2,0.999,2,1.2,0.999,602DE_Trip203,1
2026-04-08 14:22:53+00:00,52.376046,4.914151,340.0,Sudden braking,2.8,2.8,15.5,15.0,1.0,3,4.6,1.0,602D3_Trip201,1
2026-04-08 14:22:54+00:00,52.376087,4.914158,352.0,Sudden braking,2.8,2.8,15.336363636363636,12.2,1.0,2,1.0,1.0,602D3_Trip201,1
2026-04-08 14:23:13+00:00,52.376727,4.913543,281.0,Sudden braking,2.1,2.1,15.527272727272727,16.0,1.0,3,4.0,1.0,602D3_Trip201,1
2026-04-08 14:23:14+00:00,52.376728,4.913484,279.0,Sudden braking,2.2,2.2,15.081818181818182,13.8,1.0,3,3.9,1.0,602D3_Trip201,1
2026-04-08 14:23:15+00:00,52.375194,4.921292,12.0,Sudden braking,2.1,2.1,19.363636363636363,20.2,0.999,2,5.6,0.999,602DE_Trip203,1
2026-04-08 14:23:16+00:00,52.375243,4.921315,15.0,Sudden braking,2.2,2.2,18.072727272727274,18.0,1.0,2,4.7,1.0,602DE_Trip203,1
2026-04-08 14:23:17+00:00,52.374275,4.914652,67.0,Sudden braking,2.4,2.4,13.081818181818182,12.6,1.0,3,5.3,1.0,602D6_Trip200,1
2026-04-08 14:23:17+00:00,52.375283,4.921336,18.0,Sudden braking,2.1,2.1,16.763636363636365,15.9,1.0,3,3.9,1.0,602DE_Trip203,1
2026-04-08 14:23:18+00:00,52.375318,4.921349,11.0,Sudden braking,2.0,2.0,15.97,13.9,1.001,3,3.5,1.001,602DE_Trip203,1
2026-04-08 14:23:26+00:00,52.375515,4.921395,331.0,Sudden braking,2.1,2.1,6.08,6.2,0.999,2,1.6,0.999,602DE_Trip203,1
2026-04-08 14:23:27+00:00,52.375526,4.921381,322.0,Sudden braking,2.2,2.2,5.71,4.0,1.0,2,0.5,1.0,602DE_Trip203,1
2026-04-08 14:23:44+00:00,52.375616,4.920558,282.0,Sudden braking,2.4,2.4,15.47,14.9,1.001,2,4.1,1.001,602DE_Trip203,1
2026-04-08 14:23:45+00:00,52.375625,4.9205,280.0,Sudden braking,2.4,2.4,13.833333333333334,12.5,1.0,3,3.2,1.0,602DE_Trip203,1
2026-04-08 14:24:00+00:00,52.375189,4.914251,205.0,Sudden braking,2.5,2.5,15.209090909090909,16.4,1.0,3,5.8,1.0,602D3_Trip201,1
2026-04-08 14:24:01+00:00,52.375139,4.914226,200.0,Sudden braking,2.3,2.3,14.645454545454545,14.1,1.0,3,1.9,1.0,602D3_Trip201,1
2026-04-08 14:24:02+00:00,52.375131,4.914251,178.0,Sudden braking,2.8,2.8,14.3,11.3,1.0,3,5.8,1.0,602D3_Trip201,1
2026-04-08 14:24:03+00:00,52.37508,4.914273,168.0,Sudden braking,2.7,2.7,14.2,8.6,1.0,2,1.9,1.0,602D3_Trip201,1
2026-04-08 14:24:45+00:00,52.376621,4.914305,284.0,Sudden braking,2.5,2.5,22.254545454545454,22.2,1.001,3,6.5,1.001,602DE_Trip203,1
2026-04-08 14:24:46+00:00,52.376637,4.914213,285.0,Sudden braking,2.6,2.6,21.545454545454547,19.6,1.0,3,5.3,1.0,602DE_Trip203,1
2026-04-08 14:24:48+00:00,52.3724,4.918247,46.0,Sudden braking,2.7,2.7,9.31,8.9,1.0,2,2.1,1.0,602CA_Trip202,1
2026-04-08 14:34:03+00:00,52.374789,4.915445,98.0,Sudden braking,2.0,2.0,6.385714285714286,4.9,1.0,2,1.2,1.0,604F0_Trip204,1
2026-04-08 14:44:56+00:00,52.3764,4.903268,216.0,Sudden braking,2.5,2.5,11.4,9.5,1.0,1,2.1,1.0,602CA_Trip206,1
2026-04-08 14:44:57+00:00,52.376385,4.903249,216.0,Sudden braking,2.7,2.7,10.9,6.8,1.0,1,1.1,1.0,602CA_Trip206,1
2026-04-08 14:48:54+00:00,52.369022,4.902478,121.0,Sudden braking,2.0,2.0,13.877777777777778,13.2,1.0,2,3.1,1.0,602CA_Trip206,1
2026-04-08 14:48:55+00:00,52.369008,4.902517,121.0,Sudden braking,2.6,2.6,12.155555555555555,10.6,1.0,2,2.7,1.0,602CA_Trip206,1
2026-04-08 14:48:56+00:00,52.368995,4.902551,122.0,Sudden braking,2.5,2.5,11.35,8.1,1.0,1,1.5,1.0,602CA_Trip206,1
2026-04-08 14:50:38+00:00,52.376574,4.914062,350.0,Sudden braking,2.0,2.0,20.5,18.6,1.0,3,4.4,1.0,604F0_Trip207,1
2026-04-08 14:51:17+00:00,52.376114,4.910694,243.0,Sudden braking,2.3,2.3,18.227272727272727,17.6,1.0,3,3.7,1.0,604F0_Trip207,1
2026-04-08 14:51:18+00:00,52.376095,4.910649,239.0,Sudden braking,2.0,2.0,17.227272727272727,15.6,1.0,3,3.5,1.0,604F0_Trip207,1
2026-04-08 14:51:25+00:00,52.375873,4.91065,178.0,Sudden braking,2.1,2.1,10.0,8.7,1.0,3,1.2,1.0,604F0_Trip207,1
2026-04-08 14:51:26+00:00,52.375862,4.91065,176.0,Sudden braking,2.1,2.1,9.5125,6.6,1.0,2,1.0,1.0,604F0_Trip207,1
2026-04-08 14:52:23+00:00,52.378135,4.908219,283.0,Sudden braking,2.7,2.7,24.16,27.4,1.0,2,8.2,1.0,604F0_Trip207,1
2026-04-08 14:52:24+00:00,52.378152,4.908102,283.0,Sudden braking,4.5,4.5,23.38888888888889,22.9,1.0,2,5.7,1.0,604F0_Trip207,1
2026-04-08 14:52:25+00:00,52.378162,4.908019,283.0,Sudden braking,5.6,5.6,20.522222222222222,17.3,1.0,2,2.4,1.0,604F0_Trip207,1
2026-04-08 14:52:26+00:00,52.378167,4.907984,283.0,Sudden braking,2.75,2.75,19.1875,11.8,2.0,2,1.2,2.0,604F0_Trip207,1
2026-04-08 14:52:28+00:00,52.378171,4.907968,283.0,Sudden braking,2.15,2.15,13.125,7.5,2.0,2,1.6,2.0,604F0_Trip207,1
2026-04-08 14:55:16+00:00,52.382925,4.893696,267.0,Sudden braking,2.3,2.3,27.327272727272728,28.7,1.0,3,7.9,1.0,604F0_Trip207,1
2026-04-08 14:55:17+00:00,52.382922,4.89358,269.0,Sudden braking,2.8,2.8,26.0,25.9,1.0,3,8.5,1.0,604F0_Trip207,1
2026-04-08 14:55:18+00:00,52.382941,4.893458,285.0,Sudden braking,3.1,3.1,24.90909090909091,22.8,1.0,2,8.0,1.0,604F0_Trip207,1
2026-04-08 14:55:19+00:00,52.382992,4.893374,311.0,Sudden braking,2.7,2.7,24.118181818181817,20.1,1.0,2,6.5,1.0,604F0_Trip207,1
2026-04-08 14:56:18+00:00,52.388519,4.891958,345.0,Sudden braking,2.9,2.9,30.745454545454546,33.7,1.0,2,9.0,1.0,604F0_Trip207,1
2026-04-08 14:56:19+00:00,52.388597,4.891925,345.0,Sudden braking,3.9,3.9,28.30909090909091,29.8,1.0,2,7.8,1.0,604F0_Trip207,1
2026-04-08 14:56:20+00:00,52.388664,4.891894,345.0,Sudden braking,4.3,4.3,25.754545454545454,25.5,1.0,2,6.0,1.0,604F0_Trip207,1
2026-04-08 14:56:21+00:00,52.388717,4.891874,345.0,Sudden braking,4.1,4.1,23.172727272727272,21.4,1.0,2,4.7,1.0,604F0_Trip207,1
2026-04-08 14:56:22+00:00,52.388758,4.891857,345.0,Sudden braking,3.5,3.5,20.654545454545456,17.9,1.0,2,3.8,1.0,604F0_Trip207,1
2026-04-08 14:56:23+00:00,52.388792,4.891844,345.0,Sudden braking,2.7,2.7,18.28181818181818,15.2,0.999,2,3.6,0.999,604F0_Trip207,1
2026-04-08 14:56:23+00:00,52.388823,4.891831,345.0,Sudden braking,2.0,2.0,16.172727272727272,13.2,1.0,2,3.5,1.0,604F0_Trip207,1
2026-04-08 14:56:41+00:00,52.368134,4.903576,215.0,Sudden braking,2.2,2.2,12.58,14.4,1.0,1,4.0,1.0,602CA_Trip206,1
2026-04-08 14:56:42+00:00,52.368105,4.903542,215.0,Sudden braking,2.8,2.8,12.3,11.6,1.0,1,1.6,1.0,602CA_Trip206,1
2026-04-08 14:56:43+00:00,52.368093,4.90353,212.0,Sudden braking,3.3,3.3,10.811111111111112,8.3,1.0,1,1.0,1.0,602CA_Trip206,1
2026-04-08 14:56:44+00:00,52.368085,4.903522,212.0,Sudden braking,3.3,3.3,9.975,5.0,1.0,1,1.2,1.0,602CA_Trip206,1
2026-04-08 14:57:31+00:00,52.390491,4.885584,300.0,Sudden braking,2.7,2.7,19.854545454545455,21.7,1.0,2,4.7,1.0,604F0_Trip207,1
2026-04-08 14:57:32+00:00,52.390512,4.885523,300.0,Sudden braking,3.2,3.2,19.09,18.5,1.0,2,2.9,1.0,604F0_Trip207,1
2026-04-08 14:57:33+00:00,52.390525,4.885485,300.0,Sudden braking,3.2,3.2,18.18888888888889,15.3,1.0,2,2.4,1.0,604F0_Trip207,1
2026-04-08 14:57:34+00:00,52.390535,4.885455,300.0,Sudden braking,3.3,3.3,17.0875,12.0,1.0,2,2.6,1.0,604F0_Trip207,1
2026-04-08 14:57:35+00:00,52.390547,4.885422,300.0,Sudden braking,2.4,2.4,15.785714285714285,9.6,1.0,2,2.7,1.0,604F0_Trip207,1
2026-04-08 14:59:28+00:00,52.361424,4.907718,161.0,Sudden braking,2.0,2.0,11.03,11.4,1.0,2,3.5,1.0,602CA_Trip206,1
2026-04-08 14:59:29+00:00,52.361394,4.907735,161.0,Sudden braking,2.5,2.5,10.422222222222222,8.9,1.0,2,2.5,1.0,602CA_Trip206,1
2026-04-08 14:59:30+00:00,52.361373,4.907747,161.0,Sudden braking,2.5,2.5,9.7625,6.4,1.0,2,1.4,1.0,602CA_Trip206,1
2026-04-08 15:00:03+00:00,52.392922,4.868645,259.0,Sudden braking,2.1,2.1,33.72727272727273,35.5,1.0,2,9.4,1.0,604F0_Trip207,1
2026-04-08 15:00:03+00:00,52.360454,4.908301,159.0,Sudden braking,2.3,2.3,12.244444444444444,11.4,1.001,2,2.9,1.001,602CA_Trip206,1
2026-04-08 15:00:04+00:00,52.392889,4.868518,249.0,Sudden braking,2.9,2.9,32.4,32.6,1.0,3,8.4,1.0,604F0_Trip207,1
2026-04-08 15:00:05+00:00,52.392845,4.868417,242.0,Sudden braking,3.1,3.1,31.2,29.5,1.0,2,6.7,1.0,604F0_Trip207,1
2026-04-08 15:00:05+00:00,52.36043,4.908315,159.0,Sudden braking,2.9,2.9,10.15,8.5,1.0,2,2.0,1.0,602CA_Trip206,1
2026-04-08 15:00:06+00:00,52.392807,4.868341,235.0,Sudden braking,2.4,2.4,30.136363636363637,27.1,1.0,2,5.5,1.0,604F0_Trip207,1
2026-04-08 15:00:06+00:00,52.360413,4.908326,159.0,Sudden braking,2.4,2.4,9.257142857142858,6.1,1.0,2,1.3,1.0,602CA_Trip206,1
2026-04-08 15:00:38+00:00,52.359983,4.908578,161.0,Sudden braking,2.9,2.9,14.075,12.6,1.0,1,3.2,1.0,602CA_Trip206,1
2026-04-08 15:00:39+00:00,52.359956,4.908594,161.0,Sudden braking,3.7,3.7,13.614285714285714,8.9,1.0,1,1.6,1.0,602CA_Trip206,1
2026-04-08 15:01:26+00:00,52.375525,4.914356,19.0,Sudden braking,2.0,2.0,11.475,14.4,1.0,3,7.0,1.0,602D6_Trip208,1
2026-04-08 15:01:27+00:00,52.375569,4.914431,23.0,Sudden braking,2.1,2.1,10.15,12.3,1.0,2,6.2,1.0,602D6_Trip208,1
2026-04-08 15:01:28+00:00,52.375525,4.914487,37.0,Sudden braking,2.6,2.6,9.822222222222223,9.7,1.0,2,10.0,1.0,602D6_Trip208,1
2026-04-08 15:01:29+00:00,52.375593,4.914581,65.0,Sudden braking,2.1,2.1,9.54,7.6,1.0,2,2.3,1.0,602D6_Trip208,1
2026-04-08 15:02:20+00:00,52.376555,4.911995,259.0,Sudden braking,2.4,2.4,14.51,14.8,1.0,2,5.8,1.0,602D6_Trip208,1
2026-04-08 15:02:21+00:00,52.376534,4.911916,253.0,Sudden braking,2.4,2.4,13.3,12.4,1.0,2,1.7,1.0,602D6_Trip208,1
2026-04-08 15:02:22+00:00,52.376537,4.91194,256.0,Sudden braking,2.3,2.3,12.29,10.1,1.001,2,5.3,1.001,602D6_Trip208,1
2026-04-08 15:02:23+00:00,52.376504,4.911885,237.0,Sudden braking,2.3,2.3,11.06,7.8,1.0,2,4.5,1.0,602D6_Trip208,1
2026-04-08 15:02:31+00:00,52.376331,4.911354,232.0,Sudden braking,2.0,2.0,10.863636363636363,12.7,1.0,2,1.2,1.0,602D6_Trip208,1
2026-04-08 15:02:32+00:00,52.376333,4.911338,239.0,Sudden braking,2.2,2.2,11.127272727272727,10.5,1.0,2,2.9,1.0,602D6_Trip208,1
2026-04-08 15:02:33+00:00,52.37632,4.911301,240.0,Sudden braking,2.3,2.3,11.418181818181818,8.2,1.0,2,3.2,1.0,602D6_Trip208,1
2026-04-08 15:02:41+00:00,52.376151,4.910767,242.0,Sudden braking,2.0,2.0,12.49,14.7,1.0,2,2.8,1.0,602D6_Trip208,1
2026-04-08 15:03:19+00:00,52.376645,4.910311,351.0,Sudden braking,2.5,2.5,15.654545454545454,16.4,1.0,2,3.8,1.0,602D6_Trip208,1
2026-04-08 15:03:20+00:00,52.376613,4.91033,357.0,Sudden braking,2.8,2.8,15.281818181818181,13.6,1.0,2,2.0,1.0,602D6_Trip208,1
2026-04-08 15:03:21+00:00,52.376628,4.910346,11.0,Sudden braking,2.6,2.6,14.954545454545455,11.0,1.0,3,1.9,1.0,602D6_Trip208,1
2026-04-08 15:03:47+00:00,52.37792,4.909788,301.0,Sudden braking,2.5,2.5,14.290909090909091,14.9,1.0,2,6.1,1.0,602D6_Trip208,1
2026-04-08 15:03:48+00:00,52.377934,4.909701,289.0,Sudden braking,2.5,2.5,13.163636363636364,12.4,1.0,2,4.1,1.0,602D6_Trip208,1
2026-04-08 15:04:14+00:00,52.378236,4.907507,292.0,Sudden braking,2.0,2.0,15.809090909090909,17.0,1.0,2,5.1,1.0,602D6_Trip208,1
2026-04-08 15:04:15+00:00,52.378249,4.907435,291.0,Sudden braking,2.5,2.5,14.563636363636363,14.5,1.0,2,2.5,1.0,602D6_Trip208,1
2026-04-08 15:04:16+00:00,52.378256,4.907399,285.0,Sudden braking,2.4,2.4,13.4,12.1,1.0,2,1.8,1.0,602D6_Trip208,1
2026-04-08 15:04:17+00:00,52.378265,4.907377,296.0,Sudden braking,2.1,2.1,12.3,10.0,1.0,2,2.0,1.0,602D6_Trip208,1
2026-04-08 15:04:52+00:00,52.410004,4.829844,307.0,Sudden braking,2.5,2.5,29.827272727272728,31.8,1.0,1,8.3,1.0,604F0_Trip207,1
2026-04-08 15:04:53+00:00,52.41005,4.829746,307.0,Sudden braking,3.3,3.3,27.854545454545455,28.5,1.0,1,6.7,1.0,604F0_Trip207,1
2026-04-08 15:04:54+00:00,52.410085,4.829667,307.0,Sudden braking,3.8,3.8,25.990909090909092,24.7,1.0,1,5.3,1.0,604F0_Trip207,1
2026-04-08 15:04:55+00:00,52.410114,4.829605,308.0,Sudden braking,3.4,3.4,24.245454545454546,21.3,1.0,1,2.5,1.0,604F0_Trip207,1
2026-04-08 15:04:56+00:00,52.410128,4.829576,308.0,Sudden braking,2.4,2.4,22.599999999999998,18.9,1.0,1,1.7,1.0,604F0_Trip207,1
2026-04-08 15:05:03+00:00,52.410332,4.829272,314.0,Sudden braking,2.5,2.5,14.066666666666666,14.2,1.0,2,4.2,1.0,604F0_Trip207,1
2026-04-08 15:05:04+00:00,52.410356,4.829224,314.0,Sudden braking,3.2,3.2,13.65,11.0,1.0,2,1.5,1.0,604F0_Trip207,1
2026-04-08 15:05:05+00:00,52.410365,4.829208,314.0,Sudden braking,3.2,3.2,13.042857142857143,7.8,1.0,2,1.1,1.0,604F0_Trip207,1
2026-04-08 15:06:35+00:00,52.416619,4.826423,6.0,Sudden braking,2.5,2.5,35.07,34.4,1.001,2,9.3,1.001,604F0_Trip207,1
2026-04-08 15:06:37+00:00,52.416701,4.826398,1.0,Sudden braking,2.7,2.7,33.58,31.7,1.0,2,7.4,1.0,604F0_Trip207,1
2026-04-08 15:06:44+00:00,52.417091,4.826904,46.0,Sudden braking,2.0,2.0,30.125,30.1,1.0,2,4.5,1.0,604F0_Trip207,1
2026-04-08 15:06:46+00:00,52.417162,4.826936,37.0,Sudden braking,2.57,2.57,30.21666666666667,25.7,1.0,2,18.0,1.0,604F0_Trip207,1
2026-04-08 15:11:55+00:00,52.382902,4.909636,40.0,Sudden braking,2.9,2.9,15.927272727272728,15.7,1.0,2,5.5,1.0,602D6_Trip208,1
2026-04-08 15:11:56+00:00,52.382938,4.909691,43.0,Sudden braking,2.7,2.7,15.4,13.0,1.0,2,1.6,1.0,602D6_Trip208,1
2026-04-08 15:11:57+00:00,52.382927,4.909674,43.0,Sudden braking,2.2,2.2,15.090909090909092,10.8,1.0,2,3.8,1.0,602D6_Trip208,1
2026-04-08 15:12:21+00:00,52.383853,4.909964,41.0,Sudden braking,2.7,2.7,12.77,11.5,1.0,2,7.3,1.0,602D6_Trip208,1
2026-04-08 15:13:01+00:00,52.384648,4.912274,41.0,Sudden braking,2.4,2.4,8.833333333333334,8.9,1.0,2,1.1,1.0,602D6_Trip208,1
2026-04-08 15:13:02+00:00,52.384648,4.912291,41.0,Sudden braking,2.3,2.3,8.76,6.6,1.0,2,1.6,1.0,602D6_Trip208,1
2026-04-08 15:13:52+00:00,52.386897,4.916053,54.0,Sudden braking,2.3,2.3,17.014285714285712,20.6,1.0,2,6.2,1.0,602D6_Trip208,1
2026-04-08 15:13:53+00:00,52.38693,4.916126,54.0,Sudden braking,3.3,3.3,15.9875,17.3,1.0,2,6.1,1.0,602D6_Trip208,1
2026-04-08 15:13:54+00:00,52.386963,4.916198,54.0,Sudden braking,3.3,3.3,15.5,14.0,1.0,2,7.7,1.0,602D6_Trip208,1
2026-04-08 15:13:55+00:00,52.386922,4.916107,54.0,Sudden braking,2.9,2.9,15.51,11.1,1.0,2,2.0,1.0,602D6_Trip208,1
2026-04-08 15:14:24+00:00,52.388079,4.918293,54.0,Sudden braking,3.6,3.6,16.37272727272727,17.2,1.0,2,7.1,1.0,602D6_Trip208,1
2026-04-08 15:14:25+00:00,52.388116,4.918378,54.0,Sudden braking,3.4,3.4,14.736363636363636,13.8,1.0,2,10.0,1.0,602D6_Trip208,1
2026-04-08 15:14:26+00:00,52.388064,4.918258,54.0,Sudden braking,2.7,2.7,13.136363636363637,11.1,1.0,2,1.2,1.0,602D6_Trip208,1
2026-04-08 15:14:27+00:00,52.38807,4.918273,54.0,Sudden braking,2.9,2.9,11.636363636363637,8.2,1.0,2,1.6,1.0,602D6_Trip208,1
2026-04-08 15:15:19+00:00,52.389543,4.92197,54.0,Sudden braking,2.2,2.2,14.92,15.3,1.0,3,5.8,1.0,602D6_Trip208,1
2026-04-08 15:15:20+00:00,52.389575,4.922039,54.0,Sudden braking,2.1,2.1,13.8,13.2,1.0,3,5.4,1.0,602D6_Trip208,1
2026-04-08 15:15:21+00:00,52.389527,4.922025,54.0,Sudden braking,2.1,2.1,13.266666666666666,11.1,1.0,3,3.2,1.0,602D6_Trip208,1
2026-04-08 15:16:33+00:00,52.391716,4.925957,45.0,Sudden braking,2.8,2.8,15.8,17.4,1.0,2,6.8,1.0,602D6_Trip208,1
2026-04-08 15:16:34+00:00,52.391769,4.926007,40.0,Sudden braking,2.9,2.9,14.48181818181818,14.5,1.0,2,3.8,1.0,602D6_Trip208,1
2026-04-08 15:16:35+00:00,52.391737,4.925988,50.0,Sudden braking,2.7,2.7,13.145454545454545,11.8,1.0,2,4.9,1.0,602D6_Trip208,1
2026-04-08 15:16:36+00:00,52.391769,4.926039,38.0,Sudden braking,2.7,2.7,11.772727272727273,9.1,1.0,2,2.4,1.0,602D6_Trip208,1
2026-04-08 15:30:47+00:00,52.43407,4.816677,251.0,Sudden braking,3.5,3.5,30.9,32.3,1.0,2,10.2,1.0,604F0_Trip210,1
2026-04-08 15:30:55+00:00,52.433983,4.815834,324.0,Sudden braking,2.9,2.9,25.566666666666666,26.6,1.0,4,0.7,1.0,604F0_Trip210,1
2026-04-08 15:30:56+00:00,52.433988,4.81583,345.0,Sudden braking,3.0,3.0,26.15714285714286,23.6,1.0,4,0.8,1.0,604F0_Trip210,1
2026-04-08 15:33:22+00:00,52.44835,4.808726,352.0,Sudden braking,2.2,2.2,37.4625,37.8,1.0,2,11.0,1.0,604F0_Trip210,1
2026-04-08 15:33:23+00:00,52.448448,4.808702,352.0,Sudden braking,4.5,4.5,37.1,33.3,1.0,2,11.2,1.0,604F0_Trip210,1
2026-04-08 15:33:40+00:00,52.449823,4.808006,337.0,Sudden braking,5.1,5.1,13.533333333333333,23.5,1.0,3,4.2,1.0,604F0_Trip210,1
2026-04-08 15:33:41+00:00,52.449858,4.807981,337.0,Sudden braking,5.7,5.7,13.533333333333333,17.8,1.0,3,4.4,1.0,604F0_Trip210,1
2026-04-08 15:33:42+00:00,52.449895,4.807956,337.0,Sudden braking,4.1,4.1,12.414285714285715,13.7,1.0,2,2.9,1.0,604F0_Trip210,1
2026-04-08 15:33:43+00:00,52.449919,4.80794,337.0,Sudden braking,2.5,2.5,12.414285714285715,11.2,1.0,2,2.2,1.0,604F0_Trip210,1
2026-04-08 15:33:44+00:00,52.449937,4.807927,337.0,Sudden braking,2.7,2.7,12.414285714285715,8.5,1.0,2,1.4,1.0,604F0_Trip210,1
2026-04-08 15:37:22+00:00,52.470088,4.805497,357.0,Sudden braking,2.4,2.4,33.78,34.9,1.0,2,8.5,1.0,604F0_Trip210,1
2026-04-08 15:37:23+00:00,52.470164,4.80549,357.0,Sudden braking,2.9,2.9,31.57,32.0,1.0,2,6.9,1.0,604F0_Trip210,1
2026-04-08 15:37:24+00:00,52.470226,4.805487,358.0,Sudden braking,3.4,3.4,29.029999999999998,28.6,1.001,2,6.8,1.001,604F0_Trip210,1
2026-04-08 15:37:26+00:00,52.470287,4.805483,358.0,Sudden braking,3.7,3.7,23.099999999999998,24.9,1.0,2,6.0,1.0,604F0_Trip210,1
2026-04-08 15:37:27+00:00,52.470341,4.80548,358.0,Sudden braking,3.6,3.6,19.97,21.3,1.0,2,4.7,1.0,604F0_Trip210,1
2026-04-08 15:37:28+00:00,52.470383,4.805478,358.0,Sudden braking,3.4,3.4,18.31111111111111,17.9,1.0,2,3.0,1.0,604F0_Trip210,1
2026-04-08 15:37:29+00:00,52.470409,4.805476,358.0,Sudden braking,3.3,3.3,15.3,14.6,1.0,2,2.7,1.0,604F0_Trip210,1
2026-04-08 15:37:30+00:00,52.470433,4.805474,358.0,Sudden braking,3.3,3.3,13.6375,11.3,1.0,2,2.0,1.0,604F0_Trip210,1
2026-04-08 15:37:31+00:00,52.470451,4.805473,358.0,Sudden braking,3.1,3.1,13.6375,8.2,1.0,2,1.7,1.0,604F0_Trip210,1
2026-04-08 15:41:17+00:00,52.484983,4.806079,322.0,Sudden braking,2.9,2.9,28.263636363636362,32.3,1.0,2,8.5,1.0,604F0_Trip210,1
2026-04-08 15:41:18+00:00,52.485043,4.806003,322.0,Sudden braking,3.9,3.9,25.118181818181817,28.4,1.0,2,7.5,1.0,604F0_Trip210,1
2026-04-08 15:41:19+00:00,52.485096,4.805934,320.0,Sudden braking,5.0,5.0,23.71,23.4,1.0,2,5.7,1.0,604F0_Trip210,1
2026-04-08 15:41:20+00:00,52.485132,4.805873,315.0,Sudden braking,5.7,5.7,22.08888888888889,17.7,1.0,2,0.7,1.0,604F0_Trip210,1
2026-04-08 15:41:21+00:00,52.485139,4.805874,320.0,Sudden braking,5.7,5.7,18.53333333333333,12.0,1.0,2,2.3,1.0,604F0_Trip210,1
2026-04-08 15:41:22+00:00,52.485119,4.805884,23.0,Sudden braking,4.5,4.5,16.45,7.5,1.0,2,0.6,1.0,604F0_Trip210,1
2026-04-08 15:42:36+00:00,52.488515,4.796456,302.0,Sudden braking,2.8,2.8,31.78181818181818,35.0,1.0,2,8.8,1.0,604F0_Trip210,1
2026-04-08 15:42:37+00:00,52.488559,4.796348,301.0,Sudden braking,3.6,3.6,29.645454545454545,31.4,1.0,2,6.1,1.0,604F0_Trip210,1
2026-04-08 15:42:38+00:00,52.488577,4.796264,301.0,Sudden braking,4.3,4.3,27.581818181818182,27.1,1.0,2,5.2,1.0,604F0_Trip210,1
2026-04-08 15:42:39+00:00,52.488597,4.796194,299.0,Sudden braking,4.4,4.4,25.69090909090909,22.7,1.0,2,4.1,1.0,604F0_Trip210,1
2026-04-08 15:42:40+00:00,52.488615,4.796141,300.0,Sudden braking,3.6,3.6,24.09090909090909,19.1,1.0,2,1.7,1.0,604F0_Trip210,1
2026-04-08 15:42:41+00:00,52.488614,4.796116,251.0,Sudden braking,2.1,2.1,22.9,17.0,1.0,2,1.9,1.0,604F0_Trip210,1
2026-04-08 15:43:03+00:00,52.489527,4.793713,301.0,Sudden braking,2.0,2.0,34.6375,32.6,1.0,3,8.8,1.0,604F0_Trip210,1
2026-04-08 15:44:25+00:00,52.492009,4.780694,288.0,Sudden braking,2.1,2.1,39.28333333333333,36.8,1.0,2,12.0,1.0,604F0_Trip210,1
2026-04-08 15:53:39+00:00,52.519646,4.706961,339.0,Sudden braking,2.8,2.8,36.27777777777778,34.1,1.0,2,8.4,1.0,604F0_Trip210,1
2026-04-08 15:54:21+00:00,52.521947,4.702426,312.0,Sudden braking,3.7,3.7,26.62222222222222,29.5,1.0,3,6.9,1.0,604F0_Trip210,1
2026-04-08 15:54:22+00:00,52.521988,4.70235,311.0,Sudden braking,4.3,4.3,26.62222222222222,25.2,1.0,3,4.7,1.0,604F0_Trip210,1
2026-04-08 15:54:23+00:00,52.522015,4.702298,314.0,Sudden braking,3.8,3.8,26.62222222222222,21.4,1.0,3,2.5,1.0,604F0_Trip210,1
2026-04-08 15:56:50+00:00,52.535775,4.695527,354.0,Sudden braking,2.6,2.6,33.59090909090909,33.9,1.0,3,8.4,1.0,604F0_Trip210,1
2026-04-08 15:56:51+00:00,52.535851,4.695514,354.0,Sudden braking,2.9,2.9,32.50909090909091,31.0,1.0,3,6.9,1.0,604F0_Trip210,1
2026-04-08 15:56:52+00:00,52.535912,4.695506,355.0,Sudden braking,2.3,2.3,31.472727272727273,28.7,1.0,3,4.9,1.0,604F0_Trip210,1
2026-04-08 15:59:22+00:00,52.541475,4.677041,280.0,Sudden braking,2.2,2.2,31.60909090909091,31.2,1.0,3,7.7,1.0,604F0_Trip210,1
2026-04-08 15:59:23+00:00,52.541488,4.676929,280.0,Sudden braking,2.2,2.2,30.654545454545456,29.0,1.0,3,6.6,1.0,604F0_Trip210,1
2026-04-08 15:59:40+00:00,52.542647,4.676015,311.0,Sudden braking,2.7,2.7,30.2,32.3,1.0,3,9.3,1.0,604F0_Trip210,1
2026-04-08 15:59:41+00:00,52.542697,4.675904,305.0,Sudden braking,3.5,3.5,29.0,28.8,1.0,3,7.5,1.0,604F0_Trip210,1
2026-04-08 15:59:42+00:00,52.542742,4.675821,300.0,Sudden braking,3.3,3.3,27.9,25.5,1.0,3,5.3,1.0,604F0_Trip210,1
2026-04-08 15:59:43+00:00,52.542766,4.675753,300.0,Sudden braking,2.7,2.7,26.945454545454545,22.8,1.0,3,4.8,1.0,604F0_Trip210,1
2026-04-08 17:22:41+00:00,52.372686,4.893228,264.0,Sudden braking,2.2,2.2,5.8,6.4,1.0,2,3.3,1.0,602DE_Trip211,1
2026-04-08 17:22:42+00:00,52.372663,4.893197,265.0,Sudden braking,2.2,2.2,4.62,4.2,0.999,2,1.4,0.999,602DE_Trip211,1
2026-04-08 20:35:08+00:00,52.36086,4.912294,344.0,Sudden braking,2.0,2.0,11.290909090909091,10.0,1.0,3,1.3,1.0,602CA_Trip213,1
2026-04-08 20:39:37+00:00,52.358115,4.891312,279.0,Sudden braking,2.0,2.0,14.836363636363636,14.8,1.0,2,3.3,1.0,602CA_Trip213,1
2026-04-08 20:39:38+00:00,52.358119,4.891264,279.0,Sudden braking,2.2,2.2,13.936363636363637,12.6,1.0,2,3.3,1.0,602CA_Trip213,1
2026-04-08 20:39:39+00:00,52.358127,4.891217,283.0,Sudden braking,2.1,2.1,13.263636363636364,10.5,1.0,2,2.3,1.0,602CA_Trip213,1
2026-04-08 20:43:50+00:00,52.365929,4.878323,322.0,Sudden braking,2.4,2.4,15.43,16.3,1.0,3,5.9,1.0,602CA_Trip213,1
2026-04-08 20:43:53+00:00,52.366003,4.878218,318.0,Sudden braking,2.4,2.4,10.66,10.9,1.0,2,2.0,1.0,602CA_Trip213,1
2026-04-08 20:43:54+00:00,52.366009,4.87819,317.0,Sudden braking,2.4,2.4,9.644444444444444,8.5,1.0,2,4.4,1.0,602CA_Trip213,1
2026-04-08 20:43:55+00:00,52.366043,4.878154,317.0,Sudden braking,2.2,2.2,8.512500000000001,6.3,1.0,3,4.5,1.0,602CA_Trip213,1
2026-04-08 20:44:56+00:00,52.368275,4.876648,332.0,Sudden braking,2.3,2.3,10.8125,8.9,1.0,3,2.3,1.0,602CA_Trip213,1
2026-04-08 20:44:57+00:00,52.368294,4.876633,332.0,Sudden braking,2.4,2.4,9.55,6.5,1.0,2,1.5,1.0,602CA_Trip213,1
2026-04-08 20:46:20+00:00,52.3717,4.874295,346.0,Sudden braking,2.3,2.3,13.8,11.7,1.0,2,3.3,1.0,602CA_Trip213,1
2026-04-08 20:46:21+00:00,52.371729,4.874284,346.0,Sudden braking,2.4,2.4,13.114285714285714,9.3,1.0,2,1.7,1.0,602CA_Trip213,1
2026-04-08 20:47:52+00:00,52.373871,4.875175,357.0,Sudden braking,2.1,2.1,15.227272727272727,13.4,1.0,2,3.3,1.0,602CA_Trip213,1
2026-04-08 20:49:17+00:00,52.378342,4.877669,19.0,Sudden braking,2.1,2.1,13.654545454545454,14.5,1.0,1,3.0,1.0,602CA_Trip213,1
2026-04-08 20:49:18+00:00,52.378369,4.877677,16.0,Sudden braking,2.3,2.3,12.91,12.2,1.0,1,3.1,1.0,602CA_Trip213,1
2026-04-08 20:49:19+00:00,52.378397,4.877675,1.0,Sudden braking,2.3,2.3,12.033333333333333,9.9,1.0,1,3.6,1.0,602CA_Trip213,1
2026-04-08 20:49:20+00:00,52.378429,4.877673,358.0,Sudden braking,2.3,2.3,11.0375,7.6,1.0,1,2.0,1.0,602CA_Trip213,1
2026-04-08 20:49:21+00:00,52.378447,4.877681,8.0,Sudden braking,2.3,2.3,9.971428571428572,5.3,1.0,1,1.7,1.0,602CA_Trip213,1
2026-04-09 06:10:22+00:00,52.370731,4.916531,302.0,Sudden braking,2.2,2.2,24.9,25.2,1.0,2,9.0,1.0,602D3_Trip214,1
2026-04-09 06:10:23+00:00,52.370752,4.916404,293.0,Sudden braking,2.2,2.2,24.763636363636362,23.0,1.0,2,3.9,1.0,602D3_Trip214,1
2026-04-09 06:43:34+00:00,52.391086,4.92589,256.0,Sudden braking,2.1,2.1,17.90909090909091,16.8,1.0,2,2.4,1.0,602D6_Trip215,1
2026-04-09 08:04:28+00:00,52.375943,4.90698,297.0,Sudden braking,2.1,2.1,17.836363636363636,17.1,1.0,2,2.8,1.0,602CA_Trip216,1
2026-04-09 08:04:29+00:00,52.375955,4.906944,298.0,Sudden braking,2.0,2.0,17.28181818181818,15.1,1.0,2,2.6,1.0,602CA_Trip216,1
2026-04-09 08:05:09+00:00,52.376902,4.903903,299.0,Sudden braking,2.1,2.1,17.763636363636362,16.4,1.0,2,3.1,1.0,602CA_Trip216,1
2026-04-09 08:09:31+00:00,52.382658,4.890951,260.0,Sudden braking,2.0,2.0,17.745454545454546,19.5,1.0,2,4.7,1.0,602CA_Trip216,1
2026-04-09 08:09:32+00:00,52.382654,4.890882,262.0,Sudden braking,2.4,2.4,17.12,17.1,1.0,2,3.7,1.0,602CA_Trip216,1
2026-04-09 08:09:33+00:00,52.38264,4.890832,255.0,Sudden braking,2.8,2.8,15.32,14.3,1.0,2,2.6,1.0,602CA_Trip216,1
2026-04-09 08:09:34+00:00,52.382629,4.890799,249.0,Sudden braking,2.7,2.7,13.38,11.6,1.0,2,3.0,1.0,602CA_Trip216,1
2026-04-09 08:09:35+00:00,52.382606,4.890774,234.0,Sudden braking,2.1,2.1,11.36,9.5,1.0,2,2.2,1.0,602CA_Trip216,1
2026-04-09 08:10:08+00:00,52.382735,4.891631,80.0,Sudden braking,2.9,2.9,11.542857142857143,9.8,1.0,2,2.1,1.0,602CA_Trip216,1
2026-04-09 08:12:36+00:00,52.384486,4.883489,313.0,Sudden braking,2.2,2.2,11.918181818181818,11.7,1.0,2,2.6,1.0,602CA_Trip216,1
2026-04-09 08:12:37+00:00,52.384502,4.883461,313.0,Sudden braking,2.1,2.1,11.28,9.6,1.0,2,2.3,1.0,602CA_Trip216,1
2026-04-09 08:13:08+00:00,52.384745,4.88256,286.0,Sudden braking,2.5,2.5,9.672727272727274,10.3,1.0,2,2.6,1.0,602CA_Trip216,1
2026-04-09 08:13:09+00:00,52.384748,4.882521,284.0,Sudden braking,2.8,2.8,8.93,7.5,1.0,2,1.2,1.0,602CA_Trip216,1
2026-04-09 08:13:10+00:00,52.384755,4.882508,291.0,Sudden braking,2.2,2.2,8.055555555555555,5.3,1.0,2,1.1,1.0,602CA_Trip216,1
2026-04-09 08:14:16+00:00,52.384891,4.881711,269.0,Sudden braking,2.0,2.0,8.877777777777778,8.9,1.0,2,1.7,1.0,602CA_Trip216,1
2026-04-09 08:14:17+00:00,52.384891,4.881686,269.0,Sudden braking,2.6,2.6,8.625,6.3,1.0,2,1.2,1.0,602CA_Trip216,1
2026-04-09 08:16:35+00:00,52.385491,4.875337,269.0,Sudden braking,2.0,2.0,15.4,16.6,1.0,2,4.6,1.0,602CA_Trip216,1
2026-04-09 08:16:36+00:00,52.385489,4.875269,269.0,Sudden braking,2.5,2.5,14.554545454545455,14.1,1.0,2,4.7,1.0,602CA_Trip216,1
2026-04-09 08:16:37+00:00,52.385488,4.8752,269.0,Sudden braking,2.2,2.2,13.754545454545454,11.9,1.0,2,1.8,1.0,602CA_Trip216,1
2026-04-09 08:17:02+00:00,52.384545,4.874965,180.0,Sudden braking,2.7,2.7,16.31,14.5,1.0,2,5.2,1.0,602CA_Trip216,1
2026-04-09 08:17:11+00:00,52.384278,4.875172,134.0,Sudden braking,2.0,2.0,10.245454545454546,10.5,1.0,2,3.1,1.0,602CA_Trip216,1
2026-04-09 08:17:37+00:00,52.38488,4.875057,352.0,Sudden braking,2.4,2.4,13.75,15.0,1.0,2,5.7,1.0,602CA_Trip216,1
2026-04-09 08:17:40+00:00,52.384954,4.875027,343.0,Sudden braking,2.5,2.5,12.4,10.0,1.0,2,2.1,1.0,602CA_Trip216,1
2026-04-09 08:17:41+00:00,52.384973,4.875025,340.0,Sudden braking,2.2,2.2,12.1,7.8,1.0,2,4.1,1.0,602CA_Trip216,1
2026-04-09 08:17:49+00:00,52.385311,4.875046,359.0,Sudden braking,2.1,2.1,10.709090909090909,11.1,1.0,2,2.4,1.0,602CA_Trip216,1
2026-04-09 08:17:50+00:00,52.385332,4.875054,5.0,Sudden braking,2.0,2.0,10.327272727272728,9.1,1.0,2,2.4,1.0,602CA_Trip216,1
2026-04-09 09:39:17+00:00,52.377641,4.89527,67.0,Sudden braking,2.8,2.8,13.2,13.9,1.0,2,4.7,1.0,602DE_Trip217,1
2026-04-09 09:39:18+00:00,52.377645,4.895339,88.0,Sudden braking,2.8,2.8,10.4,11.1,1.0,2,2.7,1.0,602DE_Trip217,1
2026-04-09 09:39:19+00:00,52.377644,4.895378,101.0,Sudden braking,3.1,3.1,8.663636363636364,8.0,1.0,2,1.6,1.0,602DE_Trip217,1
2026-04-09 09:39:20+00:00,52.377646,4.895402,97.0,Sudden braking,3.4,3.4,7.65,4.6,1.0,2,1.0,1.0,602DE_Trip217,1
2026-04-09 09:39:21+00:00,52.377644,4.895416,103.0,Sudden braking,2.3,2.3,5.859999999999999,2.3,1.001,2,0.1,1.001,602DE_Trip217,1
2026-04-09 09:39:37+00:00,52.377707,4.895894,62.0,Sudden braking,2.0,2.0,12.218181818181819,11.5,0.999,2,2.6,0.999,602DE_Trip217,1
2026-04-09 09:39:38+00:00,52.377717,4.895929,66.0,Sudden braking,2.0,2.0,12.02,9.5,1.001,2,2.0,1.001,602DE_Trip217,1
2026-04-09 09:39:52+00:00,52.377909,4.896695,70.0,Sudden braking,2.0,2.0,13.56,14.5,1.0,2,4.0,1.0,602DE_Trip217,1
2026-04-09 09:39:53+00:00,52.37792,4.896752,75.0,Sudden braking,2.2,2.2,12.73,12.3,0.999,2,2.7,0.999,602DE_Trip217,1
2026-04-09 09:39:54+00:00,52.37793,4.896789,70.0,Sudden braking,2.0,2.0,12.73,10.3,1.0,2,2.1,1.0,602DE_Trip217,1
2026-04-09 09:40:25+00:00,52.377075,4.898295,138.0,Sudden braking,2.6,2.6,10.118181818181819,11.1,0.999,2,4.0,0.999,602DE_Trip217,1
2026-04-09 09:40:26+00:00,52.377046,4.89833,148.0,Sudden braking,2.7,2.7,9.26,8.4,1.001,2,2.7,1.001,602DE_Trip217,1
2026-04-09 09:40:27+00:00,52.377025,4.89835,156.0,Sudden braking,2.6,2.6,5.88,5.8,1.0,2,1.2,1.0,602DE_Trip217,1
2026-04-09 09:40:28+00:00,52.377015,4.898356,162.0,Sudden braking,2.7,2.7,5.363636363636363,3.1,0.999,2,0.5,0.999,602DE_Trip217,1
2026-04-09 09:40:29+00:00,52.377011,4.898355,0.0,Sudden braking,2.0,2.0,3.9909090909090907,1.1,1.001,2,0.2,1.001,602DE_Trip217,1
2026-04-09 09:43:59+00:00,52.371176,4.911924,114.0,Sudden braking,2.5,2.5,15.790909090909091,17.2,1.001,2,5.1,1.001,602DE_Trip217,1
2026-04-09 09:44:00+00:00,52.371157,4.911992,114.0,Sudden braking,2.7,2.7,14.4,14.5,1.0,2,3.7,1.0,602DE_Trip217,1
2026-04-09 09:44:01+00:00,52.371143,4.912042,114.0,Sudden braking,3.2,3.2,12.32,11.3,1.0,2,3.5,1.0,602DE_Trip217,1
2026-04-09 09:44:02+00:00,52.371134,4.912091,109.0,Sudden braking,3.1,3.1,11.48,8.2,1.0,2,2.3,1.0,602DE_Trip217,1
2026-04-09 09:44:50+00:00,52.371021,4.915052,81.0,Sudden braking,2.1,2.1,6.95,7.3,0.999,2,2.1,0.999,602DE_Trip217,1
2026-04-09 09:44:51+00:00,52.371023,4.915083,86.0,Sudden braking,2.0,2.0,6.95,5.3,1.0,2,1.2,1.0,602DE_Trip217,1
2026-04-09 13:21:18+00:00,52.372634,4.917688,151.0,Sudden braking,2.0,2.0,7.66,8.4,0.999,2,2.8,0.999,602DE_Trip218,1
2026-04-09 13:21:21+00:00,52.372592,4.917718,160.0,Sudden braking,2.0,2.0,3.93,2.8,1.001,2,0.8,1.001,602DE_Trip218,1
2026-04-09 14:45:11+00:00,52.369094,4.921245,119.0,Sudden braking,2.8,2.8,18.46,16.8,1.0,2,5.3,1.0,602D3_Trip219,1
2026-04-09 14:46:52+00:00,52.366106,4.926485,139.0,Sudden braking,2.4,2.4,16.118181818181817,18.2,1.0,2,5.2,1.0,602D3_Trip219,1
2026-04-09 14:46:53+00:00,52.36607,4.926532,143.0,Sudden braking,3.3,3.3,14.781818181818181,14.9,1.0,2,3.4,1.0,602D3_Trip219,1
2026-04-09 14:46:54+00:00,52.366045,4.926562,143.0,Sudden braking,3.3,3.3,13.709090909090909,11.6,1.0,2,1.1,1.0,602D3_Trip219,1
2026-04-09 14:46:55+00:00,52.366037,4.926572,143.0,Sudden braking,2.8,2.8,12.881818181818183,8.8,1.0,2,1.7,1.0,602D3_Trip219,1
2026-04-09 14:46:56+00:00,52.366025,4.926587,143.0,Sudden braking,2.2,2.2,12.318181818181818,6.6,1.0,2,1.6,1.0,602D3_Trip219,1
2026-04-09 14:47:52+00:00,52.363783,4.930454,174.0,Sudden braking,2.0,2.0,18.09090909090909,18.5,1.0,2,5.4,1.0,602D3_Trip219,1
2026-04-09 14:47:53+00:00,52.363735,4.930465,174.0,Sudden braking,2.5,2.5,17.318181818181817,16.0,1.0,2,5.2,1.0,602D3_Trip219,1
2026-04-09 14:48:40+00:00,52.361371,4.930401,186.0,Sudden braking,2.8,2.8,15.081818181818182,15.6,1.0,2,3.7,1.0,602D3_Trip219,1
2026-04-09 14:48:41+00:00,52.36134,4.930378,186.0,Sudden braking,3.0,3.0,13.681818181818182,12.6,1.0,2,1.4,1.0,602D3_Trip219,1
2026-04-09 14:48:42+00:00,52.361329,4.930367,186.0,Sudden braking,2.3,2.3,12.290909090909091,10.3,1.0,2,1.3,1.0,602D3_Trip219,1
2026-04-09 14:48:43+00:00,52.361323,4.930383,186.0,Sudden braking,2.0,2.0,10.945454545454545,8.3,1.0,3,2.0,1.0,602D3_Trip219,1
2026-04-09 15:34:57+00:00,52.375999,4.914132,326.0,Sudden braking,2.0,2.0,14.35,15.4,1.0,3,5.2,1.0,602D6_Trip220,1
2026-04-09 15:35:00+00:00,52.376076,4.914173,350.0,Sudden braking,2.6,2.6,10.84,10.5,1.0,3,2.6,1.0,602D6_Trip220,1
2026-04-09 15:35:01+00:00,52.376099,4.914176,354.0,Sudden braking,2.5,2.5,9.69,8.0,1.0,3,3.0,1.0,602D6_Trip220,1
2026-04-09 15:35:16+00:00,52.376664,4.913552,298.0,Sudden braking,2.0,2.0,21.71,22.6,1.0,2,5.9,1.0,602D6_Trip220,1
2026-04-09 15:35:17+00:00,52.376669,4.913466,290.0,Sudden braking,2.5,2.5,21.16,20.1,1.0,3,5.4,1.0,602D6_Trip220,1
2026-04-09 15:35:18+00:00,52.376669,4.913387,280.0,Sudden braking,2.2,2.2,20.490000000000002,17.9,1.0,3,4.6,1.0,602D6_Trip220,1
2026-04-09 15:35:33+00:00,52.376576,4.912261,259.0,Sudden braking,2.5,2.5,13.427272727272728,14.3,1.0,2,5.2,1.0,602D6_Trip220,1
2026-04-09 15:35:34+00:00,52.376558,4.91219,255.0,Sudden braking,2.7,2.7,12.263636363636364,11.6,1.0,2,3.2,1.0,602D6_Trip220,1
2026-04-09 15:35:35+00:00,52.376572,4.912232,259.0,Sudden braking,2.3,2.3,11.154545454545454,9.3,1.0,2,4.6,1.0,602D6_Trip220,1
2026-04-09 15:35:36+00:00,52.376594,4.912176,280.0,Sudden braking,2.1,2.1,10.10909090909091,7.2,1.0,2,2.9,1.0,602D6_Trip220,1
2026-04-09 15:37:42+00:00,52.378061,4.908716,279.0,Sudden braking,2.0,2.0,14.34,15.2,1.0,2,5.4,1.0,602D6_Trip220,1
2026-04-09 15:37:45+00:00,52.378104,4.908582,305.0,Sudden braking,2.3,2.3,11.08,10.6,1.0,2,3.2,1.0,602D6_Trip220,1
2026-04-09 15:37:46+00:00,52.378093,4.908539,281.0,Sudden braking,2.0,2.0,9.93,8.6,1.0,2,4.9,1.0,602D6_Trip220,1
2026-04-09 15:38:25+00:00,52.378578,4.905912,330.0,Sudden braking,2.4,2.4,4.0,7.1,1.0,2,1.1,1.0,602D6_Trip220,1
2026-04-09 15:38:26+00:00,52.378581,4.905896,331.0,Sudden braking,2.7,2.7,4.0,4.4,1.0,2,1.4,1.0,602D6_Trip220,1
2026-04-09 15:38:58+00:00,52.378583,4.904723,285.0,Sudden braking,2.2,2.2,13.936363636363636,15.2,1.0,2,5.5,1.0,602D6_Trip220,1
2026-04-09 15:38:59+00:00,52.378586,4.904643,281.0,Sudden braking,2.4,2.4,13.345454545454546,12.8,1.0,2,1.0,1.0,602D6_Trip220,1
2026-04-09 15:39:00+00:00,52.378593,4.904634,293.0,Sudden braking,2.6,2.6,13.09090909090909,10.2,1.0,2,4.3,1.0,602D6_Trip220,1
2026-04-09 15:39:01+00:00,52.378624,4.904595,319.0,Sudden braking,2.4,2.4,13.190909090909091,7.8,1.0,2,2.8,1.0,602D6_Trip220,1
2026-04-09 15:39:23+00:00,52.379274,4.902729,298.0,Sudden braking,2.0,2.0,17.990909090909092,21.1,1.0,2,4.7,1.0,602D6_Trip220,1
2026-04-09 15:39:24+00:00,52.379292,4.902667,297.0,Sudden braking,3.4,3.4,17.045454545454547,17.7,1.0,2,4.5,1.0,602D6_Trip220,1
2026-04-09 15:39:25+00:00,52.379312,4.902609,298.0,Sudden braking,3.6,3.6,16.290909090909093,14.1,1.0,3,1.2,1.0,602D6_Trip220,1
2026-04-09 15:39:26+00:00,52.379302,4.902617,305.0,Sudden braking,3.1,3.1,15.709090909090909,11.0,1.0,3,4.5,1.0,602D6_Trip220,1
2026-04-09 15:39:44+00:00,52.37977,4.901211,306.0,Sudden braking,3.0,3.0,19.042857142857144,16.3,1.0,2,7.3,1.0,602D6_Trip220,1
2026-04-09 15:39:53+00:00,52.379925,4.90058,301.0,Sudden braking,2.8,2.8,7.666666666666666,10.5,1.0,2,4.0,1.0,602D6_Trip220,1
2026-04-09 15:39:54+00:00,52.379943,4.90053,301.0,Sudden braking,2.8,2.8,8.214285714285714,7.7,1.0,2,3.5,1.0,602D6_Trip220,1
2026-04-09 15:40:05+00:00,52.380229,4.899737,301.0,Sudden braking,2.2,2.2,17.054545454545455,18.7,1.0,2,5.4,1.0,602D6_Trip220,1
2026-04-09 15:40:06+00:00,52.380274,4.899708,302.0,Sudden braking,2.4,2.4,16.60909090909091,16.3,1.0,2,4.5,1.0,602D6_Trip220,1
2026-04-09 15:40:15+00:00,52.380444,4.899368,303.0,Sudden braking,2.0,2.0,6.45,5.1,1.0,2,3.5,1.0,602D6_Trip220,1
2026-04-09 15:46:12+00:00,52.382263,4.903039,43.0,Sudden braking,2.1,2.1,10.2875,11.6,1.0,2,3.0,1.0,602D6_Trip220,1
2026-04-09 15:47:31+00:00,52.38384,4.906488,11.0,Sudden braking,2.2,2.2,15.563636363636364,17.7,1.0,2,4.8,1.0,602D6_Trip220,1
2026-04-09 15:47:32+00:00,52.383881,4.906466,2.0,Sudden braking,2.6,2.6,14.409090909090908,15.1,1.0,2,7.7,1.0,602D6_Trip220,1
2026-04-09 15:47:33+00:00,52.383868,4.906354,3.0,Sudden braking,2.9,2.9,13.209090909090909,12.2,1.0,3,2.8,1.0,602D6_Trip220,1
2026-04-09 15:47:34+00:00,52.383893,4.906356,3.0,Sudden braking,2.8,2.8,11.963636363636363,9.4,1.0,3,5.2,1.0,602D6_Trip220,1
2026-04-09 15:48:11+00:00,52.385033,4.908466,86.0,Sudden braking,3.9,3.9,15.718181818181819,17.4,1.0,2,4.8,1.0,602D6_Trip220,1
2026-04-09 15:48:12+00:00,52.385051,4.908531,83.0,Sudden braking,3.7,3.7,14.563636363636364,13.7,1.0,2,2.3,1.0,602D6_Trip220,1
2026-04-09 15:48:13+00:00,52.385052,4.908496,80.0,Sudden braking,2.9,2.9,13.236363636363636,10.8,1.0,2,4.0,1.0,602D6_Trip220,1
2026-04-09 15:48:14+00:00,52.385053,4.908555,84.0,Sudden braking,2.6,2.6,11.818181818181818,8.2,0.999,2,3.6,0.999,602D6_Trip220,1
2026-04-09 15:48:46+00:00,52.385875,4.911233,44.0,Sudden braking,2.0,2.0,28.42222222222222,34.5,1.0,2,7.2,1.0,602D6_Trip220,1
2026-04-09 15:48:47+00:00,52.385871,4.911338,53.0,Sudden braking,3.6,3.6,27.57,30.9,1.0,2,8.2,1.0,602D6_Trip220,1
2026-04-09 15:48:48+00:00,52.385913,4.911437,53.0,Sudden braking,3.9,3.9,26.863636363636363,27.0,1.0,2,1.7,1.0,602D6_Trip220,1
2026-04-09 15:48:49+00:00,52.385918,4.911461,51.0,Sudden braking,3.4,3.4,26.154545454545456,23.6,1.0,2,7.5,1.0,602D6_Trip220,1
2026-04-09 15:48:50+00:00,52.385946,4.911561,59.0,Sudden braking,2.4,2.4,24.954545454545453,21.2,1.0,3,5.5,1.0,602D6_Trip220,1
2026-04-09 15:49:29+00:00,52.387265,4.914255,28.0,Sudden braking,3.8,3.8,15.7125,16.5,1.0,2,6.5,1.0,602D6_Trip220,1
2026-04-09 15:49:30+00:00,52.387321,4.914276,26.0,Sudden braking,2.7,2.7,13.9875,13.8,1.0,2,6.9,1.0,602D6_Trip220,1
2026-04-09 15:49:32+00:00,52.387271,4.914312,77.0,Sudden braking,2.2,2.2,11.544444444444444,10.0,1.0,2,8.1,1.0,602D6_Trip220,1
2026-04-09 15:50:00+00:00,52.388519,4.916201,48.0,Sudden braking,3.3,3.3,16.58,16.9,1.0,2,5.2,1.0,602D6_Trip220,1
2026-04-09 15:50:01+00:00,52.388544,4.916267,51.0,Sudden braking,3.4,3.4,15.06,13.5,1.0,2,7.3,1.0,602D6_Trip220,1
2026-04-09 15:50:02+00:00,52.388478,4.916262,86.0,Sudden braking,3.19,3.19,13.58,10.3,1.002,2,5.3,1.002,602D6_Trip220,1
2026-04-09 15:50:04+00:00,52.388519,4.9163,81.0,Sudden braking,2.4,2.4,10.76,7.9,1.0,2,1.1,1.0,602D6_Trip220,1
2026-04-09 15:50:33+00:00,52.389693,4.917506,60.0,Sudden braking,2.0,2.0,12.418181818181818,12.7,1.0,2,2.9,1.0,602D6_Trip220,1
2026-04-09 15:50:54+00:00,52.389452,4.918483,97.0,Sudden braking,2.0,2.0,10.809090909090909,11.8,1.0,2,4.4,1.0,602D6_Trip220,1
2026-04-09 15:52:18+00:00,52.391363,4.92121,63.0,Sudden braking,2.2,2.2,14.833333333333334,17.8,1.0,2,1.2,1.0,602D6_Trip220,1
2026-04-09 15:52:24+00:00,52.39151,4.92146,51.0,Sudden braking,2.0,2.0,10.4,9.8,1.0,2,3.1,1.0,602D6_Trip220,1
2026-04-09 15:52:25+00:00,52.391538,4.921466,36.0,Sudden braking,2.2,2.2,9.518181818181818,7.6,0.999,2,2.5,0.999,602D6_Trip220,1
2026-04-09 15:53:02+00:00,52.390969,4.924127,122.0,Sudden braking,2.9,2.9,13.7,15.5,1.0,2,3.7,1.0,602D6_Trip220,1
2026-04-09 15:53:03+00:00,52.39094,4.924154,131.0,Sudden braking,2.9,2.9,13.145454545454545,12.6,1.0,2,1.7,1.0,602D6_Trip220,1
2026-04-09 15:53:04+00:00,52.390951,4.924137,128.0,Sudden braking,2.7,2.7,12.027272727272727,9.9,1.0,2,3.6,1.0,602D6_Trip220,1
2026-04-09 15:53:05+00:00,52.390948,4.92419,110.0,Sudden braking,2.5,2.5,10.918181818181818,7.4,1.0,2,3.9,1.0,602D6_Trip220,1
2026-04-09 16:20:00+00:00,52.372582,4.917857,138.0,Sudden braking,2.3,2.3,14.379999999999999,15.0,0.999,2,4.8,0.999,602DE_Trip222,1
2026-04-09 16:20:01+00:00,52.372553,4.917909,131.0,Sudden braking,2.7,2.7,13.77,12.3,0.999,2,3.4,0.999,602DE_Trip222,1
2026-04-09 16:21:12+00:00,52.37104,4.913214,269.0,Sudden braking,2.3,2.3,15.870000000000001,15.8,1.001,2,4.3,1.001,602DE_Trip222,1
2026-04-09 16:21:13+00:00,52.37103,4.913152,241.0,Sudden braking,3.21,3.21,14.272727272727273,12.6,0.998,2,3.8,0.998,602DE_Trip222,1
2026-04-09 16:21:14+00:00,52.371007,4.91311,221.0,Sudden braking,2.4,2.4,13.563636363636364,10.2,1.0,2,1.6,1.0,602DE_Trip222,1
2026-04-09 16:23:53+00:00,52.376036,4.902929,312.0,Sudden braking,2.0,2.0,18.93,17.9,1.0,2,4.7,1.0,602DE_Trip222,1
2026-04-09 16:24:13+00:00,52.37673,4.902134,328.0,Sudden braking,2.0,2.0,14.24,14.7,1.0,2,4.1,1.0,602DE_Trip222,1
2026-04-09 16:24:14+00:00,52.376762,4.902104,330.0,Sudden braking,2.1,2.1,13.15,12.6,1.002,2,2.9,1.002,602DE_Trip222,1
2026-04-09 16:24:15+00:00,52.376782,4.902077,327.0,Sudden braking,2.1,2.1,10.6,10.5,0.998,2,2.6,0.998,602DE_Trip222,1
2026-04-09 16:25:11+00:00,52.37673,4.898883,307.0,Sudden braking,2.1,2.1,14.218181818181819,14.7,1.0,2,4.1,1.0,602DE_Trip222,1
2026-04-09 16:25:12+00:00,52.376751,4.898834,312.0,Sudden braking,2.2,2.2,12.990909090909092,12.5,0.999,2,3.2,0.999,602DE_Trip222,1
2026-04-09 16:25:13+00:00,52.376773,4.898803,324.0,Sudden braking,2.1,2.1,12.280000000000001,10.4,1.001,2,2.6,1.001,602DE_Trip222,1
2026-04-09 16:26:56+00:00,52.373518,4.89352,223.0,Sudden braking,3.1,3.1,12.845454545454546,14.5,1.0,2,5.0,1.0,602DE_Trip222,1
2026-04-09 16:26:57+00:00,52.373485,4.89347,220.0,Sudden braking,3.2,3.2,11.3,11.3,0.999,2,2.4,0.999,602DE_Trip222,1
2026-04-09 16:26:58+00:00,52.373469,4.893447,218.0,Sudden braking,3.3,3.3,10.39,8.0,1.001,2,1.5,1.001,602DE_Trip222,1
2026-04-09 16:26:59+00:00,52.373459,4.893433,216.0,Sudden braking,3.5,3.5,8.881818181818181,4.5,1.001,2,1.5,1.001,602DE_Trip222,1
2026-04-09 16:27:00+00:00,52.373447,4.893422,212.0,Sudden braking,2.1,2.1,7.16,2.4,0.998,2,0.5,0.998,602DE_Trip222,1
2026-04-09 16:27:33+00:00,52.372849,4.89231,284.0,Sudden braking,2.3,2.3,15.736363636363636,14.6,0.999,2,3.4,0.999,602DE_Trip222,1
2026-04-09 16:27:34+00:00,52.372848,4.89226,274.0,Sudden braking,2.2,2.2,15.44,12.4,1.001,2,3.1,1.001,602DE_Trip222,1
2026-04-09 19:25:40+00:00,52.358643,4.902772,251.0,Sudden braking,2.8,2.8,21.02,21.8,1.0,2,5.1,1.0,602CA_Trip223,1
2026-04-09 19:25:41+00:00,52.35862,4.902707,251.0,Sudden braking,3.4,3.4,20.2,18.4,1.0,2,6.9,1.0,602CA_Trip223,1
2026-04-09 19:25:42+00:00,52.358608,4.902607,251.0,Sudden braking,2.2,2.2,19.53,16.2,1.0,2,8.4,1.0,602CA_Trip223,1
2026-04-09 19:26:15+00:00,52.358016,4.899712,252.0,Sudden braking,2.0,2.0,18.09,20.6,1.0,2,8.1,1.0,602CA_Trip223,1
2026-04-09 19:26:16+00:00,52.357997,4.899597,253.0,Sudden braking,3.4,3.4,17.533333333333335,17.2,1.0,2,3.4,1.0,602CA_Trip223,1
2026-04-09 19:26:17+00:00,52.357984,4.899551,253.0,Sudden braking,4.1,4.1,16.7875,13.1,1.0,2,1.2,1.0,602CA_Trip223,1
2026-04-09 19:26:18+00:00,52.357978,4.899536,253.0,Sudden braking,2.15,2.15,15.814285714285715,8.8,2.0,2,2.9,2.0,602CA_Trip223,1
2026-04-09 19:27:42+00:00,52.357773,4.896436,275.0,Sudden braking,3.0,3.0,15.036363636363637,17.3,1.0,2,5.5,1.0,602CA_Trip223,1
2026-04-09 19:27:43+00:00,52.35778,4.896356,274.0,Sudden braking,3.1,3.1,14.68,14.2,1.0,2,5.2,1.0,602CA_Trip223,1
2026-04-09 19:27:44+00:00,52.357789,4.896431,294.0,Sudden braking,2.9,2.9,13.42,11.3,1.0,3,4.3,1.0,602CA_Trip223,1
2026-04-09 19:27:45+00:00,52.357823,4.896401,319.0,Sudden braking,2.9,2.9,12.0,8.4,1.0,2,2.1,1.0,602CA_Trip223,1
2026-04-09 19:29:40+00:00,52.359368,4.888794,317.0,Sudden braking,2.4,2.4,23.825,23.5,1.0,2,7.1,1.0,602CA_Trip223,1
2026-04-09 19:29:41+00:00,52.359416,4.888725,319.0,Sudden braking,2.5,2.5,23.742857142857144,21.0,1.0,2,5.6,1.0,602CA_Trip223,1
2026-04-09 19:31:27+00:00,52.362767,4.880549,270.0,Sudden braking,2.3,2.3,13.72,14.5,1.0,3,5.5,1.0,602CA_Trip223,1
2026-04-09 19:31:30+00:00,52.362843,4.880528,354.0,Sudden braking,2.3,2.3,12.657142857142857,8.6,1.0,2,15.1,1.0,602CA_Trip223,1
2026-04-09 19:32:23+00:00,52.365566,4.878677,344.0,Sudden braking,2.0,2.0,17.71,19.1,1.0,3,5.9,1.0,602CA_Trip223,1
2026-04-09 19:32:24+00:00,52.365617,4.878648,338.0,Sudden braking,2.7,2.7,16.29,16.4,1.0,3,5.6,1.0,602CA_Trip223,1
2026-04-09 19:32:25+00:00,52.365661,4.878608,335.0,Sudden braking,2.4,2.4,14.790000000000001,14.0,1.0,3,1.3,1.0,602CA_Trip223,1
2026-04-09 19:32:26+00:00,52.365666,4.878592,333.0,Sudden braking,2.9,2.9,13.21,11.1,1.0,3,5.6,1.0,602CA_Trip223,1
2026-04-09 19:33:00+00:00,52.366701,4.87732,334.0,Sudden braking,3.3,3.3,14.47,15.0,1.0,3,5.9,1.0,602CA_Trip223,1
2026-04-09 19:33:01+00:00,52.366739,4.877259,334.0,Sudden braking,2.7,2.7,13.56,12.3,1.0,3,4.0,1.0,602CA_Trip223,1
2026-04-09 19:33:02+00:00,52.36671,4.877224,334.0,Sudden braking,2.7,2.7,12.57,9.6,1.0,3,2.9,1.0,602CA_Trip223,1
2026-04-09 19:33:19+00:00,52.367625,4.877044,345.0,Sudden braking,2.4,2.4,19.21818181818182,18.8,1.0,2,6.8,1.0,602CA_Trip223,1
2026-04-09 19:33:57+00:00,52.369517,4.875218,345.0,Sudden braking,2.1,2.1,14.672727272727274,15.5,1.0,3,6.7,1.0,602CA_Trip223,1
2026-04-09 19:33:58+00:00,52.369575,4.875191,345.0,Sudden braking,2.0,2.0,13.354545454545455,13.5,1.0,3,1.2,1.0,602CA_Trip223,1
2026-04-09 19:33:59+00:00,52.369575,4.875209,345.0,Sudden braking,2.9,2.9,12.172727272727274,10.6,1.0,3,6.1,1.0,602CA_Trip223,1
2026-04-09 19:34:00+00:00,52.369627,4.875176,345.0,Sudden braking,2.2,2.2,11.072727272727272,8.4,1.0,2,1.9,1.0,602CA_Trip223,1
2026-04-09 19:35:21+00:00,52.372733,4.874457,39.0,Sudden braking,2.5,2.5,16.16,16.9,1.0,3,7.1,1.0,602CA_Trip223,1
2026-04-09 19:35:24+00:00,52.372807,4.874588,39.0,Sudden braking,3.1,3.1,13.28,10.8,1.0,2,3.1,1.0,602CA_Trip223,1
2026-04-09 19:35:25+00:00,52.372831,4.87461,39.0,Sudden braking,2.8,2.8,13.07,8.0,1.0,3,1.4,1.0,602CA_Trip223,1
2026-04-09 19:36:52+00:00,52.377849,4.877378,21.0,Sudden braking,2.3,2.3,16.67,20.0,1.0,2,6.1,1.0,602CA_Trip223,1
2026-04-09 19:36:53+00:00,52.377902,4.877401,20.0,Sudden braking,3.9,3.9,15.1,16.1,1.0,2,4.9,1.0,602CA_Trip223,1
2026-04-09 19:36:54+00:00,52.377946,4.877404,21.0,Sudden braking,3.6,3.6,13.55,12.5,1.0,2,6.0,1.0,602CA_Trip223,1
2026-04-09 19:36:55+00:00,52.377896,4.877369,20.0,Sudden braking,2.1,2.1,11.97,10.4,1.0,2,2.4,1.0,602CA_Trip223,1
2026-04-09 19:37:39+00:00,52.379053,4.876392,275.0,Sudden braking,2.4,2.4,19.32,17.9,1.0,2,5.3,1.0,602CA_Trip223,1
2026-04-09 19:39:53+00:00,52.384252,4.870108,346.0,Sudden braking,2.3,2.3,18.45,19.1,1.0,2,5.1,1.0,602CA_Trip223,1
2026-04-09 19:39:54+00:00,52.384298,4.870105,346.0,Sudden braking,2.6,2.6,17.47,16.5,1.0,2,5.0,1.0,602CA_Trip223,1
2026-04-10 05:56:24+00:00,52.377094,4.89823,144.0,Sudden braking,2.1,2.1,13.9,15.2,0.999,2,5.0,0.999,602DE_Trip224,1
2026-04-10 05:56:25+00:00,52.37706,4.898277,143.0,Sudden braking,2.3,2.3,13.672727272727274,12.9,1.0,2,3.4,1.0,602DE_Trip224,1
2026-04-10 05:56:26+00:00,52.377035,4.898306,146.0,Sudden braking,2.1,2.1,13.14,10.8,1.002,2,2.8,1.002,602DE_Trip224,1
2026-04-10 05:59:11+00:00,52.375917,4.910698,12.0,Sudden braking,2.9,2.9,17.31,18.1,1.001,2,6.3,1.001,602DE_Trip224,1
2026-04-10 05:59:12+00:00,52.375973,4.910688,5.0,Sudden braking,3.4,3.4,13.74,14.7,0.999,2,5.1,0.999,602DE_Trip224,1
2026-04-10 05:59:13+00:00,52.376014,4.910654,355.0,Sudden braking,3.2,3.2,13.218181818181819,11.5,1.0,2,2.9,1.0,602DE_Trip224,1
2026-04-10 05:59:14+00:00,52.376038,4.910637,3.0,Sudden braking,3.2,3.2,12.25,8.3,1.001,2,2.5,1.001,602DE_Trip224,1
2026-04-10 05:59:15+00:00,52.376057,4.910617,5.0,Sudden braking,2.2,2.2,10.05,6.1,1.0,3,1.9,1.0,602DE_Trip224,1
2026-04-10 06:00:29+00:00,52.375244,4.914316,201.0,Sudden braking,2.2,2.2,20.13,19.1,1.001,2,6.5,1.001,602DE_Trip224,1
2026-04-11 14:37:44+00:00,52.36748,4.889765,201.0,Sudden braking,2.4,2.4,7.0636363636363635,7.4,1.0,2,1.7,1.0,602DE_Trip225,1
2026-04-11 14:37:45+00:00,52.367465,4.889758,193.0,Sudden braking,2.4,2.4,6.081818181818182,5.0,1.0,2,0.8,1.0,602DE_Trip225,1
2026-04-11 14:37:46+00:00,52.36746,4.889767,173.0,Sudden braking,2.2,2.2,5.2727272727272725,2.8,1.0,2,0.5,1.0,602DE_Trip225,1
2026-04-11 14:39:17+00:00,52.368544,4.886999,3.0,Sudden braking,2.2,2.2,12.336363636363636,15.3,1.0,2,4.7,1.0,602DE_Trip225,1
2026-04-11 14:39:18+00:00,52.368586,4.887005,4.0,Sudden braking,2.9,2.9,10.23,12.4,1.0,2,2.9,1.0,602DE_Trip225,1
2026-04-11 14:39:19+00:00,52.368612,4.887003,357.0,Sudden braking,3.5,3.5,9.481818181818182,8.9,1.0,2,1.6,1.0,602DE_Trip225,1
2026-04-11 14:39:20+00:00,52.368625,4.886996,352.0,Sudden braking,3.5,3.5,8.045454545454545,5.4,0.999,2,0.8,0.999,602DE_Trip225,1
2026-04-11 14:39:21+00:00,52.368632,4.88699,352.0,Sudden braking,2.6,2.6,6.99,2.8,1.001,2,0.4,1.001,602DE_Trip225,1
2026-04-11 14:39:48+00:00,52.368819,4.886406,271.0,Sudden braking,2.5,2.5,7.718181818181818,5.2,1.0,3,1.2,1.0,602DE_Trip225,1
2026-04-11 14:40:35+00:00,52.368886,4.884083,271.0,Sudden braking,2.0,2.0,6.19,7.5,0.999,2,2.0,0.999,602DE_Trip225,1
2026-04-11 14:40:36+00:00,52.36889,4.884055,291.0,Sudden braking,2.2,2.2,6.19,5.3,1.001,2,1.0,1.001,602DE_Trip225,1
2026-04-11 14:40:37+00:00,52.368895,4.884042,286.0,Sudden braking,2.4,2.4,4.581818181818182,2.9,1.0,2,0.2,1.0,602DE_Trip225,1
2026-04-11 14:40:58+00:00,52.368929,4.883357,276.0,Sudden braking,2.1,2.1,8.545454545454545,9.0,1.0,2,1.9,1.0,602DE_Trip225,1
2026-04-11 14:40:59+00:00,52.36893,4.883329,274.0,Sudden braking,2.4,2.4,7.3999999999999995,6.6,0.999,3,1.4,0.999,602DE_Trip225,1
2026-04-11 14:41:00+00:00,52.36893,4.883309,272.0,Sudden braking,2.0,2.0,6.72,4.6,1.0,3,1.3,1.0,602DE_Trip225,1
2026-04-11 14:42:35+00:00,52.367171,4.879519,244.0,Sudden braking,2.0,2.0,9.645454545454546,9.3,1.0,2,4.0,1.0,602DE_Trip225,1
2026-04-11 14:42:36+00:00,52.367157,4.879464,242.0,Sudden braking,2.1,2.1,7.5200000000000005,7.2,1.0,2,2.1,1.0,602DE_Trip225,1
2026-04-11 14:49:04+00:00,52.360618,4.877239,259.0,Sudden braking,2.3,2.3,23.8,25.2,0.999,2,7.9,0.999,602DE_Trip225,1
2026-04-11 14:49:05+00:00,52.360587,4.877134,248.0,Sudden braking,2.3,2.3,23.8,22.9,1.0,2,5.4,1.0,602DE_Trip225,1
2026-04-11 14:49:07+00:00,52.360558,4.877027,260.0,Sudden braking,2.2,2.2,21.32,18.9,0.999,2,5.7,0.999,602DE_Trip225,1
2026-04-11 14:50:50+00:00,52.35724,4.872076,66.0,Sudden braking,2.2,2.2,8.9,11.6,1.0,2,4.0,1.0,602DE_Trip225,1
2026-04-11 14:50:51+00:00,52.35725,4.872133,78.0,Sudden braking,3.2,3.2,7.8,8.4,1.0,2,2.3,1.0,602DE_Trip225,1
2026-04-11 14:50:52+00:00,52.357261,4.872162,68.0,Sudden braking,3.1,3.1,6.618181818181818,5.3,1.0,2,1.4,1.0,602DE_Trip225,1
2026-04-11 14:50:53+00:00,52.35726,4.872182,68.0,Sudden braking,2.7,2.7,4.49,2.6,1.0,3,0.5,1.0,602DE_Trip225,1
2026-04-11 14:57:59+00:00,52.357985,4.878583,164.0,Sudden braking,2.3,2.3,6.409090909090909,7.0,1.0,2,2.5,1.0,602DE_Trip225,1
2026-04-11 14:58:00+00:00,52.357963,4.878581,182.0,Sudden braking,2.3,2.3,5.5181818181818185,4.7,1.0,3,1.5,1.0,602DE_Trip225,1
2026-04-11 14:58:24+00:00,52.357531,4.878842,159.0,Sudden braking,2.0,2.0,10.154545454545454,10.5,1.0,3,3.3,1.0,602DE_Trip225,1
2026-04-11 14:58:25+00:00,52.35751,4.878877,129.0,Sudden braking,2.0,2.0,9.49090909090909,8.5,1.0,2,2.4,1.0,602DE_Trip225,1
2026-04-11 14:58:52+00:00,52.357937,4.878943,335.0,Sudden braking,2.0,2.0,6.618181818181818,6.7,1.0,2,1.7,1.0,602DE_Trip225,1
2026-04-11 14:58:53+00:00,52.357951,4.87893,337.0,Sudden braking,2.1,2.1,5.4363636363636365,4.6,1.0,2,1.1,1.0,602DE_Trip225,1
2026-04-11 15:00:09+00:00,52.359212,4.877883,315.0,Sudden braking,2.2,2.2,8.09,7.9,1.0,1,2.0,1.0,602DE_Trip225,1
2026-04-11 15:01:48+00:00,52.362155,4.875812,335.0,Sudden braking,2.4,2.4,10.26,10.6,1.001,2,2.8,1.001,602DE_Trip225,1
2026-04-11 15:01:49+00:00,52.362177,4.875792,340.0,Sudden braking,2.9,2.9,7.8,7.7,1.0,2,0.7,1.0,602DE_Trip225,1
2026-04-11 15:01:50+00:00,52.362181,4.875785,327.0,Sudden braking,2.9,2.9,6.3545454545454545,4.8,1.0,2,0.8,1.0,602DE_Trip225,1
2026-04-11 15:01:51+00:00,52.362181,4.875797,0.0,Sudden braking,2.4,2.4,4.990909090909091,2.4,1.0,2,0.1,1.0,602DE_Trip225,1
2026-04-11 15:02:55+00:00,52.361942,4.876086,276.0,Sudden braking,2.1,2.1,4.2727272727272725,4.0,1.0,3,2.6,1.0,602DE_Trip225,1
2026-04-11 15:08:21+00:00,52.370757,4.870425,5.0,Sudden braking,2.0,2.0,10.145454545454546,10.1,1.0,2,2.9,1.0,602DE_Trip225,1
2026-04-13 05:37:59+00:00,52.365141,4.928577,300.0,Sudden braking,2.5,2.5,14.454545454545455,10.8,1.0,3,6.6,1.0,602D3_Trip226,1
2026-04-13 05:41:00+00:00,52.36933,4.920503,302.0,Sudden braking,2.9,2.9,17.8,16.0,1.0,2,8.4,1.0,602D3_Trip226,1
2026-04-13 05:41:50+00:00,52.370562,4.916728,299.0,Sudden braking,3.2,3.2,18.254545454545454,16.6,1.0,2,5.7,1.0,602D3_Trip226,1
2026-04-13 05:42:30+00:00,52.371615,4.916672,53.0,Sudden braking,2.3,2.3,10.966666666666667,9.5,1.0,2,2.8,1.0,602D3_Trip226,1
2026-04-13 05:42:31+00:00,52.37164,4.916678,29.0,Sudden braking,2.3,2.3,10.25,7.2,1.0,2,1.4,1.0,602D3_Trip226,1
2026-04-13 06:58:28+00:00,52.377645,4.89517,55.0,Sudden braking,2.1,2.1,17.03,17.1,1.0,2,4.9,1.0,602DE_Trip227,1
2026-04-13 06:58:29+00:00,52.377666,4.895232,56.0,Sudden braking,2.1,2.1,15.554545454545455,15.0,1.001,2,2.2,1.001,602DE_Trip227,1
2026-04-13 07:00:27+00:00,52.376224,4.902776,108.0,Sudden braking,2.3,2.3,7.75,8.8,1.0,2,2.7,1.0,602DE_Trip227,1
2026-04-13 07:00:28+00:00,52.376221,4.902815,94.0,Sudden braking,2.4,2.4,7.045454545454546,6.4,1.0,2,1.2,1.0,602DE_Trip227,1
2026-04-13 07:00:29+00:00,52.376225,4.902832,99.0,Sudden braking,2.2,2.2,4.65,4.2,1.0,2,0.6,1.0,602DE_Trip227,1
2026-04-13 07:00:30+00:00,52.376229,4.902837,105.0,Sudden braking,2.0,2.0,4.2272727272727275,2.2,0.999,2,0.4,0.999,602DE_Trip227,1
2026-04-13 07:03:43+00:00,52.375197,4.914129,212.0,Sudden braking,2.3,2.3,17.09090909090909,15.8,1.0,3,5.4,1.0,602DE_Trip227,1
2026-04-13 12:58:51+00:00,52.396913,4.939699,235.0,Sudden braking,2.5,2.5,11.07,11.3,1.0,2,3.2,1.0,602DE_Trip228,1
2026-04-13 12:58:52+00:00,52.396904,4.939654,255.0,Sudden braking,2.5,2.5,10.736363636363636,8.8,0.999,2,3.1,0.999,602DE_Trip228,1
2026-04-13 13:00:31+00:00,52.397074,4.933206,234.0,Sudden braking,2.1,2.1,18.95,17.8,0.999,2,5.6,0.999,602DE_Trip228,1
2026-04-13 13:03:00+00:00,52.394047,4.924424,198.0,Sudden braking,2.0,2.0,16.78,18.6,1.0,3,6.2,1.0,602DE_Trip228,1
2026-04-13 13:03:01+00:00,52.393993,4.924408,195.0,Sudden braking,2.0,2.0,16.027272727272727,16.6,1.0,3,4.0,1.0,602DE_Trip228,1
2026-04-13 13:03:02+00:00,52.393958,4.924391,197.0,Sudden braking,2.1,2.1,14.772727272727273,14.5,0.999,2,3.6,0.999,602DE_Trip228,1
2026-04-13 13:03:03+00:00,52.393928,4.924373,204.0,Sudden braking,2.4,2.4,14.040000000000001,12.1,1.001,2,3.0,1.001,602DE_Trip228,1
2026-04-13 13:03:16+00:00,52.394009,4.924729,50.0,Sudden braking,2.2,2.2,5.2727272727272725,5.4,1.0,1,1.8,1.0,602DE_Trip228,1
2026-04-13 13:03:17+00:00,52.394025,4.924737,21.0,Sudden braking,2.0,2.0,4.345454545454546,3.4,1.0,1,1.0,1.0,602DE_Trip228,1
2026-04-13 13:08:15+00:00,52.388742,4.919722,233.0,Sudden braking,2.3,2.3,18.944444444444443,20.7,1.0,3,7.2,1.0,602DE_Trip228,1
2026-04-13 13:08:16+00:00,52.388686,4.919667,236.0,Sudden braking,2.71,2.71,18.44,18.0,0.998,3,5.5,0.998,602DE_Trip228,1
2026-04-13 13:08:17+00:00,52.388657,4.9196,237.0,Sudden braking,2.2,2.2,18.44,15.8,1.002,3,4.6,1.002,602DE_Trip228,1
2026-04-13 13:09:46+00:00,52.386951,4.913723,327.0,Sudden braking,2.2,2.2,12.18,15.2,1.0,1,4.7,1.0,602DE_Trip228,1
2026-04-13 13:09:47+00:00,52.386987,4.913688,338.0,Sudden braking,2.7,2.7,11.127272727272727,12.5,1.0,1,3.5,1.0,602DE_Trip228,1
2026-04-13 13:09:48+00:00,52.387016,4.913669,349.0,Sudden braking,3.3,3.3,8.469999999999999,9.2,0.999,2,2.1,0.999,602DE_Trip228,1
2026-04-13 13:09:49+00:00,52.387035,4.913661,354.0,Sudden braking,3.4,3.4,8.469999999999999,5.8,1.001,2,1.0,1.001,602DE_Trip228,1
2026-04-13 13:09:50+00:00,52.387044,4.913659,346.0,Sudden braking,2.5,2.5,6.3181818181818175,3.3,1.0,2,0.4,1.0,602DE_Trip228,1
2026-04-13 13:11:54+00:00,52.38209,4.908607,197.0,Sudden braking,2.0,2.0,17.24,17.7,0.999,2,4.2,0.999,602DE_Trip228,1
2026-04-13 13:18:43+00:00,52.376771,4.910137,150.0,Sudden braking,2.1,2.1,18.48181818181818,17.1,1.0,3,6.6,1.0,602DE_Trip228,1
2026-04-13 13:21:00+00:00,52.374193,4.914251,244.0,Sudden braking,2.7,2.7,15.51,14.6,1.0,2,4.1,1.0,602DE_Trip228,1
2026-04-13 13:21:06+00:00,52.374063,4.914322,130.0,Sudden braking,2.1,2.1,10.781818181818181,10.3,1.0,2,2.0,1.0,602DE_Trip228,1
2026-04-13 13:21:07+00:00,52.374056,4.914349,118.0,Sudden braking,2.1,2.1,10.563636363636364,8.2,1.0,3,2.7,1.0,602DE_Trip228,1
2026-04-13 14:17:40+00:00,52.374451,4.914595,325.0,Sudden braking,2.5,2.5,12.036363636363637,12.4,1.0,3,8.2,1.0,602D6_Trip230,1
2026-04-13 14:17:41+00:00,52.374523,4.914566,332.0,Sudden braking,2.2,2.2,11.036363636363637,10.2,1.0,3,0.8,1.0,602D6_Trip230,1
2026-04-13 14:18:56+00:00,52.376549,4.911827,254.0,Sudden braking,2.1,2.1,11.3,18.3,1.0,2,4.2,1.0,602D6_Trip230,1
2026-04-13 14:18:57+00:00,52.376534,4.91177,252.0,Sudden braking,3.6,3.6,10.628571428571428,14.7,1.0,2,5.4,1.0,602D6_Trip230,1
2026-04-13 14:18:58+00:00,52.376521,4.911693,255.0,Sudden braking,3.1,3.1,10.15,11.6,1.0,2,4.5,1.0,602D6_Trip230,1
2026-04-13 14:18:59+00:00,52.376525,4.911759,255.0,Sudden braking,2.1,2.1,9.733333333333333,9.5,1.0,2,2.5,1.0,602D6_Trip230,1
2026-04-13 14:19:00+00:00,52.376528,4.911722,277.0,Sudden braking,2.1,2.1,9.38,7.4,1.0,2,2.0,1.0,602D6_Trip230,1
2026-04-13 14:19:58+00:00,52.377034,4.910268,354.0,Sudden braking,2.2,2.2,17.4,20.8,1.0,2,5.7,1.0,602D6_Trip230,1
2026-04-13 14:19:59+00:00,52.377083,4.910242,352.0,Sudden braking,3.8,3.8,15.663636363636364,17.0,1.0,2,10.6,1.0,602D6_Trip230,1
2026-04-13 14:20:00+00:00,52.377056,4.910093,339.0,Sudden braking,3.7,3.7,13.99090909090909,13.3,1.0,2,5.7,1.0,602D6_Trip230,1
2026-04-13 14:20:01+00:00,52.377024,4.910158,7.0,Sudden braking,3.5,3.5,12.381818181818183,9.8,1.0,3,3.9,1.0,602D6_Trip230,1
2026-04-13 14:20:02+00:00,52.377006,4.910208,20.0,Sudden braking,3.2,3.2,10.790909090909091,6.6,1.0,3,8.5,1.0,602D6_Trip230,1
2026-04-13 14:20:41+00:00,52.378109,4.908488,283.0,Sudden braking,2.0,2.0,18.8,20.7,1.0,2,6.0,1.0,602D6_Trip230,1
2026-04-13 14:20:42+00:00,52.378121,4.908402,283.0,Sudden braking,3.6,3.6,18.11111111111111,17.1,1.0,2,5.8,1.0,602D6_Trip230,1
2026-04-13 14:20:43+00:00,52.378133,4.908319,283.0,Sudden braking,3.6,3.6,15.933333333333334,13.5,1.0,2,11.8,1.0,602D6_Trip230,1
2026-04-13 14:21:48+00:00,52.379095,4.903371,304.0,Sudden braking,2.1,2.1,17.6,20.3,1.0,2,14.2,1.0,602D6_Trip230,1
2026-04-13 14:21:49+00:00,52.379032,4.903189,300.0,Sudden braking,3.0,3.0,16.054545454545455,17.3,1.0,2,5.4,1.0,602D6_Trip230,1
2026-04-13 14:21:50+00:00,52.379056,4.903119,300.0,Sudden braking,2.6,2.6,14.472727272727273,14.7,1.0,2,2.2,1.0,602D6_Trip230,1
2026-04-13 14:21:51+00:00,52.379046,4.903148,300.0,Sudden braking,3.1,3.1,12.927272727272728,11.6,1.0,2,6.5,1.0,602D6_Trip230,1
2026-04-13 14:21:52+00:00,52.379073,4.903063,303.0,Sudden braking,3.4,3.4,11.95,8.2,1.0,2,2.0,1.0,602D6_Trip230,1
2026-04-13 14:22:41+00:00,52.380433,4.899576,301.0,Sudden braking,3.3,3.3,20.12222222222222,24.9,1.0,2,6.6,1.0,602D6_Trip230,1
2026-04-13 14:22:42+00:00,52.38045,4.899482,301.0,Sudden braking,3.2,3.2,19.08,21.7,1.0,2,5.4,1.0,602D6_Trip230,1
2026-04-13 14:22:43+00:00,52.380481,4.899421,301.0,Sudden braking,3.5,3.5,18.345454545454544,18.2,1.0,2,3.5,1.0,602D6_Trip230,1
2026-04-13 14:22:44+00:00,52.380491,4.899373,301.0,Sudden braking,3.7,3.7,17.21818181818182,14.5,1.0,2,2.1,1.0,602D6_Trip230,1
2026-04-13 14:22:45+00:00,52.380475,4.89939,285.0,Sudden braking,3.2,3.2,15.745454545454544,11.3,1.0,2,1.1,1.0,602D6_Trip230,1
2026-04-13 14:22:52+00:00,52.380646,4.899431,28.0,Sudden braking,2.5,2.5,7.72,8.0,1.0,2,3.1,1.0,602D6_Trip230,1
2026-04-13 14:22:53+00:00,52.380665,4.899465,33.0,Sudden braking,2.8,2.8,7.5,5.2,1.0,2,8.3,1.0,602D6_Trip230,1
2026-04-13 14:25:36+00:00,52.381997,4.902675,47.0,Sudden braking,2.6,2.6,9.7375,9.0,1.0,2,3.4,1.0,602D6_Trip230,1
2026-04-13 14:28:42+00:00,52.384677,4.906496,28.0,Sudden braking,2.0,2.0,10.82,15.1,1.0,2,8.9,1.0,602D6_Trip230,1
2026-04-13 14:28:43+00:00,52.384747,4.906561,36.0,Sudden braking,2.0,2.0,10.133333333333333,13.1,1.0,2,2.2,1.0,602D6_Trip230,1
2026-04-13 14:28:44+00:00,52.384763,4.906579,38.0,Sudden braking,2.4,2.4,9.585714285714285,10.7,1.0,2,5.0,1.0,602D6_Trip230,1
2026-04-13 14:28:45+00:00,52.384799,4.906624,38.0,Sudden braking,2.5,2.5,9.1875,8.2,1.001,2,2.9,1.001,602D6_Trip230,1
2026-04-13 14:31:00+00:00,52.390617,4.911056,21.0,Sudden braking,2.1,2.1,14.981818181818182,18.2,1.0,2,5.0,1.0,602D6_Trip230,1
2026-04-13 14:31:01+00:00,52.390659,4.911083,21.0,Sudden braking,3.4,3.4,13.936363636363637,14.8,1.0,2,3.7,1.0,602D6_Trip230,1
2026-04-13 14:31:02+00:00,52.39069,4.911102,21.0,Sudden braking,3.3,3.3,12.954545454545455,11.5,1.0,2,1.3,1.0,602D6_Trip230,1
2026-04-13 14:31:03+00:00,52.390678,4.911095,21.0,Sudden braking,3.0,3.0,12.036363636363637,8.5,1.0,3,2.4,1.0,602D6_Trip230,1
2026-04-13 14:31:04+00:00,52.390699,4.911108,21.0,Sudden braking,2.3,2.3,11.181818181818182,6.2,1.0,2,2.4,1.0,602D6_Trip230,1
2026-04-13 15:31:12+00:00,52.369147,4.921049,123.0,Sudden braking,2.6,2.6,18.054545454545455,16.4,1.0,2,15.6,1.0,602D3_Trip233,1
2026-04-13 15:33:03+00:00,52.366001,4.926613,146.0,Sudden braking,2.2,2.2,11.0125,8.6,1.0,1,2.3,1.0,602D3_Trip233,1
2026-04-13 15:33:04+00:00,52.365983,4.926628,150.0,Sudden braking,2.0,2.0,10.32857142857143,6.6,1.0,1,1.5,1.0,602D3_Trip233,1
2026-04-13 15:34:40+00:00,52.363488,4.930476,179.0,Sudden braking,2.1,2.1,19.754545454545454,18.3,1.0,2,5.5,1.0,602D3_Trip233,1
2026-04-13 15:35:15+00:00,52.361473,4.930457,188.0,Sudden braking,2.2,2.2,17.23,18.6,1.0,2,5.5,1.0,602D3_Trip233,1
2026-04-13 15:35:16+00:00,52.361426,4.930435,188.0,Sudden braking,3.2,3.2,16.544444444444444,15.4,1.0,2,4.4,1.0,602D3_Trip233,1
2026-04-13 15:35:19+00:00,52.361378,4.930396,201.0,Sudden braking,3.3,3.3,11.011111111111111,8.8,1.0,2,1.3,1.0,602D3_Trip233,1
2026-04-13 15:49:51+00:00,52.433758,4.816163,259.0,Sudden braking,3.2,3.2,31.772727272727273,34.8,1.0,3,9.4,1.0,604F0_Trip234,1
2026-04-13 15:49:52+00:00,52.433741,4.816026,259.0,Sudden braking,4.5,4.5,30.063636363636363,30.3,1.0,3,7.1,1.0,604F0_Trip234,1
2026-04-13 15:49:53+00:00,52.433734,4.815922,261.0,Sudden braking,4.7,4.7,28.536363636363635,25.6,1.0,3,4.8,1.0,604F0_Trip234,1
2026-04-13 15:49:54+00:00,52.433746,4.815854,275.0,Sudden braking,3.7,3.7,27.172727272727272,21.9,1.0,3,4.6,1.0,604F0_Trip234,1
2026-04-13 15:49:55+00:00,52.433782,4.815821,308.0,Sudden braking,2.1,2.1,26.0,19.8,1.0,3,6.1,1.0,604F0_Trip234,1
2026-04-13 15:58:21+00:00,52.484874,4.806214,324.0,Sudden braking,2.1,2.1,30.89090909090909,34.6,1.0,2,9.7,1.0,604F0_Trip234,1
2026-04-13 15:58:22+00:00,52.484944,4.806128,323.0,Sudden braking,3.2,3.2,28.136363636363637,31.4,0.999,2,8.1,0.999,604F0_Trip234,1
2026-04-13 15:58:23+00:00,52.485002,4.806055,322.0,Sudden braking,4.3,4.3,26.990000000000002,27.1,1.0,2,6.6,1.0,604F0_Trip234,1
2026-04-13 15:58:24+00:00,52.485049,4.805996,322.0,Sudden braking,4.7,4.7,23.740000000000002,22.4,1.0,2,3.7,1.0,604F0_Trip234,1
2026-04-13 15:58:25+00:00,52.485076,4.805962,322.0,Sudden braking,4.8,4.8,20.4,17.6,1.0,2,4.2,1.0,604F0_Trip234,1
2026-04-13 15:58:26+00:00,52.485104,4.805923,320.0,Sudden braking,4.4,4.4,17.18,13.2,1.001,2,2.3,1.001,604F0_Trip234,1
2026-04-13 15:58:27+00:00,52.48512,4.805901,320.0,Sudden braking,3.6,3.6,15.244444444444444,9.6,1.0,2,3.3,1.0,604F0_Trip234,1
2026-04-13 15:58:28+00:00,52.485125,4.805854,3.0,Sudden braking,3.0,3.0,11.242857142857142,6.6,1.0,2,0.9,1.0,604F0_Trip234,1
2026-04-13 16:00:15+00:00,52.488505,4.796451,302.0,Sudden braking,3.0,3.0,32.74,34.4,1.0,2,9.1,1.0,604F0_Trip234,1
2026-04-13 16:00:16+00:00,52.488549,4.796339,301.0,Sudden braking,4.0,4.0,30.59,30.4,1.0,3,7.1,1.0,604F0_Trip234,1
2026-04-13 16:00:17+00:00,52.488571,4.796239,301.0,Sudden braking,4.8,4.8,28.52,25.6,1.0,3,4.9,1.0,604F0_Trip234,1
2026-04-13 16:00:18+00:00,52.4886,4.796185,299.0,Sudden braking,4.2,4.2,26.66,21.4,1.0,3,2.4,1.0,604F0_Trip234,1
2026-04-13 16:11:14+00:00,52.5196,4.706989,335.0,Sudden braking,2.1,2.1,37.05555555555556,35.5,1.0,2,9.5,1.0,604F0_Trip234,1
2026-04-13 16:11:55+00:00,52.521948,4.702424,312.0,Sudden braking,3.5,3.5,25.644444444444446,30.5,1.0,3,7.5,1.0,604F0_Trip234,1
2026-04-13 16:11:56+00:00,52.521993,4.702341,311.0,Sudden braking,4.6,4.6,24.990000000000002,25.9,1.0,3,4.5,1.0,604F0_Trip234,1
2026-04-13 16:11:57+00:00,52.52202,4.702291,314.0,Sudden braking,4.7,4.7,24.763636363636365,21.2,1.0,3,2.0,1.0,604F0_Trip234,1
2026-04-13 16:11:58+00:00,52.522032,4.702269,314.0,Sudden braking,3.6,3.6,23.79,17.6,1.0,3,0.5,1.0,604F0_Trip234,1
2026-04-13 16:14:30+00:00,52.535731,4.695534,354.0,Sudden braking,2.4,2.4,33.663636363636364,33.9,1.0,3,9.4,1.0,604F0_Trip234,1
2026-04-13 16:14:31+00:00,52.535815,4.69552,354.0,Sudden braking,2.6,2.6,32.68181818181818,31.3,1.0,3,7.9,1.0,604F0_Trip234,1
2026-04-13 16:14:32+00:00,52.535885,4.69551,355.0,Sudden braking,2.2,2.2,31.79090909090909,29.1,1.0,3,6.1,1.0,604F0_Trip234,1
2026-04-14 05:05:53+00:00,52.536419,4.694453,79.0,Sudden braking,2.4,2.4,32.73,33.0,1.0,2,8.9,1.0,604F0_Trip236,1
2026-04-14 05:05:54+00:00,52.536432,4.694583,83.0,Sudden braking,2.8,2.8,31.36,30.2,1.0,2,7.4,1.0,604F0_Trip236,1
2026-04-14 05:05:55+00:00,52.53643,4.694692,94.0,Sudden braking,2.7,2.7,30.11,27.5,1.001,2,6.7,1.001,604F0_Trip236,1
2026-04-14 05:05:56+00:00,52.536402,4.69478,116.0,Sudden braking,2.1,2.1,28.08,25.4,1.0,2,6.8,1.0,604F0_Trip236,1
2026-04-14 05:08:37+00:00,52.52249,4.702453,131.0,Sudden braking,2.2,2.2,32.372727272727275,34.2,1.0,2,9.2,1.0,604F0_Trip236,1
2026-04-14 05:08:38+00:00,52.522435,4.702555,132.0,Sudden braking,2.6,2.6,30.7,31.6,1.0,2,8.2,1.0,604F0_Trip236,1
2026-04-14 05:08:39+00:00,52.522386,4.702645,132.0,Sudden braking,3.2,3.2,29.036363636363635,28.4,1.0,2,7.1,1.0,604F0_Trip236,1
2026-04-14 05:08:40+00:00,52.522343,4.702723,133.0,Sudden braking,3.2,3.2,27.40909090909091,25.2,1.0,2,4.3,1.0,604F0_Trip236,1
2026-04-14 05:08:41+00:00,52.522317,4.70277,133.0,Sudden braking,2.2,2.2,25.790909090909093,23.0,1.0,2,1.9,1.0,604F0_Trip236,1
2026-04-14 05:09:26+00:00,52.519865,4.706293,138.0,Sudden braking,2.3,2.3,31.89090909090909,32.7,1.0,3,8.9,1.0,604F0_Trip236,1
2026-04-14 05:09:27+00:00,52.519803,4.706378,140.0,Sudden braking,2.6,2.6,30.527272727272727,30.1,1.0,3,8.0,1.0,604F0_Trip236,1
2026-04-14 05:09:28+00:00,52.519746,4.706449,143.0,Sudden braking,2.4,2.4,29.227272727272727,27.7,1.0,3,5.8,1.0,604F0_Trip236,1
2026-04-14 05:09:29+00:00,52.519697,4.706476,145.0,Sudden braking,2.0,2.0,28.063636363636363,25.7,1.0,2,6.7,1.0,604F0_Trip236,1
2026-04-14 05:16:19+00:00,52.495007,4.760421,102.0,Sudden braking,2.0,2.0,33.06363636363636,36.2,1.0,2,9.4,1.0,604F0_Trip236,1
2026-04-14 05:16:20+00:00,52.494989,4.760557,102.0,Sudden braking,2.8,2.8,30.8,33.4,1.0,2,8.1,1.0,604F0_Trip236,1
2026-04-14 05:16:21+00:00,52.494973,4.760673,102.0,Sudden braking,3.5,3.5,28.3,29.9,1.0,1,6.8,1.0,604F0_Trip236,1
2026-04-14 05:16:22+00:00,52.49496,4.760771,102.0,Sudden braking,3.8,3.8,25.636363636363637,26.1,1.0,1,5.7,1.0,604F0_Trip236,1
2026-04-14 05:16:23+00:00,52.49495,4.760852,102.0,Sudden braking,3.9,3.9,22.918181818181818,22.2,1.0,1,4.6,1.0,604F0_Trip236,1
2026-04-14 05:16:24+00:00,52.494941,4.760919,102.0,Sudden braking,3.8,3.8,20.29090909090909,18.4,1.0,1,3.7,1.0,604F0_Trip236,1
2026-04-14 05:16:25+00:00,52.494934,4.760972,102.0,Sudden braking,3.3,3.3,17.9,15.1,1.0,1,2.8,1.0,604F0_Trip236,1
2026-04-14 05:16:26+00:00,52.494928,4.761013,102.0,Sudden braking,2.6,2.6,15.881818181818181,12.5,1.0,1,2.5,1.0,604F0_Trip236,1
2026-04-14 05:16:57+00:00,52.494212,4.764314,102.0,Sudden braking,2.5,2.5,30.472727272727273,33.5,1.0,2,8.5,1.0,604F0_Trip236,1
2026-04-14 05:16:58+00:00,52.494199,4.764437,99.0,Sudden braking,3.4,3.4,28.654545454545453,30.1,1.0,2,6.6,1.0,604F0_Trip236,1
2026-04-14 05:16:59+00:00,52.494189,4.764534,99.0,Sudden braking,3.9,3.9,26.763636363636362,26.2,1.0,2,4.8,1.0,604F0_Trip236,1
2026-04-14 05:17:00+00:00,52.494183,4.764604,97.0,Sudden braking,3.7,3.7,24.78181818181818,22.5,1.0,2,4.4,1.0,604F0_Trip236,1
2026-04-14 05:17:01+00:00,52.494178,4.764668,97.0,Sudden braking,2.8,2.8,22.70909090909091,19.7,1.0,3,4.0,1.0,604F0_Trip236,1
2026-04-14 05:17:55+00:00,52.493822,4.768215,94.0,Sudden braking,3.3,3.3,33.0375,32.8,1.0,2,9.8,1.0,604F0_Trip236,1
2026-04-14 05:17:59+00:00,52.494015,4.768692,92.0,Sudden braking,2.8,2.8,27.81111111111111,26.7,1.0,2,3.3,1.0,604F0_Trip236,1
2026-04-14 05:18:00+00:00,52.494014,4.76874,92.0,Sudden braking,2.4,2.4,26.955555555555556,24.3,1.0,2,5.7,1.0,604F0_Trip236,1
2026-04-14 05:31:09+00:00,52.433845,4.815845,169.0,Sudden braking,3.0,3.0,29.288888888888888,29.2,1.0,2,8.5,1.0,604F0_Trip236,1
2026-04-14 05:31:10+00:00,52.433769,4.815822,173.0,Sudden braking,3.0,3.0,28.066666666666666,26.2,1.0,2,4.0,1.0,604F0_Trip236,1
2026-04-14 05:35:09+00:00,52.421402,4.826634,184.0,Sudden braking,2.3,2.3,9.442857142857143,6.3,1.0,1,1.6,1.0,604F0_Trip236,1
2026-04-14 06:07:34+00:00,52.391293,4.880454,101.0,Sudden braking,2.1,2.1,32.04545454545455,33.5,1.0,2,9.1,1.0,604F0_Trip236,1
2026-04-14 06:07:35+00:00,52.391274,4.880584,103.0,Sudden braking,2.8,2.8,30.8,30.7,1.0,2,8.4,1.0,604F0_Trip236,1
2026-04-14 06:07:36+00:00,52.391266,4.880707,105.0,Sudden braking,2.7,2.7,29.672727272727272,28.0,1.0,2,6.7,1.0,604F0_Trip236,1
2026-04-14 06:07:37+00:00,52.39127,4.880804,102.0,Sudden braking,2.2,2.2,28.736363636363635,25.8,1.0,2,5.4,1.0,604F0_Trip236,1
2026-04-14 06:08:02+00:00,52.390917,4.884128,81.0,Sudden braking,2.1,2.1,29.554545454545455,29.7,1.0,3,6.8,1.0,604F0_Trip236,1
2026-04-14 06:08:03+00:00,52.390921,4.884228,83.0,Sudden braking,2.2,2.2,27.936363636363637,27.5,1.0,3,11.4,1.0,604F0_Trip236,1
2026-04-14 06:08:08+00:00,52.390782,4.884703,128.0,Sudden braking,2.0,2.0,18.30909090909091,19.3,1.0,3,5.9,1.0,604F0_Trip236,1
2026-04-14 06:08:09+00:00,52.390748,4.884771,132.0,Sudden braking,2.3,2.3,16.42727272727273,17.0,1.0,3,3.5,1.0,604F0_Trip236,1
2026-04-14 06:08:10+00:00,52.390727,4.884809,132.0,Sudden braking,2.5,2.5,15.51,14.5,1.0,2,2.8,1.0,604F0_Trip236,1
2026-04-14 06:08:11+00:00,52.39071,4.884839,132.0,Sudden braking,2.5,2.5,14.555555555555555,12.0,1.0,3,2.5,1.0,604F0_Trip236,1
2026-04-14 06:08:12+00:00,52.390695,4.884866,134.0,Sudden braking,2.4,2.4,13.525,9.6,1.0,3,2.0,1.0,604F0_Trip236,1
2026-04-14 06:09:06+00:00,52.369627,4.919594,295.0,Sudden braking,2.4,2.4,15.327272727272726,16.2,1.0,2,4.4,1.0,602D3_Trip235,1
2026-04-14 06:09:07+00:00,52.36965,4.919541,299.0,Sudden braking,2.6,2.6,14.281818181818181,13.6,1.0,2,2.1,1.0,602D3_Trip235,1
2026-04-14 06:09:08+00:00,52.369658,4.919514,299.0,Sudden braking,2.4,2.4,13.354545454545454,11.2,1.0,2,1.1,1.0,602D3_Trip235,1
2026-04-14 06:09:09+00:00,52.369661,4.919497,297.0,Sudden braking,2.0,2.0,12.554545454545455,9.2,1.0,2,1.7,1.0,602D3_Trip235,1
2026-04-14 06:09:13+00:00,52.38971,4.890532,107.0,Sudden braking,3.1,3.1,29.436363636363637,33.5,1.0,2,8.5,1.0,604F0_Trip236,1
2026-04-14 06:09:14+00:00,52.389679,4.890647,109.0,Sudden braking,4.4,4.4,26.472727272727273,29.1,1.0,2,7.5,1.0,604F0_Trip236,1
2026-04-14 06:09:15+00:00,52.389666,4.890756,111.0,Sudden braking,5.1,5.1,23.372727272727275,24.0,1.0,2,5.6,1.0,604F0_Trip236,1
2026-04-14 06:09:16+00:00,52.389642,4.890828,113.0,Sudden braking,5.3,5.3,20.254545454545454,18.7,1.0,2,4.1,1.0,604F0_Trip236,1
2026-04-14 06:09:17+00:00,52.389622,4.890879,116.0,Sudden braking,4.9,4.9,17.21818181818182,13.8,1.0,2,2.7,1.0,604F0_Trip236,1
2026-04-14 06:09:18+00:00,52.38961,4.890914,119.0,Sudden braking,3.8,3.8,14.345454545454546,10.0,1.0,2,1.5,1.0,604F0_Trip236,1
2026-04-14 06:09:19+00:00,52.3896,4.890926,119.0,Sudden braking,2.6,2.6,11.772727272727273,7.4,1.0,3,1.8,1.0,604F0_Trip236,1
2026-04-14 06:10:03+00:00,52.371086,4.915428,314.0,Sudden braking,3.1,3.1,16.754545454545454,15.1,1.0,2,5.2,1.0,602D3_Trip235,1
2026-04-14 06:10:41+00:00,52.384024,4.892857,183.0,Sudden braking,2.7,2.7,31.272727272727273,34.3,1.0,2,8.0,1.0,604F0_Trip236,1
2026-04-14 06:10:42+00:00,52.383952,4.892861,180.0,Sudden braking,3.5,3.5,28.827272727272728,30.8,1.0,2,6.8,1.0,604F0_Trip236,1
2026-04-14 06:10:43+00:00,52.383891,4.892863,178.0,Sudden braking,4.2,4.2,26.227272727272727,26.6,1.0,2,6.1,1.0,604F0_Trip236,1
2026-04-14 06:10:44+00:00,52.383836,4.892871,178.0,Sudden braking,4.2,4.2,23.5,22.4,1.0,2,4.5,1.0,604F0_Trip236,1
2026-04-14 06:10:45+00:00,52.383795,4.892873,174.0,Sudden braking,3.7,3.7,20.772727272727273,18.7,1.0,2,3.2,1.0,604F0_Trip236,1
2026-04-14 06:10:46+00:00,52.383767,4.892881,174.0,Sudden braking,3.2,3.2,18.172727272727272,15.5,1.0,2,2.8,1.0,604F0_Trip236,1
2026-04-14 06:10:47+00:00,52.383742,4.892889,171.0,Sudden braking,2.4,2.4,15.709090909090909,13.1,1.0,3,2.5,1.0,604F0_Trip236,1
2026-04-14 06:12:05+00:00,52.381116,4.897688,120.0,Sudden braking,2.4,2.4,28.675,28.2,1.0,2,9.6,1.0,604F0_Trip236,1
2026-04-14 06:12:17+00:00,52.380687,4.898836,119.0,Sudden braking,3.1,3.1,18.816666666666666,22.2,1.0,3,4.3,1.0,604F0_Trip236,1
2026-04-14 06:12:18+00:00,52.380668,4.898892,119.0,Sudden braking,3.3,3.3,18.95714285714286,18.9,1.0,3,4.9,1.0,604F0_Trip236,1
2026-04-14 06:12:49+00:00,52.379544,4.901765,120.0,Sudden braking,2.0,2.0,29.045454545454547,29.9,1.0,3,7.5,1.0,604F0_Trip236,1
2026-04-14 06:12:50+00:00,52.379516,4.901866,121.0,Sudden braking,2.2,2.2,28.081818181818182,27.7,1.0,3,6.6,1.0,604F0_Trip236,1
2026-04-14 06:12:51+00:00,52.379492,4.901954,121.0,Sudden braking,2.0,2.0,27.145454545454545,25.7,1.0,3,6.6,1.0,604F0_Trip236,1
2026-04-14 06:13:58+00:00,52.377921,4.909414,103.0,Sudden braking,2.3,2.3,27.527272727272727,28.3,1.0,2,7.5,1.0,604F0_Trip236,1
2026-04-14 06:13:59+00:00,52.377903,4.90952,102.0,Sudden braking,2.5,2.5,25.918181818181818,25.8,1.0,2,6.2,1.0,604F0_Trip236,1
2026-04-14 06:14:00+00:00,52.377892,4.90961,102.0,Sudden braking,2.5,2.5,24.272727272727273,23.3,1.0,2,5.5,1.0,604F0_Trip236,1
2026-04-14 06:14:01+00:00,52.377882,4.909689,104.0,Sudden braking,2.2,2.2,22.536363636363635,21.1,1.0,2,5.6,1.0,604F0_Trip236,1
2026-04-14 06:14:07+00:00,52.377748,4.909987,177.0,Sudden braking,2.2,2.2,13.00909090909091,12.1,1.0,2,2.8,1.0,604F0_Trip236,1
2026-04-14 06:14:08+00:00,52.377725,4.910002,188.0,Sudden braking,2.0,2.0,12.145454545454545,10.1,1.0,2,1.9,1.0,604F0_Trip236,1
2026-04-14 06:14:32+00:00,52.376658,4.910186,156.0,Sudden braking,2.3,2.3,20.827272727272728,23.7,1.0,3,7.4,1.0,604F0_Trip236,1
2026-04-14 06:14:33+00:00,52.376595,4.910223,155.0,Sudden braking,2.7,2.7,19.145454545454545,21.0,1.0,3,1.5,1.0,604F0_Trip236,1
2026-04-14 06:14:34+00:00,52.376581,4.910221,155.0,Sudden braking,3.1,3.1,17.3,17.9,1.0,3,4.4,1.0,604F0_Trip236,1
2026-04-14 06:14:35+00:00,52.376555,4.910268,155.0,Sudden braking,3.7,3.7,15.5,14.2,1.0,3,4.3,1.0,604F0_Trip236,1
2026-04-14 06:14:36+00:00,52.376516,4.910276,155.0,Sudden braking,3.3,3.3,13.854545454545454,10.9,1.0,3,1.6,1.0,604F0_Trip236,1
2026-04-14 06:14:37+00:00,52.376502,4.91028,155.0,Sudden braking,2.3,2.3,12.472727272727273,8.6,1.0,3,1.0,1.0,604F0_Trip236,1
2026-04-14 06:14:54+00:00,52.375825,4.910519,185.0,Sudden braking,2.5,2.5,17.754545454545454,19.2,1.0,2,4.6,1.0,604F0_Trip236,1
2026-04-14 06:14:55+00:00,52.375785,4.91053,187.0,Sudden braking,3.0,3.0,16.863636363636363,16.2,1.0,2,1.7,1.0,604F0_Trip236,1
2026-04-14 06:14:56+00:00,52.375772,4.910544,191.0,Sudden braking,2.9,2.9,16.036363636363635,13.3,1.0,3,3.1,1.0,604F0_Trip236,1
2026-04-14 06:14:57+00:00,52.375799,4.910553,191.0,Sudden braking,2.1,2.1,15.245454545454546,11.2,1.0,3,2.9,1.0,604F0_Trip236,1
2026-04-14 06:16:20+00:00,52.37485,4.915071,159.0,Sudden braking,2.5,2.5,17.472727272727273,18.1,1.0,2,3.9,1.0,604F0_Trip236,1
2026-04-14 06:16:21+00:00,52.374821,4.915102,154.0,Sudden braking,2.8,2.8,16.163636363636364,15.3,1.0,2,3.1,1.0,604F0_Trip236,1
2026-04-14 06:16:22+00:00,52.374796,4.915121,152.0,Sudden braking,2.6,2.6,14.9,12.7,1.0,2,2.0,1.0,604F0_Trip236,1
2026-04-14 06:16:23+00:00,52.374785,4.915143,140.0,Sudden braking,2.0,2.0,13.681818181818182,10.7,1.0,2,3.3,1.0,604F0_Trip236,1
2026-04-14 06:16:31+00:00,52.374819,4.915432,115.0,Sudden braking,2.1,2.1,7.525,5.6,1.0,2,2.1,1.0,604F0_Trip236,1
2026-04-14 16:39:14+00:00,52.371331,4.915302,239.0,Sudden braking,2.5,2.5,13.94,15.3,1.0,2,3.1,1.0,602CA_Trip239,1
2026-04-14 16:39:15+00:00,52.371316,4.915264,239.0,Sudden braking,3.4,3.4,12.06,11.9,1.0,2,1.6,1.0,602CA_Trip239,1
2026-04-14 16:39:16+00:00,52.371309,4.915244,239.0,Sudden braking,3.5,3.5,11.18888888888889,8.4,1.0,2,1.6,1.0,602CA_Trip239,1
2026-04-14 16:39:17+00:00,52.371316,4.915264,239.0,Sudden braking,3.3,3.3,10.1125,5.1,1.0,2,0.1,1.0,602CA_Trip239,1
2026-04-14 16:44:22+00:00,52.366029,4.933658,89.0,Sudden braking,2.4,2.4,16.054545454545455,14.9,1.0,3,5.7,1.0,602CA_Trip239,1
2026-04-14 16:47:35+00:00,52.364739,4.947387,108.0,Sudden braking,2.1,2.1,9.114285714285714,6.5,1.0,2,1.1,1.0,602CA_Trip239,1
2026-04-14 16:48:39+00:00,52.365888,4.947221,3.0,Sudden braking,2.0,2.0,12.3125,11.3,1.0,2,3.5,1.0,602CA_Trip239,1
2026-04-14 16:48:40+00:00,52.365918,4.947236,2.0,Sudden braking,2.8,2.8,10.9125,8.5,1.0,2,2.7,1.0,602CA_Trip239,1
2026-04-14 16:49:09+00:00,52.366196,4.94756,48.0,Sudden braking,2.0,2.0,9.8125,8.9,1.0,2,2.3,1.0,602CA_Trip239,1
2026-04-14 16:49:16+00:00,52.366224,4.947539,335.0,Sudden braking,2.1,2.1,2.3,2.1,1.0,2,1.4,1.0,602CA_Trip239,1
2026-04-14 16:50:22+00:00,52.365518,4.948604,107.0,Sudden braking,2.1,2.1,10.0,7.4,1.0,2,2.7,1.0,602CA_Trip239,1
2026-04-14 16:50:23+00:00,52.365511,4.948642,106.0,Sudden braking,2.1,2.1,9.228571428571428,5.3,1.0,2,1.3,1.0,602CA_Trip239,1
2026-04-14 16:51:33+00:00,52.365483,4.949363,89.0,Sudden braking,2.0,2.0,8.6,8.9,1.0,2,2.7,1.0,602CA_Trip239,1
2026-04-14 16:51:34+00:00,52.365468,4.949395,112.0,Sudden braking,2.4,2.4,7.31,6.5,1.0,2,1.9,1.0,602CA_Trip239,1
2026-04-14 16:51:35+00:00,52.365475,4.94942,103.0,Sudden braking,2.4,2.4,6.611111111111111,4.1,1.0,2,1.0,1.0,602CA_Trip239,1
2026-04-15 06:05:39+00:00,52.361123,4.930482,5.0,Sudden braking,2.48,2.48,10.683333333333334,12.7,1.0,2,1.5,1.0,602D3_Trip240,1
2026-04-15 06:05:40+00:00,52.361134,4.930491,5.0,Sudden braking,3.6,3.6,10.683333333333334,9.1,1.0,2,1.6,1.0,602D3_Trip240,1
2026-04-15 06:06:21+00:00,52.362765,4.930566,357.0,Sudden braking,2.9,2.9,18.636363636363637,17.0,1.0,2,5.6,1.0,602D3_Trip240,1
2026-04-15 07:12:31+00:00,52.389976,4.922874,233.0,Sudden braking,2.0,2.0,15.73,18.4,1.0,2,5.3,1.0,602D6_Trip241,1
2026-04-15 07:12:32+00:00,52.389952,4.922807,232.0,Sudden braking,3.1,3.1,14.954545454545455,15.3,1.0,3,3.8,1.0,602D6_Trip241,1
2026-04-15 07:12:33+00:00,52.389953,4.922751,232.0,Sudden braking,3.0,3.0,13.436363636363637,12.3,1.0,3,6.5,1.0,602D6_Trip241,1
2026-04-15 07:12:34+00:00,52.389977,4.922837,232.0,Sudden braking,2.9,2.9,12.127272727272727,9.4,1.0,3,2.4,1.0,602D6_Trip241,1
2026-04-15 07:12:35+00:00,52.389979,4.922802,232.0,Sudden braking,2.5,2.5,10.945454545454545,6.9,1.0,2,1.5,1.0,602D6_Trip241,1
2026-04-15 07:13:11+00:00,52.389162,4.92073,232.0,Sudden braking,2.9,2.9,15.17,16.4,1.0,2,9.5,1.0,602D6_Trip241,1
2026-04-15 07:13:12+00:00,52.389076,4.92073,235.0,Sudden braking,3.4,3.4,14.544444444444444,13.0,1.0,2,10.3,1.0,602D6_Trip241,1
2026-04-15 07:13:13+00:00,52.389164,4.920781,223.0,Sudden braking,3.6,3.6,13.466666666666667,9.4,1.0,2,1.6,1.0,602D6_Trip241,1
2026-04-15 07:13:25+00:00,52.388731,4.919748,220.0,Sudden braking,2.6,2.6,18.455555555555556,20.7,1.0,2,4.7,1.0,602D6_Trip241,1
2026-04-15 07:13:26+00:00,52.388732,4.919678,236.0,Sudden braking,2.5,2.5,18.35,18.2,1.0,2,3.2,1.0,602D6_Trip241,1
2026-04-15 07:13:27+00:00,52.388717,4.919637,240.0,Sudden braking,2.2,2.2,18.35,16.0,1.0,2,4.2,1.0,602D6_Trip241,1
2026-04-15 07:16:00+00:00,52.383387,4.911711,200.0,Sudden braking,3.0,3.0,20.01818181818182,19.6,1.0,3,4.2,1.0,602D6_Trip241,1
2026-04-15 07:16:01+00:00,52.383352,4.911692,200.0,Sudden braking,2.0,2.0,19.29090909090909,17.6,1.0,3,3.9,1.0,602D6_Trip241,1
2026-04-15 07:16:27+00:00,52.383084,4.90983,241.0,Sudden braking,3.3,3.3,20.085714285714285,17.7,1.0,2,8.0,1.0,602D6_Trip241,1
2026-04-15 07:17:03+00:00,52.381921,4.908368,218.0,Sudden braking,4.1,4.1,4.3,10.0,1.0,2,1.3,1.0,602D6_Trip241,1
2026-04-15 07:17:04+00:00,52.381916,4.90835,218.0,Sudden braking,4.5,4.5,4.3,5.5,1.0,2,2.2,1.0,602D6_Trip241,1
2026-04-15 07:17:05+00:00,52.381934,4.908359,218.0,Sudden braking,2.7,2.7,4.3,2.8,1.0,2,1.3,1.0,602D6_Trip241,1
2026-04-15 07:28:17+00:00,52.374542,4.914617,152.0,Sudden braking,2.7,2.7,10.536363636363637,11.1,1.0,3,2.1,1.0,602D6_Trip241,1
2026-04-15 07:28:18+00:00,52.37456,4.914625,144.0,Sudden braking,2.6,2.6,9.854545454545455,8.5,1.0,3,1.8,1.0,602D6_Trip241,1
2026-04-15 07:28:19+00:00,52.374566,4.91465,82.0,Sudden braking,2.6,2.6,9.354545454545455,5.9,1.0,3,1.7,1.0,602D6_Trip241,1
2026-04-15 07:28:31+00:00,52.374105,4.914187,228.0,Sudden braking,2.0,2.0,14.788888888888888,15.7,1.0,2,2.3,1.0,602D6_Trip241,1
2026-04-15 07:28:32+00:00,52.374111,4.914155,234.0,Sudden braking,2.6,2.6,13.977777777777778,13.1,1.0,2,2.0,1.0,602D6_Trip241,1
2026-04-15 07:56:26+00:00,52.371066,4.913223,283.0,Sudden braking,2.2,2.2,14.2875,12.5,1.0,2,3.1,1.0,602D3_Trip242,1
2026-04-15 07:56:27+00:00,52.371066,4.913178,276.0,Sudden braking,2.3,2.3,13.757142857142856,10.2,0.999,2,1.3,0.999,602D3_Trip242,1
2026-04-15 08:59:52+00:00,52.380079,4.892228,26.0,Sudden braking,2.4,2.4,9.86,9.4,1.0,2,3.8,1.0,602D3_Trip243,1
2026-04-15 08:59:53+00:00,52.380112,4.892241,18.0,Sudden braking,2.1,2.1,9.09,7.3,1.0,2,1.2,1.0,602D3_Trip243,1
2026-04-15 09:03:20+00:00,52.376196,4.902659,148.0,Sudden braking,2.1,2.1,14.27,15.4,1.0,2,5.0,1.0,602D3_Trip243,1
2026-04-15 09:03:21+00:00,52.37616,4.902703,143.0,Sudden braking,2.7,2.7,13.622222222222222,12.7,1.0,2,2.3,1.0,602D3_Trip243,1
2026-04-15 09:03:23+00:00,52.376161,4.902752,72.0,Sudden braking,3.4,3.4,8.5125,6.3,1.0,2,1.5,1.0,602D3_Trip243,1
2026-04-15 09:08:55+00:00,52.376646,4.913866,96.0,Sudden braking,2.9,2.9,15.0,15.2,1.0,3,5.5,1.0,602D3_Trip243,1
2026-04-15 09:08:56+00:00,52.376641,4.913946,96.0,Sudden braking,2.8,2.8,14.22,12.4,1.0,2,1.1,1.0,602D3_Trip243,1
2026-04-15 09:08:57+00:00,52.37664,4.913962,97.0,Sudden braking,2.69,2.69,13.62,9.7,1.002,3,4.2,1.002,602D3_Trip243,1
2026-04-15 15:01:08+00:00,52.37139,4.916012,243.0,Sudden braking,2.03,2.03,13.4125,13.2,1.0,2,4.7,1.0,602D3_Trip244,1
2026-04-15 15:02:06+00:00,52.370134,4.918034,129.0,Sudden braking,2.3,2.3,10.57,10.1,1.0,2,3.0,1.0,602D3_Trip244,1
2026-04-15 15:10:00+00:00,52.363442,4.930467,179.0,Sudden braking,2.0,2.0,14.781818181818181,14.0,1.0,2,2.4,1.0,602D3_Trip244,1
2026-04-15 15:22:43+00:00,52.376599,4.912101,265.0,Sudden braking,2.5,2.5,14.436363636363636,15.5,1.0,2,7.9,1.0,602D6_Trip245,1
2026-04-15 15:22:44+00:00,52.376579,4.91199,263.0,Sudden braking,2.5,2.5,13.281818181818181,13.0,1.0,2,4.7,1.0,602D6_Trip245,1
2026-04-15 15:22:45+00:00,52.376597,4.912052,285.0,Sudden braking,2.2,2.2,12.118181818181819,10.8,1.0,2,8.5,1.0,602D6_Trip245,1
2026-04-15 15:22:46+00:00,52.376554,4.911948,258.0,Sudden braking,2.3,2.3,11.0,8.5,1.0,2,2.9,1.0,602D6_Trip245,1
2026-04-15 15:25:04+00:00,52.378472,4.906026,339.0,Sudden braking,2.0,2.0,8.614285714285714,5.3,1.0,2,1.3,1.0,602D6_Trip245,1
2026-04-15 17:10:53+00:00,52.378772,4.874348,74.0,Sudden braking,2.0,2.0,16.48181818181818,15.1,1.0,2,3.0,1.0,602CA_Trip246,1
2026-04-15 17:12:27+00:00,52.37576,4.875347,111.0,Sudden braking,2.5,2.5,15.472727272727273,15.4,1.0,2,5.4,1.0,602CA_Trip246,1
2026-04-15 17:12:28+00:00,52.375743,4.875421,111.0,Sudden braking,2.5,2.5,14.99090909090909,12.9,1.0,2,1.6,1.0,602CA_Trip246,1
2026-04-15 17:12:29+00:00,52.37574,4.875444,111.0,Sudden braking,2.0,2.0,14.663636363636364,10.9,1.0,2,3.3,1.0,602CA_Trip246,1
2026-04-15 17:13:02+00:00,52.374344,4.874997,191.0,Sudden braking,2.4,2.4,14.109090909090908,13.6,1.0,2,4.5,1.0,602CA_Trip246,1
2026-04-15 17:13:03+00:00,52.374304,4.874985,190.0,Sudden braking,2.4,2.4,13.409090909090908,11.2,1.0,2,1.2,1.0,602CA_Trip246,1
2026-04-15 17:13:11+00:00,52.374087,4.874848,187.0,Sudden braking,2.2,2.2,7.333333333333333,7.9,1.0,2,1.4,1.0,602CA_Trip246,1
2026-04-15 17:13:12+00:00,52.374075,4.874856,173.0,Sudden braking,2.3,2.3,6.925,5.6,1.0,2,1.2,1.0,602CA_Trip246,1
2026-04-15 17:14:18+00:00,52.372291,4.875664,198.0,Sudden braking,2.0,2.0,12.16,11.6,1.0,2,2.3,1.0,602CA_Trip246,1
2026-04-15 17:14:19+00:00,52.372271,4.875651,199.0,Sudden braking,2.2,2.2,10.71,9.4,1.0,2,2.0,1.0,602CA_Trip246,1
2026-04-15 17:14:20+00:00,52.372257,4.875634,204.0,Sudden braking,2.0,2.0,9.88888888888889,7.4,1.0,2,2.0,1.0,602CA_Trip246,1
2026-04-15 17:15:28+00:00,52.372095,4.878128,64.0,Sudden braking,2.0,2.0,14.545454545454545,14.8,1.0,2,5.2,1.0,602CA_Trip246,1
2026-04-15 17:15:30+00:00,52.372123,4.878203,59.0,Sudden braking,2.2,2.2,13.736363636363636,10.7,1.0,2,4.1,1.0,602CA_Trip246,1
2026-04-17 08:46:46+00:00,52.406534,4.924796,1.0,Sudden braking,3.17,3.17,14.314285714285715,17.1,1.0,2,6.0,1.0,602D6_Trip271,1
2026-04-17 08:46:49+00:00,52.406624,4.924821,11.0,Sudden braking,2.9,2.9,14.31,11.0,1.0,2,3.0,1.0,602D6_Trip271,1
2026-04-17 08:46:50+00:00,52.40665,4.924836,18.0,Sudden braking,2.9,2.9,14.19,8.1,1.0,2,3.4,1.0,602D6_Trip271,1
2026-04-17 08:47:55+00:00,52.409668,4.928146,27.0,Sudden braking,2.4,2.4,16.154545454545456,16.2,1.0,2,6.7,1.0,602D6_Trip271,1
2026-04-17 08:48:34+00:00,52.411299,4.929662,75.0,Sudden braking,3.0,3.0,9.690909090909091,8.4,1.0,2,9.0,1.0,602D6_Trip271,1
2026-04-17 08:50:05+00:00,52.413076,4.928349,305.0,Sudden braking,2.1,2.1,13.8,15.6,1.0,2,5.8,1.0,602D6_Trip271,1
2026-04-17 08:50:06+00:00,52.413104,4.928277,304.0,Sudden braking,2.5,2.5,12.863636363636363,13.1,1.0,2,2.2,1.0,602D6_Trip271,1
2026-04-17 08:50:07+00:00,52.413118,4.928256,310.0,Sudden braking,2.4,2.4,12.10909090909091,10.7,1.0,2,2.4,1.0,602D6_Trip271,1
2026-04-17 08:50:08+00:00,52.413135,4.928233,320.0,Sudden braking,2.4,2.4,11.50909090909091,8.3,1.0,2,3.8,1.0,602D6_Trip271,1
2026-04-17 08:50:29+00:00,52.413719,4.926891,311.0,Sudden braking,2.0,2.0,13.527272727272727,12.2,1.0,2,4.0,1.0,602D6_Trip271,1
2026-04-17 08:52:37+00:00,52.417711,4.924388,28.0,Sudden braking,2.2,2.2,15.909090909090908,15.7,1.0,2,5.1,1.0,602D6_Trip271,1
2026-04-17 08:52:38+00:00,52.417749,4.924429,30.0,Sudden braking,2.1,2.1,15.572727272727272,13.6,1.0,2,1.7,1.0,602D6_Trip271,1
2026-04-17 08:53:17+00:00,52.4188,4.922244,304.0,Sudden braking,2.6,2.6,14.34,15.8,1.0,2,5.4,1.0,602D6_Trip271,1
2026-04-17 08:53:18+00:00,52.418826,4.922177,304.0,Sudden braking,2.4,2.4,12.92,13.4,1.0,2,1.3,1.0,602D6_Trip271,1
2026-04-17 08:53:19+00:00,52.418815,4.922173,294.0,Sudden braking,2.8,2.8,11.56,10.6,1.0,2,5.2,1.0,602D6_Trip271,1
2026-04-17 08:53:20+00:00,52.418843,4.922112,302.0,Sudden braking,2.4,2.4,10.26,8.2,1.0,2,2.5,1.0,602D6_Trip271,1
2026-04-17 08:53:37+00:00,52.419161,4.920719,288.0,Sudden braking,2.5,2.5,14.181818181818182,16.5,1.0,2,2.4,1.0,602D6_Trip271,1
2026-04-17 08:53:38+00:00,52.419177,4.920695,293.0,Sudden braking,2.4,2.4,14.481818181818182,14.1,0.999,2,1.4,0.999,602D6_Trip271,1
2026-04-17 08:55:32+00:00,52.42086,4.913151,295.0,Sudden braking,2.1,2.1,14.754545454545454,16.4,1.0,2,4.4,1.0,602D6_Trip271,1
2026-04-17 08:55:33+00:00,52.420872,4.913088,292.0,Sudden braking,2.5,2.5,13.754545454545454,13.9,1.0,2,2.6,1.0,602D6_Trip271,1
2026-04-17 08:55:34+00:00,52.420894,4.913081,306.0,Sudden braking,2.8,2.8,12.754545454545454,11.1,1.0,2,3.0,1.0,602D6_Trip271,1
2026-04-17 08:55:35+00:00,52.420892,4.913037,295.0,Sudden braking,2.0,2.0,11.718181818181817,9.1,1.0,2,4.4,1.0,602D6_Trip271,1
2026-04-17 08:58:54+00:00,52.425426,4.903984,300.0,Sudden braking,2.1,2.1,14.254545454545454,11.8,1.0,2,3.9,1.0,602D6_Trip271,1
2026-04-17 08:58:55+00:00,52.425445,4.903937,309.0,Sudden braking,2.0,2.0,14.190909090909091,9.8,1.0,2,5.0,1.0,602D6_Trip271,1
2026-04-17 09:00:57+00:00,52.42922,4.899844,4.0,Sudden braking,2.1,2.1,16.654545454545456,18.4,1.0,2,5.4,1.0,602D6_Trip271,1
2026-04-17 09:00:58+00:00,52.429269,4.899844,2.0,Sudden braking,2.5,2.5,15.5,15.9,1.0,2,2.7,1.0,602D6_Trip271,1
2026-04-17 09:00:59+00:00,52.429293,4.899836,360.0,Sudden braking,2.5,2.5,14.409090909090908,13.4,1.0,2,3.3,1.0,602D6_Trip271,1
2026-04-17 09:01:00+00:00,52.429323,4.899834,357.0,Sudden braking,2.4,2.4,13.527272727272727,11.0,1.0,2,4.2,1.0,602D6_Trip271,1
2026-04-17 09:01:37+00:00,52.431373,4.899984,352.0,Sudden braking,2.0,2.0,18.488888888888887,19.0,1.0,2,6.0,1.0,602D6_Trip271,1
2026-04-17 09:01:40+00:00,52.431508,4.899981,353.0,Sudden braking,2.7,2.7,13.2,13.2,1.0,2,1.4,1.0,602D6_Trip271,1
2026-04-17 09:01:41+00:00,52.43152,4.89998,356.0,Sudden braking,2.7,2.7,12.225,10.5,1.0,2,4.1,1.0,602D6_Trip271,1
2026-04-17 09:01:42+00:00,52.431555,4.899964,351.0,Sudden braking,2.8,2.8,11.257142857142856,7.7,1.0,2,5.2,1.0,602D6_Trip271,1
2026-04-17 09:02:10+00:00,52.432885,4.900148,14.0,Sudden braking,2.8,2.8,12.444444444444445,10.6,1.0,2,4.1,1.0,602D6_Trip271,1
2026-04-17 09:02:11+00:00,52.432921,4.900154,14.0,Sudden braking,2.8,2.8,12.05,7.8,1.0,2,3.2,1.0,602D6_Trip271,1
2026-04-17 09:02:37+00:00,52.434092,4.89984,295.0,Sudden braking,2.4,2.4,12.088888888888889,11.1,1.0,2,3.4,1.0,602D6_Trip271,1
2026-04-17 09:02:38+00:00,52.434105,4.899795,295.0,Sudden braking,2.0,2.0,12.37,9.1,1.0,2,2.6,1.0,602D6_Trip271,1
2026-04-17 09:03:32+00:00,52.43491,4.896389,271.0,Sudden braking,2.0,2.0,12.627272727272727,12.6,1.0,2,1.5,1.0,602D6_Trip271,1
2026-04-17 09:06:10+00:00,52.439937,4.892327,358.0,Sudden braking,2.0,2.0,15.07,17.5,1.0,2,5.8,1.0,602D6_Trip271,1
2026-04-17 09:06:11+00:00,52.439989,4.892322,357.0,Sudden braking,2.2,2.2,14.354545454545455,15.3,1.0,2,2.1,1.0,602D6_Trip271,1
2026-04-17 09:06:12+00:00,52.440007,4.892321,355.0,Sudden braking,2.4,2.4,13.209090909090909,12.9,1.0,2,2.6,1.0,602D6_Trip271,1
2026-04-17 09:06:13+00:00,52.44003,4.892318,355.0,Sudden braking,2.7,2.7,11.99090909090909,10.2,1.0,2,3.8,1.0,602D6_Trip271,1
2026-04-17 09:06:28+00:00,52.440797,4.892137,1.0,Sudden braking,2.0,2.0,17.72,20.1,1.0,2,7.0,1.0,602D6_Trip271,1
2026-04-17 09:06:29+00:00,52.44086,4.892135,357.0,Sudden braking,3.1,3.1,16.48,17.0,1.0,2,5.5,1.0,602D6_Trip271,1
2026-04-17 09:06:32+00:00,52.440932,4.89209,338.0,Sudden braking,3.2,3.2,11.55,10.8,1.0,2,4.1,1.0,602D6_Trip271,1
2026-04-17 09:06:33+00:00,52.440966,4.892068,338.0,Sudden braking,3.2,3.2,9.93,7.6,1.0,2,3.8,1.0,602D6_Trip271,1
2026-04-17 10:31:50+00:00,52.432375,4.899773,226.0,Sudden braking,2.2,2.2,10.2,14.7,1.0,2,4.7,1.0,602D6_Trip272,1
2026-04-17 10:31:53+00:00,52.432301,4.899712,205.0,Sudden braking,2.2,2.2,8.6,10.0,1.0,2,1.6,1.0,602D6_Trip272,1
2026-04-17 10:31:54+00:00,52.432287,4.899706,193.0,Sudden braking,2.2,2.2,8.311111111111112,7.8,1.0,2,4.0,1.0,602D6_Trip272,1
2026-04-17 10:41:51+00:00,52.413671,4.911038,84.0,Sudden braking,2.0,2.0,11.3,10.3,1.0,2,3.5,1.0,602D6_Trip272,1
2026-04-17 10:42:31+00:00,52.412554,4.910875,192.0,Sudden braking,2.3,2.3,8.477777777777778,8.5,1.0,2,3.4,1.0,602D6_Trip272,1
2026-04-17 10:44:10+00:00,52.409636,4.914937,134.0,Sudden braking,2.5,2.5,7.371428571428572,7.3,1.0,2,3.2,1.0,602D6_Trip272,1
2026-04-17 10:47:29+00:00,52.403215,4.912705,197.0,Sudden braking,2.1,2.1,10.3875,10.4,1.0,2,3.8,1.0,602D6_Trip272,1
2026-04-17 10:47:30+00:00,52.403185,4.912678,199.0,Sudden braking,2.0,2.0,10.022222222222222,8.4,1.0,2,3.0,1.0,602D6_Trip272,1
2026-04-17 10:48:30+00:00,52.400974,4.911389,181.0,Sudden braking,2.2,2.2,9.314285714285715,12.8,1.0,2,3.9,1.0,602D6_Trip272,1
2026-04-17 10:48:31+00:00,52.400939,4.911394,179.0,Sudden braking,2.1,2.1,8.875,10.7,1.0,2,1.2,1.0,602D6_Trip272,1
2026-04-17 10:48:32+00:00,52.40093,4.911386,180.0,Sudden braking,2.0,2.0,8.533333333333333,8.7,1.0,2,2.4,1.0,602D6_Trip272,1
2026-04-17 10:48:33+00:00,52.40091,4.911372,190.0,Sudden braking,2.0,2.0,8.34,6.7,1.0,2,2.9,1.0,602D6_Trip272,1
2026-04-17 10:49:04+00:00,52.400867,4.912891,84.0,Sudden braking,2.0,2.0,9.58,9.0,1.0,2,1.7,1.0,602D6_Trip272,1
2026-04-17 10:49:32+00:00,52.400914,4.914999,75.0,Sudden braking,2.5,2.5,15.43,16.2,1.0,2,15.0,1.0,602D6_Trip272,1
2026-04-17 10:49:35+00:00,52.401051,4.915112,84.0,Sudden braking,2.6,2.6,11.65,11.1,1.0,2,3.8,1.0,602D6_Trip272,1
2026-04-17 10:49:36+00:00,52.401054,4.915167,84.0,Sudden braking,2.7,2.7,10.4,8.4,1.0,2,2.9,1.0,602D6_Trip272,1
2026-04-17 10:50:31+00:00,52.400061,4.919431,109.0,Sudden braking,2.5,2.5,13.854545454545455,14.8,1.0,2,5.7,1.0,602D6_Trip272,1
2026-04-17 10:50:32+00:00,52.400036,4.919505,112.0,Sudden braking,2.2,2.2,12.709090909090909,12.6,1.0,2,1.9,1.0,602D6_Trip272,1
2026-04-17 10:50:33+00:00,52.400052,4.919498,106.0,Sudden braking,2.3,2.3,11.618181818181817,10.3,1.0,2,2.9,1.0,602D6_Trip272,1
2026-04-17 10:50:34+00:00,52.400063,4.919537,90.0,Sudden braking,2.6,2.6,10.6,7.7,1.0,2,3.5,1.0,602D6_Trip272,1
2026-04-17 10:51:45+00:00,52.397992,4.922571,151.0,Sudden braking,2.6,2.6,12.772727272727273,13.6,1.0,3,5.0,1.0,602D6_Trip272,1
2026-04-17 10:51:46+00:00,52.39795,4.922602,153.0,Sudden braking,2.2,2.2,11.8,11.4,1.0,3,2.7,1.0,602D6_Trip272,1
2026-04-17 10:51:47+00:00,52.397969,4.922576,156.0,Sudden braking,2.4,2.4,10.827272727272728,9.0,1.0,3,1.7,1.0,602D6_Trip272,1
2026-04-17 10:51:48+00:00,52.397954,4.922586,163.0,Sudden braking,2.2,2.2,9.836363636363636,6.8,1.0,3,2.6,1.0,602D6_Trip272,1
2026-04-17 10:52:11+00:00,52.396965,4.923197,162.0,Sudden braking,2.8,2.8,10.6,14.3,1.0,2,5.1,1.0,602D6_Trip272,1
2026-04-17 10:52:12+00:00,52.396925,4.923231,160.0,Sudden braking,2.8,2.8,9.966666666666667,11.5,1.0,2,2.5,1.0,602D6_Trip272,1
2026-04-17 10:52:13+00:00,52.396942,4.923208,161.0,Sudden braking,2.9,2.9,9.5,8.6,1.0,3,3.3,1.0,602D6_Trip272,1
2026-04-17 10:52:14+00:00,52.396912,4.923208,170.0,Sudden braking,2.8,2.8,9.127272727272727,5.8,1.0,3,2.0,1.0,602D6_Trip272,1
2026-04-17 10:54:54+00:00,52.391074,4.924826,160.0,Sudden braking,2.3,2.3,10.028571428571428,7.1,1.0,2,3.5,1.0,602D6_Trip272,1
2026-04-20 06:41:34+00:00,52.389945,4.922609,232.0,Sudden braking,2.8,2.8,14.309090909090909,15.0,1.0,3,6.0,1.0,602D6_Trip300,1
2026-04-20 06:41:35+00:00,52.389909,4.922541,233.0,Sudden braking,2.6,2.6,13.372727272727273,12.4,1.0,3,3.0,1.0,602D6_Trip300,1
2026-04-20 06:41:37+00:00,52.389899,4.922551,232.0,Sudden braking,2.0,2.0,11.49090909090909,8.6,1.0,2,5.9,1.0,602D6_Trip300,1
2026-04-20 06:42:05+00:00,52.389443,4.921182,277.0,Sudden braking,2.1,2.1,12.54,16.8,1.0,2,13.6,1.0,602D6_Trip300,1
2026-04-20 06:42:06+00:00,52.389341,4.921073,251.0,Sudden braking,2.8,2.8,12.911111111111111,14.0,1.0,2,8.7,1.0,602D6_Trip300,1
2026-04-20 06:42:07+00:00,52.38935,4.9212,224.0,Sudden braking,3.6,3.6,12.122222222222222,10.4,1.0,2,3.7,1.0,602D6_Trip300,1
2026-04-20 06:42:08+00:00,52.389325,4.921164,222.0,Sudden braking,4.0,4.0,11.288888888888888,6.4,1.0,2,5.0,1.0,602D6_Trip300,1
2026-04-20 06:42:24+00:00,52.388995,4.919993,256.0,Sudden braking,2.2,2.2,8.45,8.5,1.0,2,6.1,1.0,602D6_Trip300,1
2026-04-20 06:42:33+00:00,52.373343,4.938614,2.0,Sudden braking,2.0,2.0,10.17,9.4,1.0,2,1.6,1.0,602D3_Trip298,1
2026-04-20 06:44:34+00:00,52.385381,4.874812,89.0,Sudden braking,2.9,2.9,17.3,17.6,1.0,2,4.5,1.0,602CA_Trip301,1
2026-04-20 06:44:35+00:00,52.38538,4.874879,89.0,Sudden braking,3.3,3.3,16.0,14.3,1.0,2,2.1,1.0,602CA_Trip301,1
2026-04-20 06:44:38+00:00,52.385377,4.874936,89.0,Sudden braking,2.0,2.0,13.22,9.5,1.0,2,2.2,1.0,602CA_Trip301,1
2026-04-20 06:44:38+00:00,52.383743,4.911968,220.0,Sudden braking,2.9,2.9,9.814285714285715,8.9,1.0,3,3.5,1.0,602D6_Trip300,1
2026-04-20 06:44:39+00:00,52.383714,4.911947,220.0,Sudden braking,2.1,2.1,9.55,6.8,1.0,2,1.2,1.0,602D6_Trip300,1
2026-04-20 06:45:22+00:00,52.382835,4.909438,221.0,Sudden braking,3.4,3.4,15.545454545454545,17.3,1.0,2,3.7,1.0,602D6_Trip300,1
2026-04-20 06:45:23+00:00,52.382804,4.90942,221.0,Sudden braking,3.4,3.4,14.118181818181817,13.9,1.0,2,3.4,1.0,602D6_Trip300,1
2026-04-20 06:45:24+00:00,52.382825,4.909456,221.0,Sudden braking,3.3,3.3,12.618181818181819,10.6,1.0,2,4.7,1.0,602D6_Trip300,1
2026-04-20 06:45:25+00:00,52.3828,4.909401,221.0,Sudden braking,3.0,3.0,11.072727272727272,7.6,1.0,2,2.8,1.0,602D6_Trip300,1
2026-04-20 06:45:45+00:00,52.385126,4.88051,158.0,Sudden braking,2.6,2.6,14.345454545454546,13.9,1.0,2,1.5,1.0,602CA_Trip301,1
2026-04-20 06:45:46+00:00,52.385116,4.880525,158.0,Sudden braking,3.0,3.0,14.736363636363636,10.9,1.0,2,5.3,1.0,602CA_Trip301,1
2026-04-20 06:45:53+00:00,52.381785,4.908632,222.0,Sudden braking,2.2,2.2,5.6,5.2,1.0,2,2.3,1.0,602D6_Trip300,1
2026-04-20 06:48:29+00:00,52.38244,4.890649,58.0,Sudden braking,2.6,2.6,15.98,14.7,1.0,2,1.1,1.0,602CA_Trip301,1
2026-04-20 06:48:58+00:00,52.382822,4.893106,72.0,Sudden braking,2.0,2.0,13.366666666666667,13.1,1.0,2,3.7,1.0,602CA_Trip301,1
2026-04-20 06:48:59+00:00,52.382834,4.893156,70.0,Sudden braking,2.6,2.6,11.844444444444445,10.5,1.0,2,2.3,1.0,602CA_Trip301,1
2026-04-20 06:52:04+00:00,52.378406,4.905175,128.0,Sudden braking,2.0,2.0,13.71,14.1,1.0,2,2.9,1.0,602CA_Trip301,1
2026-04-20 06:52:05+00:00,52.378382,4.905192,140.0,Sudden braking,2.5,2.5,13.122222222222222,11.6,1.0,2,2.1,1.0,602CA_Trip301,1
2026-04-20 06:52:06+00:00,52.378364,4.905188,160.0,Sudden braking,2.7,2.7,12.45,8.9,1.0,1,1.5,1.0,602CA_Trip301,1
2026-04-20 06:53:02+00:00,52.377166,4.903956,195.0,Sudden braking,2.0,2.0,14.463636363636363,13.1,1.0,2,2.9,1.0,602CA_Trip301,1
2026-04-20 06:53:48+00:00,52.376522,4.907142,100.0,Sudden braking,2.1,2.1,13.97,11.6,1.0,2,4.1,1.0,602CA_Trip301,1
2026-04-20 06:54:03+00:00,52.378073,4.908475,103.0,Sudden braking,3.1,3.1,14.845454545454546,16.2,1.0,2,5.9,1.0,602D6_Trip300,1
2026-04-20 06:54:04+00:00,52.378061,4.908559,103.0,Sudden braking,3.2,3.2,13.536363636363637,13.0,1.0,2,3.7,1.0,602D6_Trip300,1
2026-04-20 06:54:05+00:00,52.378055,4.908506,103.0,Sudden braking,3.3,3.3,12.77,9.7,1.0,2,3.5,1.0,602D6_Trip300,1
2026-04-20 06:54:06+00:00,52.378048,4.908556,103.0,Sudden braking,2.4,2.4,11.379999999999999,7.3,1.0,2,2.0,1.0,602D6_Trip300,1
2026-04-20 06:54:14+00:00,52.376479,4.909393,88.0,Sudden braking,2.8,2.8,15.76,15.9,1.0,2,2.8,1.0,602CA_Trip301,1
2026-04-20 06:54:15+00:00,52.376496,4.909423,88.0,Sudden braking,2.7,2.7,14.42,13.2,1.0,2,2.1,1.0,602CA_Trip301,1
2026-04-20 06:54:16+00:00,52.376477,4.90943,88.0,Sudden braking,2.5,2.5,13.23,10.7,1.0,2,3.4,1.0,602CA_Trip301,1
2026-04-20 06:54:27+00:00,52.376378,4.91017,124.0,Sudden braking,2.3,2.3,12.472727272727273,15.0,1.0,2,1.7,1.0,602CA_Trip301,1
2026-04-20 06:54:28+00:00,52.376365,4.910154,141.0,Sudden braking,2.9,2.9,12.318181818181818,12.1,1.0,2,5.2,1.0,602CA_Trip301,1
2026-04-20 06:54:29+00:00,52.376323,4.910186,187.0,Sudden braking,3.1,3.1,12.136363636363637,9.0,1.0,2,1.9,1.0,602CA_Trip301,1
2026-04-20 06:54:46+00:00,52.37649,4.910311,155.0,Sudden braking,2.4,2.4,23.381818181818183,24.4,1.0,2,2.6,1.0,602D6_Trip300,1
2026-04-20 06:54:47+00:00,52.376486,4.910348,159.0,Sudden braking,2.7,2.7,22.063636363636363,21.7,1.0,2,3.9,1.0,602D6_Trip300,1
2026-04-20 06:54:48+00:00,52.376451,4.91034,159.0,Sudden braking,2.6,2.6,20.427272727272726,19.1,1.0,2,4.8,1.0,602D6_Trip300,1
2026-04-20 06:54:52+00:00,52.376293,4.910424,164.0,Sudden braking,2.4,2.4,12.99090909090909,13.3,1.0,2,4.9,1.0,602D6_Trip300,1
2026-04-20 06:54:53+00:00,52.376251,4.910443,165.0,Sudden braking,2.2,2.2,11.563636363636363,11.1,1.0,2,1.7,1.0,602D6_Trip300,1
2026-04-20 06:54:54+00:00,52.376266,4.910436,164.0,Sudden braking,2.0,2.0,10.372727272727273,9.1,1.0,2,3.8,1.0,602D6_Trip300,1
2026-04-20 06:54:55+00:00,52.376232,4.910451,165.0,Sudden braking,2.2,2.2,9.336363636363636,6.9,1.0,2,2.4,1.0,602D6_Trip300,1
2026-04-20 06:56:01+00:00,52.376642,4.913913,99.0,Sudden braking,3.0,3.0,16.11111111111111,15.0,1.0,2,4.8,1.0,602D6_Trip300,1
2026-04-20 06:56:04+00:00,52.376646,4.914006,129.0,Sudden braking,2.1,2.1,11.577777777777778,10.5,1.0,2,2.8,1.0,602D6_Trip300,1
2026-04-20 06:56:36+00:00,52.375336,4.914263,204.0,Sudden braking,2.0,2.0,23.78181818181818,25.6,1.0,2,5.3,1.0,602D6_Trip300,1
2026-04-20 06:56:37+00:00,52.375292,4.914238,203.0,Sudden braking,2.1,2.1,22.9,23.5,1.0,2,3.3,1.0,602D6_Trip300,1
2026-04-20 06:56:38+00:00,52.375311,4.914201,209.0,Sudden braking,2.3,2.3,21.881818181818183,21.2,1.0,2,5.3,1.0,602D6_Trip300,1
2026-04-20 06:56:39+00:00,52.375269,4.914166,209.0,Sudden braking,2.2,2.2,20.754545454545454,19.0,1.0,2,4.4,1.0,602D6_Trip300,1
2026-04-20 06:56:44+00:00,52.374804,4.915162,149.0,Sudden braking,2.1,2.1,13.033333333333333,12.5,1.0,2,5.0,1.0,602CA_Trip301,1
2026-04-20 06:56:45+00:00,52.374762,4.915192,152.0,Sudden braking,2.0,2.0,12.6125,10.5,1.0,2,1.1,1.0,602CA_Trip301,1
2026-04-20 06:56:47+00:00,52.374731,4.915215,146.0,Sudden braking,2.2,2.2,11.416666666666666,6.4,1.0,2,4.0,1.0,602CA_Trip301,1
2026-04-20 06:57:06+00:00,52.374128,4.914263,239.0,Sudden braking,2.7,2.7,14.8,16.2,1.0,2,4.2,1.0,602D6_Trip300,1
2026-04-20 06:57:07+00:00,52.374115,4.914206,243.0,Sudden braking,4.2,4.2,13.766666666666666,12.0,1.0,2,2.4,1.0,602D6_Trip300,1
2026-04-20 07:42:47+00:00,52.353752,4.807258,141.0,Sudden braking,2.2,2.2,13.755555555555556,14.4,0.91,2,4.1,0.91,63C0A_Trip303,1
2026-04-20 07:42:47+00:00,52.353724,4.807297,140.0,Sudden braking,2.18,2.18,13.32,12.2,1.011,2,2.9,1.011,63C0A_Trip303,1
2026-04-20 07:45:30+00:00,52.351205,4.815639,91.0,Sudden braking,2.11,2.11,16.08888888888889,17.9,0.997,2,4.6,0.997,63C0A_Trip303,1
2026-04-20 07:45:31+00:00,52.351199,4.815707,98.0,Sudden braking,2.76,2.76,14.85,15.1,1.015,2,4.0,1.015,63C0A_Trip303,1
2026-04-20 07:45:32+00:00,52.351189,4.815763,103.0,Sudden braking,3.39,3.39,12.959999999999999,11.7,1.004,2,2.8,1.004,63C0A_Trip303,1
2026-04-20 07:45:33+00:00,52.351181,4.815802,108.0,Sudden braking,3.41,3.41,9.78,8.3,0.998,2,1.1,0.998,63C0A_Trip303,1
2026-04-20 07:45:34+00:00,52.351181,4.815818,94.0,Sudden braking,3.03,3.03,8.74,5.3,0.989,2,0.8,0.989,63C0A_Trip303,1
2026-04-20 07:46:38+00:00,52.351266,4.820794,87.0,Sudden braking,2.52,2.52,16.144444444444446,14.7,1.111,2,5.0,1.111,63C0A_Trip303,1
2026-04-20 07:48:03+00:00,52.351514,4.827117,87.0,Sudden braking,2.27,2.27,6.0,6.3,1.012,2,1.1,1.012,63C0A_Trip303,1
2026-04-20 07:48:05+00:00,52.351516,4.827133,89.0,Sudden braking,2.15,2.15,4.87,4.2,0.976,2,0.7,0.976,63C0A_Trip303,1
2026-04-20 07:48:21+00:00,52.35128,4.827179,109.0,Sudden braking,2.28,2.28,4.2700000000000005,4.0,1.007,2,0.4,1.007,63C0A_Trip303,1
2026-04-20 07:48:22+00:00,52.351284,4.827177,0.0,Sudden braking,2.04,2.04,3.5444444444444443,2.0,0.978,2,0.1,0.978,63C0A_Trip303,1
2026-04-20 07:49:14+00:00,52.351337,4.829044,89.0,Sudden braking,2.43,2.43,18.26,17.6,0.947,3,5.5,0.947,63C0A_Trip303,1
2026-04-20 07:54:00+00:00,52.351448,4.842776,93.0,Sudden braking,2.5,2.5,23.963636363636365,28.6,0.921,2,6.7,0.921,604F9_Trip304,1
2026-04-20 07:54:01+00:00,52.351443,4.842873,94.0,Sudden braking,4.07,4.07,24.28,24.5,1.008,3,6.0,1.008,604F9_Trip304,1
2026-04-20 07:54:02+00:00,52.351438,4.842961,93.0,Sudden braking,3.69,3.69,24.03,20.9,0.975,3,3.5,0.975,604F9_Trip304,1
2026-04-20 08:05:17+00:00,52.360501,4.87683,63.0,Sudden braking,2.24,2.24,15.110000000000001,16.8,0.982,2,4.9,0.982,602EF_Trip305,1
2026-04-20 08:05:18+00:00,52.360513,4.8769,74.0,Sudden braking,3.37,3.37,14.59,13.4,1.01,2,4.4,1.01,602EF_Trip305,1
2026-04-20 08:05:19+00:00,52.360529,4.876959,68.0,Sudden braking,2.55,2.55,14.59,10.9,0.979,2,1.7,0.979,602EF_Trip305,1
2026-04-20 08:07:58+00:00,52.360694,4.88556,131.0,Sudden braking,2.01,2.01,10.88888888888889,11.7,1.045,2,3.7,1.045,602EF_Trip305,1
2026-04-20 08:08:00+00:00,52.360673,4.885603,128.0,Sudden braking,2.62,2.62,9.411111111111111,9.1,0.992,2,2.5,0.992,602EF_Trip305,1
2026-04-20 08:08:01+00:00,52.36066,4.885632,127.0,Sudden braking,2.65,2.65,8.233333333333333,6.5,0.98,2,1.0,0.98,602EF_Trip305,1
2026-04-20 08:08:21+00:00,52.360241,4.886443,131.0,Sudden braking,2.02,2.02,13.89,15.3,1.04,2,4.6,1.04,602EF_Trip305,1
2026-04-20 08:08:23+00:00,52.360214,4.886493,130.0,Sudden braking,3.09,3.09,10.280000000000001,12.3,0.971,2,2.9,0.971,602EF_Trip305,1
2026-04-20 08:08:23+00:00,52.360195,4.886523,130.0,Sudden braking,3.34,3.34,9.3,8.9,1.018,2,2.2,1.018,602EF_Trip305,1
2026-04-20 08:08:25+00:00,52.360182,4.886548,130.0,Sudden braking,3.15,3.15,7.266666666666667,5.8,0.984,1,1.0,0.984,602EF_Trip305,1
2026-04-20 08:08:25+00:00,52.360175,4.886558,0.0,Sudden braking,2.52,2.52,5.344444444444445,3.3,0.994,1,0.6,0.994,602EF_Trip305,1
2026-04-20 08:10:08+00:00,52.358065,4.890423,112.0,Sudden braking,2.35,2.35,13.477777777777778,14.8,1.022,2,4.4,1.022,602EF_Trip305,1
2026-04-20 08:10:09+00:00,52.358052,4.890485,105.0,Sudden braking,3.13,3.13,12.5,11.6,1.023,2,3.3,1.023,602EF_Trip305,1
2026-04-20 08:10:11+00:00,52.358043,4.890531,105.0,Sudden braking,3.56,3.56,9.290000000000001,8.1,0.982,2,2.1,0.982,602EF_Trip305,1
2026-04-20 08:10:11+00:00,52.358038,4.890561,105.0,Sudden braking,2.78,2.78,7.91,5.3,1.009,2,1.2,1.009,602EF_Trip305,1
2026-04-20 08:16:52+00:00,52.34885,4.90419,116.0,Sudden braking,2.09,2.09,10.555555555555555,11.2,1.005,2,2.5,1.005,602B1_Trip306,1
2026-04-20 08:16:53+00:00,52.348852,4.904227,100.0,Sudden braking,2.72,2.72,9.563636363636363,8.6,0.956,2,2.0,0.956,602B1_Trip306,1
2026-04-20 08:16:53+00:00,52.348852,4.904256,93.0,Sudden braking,2.34,2.34,8.9,6.1,1.068,2,1.2,1.068,602B1_Trip306,1
2026-04-20 08:17:41+00:00,52.349266,4.907021,74.0,Sudden braking,2.48,2.48,12.61,13.5,1.008,3,4.9,1.008,602B1_Trip306,1
2026-04-20 08:17:42+00:00,52.34928,4.907138,0.0,Sudden braking,2.18,2.18,10.49,9.6,1.01,3,4.1,1.01,602B1_Trip306,1
2026-04-20 08:17:44+00:00,52.349286,4.907196,77.0,Sudden braking,2.25,2.25,9.688888888888888,7.4,0.977,4,4.6,0.977,602B1_Trip306,1
2026-04-20 17:21:23+00:00,52.358661,4.904077,43.0,Sudden braking,2.1,2.1,8.2,9.1,1.046,2,2.8,1.046,602ED_Trip316,1
2026-04-20 17:21:24+00:00,52.35868,4.904105,37.0,Sudden braking,2.58,2.58,6.12,6.6,0.968,2,1.4,0.968,602ED_Trip316,1
2026-04-20 17:21:25+00:00,52.358692,4.904109,354.0,Sudden braking,2.29,2.29,5.288888888888889,4.3,1.003,2,0.7,1.003,602ED_Trip316,1
2026-04-20 17:21:26+00:00,52.358697,4.904103,0.0,Sudden braking,2.03,2.03,3.4899999999999998,2.3,0.983,2,0.4,0.983,602ED_Trip316,1
2026-04-20 17:24:56+00:00,52.358456,4.889408,299.0,Sudden braking,2.23,2.23,12.422222222222222,11.0,0.987,2,4.7,0.987,602ED_Trip316,1
2026-04-20 17:27:41+00:00,52.36283,4.880547,296.0,Sudden braking,2.53,2.53,7.1499999999999995,8.2,0.989,2,2.1,0.989,602ED_Trip316,1
2026-04-20 17:27:42+00:00,52.362846,4.88053,325.0,Sudden braking,2.52,2.52,5.68,5.7,0.992,2,0.8,0.992,602ED_Trip316,1
2026-04-20 17:27:43+00:00,52.36285,4.88054,0.0,Sudden braking,2.5,2.5,5.163636363636363,3.3,0.96,1,0.3,0.96,602ED_Trip316,1
2026-04-20 17:28:53+00:00,52.364406,4.87866,349.0,Sudden braking,2.15,2.15,15.54,12.5,0.932,3,3.1,0.932,602ED_Trip316,1
2026-04-20 17:30:26+00:00,52.368258,4.876624,330.0,Sudden braking,2.1,2.1,9.666666666666666,10.0,0.998,2,2.8,0.998,602ED_Trip316,1
2026-04-20 17:30:27+00:00,52.368282,4.876608,331.0,Sudden braking,2.1,2.1,7.2,7.9,0.999,2,1.5,0.999,602ED_Trip316,1
2026-04-20 17:30:28+00:00,52.368295,4.8766,331.0,Sudden braking,2.06,2.06,5.71,5.9,0.97,2,1.6,0.97,602ED_Trip316,1
2026-04-20 17:34:22+00:00,52.375101,4.877511,23.0,Sudden braking,2.03,2.03,16.4,14.9,0.987,3,5.1,0.987,602ED_Trip316,1
2026-04-20 19:42:51+00:00,52.360344,4.885706,228.0,Sudden braking,2.14,2.14,9.63,7.7,1.03,3,1.7,1.03,602B1_Trip320,1
2026-04-20 19:44:36+00:00,52.357599,4.886189,99.0,Sudden braking,2.32,2.32,9.54,9.1,0.993,2,3.0,0.993,602B1_Trip320,1
2026-04-20 19:44:37+00:00,52.357595,4.886232,104.0,Sudden braking,2.3,2.3,8.34,6.7,1.042,2,1.3,1.042,602B1_Trip320,1
2026-04-20 19:44:38+00:00,52.357593,4.886251,96.0,Sudden braking,2.14,2.14,6.68,4.6,0.983,2,0.5,0.983,602B1_Trip320,1
2026-04-20 19:45:44+00:00,52.354818,4.886325,177.0,Sudden braking,2.02,2.02,12.35,12.0,1.041,2,3.6,1.041,602B1_Trip320,1
2026-04-20 19:46:30+00:00,52.353822,4.886381,181.0,Sudden braking,2.27,2.27,16.933333333333334,14.9,0.97,2,4.7,0.97,602B1_Trip320,1
2026-04-20 19:47:14+00:00,52.352161,4.885837,198.0,Sudden braking,2.16,2.16,5.781818181818182,5.7,1.02,1,1.2,1.02,602B1_Trip320,1
2026-04-20 19:47:15+00:00,52.352151,4.885841,0.0,Sudden braking,2.15,2.15,4.05,3.6,0.978,1,0.5,0.978,602B1_Trip320,1
2026-04-20 19:54:29+00:00,52.348853,4.904287,98.0,Sudden braking,2.26,2.26,13.28888888888889,13.2,1.017,3,5.0,1.017,602B1_Trip320,1
2026-04-21 08:42:30+00:00,52.38551,4.874905,88.0,Sudden braking,2.7,2.7,16.5,17.5,1.0,2,6.9,1.0,602CA_Trip326,1
2026-04-21 08:42:35+00:00,52.385514,4.875075,88.0,Sudden braking,2.9,2.9,8.677777777777777,7.3,1.0,2,2.1,1.0,602CA_Trip326,1
2026-04-21 08:43:36+00:00,52.385106,4.880623,98.0,Sudden braking,2.6,2.6,13.66,14.0,1.0,2,6.6,1.0,602CA_Trip326,1
2026-04-21 08:43:39+00:00,52.385073,4.880735,131.0,Sudden braking,2.1,2.1,9.8,9.4,1.0,2,2.3,1.0,602CA_Trip326,1
2026-04-21 08:43:40+00:00,52.385066,4.880766,121.0,Sudden braking,2.4,2.4,8.58,7.0,1.0,2,1.9,1.0,602CA_Trip326,1
2026-04-21 08:44:43+00:00,52.384265,4.884395,131.0,Sudden braking,2.3,2.3,8.744444444444444,9.2,1.0,2,6.0,1.0,602CA_Trip326,1
2026-04-21 08:46:13+00:00,52.381831,4.889961,28.0,Sudden braking,3.0,3.0,14.618181818181819,15.9,1.0,2,6.0,1.0,602CA_Trip326,1
2026-04-21 08:46:14+00:00,52.38188,4.889995,28.0,Sudden braking,2.9,2.9,13.190909090909091,13.0,1.0,3,7.4,1.0,602CA_Trip326,1
2026-04-21 08:46:15+00:00,52.381814,4.890004,28.0,Sudden braking,2.9,2.9,11.763636363636364,10.1,1.0,3,4.3,1.0,602CA_Trip326,1
2026-04-21 08:46:16+00:00,52.381846,4.890039,28.0,Sudden braking,2.9,2.9,10.327272727272728,7.2,1.0,3,2.5,1.0,602CA_Trip326,1
2026-04-21 08:46:46+00:00,52.382661,4.891874,81.0,Sudden braking,3.0,3.0,15.690909090909091,15.5,1.0,2,9.2,1.0,602CA_Trip326,1
2026-04-21 08:46:47+00:00,52.382672,4.892008,83.0,Sudden braking,2.4,2.4,15.790909090909091,13.1,1.0,2,2.1,1.0,602CA_Trip326,1
2026-04-21 08:46:56+00:00,52.382803,4.892951,87.0,Sudden braking,2.3,2.3,12.99090909090909,12.9,1.0,2,5.9,1.0,602CA_Trip326,1
2026-04-21 08:46:57+00:00,52.382807,4.893038,75.0,Sudden braking,2.2,2.2,12.190909090909091,10.7,1.0,2,3.5,1.0,602CA_Trip326,1
2026-04-21 08:48:51+00:00,52.380343,4.899524,121.0,Sudden braking,2.3,2.3,14.481818181818182,16.1,1.0,2,5.9,1.0,602CA_Trip326,1
2026-04-21 08:48:52+00:00,52.380316,4.899598,121.0,Sudden braking,2.3,2.3,13.836363636363636,13.8,1.0,2,1.3,1.0,602CA_Trip326,1
2026-04-21 08:49:58+00:00,52.378501,4.904942,111.0,Sudden braking,2.2,2.2,17.15,17.7,1.0,2,5.6,1.0,602CA_Trip326,1
2026-04-21 08:50:01+00:00,52.378454,4.905119,115.0,Sudden braking,2.1,2.1,12.59,13.2,1.0,2,1.7,1.0,602CA_Trip326,1
2026-04-21 08:50:02+00:00,52.378444,4.905136,129.0,Sudden braking,2.4,2.4,11.7,10.8,1.0,2,5.8,1.0,602CA_Trip326,1
2026-04-21 08:50:03+00:00,52.378406,4.905195,135.0,Sudden braking,2.1,2.1,10.675,8.7,1.0,2,1.0,1.0,602CA_Trip326,1
2026-04-21 08:52:14+00:00,52.376768,4.906912,89.0,Sudden braking,2.3,2.3,7.954545454545455,6.5,1.0,2,6.7,1.0,602CA_Trip326,1
2026-04-21 08:52:51+00:00,52.376056,4.909818,179.0,Sudden braking,2.2,2.2,11.181818181818182,12.4,1.0,2,7.0,1.0,602CA_Trip326,1
2026-04-21 08:52:52+00:00,52.37603,4.909912,190.0,Sudden braking,3.4,3.4,10.409090909090908,9.0,1.0,2,6.7,1.0,602CA_Trip326,1
2026-04-21 08:52:53+00:00,52.37598,4.909967,190.0,Sudden braking,3.3,3.3,9.636363636363637,5.7,1.0,2,1.8,1.0,602CA_Trip326,1
2026-04-21 08:53:45+00:00,52.376702,4.913465,94.0,Sudden braking,2.9,2.9,17.85,18.9,1.001,2,8.2,1.001,602CA_Trip326,1
2026-04-21 08:53:46+00:00,52.376695,4.913585,96.0,Sudden braking,4.2,4.2,14.54,14.7,1.0,2,5.8,1.0,602CA_Trip326,1
2026-04-21 08:53:47+00:00,52.37669,4.913671,96.0,Sudden braking,2.8,2.8,13.26,11.9,1.0,2,1.7,1.0,602CA_Trip326,1
2026-04-21 08:53:48+00:00,52.376688,4.913696,96.0,Sudden braking,2.3,2.3,12.28,9.6,1.0,2,4.3,1.0,602CA_Trip326,1
2026-04-21 08:53:49+00:00,52.376684,4.913758,97.0,Sudden braking,2.7,2.7,11.67,6.9,1.0,2,5.4,1.0,602CA_Trip326,1
2026-04-21 08:54:29+00:00,52.375188,4.91412,205.0,Sudden braking,2.4,2.4,14.17,13.0,1.0,2,4.2,1.0,602CA_Trip326,1
2026-04-21 11:46:50+00:00,52.376856,4.898654,309.0,Sudden braking,2.3,2.3,7.2299999999999995,6.7,1.001,2,2.8,1.001,602DE_Trip327,1
2026-04-21 11:46:51+00:00,52.376869,4.898618,297.0,Sudden braking,2.1,2.1,6.511111111111111,4.6,0.999,2,0.3,0.999,602DE_Trip327,1
2026-04-21 11:52:08+00:00,52.364506,4.892639,179.0,Sudden braking,2.0,2.0,14.63,15.6,1.001,2,4.8,1.001,602DE_Trip327,1
2026-04-21 11:52:09+00:00,52.364468,4.89267,163.0,Sudden braking,2.1,2.1,12.590909090909092,13.5,0.999,2,2.7,0.999,602DE_Trip327,1
2026-04-21 11:52:10+00:00,52.364447,4.892691,156.0,Sudden braking,2.7,2.7,11.336363636363636,10.8,1.001,2,2.2,1.001,602DE_Trip327,1
2026-04-21 11:52:11+00:00,52.364429,4.8927,169.0,Sudden braking,3.1,3.1,10.118181818181819,7.7,1.0,2,1.6,1.0,602DE_Trip327,1
2026-04-21 13:17:05+00:00,52.367774,4.903157,51.0,Sudden braking,2.0,2.0,13.28,15.3,0.999,2,4.5,0.999,602DE_Trip328,1
2026-04-21 13:17:06+00:00,52.367796,4.903212,59.0,Sudden braking,2.5,2.5,13.28,12.8,1.0,3,4.0,1.0,602DE_Trip328,1
2026-04-21 13:17:07+00:00,52.367808,4.903267,75.0,Sudden braking,2.4,2.4,11.163636363636364,10.4,1.0,3,2.2,1.0,602DE_Trip328,1
2026-04-21 13:17:08+00:00,52.367817,4.903296,76.0,Sudden braking,2.5,2.5,10.33,7.9,1.0,2,1.8,1.0,602DE_Trip328,1
2026-04-21 13:17:09+00:00,52.367822,4.903321,92.0,Sudden braking,2.1,2.1,9.127272727272727,5.8,1.0,3,1.3,1.0,602DE_Trip328,1
2026-04-21 13:17:39+00:00,52.368598,4.903956,85.0,Sudden braking,2.4,2.4,8.533333333333333,7.0,1.001,2,1.5,1.001,602DE_Trip328,1
2026-04-21 13:17:40+00:00,52.368597,4.903978,96.0,Sudden braking,2.6,2.6,6.22,4.4,0.999,2,1.2,0.999,602DE_Trip328,1
2026-04-21 13:18:15+00:00,52.368414,4.904368,123.0,Sudden braking,2.0,2.0,8.1,7.3,1.0,2,2.4,1.0,602DE_Trip328,1
2026-04-21 13:21:35+00:00,52.370869,4.915941,127.0,Sudden braking,2.1,2.1,11.49,13.1,0.999,1,3.3,0.999,602DE_Trip328,1
2026-04-21 13:21:36+00:00,52.370858,4.915986,108.0,Sudden braking,2.6,2.6,10.927272727272728,10.5,1.0,2,2.7,1.0,602DE_Trip328,1
2026-04-21 13:21:37+00:00,52.370851,4.916023,98.0,Sudden braking,2.4,2.4,9.818181818181818,8.1,1.0,2,1.1,1.0,602DE_Trip328,1
2026-04-21 13:23:28+00:00,52.372126,4.917798,48.0,Sudden braking,2.0,2.0,14.872727272727273,15.5,1.0,3,4.6,1.0,602DE_Trip328,1
2026-04-21 15:08:58+00:00,52.377736,4.897287,321.0,Sudden braking,2.1,2.1,5.88,4.7,1.001,2,1.1,1.001,602DE_Trip332,1
2026-04-21 15:47:35+00:00,52.368889,4.888754,159.0,Sudden braking,2.0,2.0,19.572727272727274,20.0,1.0,2,7.7,1.0,602DE_Trip334,1
2026-04-21 15:47:36+00:00,52.368825,4.888798,164.0,Sudden braking,2.2,2.2,19.0,17.8,1.001,2,6.5,1.001,602DE_Trip334,1
2026-04-21 15:47:41+00:00,52.368612,4.888953,113.0,Sudden braking,2.2,2.2,9.72,9.4,0.999,2,0.4,0.999,602DE_Trip334,1
2026-04-21 15:47:42+00:00,52.368608,4.888954,130.0,Sudden braking,2.0,2.0,9.4,7.4,1.0,2,3.8,1.0,602DE_Trip334,1
2026-04-21 15:48:25+00:00,52.369059,4.891783,91.0,Sudden braking,2.3,2.3,14.200000000000001,13.1,0.999,2,4.4,0.999,602DE_Trip334,1
2026-04-21 15:49:39+00:00,52.366961,4.895331,88.0,Sudden braking,2.2,2.2,10.863636363636363,12.8,1.0,2,2.3,1.0,602DE_Trip334,1
2026-04-21 15:49:40+00:00,52.366971,4.89536,78.0,Sudden braking,2.8,2.8,9.827272727272728,10.0,1.0,2,2.1,1.0,602DE_Trip334,1
2026-04-21 15:49:41+00:00,52.366968,4.89539,85.0,Sudden braking,3.4,3.4,9.19,6.6,1.0,2,1.7,1.0,602DE_Trip334,1
2026-04-21 15:49:42+00:00,52.366962,4.895414,93.0,Sudden braking,2.8,2.8,8.17,3.8,1.0,2,1.2,1.0,602DE_Trip334,1
2026-04-21 20:23:28+00:00,52.346604,4.908163,79.0,Sudden braking,2.38,2.38,12.76,12.6,0.967,2,3.5,0.967,604F9_Trip341,1
2026-04-21 20:23:29+00:00,52.346606,4.908215,80.0,Sudden braking,2.06,2.06,11.45,10.5,1.019,2,2.9,1.019,604F9_Trip341,1
2026-04-21 20:23:32+00:00,52.346615,4.908263,0.0,Sudden braking,2.03,2.03,8.01,7.1,0.983,2,2.8,0.983,604F9_Trip341,1
2026-04-22 06:52:50+00:00,52.385402,4.875722,95.0,Sudden braking,3.3,3.3,13.690909090909091,15.1,1.0,2,7.0,1.0,602CA_Trip353,1
2026-04-22 06:52:51+00:00,52.385405,4.875824,89.0,Sudden braking,3.2,3.2,12.463636363636363,11.9,1.0,2,9.9,1.0,602CA_Trip353,1
2026-04-22 06:52:52+00:00,52.385427,4.875683,89.0,Sudden braking,2.6,2.6,11.163636363636364,9.3,1.0,2,1.1,1.0,602CA_Trip353,1
2026-04-22 06:52:53+00:00,52.385428,4.8757,89.0,Sudden braking,2.8,2.8,9.827272727272726,6.5,1.0,2,2.7,1.0,602CA_Trip353,1
2026-04-22 06:54:47+00:00,52.384255,4.884467,131.0,Sudden braking,2.3,2.3,13.45,13.4,1.0,2,4.4,1.0,602CA_Trip353,1
2026-04-22 06:56:23+00:00,52.382101,4.890221,41.0,Sudden braking,3.1,3.1,15.91,16.6,1.0,2,7.7,1.0,602CA_Trip353,1
2026-04-22 06:56:24+00:00,52.38216,4.890282,34.0,Sudden braking,3.0,3.0,15.188888888888888,13.6,1.0,2,12.8,1.0,602CA_Trip353,1
2026-04-22 06:56:25+00:00,52.382062,4.890181,34.0,Sudden braking,3.3,3.3,14.3,10.3,1.0,2,5.8,1.0,602CA_Trip353,1
2026-04-22 06:56:58+00:00,52.379415,4.89825,20.0,Sudden braking,2.7,2.7,10.74,10.2,1.0,3,1.9,1.0,602DE_Trip350,1
2026-04-22 06:56:59+00:00,52.379432,4.898258,20.0,Sudden braking,2.5,2.5,9.963636363636363,7.7,1.002,3,0.7,1.002,602DE_Trip350,1
2026-04-22 06:57:23+00:00,52.382797,4.89445,113.0,Sudden braking,3.1,3.1,16.227272727272727,16.3,1.0,2,4.8,1.0,602CA_Trip353,1
2026-04-22 06:57:24+00:00,52.382777,4.894513,117.0,Sudden braking,3.1,3.1,15.745454545454546,13.2,1.0,3,5.5,1.0,602CA_Trip353,1
2026-04-22 06:57:25+00:00,52.382804,4.894445,122.0,Sudden braking,2.6,2.6,15.527272727272727,10.6,1.0,2,1.9,1.0,602CA_Trip353,1
2026-04-22 07:00:31+00:00,52.377027,4.904492,122.0,Sudden braking,2.1,2.1,8.0875,8.3,1.0,2,4.3,1.0,602CA_Trip353,1
2026-04-22 07:06:26+00:00,52.385211,4.909761,67.0,Sudden braking,2.0,2.0,19.509090909090908,18.4,1.001,3,6.6,1.001,602DE_Trip350,1
2026-04-22 07:06:38+00:00,52.374513,4.915348,161.0,Sudden braking,2.1,2.1,12.79,12.8,1.0,2,3.2,1.0,602CA_Trip353,1
2026-04-22 07:06:39+00:00,52.374486,4.915362,159.0,Sudden braking,2.5,2.5,11.26,10.3,1.0,2,2.2,1.0,602CA_Trip353,1
2026-04-22 07:06:40+00:00,52.37447,4.915382,150.0,Sudden braking,2.2,2.2,10.477777777777778,8.1,1.0,2,1.9,1.0,602CA_Trip353,1
2026-04-22 07:14:22+00:00,52.397451,4.931665,34.0,Sudden braking,2.9,2.9,12.7,12.2,1.0,2,6.5,1.0,602DE_Trip350,1
2026-04-22 07:14:23+00:00,52.397501,4.931718,31.0,Sudden braking,3.1,3.1,12.12,9.1,1.001,2,3.4,1.001,602DE_Trip350,1
2026-04-22 07:14:24+00:00,52.397526,4.931746,0.0,Sudden braking,2.0,2.0,11.95,7.1,1.0,2,1.8,1.0,602DE_Trip350,1
2026-04-22 07:14:41+00:00,52.397243,4.932797,128.0,Sudden braking,2.5,2.5,16.92,15.9,1.0,2,4.1,1.0,602DE_Trip350,1
2026-04-22 07:14:42+00:00,52.39722,4.932845,128.0,Sudden braking,2.0,2.0,16.381818181818183,13.9,1.001,2,5.9,1.001,602DE_Trip350,1
2026-04-22 07:17:39+00:00,52.397552,4.940914,103.0,Sudden braking,2.2,2.2,6.63,6.1,1.001,2,2.2,1.001,602DE_Trip350,1
2026-04-22 07:17:40+00:00,52.397572,4.940918,103.0,Sudden braking,2.2,2.2,4.26,3.9,0.999,2,0.7,0.999,602DE_Trip350,1
2026-04-22 07:17:41+00:00,52.397578,4.940921,97.0,Sudden braking,2.0,2.0,3.8909090909090907,1.9,1.001,2,0.2,1.001,602DE_Trip350,1
2026-04-22 07:50:52+00:00,52.361036,4.886736,41.0,Sudden braking,2.11,2.11,11.77,13.7,0.95,3,3.5,0.95,604F9_Trip352,1
2026-04-22 07:50:53+00:00,52.361059,4.886771,41.0,Sudden braking,2.36,2.36,11.77,11.3,1.018,2,3.4,1.018,604F9_Trip352,1
2026-04-22 07:50:54+00:00,52.361082,4.886805,43.0,Sudden braking,2.06,2.06,9.07,9.2,1.02,2,2.1,1.02,604F9_Trip352,1
2026-04-22 07:52:44+00:00,52.364499,4.889704,35.0,Sudden braking,2.55,2.55,8.879999999999999,6.8,0.943,3,0.6,0.943,604F9_Trip352,1
2026-04-22 07:54:41+00:00,52.363062,4.895639,106.0,Sudden braking,2.11,2.11,15.120000000000001,15.2,0.996,3,5.2,0.996,604F9_Trip352,1
2026-04-22 07:54:42+00:00,52.363053,4.895714,108.0,Sudden braking,2.03,2.03,14.35,13.1,1.035,3,3.4,1.035,604F9_Trip352,1
2026-04-22 07:56:06+00:00,52.364068,4.90112,75.0,Sudden braking,2.03,2.03,11.575,11.6,1.033,3,3.3,1.033,604F9_Trip352,1
2026-04-22 07:58:09+00:00,52.367575,4.903851,133.0,Sudden braking,2.72,2.72,10.445454545454545,12.0,0.991,2,4.0,0.991,604F9_Trip352,1
2026-04-22 07:58:10+00:00,52.367551,4.903895,132.0,Sudden braking,3.06,3.06,8.918181818181818,8.9,1.012,2,2.3,1.012,604F9_Trip352,1
2026-04-22 07:58:11+00:00,52.367538,4.903921,121.0,Sudden braking,3.0,3.0,7.1,6.0,0.968,2,0.7,0.968,604F9_Trip352,1
2026-04-22 07:58:12+00:00,52.367541,4.903931,0.0,Sudden braking,2.49,2.49,6.42,3.4,1.044,2,1.0,1.044,604F9_Trip352,1
2026-04-22 08:00:25+00:00,52.370005,4.90834,55.0,Sudden braking,2.41,2.41,9.11,10.5,0.954,2,2.8,0.954,604F9_Trip352,1
2026-04-22 08:00:26+00:00,52.370019,4.908374,53.0,Sudden braking,2.38,2.38,9.11,8.1,1.009,2,2.1,1.009,604F9_Trip352,1
2026-04-22 08:00:27+00:00,52.370028,4.9084,58.0,Sudden braking,2.19,2.19,7.5,5.9,1.005,2,1.1,1.005,604F9_Trip352,1
2026-04-22 08:00:28+00:00,52.370032,4.908415,0.0,Sudden braking,2.03,2.03,5.022222222222222,3.8,1.035,3,0.3,1.035,604F9_Trip352,1
2026-04-22 08:01:02+00:00,52.370512,4.909831,64.0,Sudden braking,2.09,2.09,9.53,9.2,1.004,3,2.2,1.004,604F9_Trip352,1
2026-04-22 08:01:03+00:00,52.37052,4.90986,64.0,Sudden braking,2.36,2.36,7.8625,6.8,1.019,3,2.0,1.019,604F9_Trip352,1
2026-04-22 08:01:04+00:00,52.370529,4.909886,62.0,Sudden braking,2.23,2.23,6.42,4.6,0.986,3,1.1,0.986,604F9_Trip352,1
2026-04-22 09:33:08+00:00,52.396414,4.930573,214.0,Sudden braking,2.5,2.5,14.536363636363637,13.7,1.001,3,5.3,1.001,602DE_Trip354,1
2026-04-22 09:33:39+00:00,52.396831,4.928801,316.0,Sudden braking,2.0,2.0,14.8,15.0,1.0,2,5.1,1.0,602DE_Trip354,1
2026-04-22 09:33:40+00:00,52.396866,4.928751,321.0,Sudden braking,2.7,2.7,14.52,12.3,1.0,2,4.5,1.0,602DE_Trip354,1
2026-04-22 09:37:43+00:00,52.388802,4.919833,246.0,Sudden braking,2.6,2.6,17.9625,20.2,0.999,2,5.4,0.999,602DE_Trip354,1
2026-04-22 09:37:44+00:00,52.388779,4.919762,241.0,Sudden braking,2.1,2.1,17.555555555555557,18.1,1.0,2,4.5,1.0,602DE_Trip354,1
2026-04-22 09:40:07+00:00,52.385463,4.91305,42.0,Sudden braking,2.7,2.7,3.73,3.4,1.0,2,0.7,1.0,602DE_Trip354,1
2026-04-22 09:40:08+00:00,52.385469,4.913055,93.0,Sudden braking,2.0,2.0,3.29,1.4,1.001,2,1.4,1.001,602DE_Trip354,1
2026-04-22 09:42:47+00:00,52.381877,4.908337,201.0,Sudden braking,2.1,2.1,13.145454545454546,12.9,1.0,2,3.8,1.0,602DE_Trip354,1
2026-04-22 09:42:48+00:00,52.381845,4.908318,199.0,Sudden braking,2.0,2.0,12.018181818181818,10.9,1.0,2,3.3,1.0,602DE_Trip354,1
2026-04-22 09:50:57+00:00,52.37791,4.909352,104.0,Sudden braking,2.4,2.4,9.033333333333333,8.5,1.0,2,2.3,1.0,602DE_Trip354,1
2026-04-22 09:50:58+00:00,52.377904,4.909384,104.0,Sudden braking,2.6,2.6,6.91,5.9,1.001,1,0.6,1.001,602DE_Trip354,1
2026-04-22 09:50:59+00:00,52.377903,4.909393,105.0,Sudden braking,2.6,2.6,4.988888888888889,3.3,0.999,1,0.2,0.999,602DE_Trip354,1
2026-04-22 09:51:00+00:00,52.377903,4.90939,0.0,Sudden braking,2.1,2.1,4.8100000000000005,1.2,1.001,1,0.1,1.001,602DE_Trip354,1
2026-04-23 15:23:39+00:00,52.375596,4.915075,13.0,Sudden braking,2.3,2.3,21.827272727272728,20.5,1.0,3,5.1,1.0,63C0A_Trip377,1
2026-04-23 15:24:39+00:00,52.37614,4.910785,241.0,Sudden braking,2.1,2.1,19.063636363636363,20.2,1.0,3,4.8,1.0,63C0A_Trip377,1
2026-04-23 15:24:40+00:00,52.376118,4.910723,241.0,Sudden braking,2.6,2.6,18.072727272727274,17.6,1.0,3,3.8,1.0,63C0A_Trip377,1
2026-04-23 15:24:41+00:00,52.376104,4.910673,242.0,Sudden braking,2.6,2.6,17.136363636363637,15.0,1.0,3,2.4,1.0,63C0A_Trip377,1
2026-04-23 15:24:50+00:00,52.375837,4.910644,177.0,Sudden braking,2.2,2.2,10.49090909090909,8.5,1.0,2,1.4,1.0,63C0A_Trip377,1
2026-04-23 15:25:15+00:00,52.377109,4.910118,0.0,Sudden braking,2.0,2.0,25.118181818181817,23.8,1.0,2,6.3,1.0,63C0A_Trip377,1
2026-04-23 15:25:46+00:00,52.378166,4.907739,281.0,Sudden braking,2.3,2.3,28.072727272727274,30.1,1.0,3,8.1,1.0,63C0A_Trip377,1
2026-04-23 15:25:47+00:00,52.378181,4.907622,281.0,Sudden braking,2.9,2.9,26.51818181818182,27.2,1.0,2,5.5,1.0,63C0A_Trip377,1
2026-04-23 15:25:48+00:00,52.378194,4.907544,284.0,Sudden braking,3.2,3.2,24.763636363636365,24.0,1.0,3,5.2,1.0,63C0A_Trip377,1
2026-04-23 15:25:49+00:00,52.378208,4.907471,285.0,Sudden braking,2.7,2.7,22.8,21.3,1.0,3,4.7,1.0,63C0A_Trip377,1
2026-04-23 15:25:53+00:00,52.378241,4.907178,282.0,Sudden braking,2.1,2.1,14.954545454545455,14.7,1.0,4,3.6,1.0,63C0A_Trip377,1
2026-04-23 15:25:54+00:00,52.37825,4.907128,285.0,Sudden braking,2.3,2.3,13.7,12.4,1.0,4,1.5,1.0,63C0A_Trip377,1
2026-04-23 15:25:55+00:00,52.378258,4.90711,292.0,Sudden braking,2.2,2.2,12.745454545454546,10.2,1.0,3,1.8,1.0,63C0A_Trip377,1
2026-04-23 15:26:44+00:00,52.379193,4.902584,301.0,Sudden braking,2.0,2.0,28.336363636363636,30.9,1.0,2,8.8,1.0,63C0A_Trip377,1
2026-04-23 15:26:45+00:00,52.379234,4.902472,301.0,Sudden braking,2.9,2.9,26.71818181818182,28.0,1.0,2,7.8,1.0,63C0A_Trip377,1
2026-04-23 15:26:46+00:00,52.37927,4.902374,301.0,Sudden braking,3.4,3.4,25.236363636363638,24.6,1.0,2,5.7,1.0,63C0A_Trip377,1
2026-04-23 15:26:47+00:00,52.379296,4.902302,301.0,Sudden braking,3.4,3.4,23.990909090909092,21.2,1.0,2,4.0,1.0,63C0A_Trip377,1
2026-04-23 15:26:48+00:00,52.379314,4.902251,301.0,Sudden braking,2.7,2.7,23.027272727272727,18.5,1.0,2,3.7,1.0,63C0A_Trip377,1
2026-04-23 15:27:08+00:00,52.379982,4.900423,301.0,Sudden braking,2.2,2.2,24.636363636363637,25.3,1.0,2,6.8,1.0,63C0A_Trip377,1
2026-04-23 15:27:09+00:00,52.380013,4.900336,301.0,Sudden braking,2.5,2.5,23.963636363636365,22.8,1.0,2,5.4,1.0,63C0A_Trip377,1
2026-04-23 15:27:10+00:00,52.380037,4.900269,301.0,Sudden braking,2.1,2.1,23.345454545454544,20.7,1.0,2,3.5,1.0,63C0A_Trip377,1
2026-04-23 15:28:27+00:00,52.382925,4.893562,275.0,Sudden braking,2.3,2.3,17.19090909090909,15.9,1.0,3,5.4,1.0,63C0A_Trip377,1
2026-04-23 15:28:28+00:00,52.382937,4.893485,285.0,Sudden braking,2.0,2.0,16.8,13.9,1.0,3,1.4,1.0,63C0A_Trip377,1
2026-04-23 15:28:55+00:00,52.384856,4.893262,11.0,Sudden braking,2.2,2.2,27.172727272727272,28.3,1.0,2,8.1,1.0,63C0A_Trip377,1
2026-04-23 15:28:56+00:00,52.384928,4.893286,7.0,Sudden braking,2.6,2.6,25.863636363636363,25.7,1.0,3,6.5,1.0,63C0A_Trip377,1
2026-04-23 15:28:57+00:00,52.384985,4.893306,7.0,Sudden braking,2.7,2.7,24.763636363636362,23.0,1.0,3,5.7,1.0,63C0A_Trip377,1
2026-04-23 15:28:58+00:00,52.385036,4.893313,4.0,Sudden braking,2.4,2.4,23.9,20.6,1.0,3,6.0,1.0,63C0A_Trip377,1
2026-04-23 15:29:34+00:00,52.387988,4.892188,345.0,Sudden braking,2.3,2.3,29.28181818181818,30.1,1.0,2,8.1,1.0,63C0A_Trip377,1
2026-04-23 15:29:35+00:00,52.388059,4.892158,345.0,Sudden braking,2.7,2.7,27.827272727272728,27.4,1.0,2,7.2,1.0,63C0A_Trip377,1
2026-04-23 15:29:36+00:00,52.388122,4.892132,345.0,Sudden braking,2.6,2.6,26.509090909090908,24.8,1.0,2,5.9,1.0,63C0A_Trip377,1
2026-04-23 15:29:37+00:00,52.388174,4.892111,345.0,Sudden braking,2.1,2.1,25.4,22.7,1.0,2,5.5,1.0,63C0A_Trip377,1
2026-04-23 15:29:59+00:00,52.389612,4.891178,304.0,Sudden braking,2.0,2.0,27.663636363636364,27.4,1.0,2,7.3,1.0,63C0A_Trip377,1
2026-04-23 15:30:21+00:00,52.389896,4.889397,282.0,Sudden braking,2.2,2.2,17.6,18.2,1.0,2,4.7,1.0,63C0A_Trip377,1
2026-04-23 15:30:22+00:00,52.389906,4.88933,282.0,Sudden braking,2.3,2.3,16.118181818181817,15.9,1.0,2,4.1,1.0,63C0A_Trip377,1
2026-04-23 15:30:23+00:00,52.389914,4.889271,282.0,Sudden braking,2.1,2.1,15.3,13.8,0.999,2,3.6,0.999,63C0A_Trip377,1
2026-04-23 15:31:52+00:00,52.390609,4.885317,310.0,Sudden braking,2.3,2.3,15.99090909090909,16.2,1.0,3,4.1,1.0,63C0A_Trip377,1
2026-04-23 15:31:53+00:00,52.390632,4.88527,314.0,Sudden braking,2.2,2.2,15.21,14.0,1.0,3,3.0,1.0,63C0A_Trip377,1
2026-04-23 15:31:54+00:00,52.39065,4.885237,314.0,Sudden braking,2.2,2.2,14.344444444444445,11.8,1.0,4,2.1,1.0,63C0A_Trip377,1
2026-04-23 15:31:55+00:00,52.390663,4.885214,314.0,Sudden braking,2.2,2.2,13.4125,9.6,1.0,4,2.0,1.0,63C0A_Trip377,1
2026-04-23 15:33:00+00:00,52.391585,4.878619,283.0,Sudden braking,2.5,2.5,30.7,33.1,1.0,2,9.1,1.0,63C0A_Trip377,1
2026-04-23 15:33:01+00:00,52.391607,4.87849,283.0,Sudden braking,3.3,3.3,28.70909090909091,29.8,1.0,2,7.6,1.0,63C0A_Trip377,1
2026-04-23 15:33:02+00:00,52.391622,4.87838,287.0,Sudden braking,3.6,3.6,26.62727272727273,26.2,1.0,2,5.9,1.0,63C0A_Trip377,1
2026-04-23 15:33:03+00:00,52.391649,4.878306,295.0,Sudden braking,3.4,3.4,24.454545454545453,22.8,1.0,2,4.7,1.0,63C0A_Trip377,1
2026-04-23 15:33:04+00:00,52.391671,4.878247,306.0,Sudden braking,2.9,2.9,22.21818181818182,19.9,1.0,3,5.2,1.0,63C0A_Trip377,1
2026-04-23 15:33:05+00:00,52.391702,4.878189,306.0,Sudden braking,2.0,2.0,19.972727272727273,17.9,1.0,2,5.0,1.0,63C0A_Trip377,1
2026-04-23 15:34:03+00:00,52.392853,4.876152,279.0,Sudden braking,2.7,2.7,23.68,25.8,1.0,2,6.9,1.0,63C0A_Trip377,1
2026-04-23 15:34:04+00:00,52.392858,4.87605,271.0,Sudden braking,4.2,4.2,21.09,21.6,1.0,3,6.0,1.0,63C0A_Trip377,1
2026-04-23 15:34:05+00:00,52.392854,4.875962,271.0,Sudden braking,4.9,4.9,19.922222222222224,16.7,1.0,2,2.9,1.0,63C0A_Trip377,1
2026-04-23 15:34:06+00:00,52.392853,4.87592,272.0,Sudden braking,4.8,4.8,17.166666666666668,11.9,1.0,3,1.1,1.0,63C0A_Trip377,1
2026-04-23 15:34:07+00:00,52.392851,4.875904,272.0,Sudden braking,2.0,2.0,14.722222222222223,7.9,2.0,3,1.7,2.0,63C0A_Trip377,1
2026-04-23 15:34:31+00:00,52.392886,4.873401,272.0,Sudden braking,2.4,2.4,31.62727272727273,36.2,1.0,2,9.8,1.0,63C0A_Trip377,1
2026-04-23 15:34:32+00:00,52.392889,4.873257,272.0,Sudden braking,4.1,4.1,29.53636363636364,32.1,1.0,2,8.5,1.0,63C0A_Trip377,1
2026-04-23 15:34:33+00:00,52.392893,4.873132,272.0,Sudden braking,5.2,5.2,27.581818181818182,26.9,1.0,2,5.7,1.0,63C0A_Trip377,1
2026-04-23 15:34:34+00:00,52.392891,4.873048,272.0,Sudden braking,5.0,5.0,25.845454545454547,21.9,1.0,2,3.1,1.0,63C0A_Trip377,1
2026-04-23 15:34:35+00:00,52.392892,4.873002,272.0,Sudden braking,3.9,3.9,24.46,18.0,0.999,2,3.3,0.999,63C0A_Trip377,1
2026-04-23 15:34:36+00:00,52.392893,4.872953,272.0,Sudden braking,2.1,2.1,22.96,15.9,1.0,2,3.9,1.0,63C0A_Trip377,1
2026-04-23 15:35:06+00:00,52.392926,4.868777,264.0,Sudden braking,2.0,2.0,32.43636363636364,36.4,1.0,3,9.9,1.0,63C0A_Trip377,1
2026-04-23 15:35:07+00:00,52.392912,4.868632,259.0,Sudden braking,3.2,3.2,29.927272727272726,33.2,1.0,3,8.8,1.0,63C0A_Trip377,1
2026-04-23 15:35:08+00:00,52.39288,4.868514,245.0,Sudden braking,3.8,3.8,27.29090909090909,29.4,1.0,3,6.6,1.0,63C0A_Trip377,1
2026-04-23 15:35:09+00:00,52.392849,4.868431,242.0,Sudden braking,4.4,4.4,24.7,25.0,1.0,3,6.4,1.0,63C0A_Trip377,1
2026-04-23 15:35:10+00:00,52.392805,4.86837,235.0,Sudden braking,5.1,5.1,22.327272727272728,19.9,1.0,3,4.9,1.0,63C0A_Trip377,1
2026-04-23 15:35:11+00:00,52.392778,4.868313,235.0,Sudden braking,4.5,4.5,20.3,15.4,1.0,3,3.6,1.0,63C0A_Trip377,1
2026-04-23 15:35:12+00:00,52.392775,4.86826,236.0,Sudden braking,3.0,3.0,18.71818181818182,12.4,1.0,3,1.2,1.0,63C0A_Trip377,1
2026-04-23 15:41:36+00:00,52.417654,4.826894,20.0,Sudden braking,3.1,3.1,27.511111111111113,33.7,1.0,1,9.5,1.0,63C0A_Trip377,1
2026-04-23 15:41:37+00:00,52.417735,4.826936,17.0,Sudden braking,4.2,4.2,24.08888888888889,29.5,1.0,1,8.3,1.0,63C0A_Trip377,1
2026-04-23 15:41:38+00:00,52.41781,4.826947,9.0,Sudden braking,5.0,5.0,20.544444444444444,24.5,1.0,1,12.5,1.0,63C0A_Trip377,1
2026-04-23 15:41:39+00:00,52.417859,4.826781,32.0,Sudden braking,5.2,5.2,17.044444444444444,19.3,1.0,1,3.0,1.0,63C0A_Trip377,1
2026-04-23 15:41:40+00:00,52.417879,4.826811,35.0,Sudden braking,4.6,4.6,15.8,14.7,1.0,2,2.1,1.0,63C0A_Trip377,1
2026-04-23 15:41:41+00:00,52.417895,4.826828,35.0,Sudden braking,3.6,3.6,15.8,11.1,1.0,2,1.8,1.0,63C0A_Trip377,1
2026-04-23 15:41:42+00:00,52.41791,4.826836,28.0,Sudden braking,2.5,2.5,13.811111111111112,8.6,1.0,1,1.9,1.0,63C0A_Trip377,1
2026-04-23 15:47:50+00:00,52.423898,4.827672,6.0,Sudden braking,2.5,2.5,29.327272727272728,30.8,1.0,4,8.5,1.0,63C0A_Trip377,1
2026-04-23 15:47:51+00:00,52.423973,4.827697,6.0,Sudden braking,3.2,3.2,28.49,27.6,1.0,2,7.4,1.0,63C0A_Trip377,1
2026-04-23 15:47:52+00:00,52.424039,4.827715,6.0,Sudden braking,3.4,3.4,26.8,24.2,1.0,3,5.7,1.0,63C0A_Trip377,1
2026-04-23 15:47:53+00:00,52.42409,4.827708,6.0,Sudden braking,2.8,2.8,25.42,21.4,1.0,3,4.3,1.0,63C0A_Trip377,1
2026-04-23 15:48:33+00:00,52.4269,4.82743,345.0,Sudden braking,2.55,2.55,36.78333333333333,34.4,0.981,3,9.8,0.981,63C0A_Trip377,1
2026-04-23 15:50:22+00:00,52.434133,4.818632,318.0,Sudden braking,2.2,2.2,26.44,29.9,1.0,2,6.8,1.0,63C0A_Trip377,1
2026-04-23 15:50:23+00:00,52.434179,4.818567,320.0,Sudden braking,2.1,2.1,26.44,27.8,1.0,2,7.3,1.0,63C0A_Trip377,1
2026-04-23 16:03:39+00:00,52.485087,4.805947,320.0,Sudden braking,2.4,2.4,14.74,14.2,1.0,3,4.8,1.0,63C0A_Trip377,1
2026-04-23 16:03:40+00:00,52.485118,4.805898,315.0,Sudden braking,2.9,2.9,13.811111111111112,11.3,1.0,3,3.5,1.0,63C0A_Trip377,1
2026-04-23 16:03:41+00:00,52.485139,4.80586,312.0,Sudden braking,2.9,2.9,12.8,8.4,1.0,3,0.2,1.0,63C0A_Trip377,1
2026-04-23 16:13:10+00:00,52.495456,4.757428,280.0,Sudden braking,2.8,2.8,26.583333333333332,23.2,1.0,2,7.3,1.0,63C0A_Trip377,1
2026-04-23 16:21:33+00:00,52.519618,4.706978,336.0,Sudden braking,2.2,2.2,33.644444444444446,31.2,1.0,3,8.0,1.0,63C0A_Trip377,1
2026-04-23 16:22:18+00:00,52.521951,4.702419,312.0,Sudden braking,3.0,3.0,25.51818181818182,26.6,1.0,3,6.7,1.0,63C0A_Trip377,1
2026-04-23 16:22:19+00:00,52.521991,4.702345,311.0,Sudden braking,3.6,3.6,24.318181818181817,23.0,1.0,3,4.3,1.0,63C0A_Trip377,1
2026-04-23 16:22:20+00:00,52.522016,4.702297,314.0,Sudden braking,3.1,3.1,23.3,19.9,1.0,3,1.6,1.0,63C0A_Trip377,1
2026-04-23 16:22:21+00:00,52.522026,4.70228,314.0,Sudden braking,2.2,2.2,22.38,17.7,1.0,3,0.4,1.0,63C0A_Trip377,1
2026-04-23 16:25:12+00:00,52.535738,4.695533,354.0,Sudden braking,2.1,2.1,29.118181818181817,27.7,1.0,2,7.4,1.0,63C0A_Trip377,1
2026-04-23 16:26:48+00:00,52.539559,4.685861,311.0,Sudden braking,3.1,3.1,30.881818181818183,31.0,1.0,3,9.4,1.0,63C0A_Trip377,1
2026-04-23 16:26:49+00:00,52.539615,4.685757,311.0,Sudden braking,2.9,2.9,30.072727272727274,28.1,1.0,3,5.9,1.0,63C0A_Trip377,1
2026-04-23 16:26:50+00:00,52.539653,4.685695,311.0,Sudden braking,2.4,2.4,29.418181818181818,25.7,1.0,3,5.5,1.0,63C0A_Trip377,1
2026-04-23 16:40:41+00:00,52.368857,4.913882,119.0,Sudden braking,2.3,2.3,16.772727272727273,17.3,1.0,2,3.9,1.0,604F0_Trip382,1
2026-04-23 16:40:42+00:00,52.368837,4.913929,119.0,Sudden braking,2.6,2.6,15.654545454545454,14.7,1.0,2,3.1,1.0,604F0_Trip382,1
2026-04-23 16:40:43+00:00,52.368816,4.91396,119.0,Sudden braking,2.3,2.3,14.618181818181819,12.4,1.0,2,2.7,1.0,604F0_Trip382,1
2026-04-23 16:41:30+00:00,52.366693,4.911985,210.0,Sudden braking,2.7,2.7,16.49,17.2,1.0,2,4.1,1.0,604F0_Trip382,1
2026-04-23 16:41:31+00:00,52.366661,4.911956,209.0,Sudden braking,3.0,3.0,15.677777777777777,14.2,1.0,2,1.3,1.0,604F0_Trip382,1
2026-04-23 16:41:32+00:00,52.366651,4.911947,209.0,Sudden braking,3.6,3.6,14.7125,10.6,1.0,2,2.8,1.0,604F0_Trip382,1
2026-04-23 16:41:33+00:00,52.366629,4.911927,209.0,Sudden braking,3.7,3.7,13.557142857142857,6.9,1.0,2,1.7,1.0,604F0_Trip382,1
2026-04-23 16:41:57+00:00,52.366222,4.911348,203.0,Sudden braking,2.1,2.1,17.30909090909091,16.9,1.0,2,10.5,1.0,604F0_Trip382,1
2026-04-23 16:41:58+00:00,52.366274,4.911219,224.0,Sudden braking,2.2,2.2,17.01818181818182,14.7,1.0,2,4.1,1.0,604F0_Trip382,1
2026-04-23 16:43:08+00:00,52.364403,4.906206,260.0,Sudden braking,2.7,2.7,13.366666666666667,13.4,1.0,2,1.3,1.0,604F0_Trip382,1
2026-04-23 16:44:29+00:00,52.363802,4.90318,254.0,Sudden braking,2.4,2.4,17.581818181818182,18.0,1.0,2,4.4,1.0,604F0_Trip382,1
2026-04-23 16:44:30+00:00,52.363796,4.903116,258.0,Sudden braking,2.6,2.6,16.827272727272728,15.4,1.0,2,2.7,1.0,604F0_Trip382,1
2026-04-23 16:44:31+00:00,52.363785,4.903082,254.0,Sudden braking,2.0,2.0,16.21818181818182,13.4,1.0,2,1.9,1.0,604F0_Trip382,1
2026-04-23 16:44:42+00:00,52.363634,4.902427,253.0,Sudden braking,2.2,2.2,14.42,13.8,1.0,2,3.4,1.0,604F0_Trip382,1
2026-04-23 16:44:43+00:00,52.363622,4.902382,250.0,Sudden braking,2.1,2.1,13.91,11.7,1.0,2,2.1,1.0,604F0_Trip382,1
2026-04-23 16:45:27+00:00,52.362998,4.898854,252.0,Sudden braking,2.1,2.1,14.481818181818182,15.0,1.0,2,3.0,1.0,604F0_Trip382,1
2026-04-23 16:45:28+00:00,52.362989,4.898813,252.0,Sudden braking,2.3,2.3,13.77,12.7,1.0,2,2.5,1.0,604F0_Trip382,1
2026-04-23 16:45:29+00:00,52.362982,4.898778,252.0,Sudden braking,2.4,2.4,12.966666666666667,10.3,1.0,2,2.3,1.0,604F0_Trip382,1
2026-04-23 16:45:30+00:00,52.362976,4.898746,250.0,Sudden braking,2.0,2.0,12.05,8.3,1.0,2,1.4,1.0,604F0_Trip382,1
2026-04-23 16:46:33+00:00,52.359854,4.898769,203.0,Sudden braking,2.0,2.0,17.854545454545455,18.2,1.0,2,4.1,1.0,604F0_Trip382,1
2026-04-23 16:46:34+00:00,52.35982,4.89875,203.0,Sudden braking,2.1,2.1,16.645454545454545,16.1,1.0,2,2.9,1.0,604F0_Trip382,1
2026-04-23 16:46:35+00:00,52.359795,4.898736,203.0,Sudden braking,2.0,2.0,15.50909090909091,14.1,1.0,2,3.5,1.0,604F0_Trip382,1
2026-04-23 16:49:42+00:00,52.362635,4.883963,312.0,Sudden braking,2.2,2.2,12.872727272727273,12.9,1.0,2,2.5,1.0,604F0_Trip382,1
2026-04-23 16:49:43+00:00,52.362644,4.883929,302.0,Sudden braking,2.1,2.1,12.11,10.8,1.0,2,1.4,1.0,604F0_Trip382,1
2026-04-23 16:55:38+00:00,52.355025,4.855969,253.0,Sudden braking,2.2,2.2,18.736363636363638,20.1,1.0,2,5.2,1.0,604F0_Trip382,1
2026-04-23 16:55:39+00:00,52.355003,4.855901,249.0,Sudden braking,2.5,2.5,17.372727272727275,17.6,1.0,2,3.3,1.0,604F0_Trip382,1
2026-04-23 16:55:40+00:00,52.354998,4.855853,252.0,Sudden braking,2.5,2.5,15.918181818181818,15.1,1.0,2,2.2,1.0,604F0_Trip382,1
2026-04-23 16:55:41+00:00,52.354989,4.855824,247.0,Sudden braking,2.3,2.3,14.354545454545455,12.8,1.0,2,3.9,1.0,604F0_Trip382,1
2026-04-23 16:58:07+00:00,52.355725,4.844507,269.0,Sudden braking,2.0,2.0,17.7,17.0,1.0,2,3.8,1.0,604F0_Trip382,1
2026-04-23 17:01:21+00:00,52.356348,4.827716,272.0,Sudden braking,2.3,2.3,14.73,14.9,1.0,2,3.6,1.0,604F0_Trip382,1
2026-04-23 17:01:22+00:00,52.356354,4.827665,275.0,Sudden braking,3.1,3.1,13.866666666666667,11.8,1.0,2,2.3,1.0,604F0_Trip382,1
2026-04-23 17:01:23+00:00,52.35636,4.827633,277.0,Sudden braking,3.1,3.1,12.924999999999999,8.7,1.0,2,1.2,1.0,604F0_Trip382,1
2026-04-24 09:00:02+00:00,52.344974,4.944844,315.0,Sudden braking,2.0,2.0,11.745454545454546,12.9,1.0,2,3.4,1.0,602DE_Trip390,1
2026-04-24 09:00:04+00:00,52.345002,4.944798,315.0,Sudden braking,2.4,2.4,9.981818181818182,8.6,1.0,2,3.7,1.0,602DE_Trip390,1
2026-04-24 09:00:05+00:00,52.345026,4.944758,315.0,Sudden braking,2.1,2.1,9.136363636363637,6.5,1.0,2,1.7,1.0,602DE_Trip390,1
2026-04-24 09:01:35+00:00,52.347791,4.940494,322.0,Sudden braking,2.0,2.0,9.15,7.4,1.0,1,1.5,1.0,602DE_Trip390,1
2026-04-24 09:01:36+00:00,52.347803,4.940483,323.0,Sudden braking,2.3,2.3,7.7375,5.1,1.0,1,1.0,1.0,602DE_Trip390,1
2026-04-24 09:02:43+00:00,52.348342,4.939489,316.0,Sudden braking,2.0,2.0,14.633333333333333,16.0,1.0,2,5.2,1.0,602DE_Trip390,1
2026-04-24 09:02:46+00:00,52.348398,4.939391,310.0,Sudden braking,2.6,2.6,12.49,11.0,1.0,2,1.2,1.0,602DE_Trip390,1
2026-04-24 09:09:45+00:00,52.359854,4.925548,338.0,Sudden braking,2.4,2.4,10.255555555555556,9.0,1.0,1,1.5,1.0,602DE_Trip390,1
2026-04-24 09:09:46+00:00,52.359868,4.925545,338.0,Sudden braking,2.6,2.6,8.655555555555555,6.4,1.0,1,1.1,1.0,602DE_Trip390,1
2026-04-24 09:12:13+00:00,52.362278,4.923978,344.0,Sudden braking,2.4,2.4,10.963636363636363,10.7,1.0,2,2.8,1.0,602DE_Trip390,1
2026-04-24 09:15:23+00:00,52.36732,4.925653,44.0,Sudden braking,2.1,2.1,9.280000000000001,8.8,1.0,2,5.1,1.0,602DE_Trip390,1
2026-04-24 09:15:59+00:00,52.368164,4.923933,299.0,Sudden braking,2.0,2.0,11.372727272727273,11.9,1.0,2,2.6,1.0,602DE_Trip390,1
2026-04-24 09:16:00+00:00,52.368172,4.923897,294.0,Sudden braking,2.0,2.0,10.672727272727274,9.9,1.0,2,3.7,1.0,602DE_Trip390,1
2026-04-24 09:18:12+00:00,52.371043,4.915492,305.0,Sudden braking,2.6,2.6,12.37,11.7,1.0,2,4.2,1.0,602DE_Trip390,1
2026-04-24 09:18:13+00:00,52.371069,4.915446,319.0,Sudden braking,2.6,2.6,11.7,9.1,1.0,3,2.5,1.0,602DE_Trip390,1
2026-04-24 09:18:35+00:00,52.371493,4.916436,65.0,Sudden braking,2.2,2.2,11.709090909090909,7.9,1.0,2,4.1,1.0,602DE_Trip390,1
2026-04-24 09:18:43+00:00,52.371641,4.916827,69.0,Sudden braking,2.4,2.4,8.355555555555556,7.8,1.0,2,3.1,1.0,602DE_Trip390,1
2026-04-24 09:19:42+00:00,52.372985,4.917212,303.0,Sudden braking,2.1,2.1,10.29,9.7,1.0,2,5.1,1.0,602DE_Trip390,1
2026-04-24 09:19:43+00:00,52.373022,4.917168,316.0,Sudden braking,2.2,2.2,9.37,7.5,1.0,2,1.2,1.0,602DE_Trip390,1
2026-04-24 14:52:09+00:00,52.375941,4.921629,12.0,Sudden braking,2.1,2.1,19.172727272727272,20.0,1.0,2,9.9,1.0,602B1_Trip396,1
2026-04-24 14:52:10+00:00,52.376013,4.921715,27.0,Sudden braking,2.4,2.4,17.881818181818183,17.6,1.0,3,5.7,1.0,602B1_Trip396,1
2026-04-24 14:54:50+00:00,52.379253,4.925757,107.0,Sudden braking,2.0,2.0,23.272727272727273,23.1,1.0,3,4.7,1.0,602B1_Trip396,1
2026-04-24 16:19:32+00:00,52.371676,4.916327,254.0,Sudden braking,2.2,2.2,10.272727272727273,10.1,1.0,2,5.9,1.0,602DE_Trip398,1
2026-04-24 16:19:33+00:00,52.371652,4.91625,246.0,Sudden braking,2.0,2.0,9.636363636363637,8.1,1.0,2,1.7,1.0,602DE_Trip398,1
2026-04-24 16:22:50+00:00,52.367642,4.925395,120.0,Sudden braking,2.2,2.2,11.488888888888889,10.0,1.0,2,2.5,1.0,602DE_Trip398,1
2026-04-24 16:22:51+00:00,52.367621,4.925408,141.0,Sudden braking,2.1,2.1,10.4,7.9,1.0,2,1.3,1.0,602DE_Trip398,1
2026-04-24 16:25:56+00:00,52.363465,4.930459,179.0,Sudden braking,2.0,2.0,14.863636363636363,14.9,1.0,2,3.3,1.0,602DE_Trip398,1
2026-04-24 16:25:57+00:00,52.363435,4.930463,179.0,Sudden braking,2.1,2.1,14.00909090909091,12.8,1.0,2,2.3,1.0,602DE_Trip398,1
2026-04-24 16:31:07+00:00,52.35383,4.930286,136.0,Sudden braking,2.1,2.1,16.327272727272728,16.7,1.0,2,4.1,1.0,602DE_Trip398,1
2026-04-24 16:31:08+00:00,52.353803,4.930328,136.0,Sudden braking,2.1,2.1,15.181818181818182,14.6,1.0,2,3.0,1.0,602DE_Trip398,1
2026-04-24 16:31:09+00:00,52.353787,4.930363,137.0,Sudden braking,2.1,2.1,14.172727272727272,12.5,1.0,2,2.7,1.0,602DE_Trip398,1
2026-04-24 16:32:17+00:00,52.351627,4.933793,139.0,Sudden braking,2.1,2.1,13.6,12.1,1.0,2,4.5,1.0,602DE_Trip398,1
2026-04-24 16:32:41+00:00,52.350779,4.934936,184.0,Sudden braking,2.2,2.2,8.9375,7.3,1.0,2,2.6,1.0,602DE_Trip398,1
2026-04-24 16:34:15+00:00,52.348194,4.93926,138.0,Sudden braking,2.1,2.1,14.233333333333333,12.7,1.0,2,4.1,1.0,602DE_Trip398,1
2026-04-24 16:34:16+00:00,52.348165,4.939297,143.0,Sudden braking,2.0,2.0,13.255555555555556,10.7,0.999,2,2.4,0.999,602DE_Trip398,1
2026-04-24 16:36:39+00:00,52.343435,4.946863,135.0,Sudden braking,2.1,2.1,16.51818181818182,15.5,1.0,2,5.0,1.0,602DE_Trip398,1
2026-04-24 16:36:54+00:00,52.342952,4.947654,134.0,Sudden braking,2.0,2.0,15.290909090909091,15.9,1.0,2,5.3,1.0,602DE_Trip398,1
2026-04-24 16:36:55+00:00,52.342915,4.947705,136.0,Sudden braking,2.1,2.1,14.99090909090909,13.8,1.0,2,1.8,1.0,602DE_Trip398,1
2026-04-25 07:40:49+00:00,52.338898,4.95019,245.0,Sudden braking,2.0,2.0,13.50909090909091,11.3,1.0,2,1.1,1.0,602DE_Trip399,1
2026-04-25 07:43:43+00:00,52.339092,4.939526,318.0,Sudden braking,3.0,3.0,18.822222222222223,16.8,1.0,2,6.1,1.0,602DE_Trip399,1
2026-04-25 07:48:19+00:00,52.348412,4.928003,314.0,Sudden braking,2.3,2.3,13.74,14.4,1.002,2,6.2,1.002,602DE_Trip399,1
2026-04-25 07:48:21+00:00,52.348447,4.927932,313.0,Sudden braking,2.4,2.4,11.83,12.0,1.0,2,1.7,1.0,602DE_Trip399,1
2026-04-25 07:48:22+00:00,52.348458,4.927915,315.0,Sudden braking,2.2,2.2,10.87,9.8,1.0,2,3.5,1.0,602DE_Trip399,1
2026-04-25 07:48:23+00:00,52.348479,4.927877,315.0,Sudden braking,2.0,2.0,9.92,7.8,1.0,2,3.0,1.0,602DE_Trip399,1
2026-04-25 07:49:10+00:00,52.350075,4.925261,318.0,Sudden braking,2.2,2.2,12.155555555555555,11.5,1.0,2,2.8,1.0,602DE_Trip399,1
2026-04-25 07:49:11+00:00,52.350094,4.925235,320.0,Sudden braking,2.6,2.6,11.65,8.9,1.0,2,1.8,1.0,602DE_Trip399,1
2026-04-25 14:51:29+00:00,52.358598,4.917177,338.0,Sudden braking,2.3,2.3,10.75,8.6,1.0,2,1.8,1.0,602DE_Trip432,1
2026-04-25 14:52:32+00:00,52.359797,4.917086,16.0,Sudden braking,2.0,2.0,12.44,9.5,1.0,2,5.1,1.0,602DE_Trip432,1
2026-04-25 14:56:45+00:00,52.365774,4.927079,39.0,Sudden braking,2.1,2.1,9.0875,6.1,1.0,2,1.4,1.0,602DE_Trip432,1
2026-04-25 14:58:22+00:00,52.368087,4.924151,305.0,Sudden braking,2.2,2.2,10.68,10.5,1.0,2,2.4,1.0,602DE_Trip432,1
2026-04-25 14:58:23+00:00,52.368103,4.924128,314.0,Sudden braking,2.4,2.4,9.61,8.1,1.0,2,4.4,1.0,602DE_Trip432,1
2026-04-25 18:07:14+00:00,52.371379,4.915189,239.0,Sudden braking,2.0,2.0,9.277777777777779,7.6,1.0,2,1.2,1.0,602DE_Trip437,1
2026-04-25 18:07:15+00:00,52.371369,4.915183,222.0,Sudden braking,2.1,2.1,8.6375,5.5,1.0,2,1.4,1.0,602DE_Trip437,1
2026-04-25 18:17:03+00:00,52.366576,4.925629,136.0,Sudden braking,2.0,2.0,10.59,10.2,1.0,2,4.4,1.0,602DE_Trip438,1
2026-04-25 18:27:54+00:00,52.34796,4.93968,137.0,Sudden braking,2.2,2.2,14.71,13.6,1.0,2,4.1,1.0,602DE_Trip438,1
2026-04-25 19:27:41+00:00,52.371221,4.934459,246.0,Sudden braking,2.5,2.5,9.48,9.6,1.0,2,5.0,1.0,602B1_Trip439,1
2026-04-25 19:27:44+00:00,52.371175,4.934452,180.0,Sudden braking,2.2,2.2,7.242857142857143,4.9,1.0,2,1.2,1.0,602B1_Trip439,1
2026-04-25 19:27:45+00:00,52.371179,4.934436,195.0,Sudden braking,2.3,2.3,5.357142857142857,2.6,1.0,2,1.0,1.0,602B1_Trip439,1
2026-04-25 19:30:49+00:00,52.366172,4.932866,272.0,Sudden braking,3.1,3.1,16.11111111111111,16.0,1.0,2,3.8,1.0,602B1_Trip439,1
2026-04-25 19:30:50+00:00,52.366159,4.932815,260.0,Sudden braking,4.2,4.2,14.144444444444444,11.8,1.0,2,2.9,1.0,602B1_Trip439,1
2026-04-25 19:30:51+00:00,52.366133,4.93281,228.0,Sudden braking,3.9,3.9,12.166666666666668,7.9,1.0,3,1.4,1.0,602B1_Trip439,1
2026-04-26 11:11:22+00:00,52.353188,4.970985,343.0,Sudden braking,2.5,2.5,10.48,11.6,1.0,3,4.4,1.0,602DE_Trip441,1
2026-04-27 05:18:07+00:00,52.348662,4.927564,313.0,Sudden braking,2.2,2.2,13.811111111111112,14.7,1.0,2,5.3,1.0,602DE_Trip444,1
2026-04-27 05:18:10+00:00,52.348721,4.927463,316.0,Sudden braking,2.2,2.2,11.3,10.3,1.0,2,3.6,1.0,602DE_Trip444,1
2026-04-27 05:18:11+00:00,52.348741,4.927422,314.0,Sudden braking,2.2,2.2,10.74,8.1,1.0,2,3.3,1.0,602DE_Trip444,1
2026-04-27 05:19:20+00:00,52.350738,4.924203,315.0,Sudden braking,2.1,2.1,13.75,13.8,1.0,2,4.6,1.0,602DE_Trip444,1
2026-04-27 05:19:23+00:00,52.350797,4.924105,317.0,Sudden braking,2.0,2.0,12.65,9.8,1.0,3,3.7,1.0,602DE_Trip444,1
2026-04-27 05:21:20+00:00,52.354615,4.920173,334.0,Sudden braking,2.4,2.4,14.43,12.9,1.0,2,7.1,1.0,602DE_Trip444,1
2026-04-28 05:09:41+00:00,52.340412,4.937192,317.0,Sudden braking,2.3,2.3,14.011111111111111,13.9,1.0,2,4.9,1.0,602DE_Trip448,1
2026-04-28 05:10:26+00:00,52.341936,4.934899,318.0,Sudden braking,2.2,2.2,13.118181818181817,14.2,1.0,2,4.4,1.0,602DE_Trip448,1
2026-04-28 05:10:27+00:00,52.341963,4.934851,313.0,Sudden braking,2.1,2.1,12.336363636363636,12.1,1.0,2,1.0,1.0,602DE_Trip448,1
2026-04-28 05:10:28+00:00,52.341964,4.934836,304.0,Sudden braking,2.3,2.3,11.627272727272727,9.8,1.0,2,2.6,1.0,602DE_Trip448,1
2026-04-28 05:10:29+00:00,52.341981,4.93481,314.0,Sudden braking,2.1,2.1,10.918181818181818,7.7,1.0,2,3.5,1.0,602DE_Trip448,1
2026-04-28 05:15:40+00:00,52.350949,4.923842,315.0,Sudden braking,2.2,2.2,10.14,6.5,1.0,2,4.4,1.0,602DE_Trip448,1
2026-04-28 08:06:16+00:00,52.353812,4.809239,73.0,Sudden braking,2.1,2.1,16.61111111111111,16.4,1.0,2,4.0,1.0,604F0_Trip450,1
2026-04-28 08:06:17+00:00,52.35382,4.809296,74.0,Sudden braking,2.9,2.9,16.1,13.5,1.0,2,2.8,1.0,604F0_Trip450,1
2026-04-28 08:06:18+00:00,52.353828,4.809336,73.0,Sudden braking,3.0,3.0,15.428571428571429,10.5,1.0,2,1.9,1.0,604F0_Trip450,1
2026-04-28 08:10:21+00:00,52.356106,4.82696,90.0,Sudden braking,2.1,2.1,16.254545454545454,16.7,1.0,2,3.6,1.0,604F0_Trip450,1
2026-04-28 08:10:22+00:00,52.356102,4.827013,94.0,Sudden braking,2.2,2.2,14.754545454545454,14.5,1.0,2,3.3,1.0,604F0_Trip450,1
2026-04-28 08:10:23+00:00,52.356093,4.827058,104.0,Sudden braking,2.1,2.1,13.91,12.4,1.0,2,2.8,1.0,604F0_Trip450,1
2026-04-28 08:21:14+00:00,52.361575,4.881631,56.0,Sudden braking,2.5,2.5,15.76,18.6,1.0,2,4.5,1.0,604F0_Trip450,1
2026-04-28 08:21:15+00:00,52.361605,4.881677,50.0,Sudden braking,3.1,3.1,14.777777777777779,15.5,1.0,2,3.1,1.0,604F0_Trip450,1
2026-04-28 08:21:16+00:00,52.361624,4.88171,49.0,Sudden braking,3.3,3.3,13.625,12.2,1.0,2,2.1,1.0,604F0_Trip450,1
2026-04-28 08:21:17+00:00,52.36164,4.881729,44.0,Sudden braking,3.2,3.2,11.0875,9.0,1.0,2,1.1,1.0,604F0_Trip450,1
2026-04-28 08:21:18+00:00,52.361647,4.881741,43.0,Sudden braking,3.0,3.0,9.657142857142857,6.0,1.0,2,1.2,1.0,604F0_Trip450,1
2026-04-28 08:27:35+00:00,52.362174,4.907005,72.0,Sudden braking,2.0,2.0,15.32,17.6,1.0,2,4.5,1.0,604F0_Trip450,1
2026-04-28 08:27:36+00:00,52.362187,4.907067,72.0,Sudden braking,2.6,2.6,14.354545454545455,15.0,1.0,2,3.3,1.0,604F0_Trip450,1
2026-04-28 08:27:37+00:00,52.3622,4.907111,72.0,Sudden braking,2.5,2.5,13.58,12.5,1.0,2,2.2,1.0,604F0_Trip450,1
2026-04-28 08:27:38+00:00,52.362212,4.907138,71.0,Sudden braking,2.2,2.2,12.677777777777777,10.3,1.0,2,2.1,1.0,604F0_Trip450,1
2026-04-28 08:27:39+00:00,52.362221,4.907165,74.0,Sudden braking,2.5,2.5,11.65,7.8,1.0,2,2.0,1.0,604F0_Trip450,1
2026-04-28 08:27:40+00:00,52.362228,4.907192,74.0,Sudden braking,2.1,2.1,10.514285714285714,5.7,1.0,2,1.2,1.0,604F0_Trip450,1
2026-04-28 08:29:07+00:00,52.36421,4.906238,340.0,Sudden braking,2.1,2.1,17.327272727272728,17.1,1.0,2,4.2,1.0,604F0_Trip450,1
2026-04-28 08:29:08+00:00,52.364245,4.906217,340.0,Sudden braking,2.2,2.2,16.30909090909091,14.9,1.0,2,1.9,1.0,604F0_Trip450,1
2026-04-28 08:29:09+00:00,52.364261,4.906207,340.0,Sudden braking,2.1,2.1,15.60909090909091,12.8,1.0,2,1.9,1.0,604F0_Trip450,1
2026-04-28 08:30:23+00:00,52.366098,4.911577,30.0,Sudden braking,2.4,2.4,15.32,15.9,1.0,2,3.3,1.0,604F0_Trip450,1
2026-04-28 08:30:24+00:00,52.366121,4.911609,30.0,Sudden braking,2.6,2.6,14.622222222222224,13.3,1.0,2,2.4,1.0,604F0_Trip450,1
2026-04-28 08:30:25+00:00,52.366135,4.911636,30.0,Sudden braking,3.1,3.1,13.762500000000001,10.2,1.0,2,2.4,1.0,604F0_Trip450,1
2026-04-28 08:30:26+00:00,52.366147,4.911666,30.0,Sudden braking,3.3,3.3,11.4125,6.9,1.0,2,2.4,1.0,604F0_Trip450,1
2026-04-28 08:31:25+00:00,52.368376,4.9136,26.0,Sudden braking,2.2,2.2,19.418181818181818,20.6,1.0,2,5.0,1.0,604F0_Trip450,1
2026-04-28 08:31:26+00:00,52.368418,4.913625,24.0,Sudden braking,2.3,2.3,18.736363636363638,18.3,1.0,2,2.4,1.0,604F0_Trip450,1
2026-04-28 08:31:27+00:00,52.368433,4.913649,29.0,Sudden braking,2.2,2.2,18.0,16.1,1.0,2,3.0,1.0,604F0_Trip450,1
2026-04-28 08:32:55+00:00,52.371033,4.913258,93.0,Sudden braking,2.1,2.1,9.9,8.8,1.0,2,1.9,1.0,604F0_Trip450,1
2026-04-28 08:33:17+00:00,52.371089,4.914713,56.0,Sudden braking,2.1,2.1,19.327272727272728,17.3,1.0,2,3.7,1.0,604F0_Trip450,1
2026-04-28 08:33:38+00:00,52.371689,4.916307,65.0,Sudden braking,2.9,2.9,18.7625,16.6,1.0,2,4.7,1.0,604F0_Trip450,1
2026-04-28 08:33:39+00:00,52.371716,4.916359,58.0,Sudden braking,3.4,3.4,16.6,13.2,1.0,2,1.6,1.0,604F0_Trip450,1
2026-04-28 08:33:44+00:00,52.371737,4.916395,33.0,Sudden braking,3.0,3.0,6.6,7.0,1.0,2,1.9,1.0,604F0_Trip450,1
2026-04-28 08:33:45+00:00,52.371745,4.916418,43.0,Sudden braking,2.2,2.2,5.242857142857143,4.8,1.0,2,1.3,1.0,604F0_Trip450,1
2026-04-28 17:21:14+00:00,52.376094,4.921857,38.0,Sudden braking,2.6,2.6,18.13,19.0,1.0,2,4.2,1.0,602B1_Trip451,1
2026-04-28 17:21:15+00:00,52.376118,4.921906,44.0,Sudden braking,3.1,3.1,17.38888888888889,15.9,1.0,2,3.5,1.0,602B1_Trip451,1
2026-04-28 17:21:16+00:00,52.376143,4.921936,48.0,Sudden braking,3.7,3.7,15.255555555555556,12.2,1.0,2,2.4,1.0,602B1_Trip451,1
2026-04-28 17:21:17+00:00,52.376157,4.921962,52.0,Sudden braking,3.4,3.4,14.125,8.8,1.0,2,1.0,1.0,602B1_Trip451,1
2026-04-29 08:59:21+00:00,52.340928,4.951704,315.0,Sudden braking,2.2,2.2,9.427272727272728,7.4,1.0,2,2.9,1.0,602DE_Trip459,1
2026-04-29 09:07:22+00:00,52.35372,4.93088,314.0,Sudden braking,2.0,2.0,8.71111111111111,7.6,1.0,2,1.8,1.0,602DE_Trip459,1
2026-04-29 09:07:23+00:00,52.353735,4.930869,319.0,Sudden braking,2.3,2.3,8.1,5.3,1.0,2,1.3,1.0,602DE_Trip459,1
2026-04-29 09:15:59+00:00,52.363676,4.930592,6.0,Sudden braking,2.0,2.0,11.16,9.5,1.0,2,5.7,1.0,602DE_Trip459,1
2026-04-29 09:16:00+00:00,52.363727,4.930585,5.0,Sudden braking,2.0,2.0,11.299999999999999,7.5,1.0,2,2.8,1.0,602DE_Trip459,1
2026-04-29 09:20:28+00:00,52.370075,4.918366,300.0,Sudden braking,2.1,2.1,14.64,13.4,1.0,2,5.2,1.0,602DE_Trip459,1
2026-04-29 09:20:51+00:00,52.370574,4.916957,297.0,Sudden braking,2.7,2.7,12.745454545454544,13.5,1.0,2,5.1,1.0,602DE_Trip459,1
2026-04-29 09:20:52+00:00,52.370601,4.916895,299.0,Sudden braking,2.5,2.5,11.799999999999999,11.0,1.0,2,1.5,1.0,602DE_Trip459,1
2026-04-29 09:20:53+00:00,52.370607,4.916915,320.0,Sudden braking,2.5,2.5,10.863636363636363,8.5,1.0,2,2.8,1.0,602DE_Trip459,1
2026-04-29 10:11:02+00:00,52.353797,4.809224,72.0,Sudden braking,2.0,2.0,16.64,16.9,1.0,2,4.3,1.0,604F0_Trip463,1
2026-04-29 10:11:03+00:00,52.35381,4.809284,71.0,Sudden braking,2.4,2.4,15.866666666666667,14.5,1.0,2,3.0,1.0,604F0_Trip463,1
2026-04-29 10:11:04+00:00,52.353817,4.809327,72.0,Sudden braking,2.8,2.8,15.024999999999999,11.7,1.001,2,2.1,1.001,604F0_Trip463,1
2026-04-29 10:11:06+00:00,52.353824,4.809355,71.0,Sudden braking,2.7,2.7,13.049999999999999,9.0,1.0,2,1.2,1.0,604F0_Trip463,1
2026-04-29 10:19:00+00:00,52.35495,4.850042,89.0,Sudden braking,2.2,2.2,14.0,15.2,1.0,2,3.2,1.0,604F0_Trip463,1
2026-04-29 10:19:01+00:00,52.354951,4.850089,89.0,Sudden braking,2.5,2.5,13.43,12.7,1.0,2,2.1,1.0,604F0_Trip463,1
2026-04-29 10:19:02+00:00,52.354951,4.850121,89.0,Sudden braking,2.5,2.5,12.744444444444444,10.2,1.0,2,1.7,1.0,604F0_Trip463,1
2026-04-29 10:19:03+00:00,52.354951,4.850146,89.0,Sudden braking,2.3,2.3,11.899999999999999,7.9,1.0,2,2.0,1.0,604F0_Trip463,1
2026-04-29 10:19:46+00:00,52.354834,4.852786,94.0,Sudden braking,2.1,2.1,17.381818181818183,17.3,1.0,2,3.8,1.0,604F0_Trip463,1
2026-04-29 10:19:47+00:00,52.354831,4.852841,94.0,Sudden braking,2.1,2.1,16.527272727272727,15.2,1.0,2,3.2,1.0,604F0_Trip463,1
2026-04-29 10:20:12+00:00,52.354739,4.854909,78.0,Sudden braking,2.0,2.0,19.363636363636363,20.8,1.0,2,5.6,1.0,604F0_Trip463,1
2026-04-29 10:20:13+00:00,52.354751,4.854988,75.0,Sudden braking,2.4,2.4,17.854545454545455,18.4,1.0,2,4.0,1.0,604F0_Trip463,1
2026-04-29 10:20:14+00:00,52.354761,4.855045,75.0,Sudden braking,2.6,2.6,16.336363636363636,15.8,1.0,2,2.5,1.0,604F0_Trip463,1
2026-04-29 10:20:15+00:00,52.354769,4.85508,72.0,Sudden braking,2.6,2.6,14.854545454545455,13.2,1.0,2,2.6,1.0,604F0_Trip463,1
2026-04-29 10:20:16+00:00,52.354776,4.855116,72.0,Sudden braking,2.0,2.0,13.49090909090909,11.2,1.0,2,2.3,1.0,604F0_Trip463,1
2026-04-29 10:23:51+00:00,52.358797,4.875322,66.0,Sudden braking,2.2,2.2,19.154545454545456,19.1,1.0,2,4.3,1.0,604F0_Trip463,1
2026-04-29 10:23:52+00:00,52.358802,4.875384,67.0,Sudden braking,2.5,2.5,18.71818181818182,16.6,1.0,2,4.0,1.0,604F0_Trip463,1
2026-04-29 10:24:13+00:00,52.359297,4.877124,67.0,Sudden braking,2.1,2.1,19.39090909090909,20.0,1.0,2,4.9,1.0,604F0_Trip463,1
2026-04-29 10:24:14+00:00,52.359318,4.877187,66.0,Sudden braking,2.4,2.4,18.509090909090908,17.6,1.0,2,4.1,1.0,604F0_Trip463,1
2026-04-29 10:24:15+00:00,52.359336,4.87724,66.0,Sudden braking,2.3,2.3,17.836363636363636,15.3,1.0,2,3.2,1.0,604F0_Trip463,1
2026-04-29 10:25:26+00:00,52.359223,4.881862,157.0,Sudden braking,2.1,2.1,17.972727272727273,17.6,1.0,2,4.4,1.0,604F0_Trip463,1
2026-04-29 10:26:41+00:00,52.360395,4.885814,37.0,Sudden braking,2.1,2.1,13.672727272727272,14.4,1.0,2,3.6,1.0,604F0_Trip463,1
2026-04-29 10:26:42+00:00,52.360416,4.885856,47.0,Sudden braking,2.0,2.0,13.19,12.4,1.0,2,3.9,1.0,604F0_Trip463,1
2026-04-29 10:26:43+00:00,52.360441,4.885895,45.0,Sudden braking,2.1,2.1,12.544444444444444,10.3,1.0,2,3.2,1.0,604F0_Trip463,1
2026-04-29 10:28:32+00:00,52.363301,4.888648,29.0,Sudden braking,2.4,2.4,15.39090909090909,16.3,1.0,2,3.4,1.0,604F0_Trip463,1
2026-04-29 10:28:33+00:00,52.363328,4.888672,28.0,Sudden braking,2.7,2.7,14.227272727272727,13.6,0.999,2,2.0,0.999,604F0_Trip463,1
2026-04-29 10:28:33+00:00,52.363342,4.888692,28.0,Sudden braking,2.7,2.7,13.290909090909091,10.9,1.0,2,2.0,1.0,604F0_Trip463,1
2026-04-29 10:28:34+00:00,52.363354,4.888713,28.0,Sudden braking,2.2,2.2,12.654545454545454,8.7,1.0,2,1.4,1.0,604F0_Trip463,1
2026-04-29 10:29:27+00:00,52.362799,4.893115,103.0,Sudden braking,2.3,2.3,20.154545454545453,19.7,1.0,2,3.9,1.0,604F0_Trip463,1
2026-04-29 10:29:28+00:00,52.36279,4.893171,103.0,Sudden braking,2.5,2.5,19.87272727272727,17.2,1.0,2,3.5,1.0,604F0_Trip463,1
2026-04-29 10:32:16+00:00,52.364296,4.906463,72.0,Sudden braking,2.0,2.0,19.354545454545455,17.9,1.0,2,5.8,1.0,604F0_Trip463,1
2026-04-29 10:32:40+00:00,52.364765,4.908598,74.0,Sudden braking,2.5,2.5,19.7,20.2,1.0,2,5.8,1.0,604F0_Trip463,1
2026-04-29 10:32:41+00:00,52.364776,4.908681,74.0,Sudden braking,3.3,3.3,19.4,16.9,1.0,2,3.5,1.0,604F0_Trip463,1
2026-04-29 10:32:42+00:00,52.364778,4.908733,74.0,Sudden braking,3.2,3.2,18.885714285714286,13.7,1.0,2,1.1,1.0,604F0_Trip463,1
2026-04-29 10:33:05+00:00,52.365054,4.910286,72.0,Sudden braking,2.6,2.6,19.60909090909091,19.6,1.0,2,4.6,1.0,604F0_Trip463,1
2026-04-29 10:33:06+00:00,52.365067,4.910349,72.0,Sudden braking,2.6,2.6,18.945454545454545,17.0,1.0,2,3.3,1.0,604F0_Trip463,1
2026-04-29 10:33:25+00:00,52.365881,4.911404,29.0,Sudden braking,2.2,2.2,21.418181818181818,21.3,1.0,2,5.5,1.0,604F0_Trip463,1
2026-04-29 10:33:26+00:00,52.365929,4.911421,29.0,Sudden braking,2.1,2.1,20.054545454545455,19.2,1.0,2,4.0,1.0,604F0_Trip463,1
2026-04-29 10:34:27+00:00,52.368456,4.913753,25.0,Sudden braking,2.4,2.4,18.154545454545456,18.7,1.0,2,4.4,1.0,604F0_Trip463,1
2026-04-29 10:34:28+00:00,52.36849,4.913785,28.0,Sudden braking,2.6,2.6,17.3,16.1,1.0,2,3.4,1.0,604F0_Trip463,1
2026-04-29 10:34:29+00:00,52.368519,4.913806,29.0,Sudden braking,2.3,2.3,16.445454545454545,13.8,1.0,2,2.5,1.0,604F0_Trip463,1
2026-04-29 10:35:01+00:00,52.369498,4.912329,304.0,Sudden braking,2.1,2.1,15.690909090909091,13.6,1.0,2,2.6,1.0,604F0_Trip463,1
2026-04-29 11:10:04+00:00,52.379472,4.923227,251.0,Sudden braking,2.7,2.7,9.8,10.5,1.0,2,3.7,1.0,602B1_Trip467,1
2026-04-29 11:10:05+00:00,52.379439,4.923231,233.0,Sudden braking,2.7,2.7,8.545454545454545,7.8,1.0,2,5.3,1.0,602B1_Trip467,1
2026-04-29 11:10:06+00:00,52.379399,4.923275,176.0,Sudden braking,2.1,2.1,7.8,5.7,1.0,2,2.4,1.0,602B1_Trip467,1
2026-04-29 11:11:27+00:00,52.376603,4.921776,201.0,Sudden braking,2.2,2.2,19.60909090909091,22.5,1.0,2,7.0,1.0,602B1_Trip467,1
2026-04-29 11:11:28+00:00,52.376541,4.921788,187.0,Sudden braking,3.6,3.6,17.827272727272728,18.9,1.0,2,3.2,1.0,602B1_Trip467,1
2026-04-29 11:11:29+00:00,52.376513,4.921772,186.0,Sudden braking,3.8,3.8,16.09090909090909,15.1,1.0,2,1.4,1.0,602B1_Trip467,1
2026-04-29 11:11:30+00:00,52.376511,4.921751,190.0,Sudden braking,3.2,3.2,14.409090909090908,11.9,1.0,2,5.7,1.0,602B1_Trip467,1
2026-04-29 11:11:31+00:00,52.376544,4.921688,233.0,Sudden braking,2.6,2.6,12.709090909090909,9.3,1.0,2,5.4,1.0,602B1_Trip467,1
2026-04-29 11:18:25+00:00,52.373367,4.916579,312.0,Sudden braking,2.6,2.6,17.53,16.3,1.001,3,5.9,1.001,602B1_Trip467,1
2026-04-29 11:18:27+00:00,52.37339,4.916502,312.0,Sudden braking,2.5,2.5,17.18,13.8,1.0,3,1.1,1.0,602B1_Trip467,1
2026-04-29 17:21:07+00:00,52.371376,4.915169,213.0,Sudden braking,2.01,2.01,6.9625,5.9,0.993,2,1.5,0.993,602DE_Trip469,1
2026-04-29 17:27:40+00:00,52.362611,4.930467,185.0,Sudden braking,2.0,2.0,11.72,10.6,1.0,2,7.9,1.0,602DE_Trip469,1
2026-04-29 17:29:29+00:00,52.359113,4.931147,251.0,Sudden braking,2.0,2.0,10.511111111111111,9.7,1.0,3,6.5,1.0,602DE_Trip469,1
2026-04-29 17:31:35+00:00,52.356515,4.927339,180.0,Sudden braking,2.0,2.0,9.93,9.2,1.0,2,5.2,1.0,602DE_Trip469,1
2026-04-29 17:32:36+00:00,52.354354,4.929539,136.0,Sudden braking,2.9,2.9,15.577777777777778,17.7,1.0,2,5.7,1.0,602DE_Trip469,1
2026-04-29 17:32:39+00:00,52.354282,4.929669,129.0,Sudden braking,3.4,3.4,12.12,10.6,1.0,2,1.8,1.0,602DE_Trip469,1
2026-04-29 17:32:40+00:00,52.354288,4.929645,139.0,Sudden braking,2.1,2.1,10.72,8.5,1.0,2,1.1,1.0,602DE_Trip469,1
2026-04-29 17:35:14+00:00,52.349942,4.936454,135.0,Sudden braking,2.6,2.6,9.914285714285715,13.4,1.0,2,6.1,1.0,602DE_Trip469,1
2026-04-29 17:35:15+00:00,52.349902,4.936515,134.0,Sudden braking,2.5,2.5,9.7125,10.9,1.0,2,1.8,1.0,602DE_Trip469,1
2026-04-29 17:35:27+00:00,52.349534,4.937074,137.0,Sudden braking,2.9,2.9,13.709090909090909,13.8,1.0,3,6.2,1.0,602DE_Trip469,1
2026-04-29 17:35:28+00:00,52.349494,4.937137,136.0,Sudden braking,2.1,2.1,13.290909090909091,11.7,1.0,3,2.0,1.0,602DE_Trip469,1
2026-04-29 17:36:41+00:00,52.347519,4.940375,135.0,Sudden braking,2.4,2.4,13.854545454545455,14.9,1.0,3,1.5,1.0,602DE_Trip469,1
2026-04-29 17:36:42+00:00,52.347509,4.94039,136.0,Sudden braking,2.7,2.7,13.9,12.2,1.0,2,1.5,1.0,602DE_Trip469,1
2026-04-29 17:36:43+00:00,52.3475,4.940406,135.0,Sudden braking,2.2,2.2,13.827272727272728,10.0,1.0,2,2.0,1.0,602DE_Trip469,1
2026-04-29 17:41:55+00:00,52.339377,4.954889,107.0,Sudden braking,2.0,2.0,10.4625,8.8,1.0,2,1.8,1.0,602DE_Trip469,1
2026-04-29 17:41:56+00:00,52.339368,4.954912,112.0,Sudden braking,2.1,2.1,10.014285714285714,6.7,1.0,2,1.1,1.0,602DE_Trip469,1
2026-04-29 18:28:26+00:00,52.364425,4.906422,252.0,Sudden braking,2.0,2.0,13.954545454545455,14.0,1.0,2,2.3,1.0,604F0_Trip471,1
2026-04-29 18:28:27+00:00,52.364423,4.906388,252.0,Sudden braking,2.1,2.1,12.736363636363636,11.9,1.0,2,3.0,1.0,604F0_Trip471,1
2026-04-29 18:30:17+00:00,52.361993,4.898907,158.0,Sudden braking,2.2,2.2,17.727272727272727,18.4,1.0,2,3.5,1.0,604F0_Trip471,1
2026-04-29 18:30:18+00:00,52.361964,4.898928,155.0,Sudden braking,2.4,2.4,16.79090909090909,16.0,1.0,2,3.6,1.0,604F0_Trip471,1
2026-04-29 18:30:19+00:00,52.361936,4.898953,153.0,Sudden braking,2.1,2.1,15.9,13.9,1.0,2,3.2,1.0,604F0_Trip471,1
2026-04-29 18:32:12+00:00,52.359631,4.891747,279.0,Sudden braking,2.0,2.0,15.072727272727272,15.0,1.0,2,3.7,1.0,604F0_Trip471,1
2026-04-29 18:33:12+00:00,52.36113,4.887054,309.0,Sudden braking,2.5,2.5,21.336363636363636,21.3,1.0,2,4.9,1.0,604F0_Trip471,1
2026-04-29 18:33:13+00:00,52.361153,4.886993,306.0,Sudden braking,2.6,2.6,20.863636363636363,18.7,1.0,2,3.2,1.0,604F0_Trip471,1
2026-04-29 18:33:14+00:00,52.361167,4.886951,303.0,Sudden braking,2.2,2.2,20.60909090909091,16.5,1.0,2,2.9,1.0,604F0_Trip471,1
2026-04-29 18:33:52+00:00,52.362562,4.883924,308.0,Sudden braking,2.2,2.2,18.155555555555555,17.7,1.001,2,4.2,1.001,604F0_Trip471,1
2026-04-29 18:33:53+00:00,52.362589,4.883881,311.0,Sudden braking,3.4,3.4,16.4,14.3,1.0,2,3.5,1.0,604F0_Trip471,1
2026-04-29 18:33:54+00:00,52.362612,4.883846,313.0,Sudden braking,3.7,3.7,15.3,10.6,1.0,2,2.1,1.0,604F0_Trip471,1
2026-04-29 18:34:48+00:00,52.361957,4.88198,231.0,Sudden braking,2.0,2.0,13.17,12.8,1.0,2,2.8,1.0,604F0_Trip471,1
2026-04-29 18:34:49+00:00,52.361946,4.881943,239.0,Sudden braking,2.6,2.6,12.38888888888889,10.2,1.0,2,2.1,1.0,604F0_Trip471,1
2026-04-29 18:34:50+00:00,52.361944,4.881912,251.0,Sudden braking,2.5,2.5,11.5375,7.7,1.0,2,1.9,1.0,604F0_Trip471,1
2026-04-29 18:36:31+00:00,52.360842,4.874015,311.0,Sudden braking,2.2,2.2,17.6,17.7,1.0,2,4.5,1.0,604F0_Trip471,1
2026-04-29 18:36:32+00:00,52.360882,4.874006,332.0,Sudden braking,2.2,2.2,16.627272727272725,15.5,1.0,2,22.4,1.0,604F0_Trip471,1
2026-04-29 18:36:33+00:00,52.361073,4.873906,336.0,Sudden braking,2.0,2.0,15.845454545454546,13.5,1.0,2,3.1,1.0,604F0_Trip471,1
2026-04-30 09:22:21+00:00,52.356102,4.827092,112.0,Sudden braking,2.0,2.0,12.455555555555556,11.0,1.0,2,2.5,1.0,604F0_Trip475,1
2026-04-30 09:22:22+00:00,52.35609,4.827122,112.0,Sudden braking,2.4,2.4,11.5875,8.6,1.0,2,1.6,1.0,604F0_Trip475,1
2026-04-30 09:22:23+00:00,52.356082,4.827141,112.0,Sudden braking,2.5,2.5,10.657142857142857,6.1,1.0,2,2.0,1.0,604F0_Trip475,1
2026-04-30 09:27:02+00:00,52.35495,4.849943,89.0,Sudden braking,2.2,2.2,19.41,19.9,1.0,2,4.8,1.0,604F0_Trip475,1
2026-04-30 09:27:03+00:00,52.35495,4.850014,89.0,Sudden braking,2.7,2.7,17.61,17.2,1.0,2,3.8,1.0,604F0_Trip475,1
2026-04-30 09:27:04+00:00,52.35495,4.85007,89.0,Sudden braking,2.9,2.9,16.711111111111112,14.3,1.0,2,2.9,1.0,604F0_Trip475,1
2026-04-30 09:27:05+00:00,52.354951,4.850114,89.0,Sudden braking,3.0,3.0,14.855555555555556,11.3,1.0,2,2.1,1.0,604F0_Trip475,1
2026-04-30 09:31:45+00:00,52.358832,4.875321,65.0,Sudden braking,2.5,2.5,17.490909090909092,16.7,1.0,2,3.7,1.0,604F0_Trip475,1
2026-04-30 09:31:46+00:00,52.358845,4.875371,66.0,Sudden braking,2.2,2.2,17.21818181818182,14.5,1.0,2,2.2,1.0,604F0_Trip475,1
2026-04-30 09:32:56+00:00,52.360351,4.880946,66.0,Sudden braking,2.1,2.1,19.636363636363637,19.6,1.0,2,4.8,1.0,604F0_Trip475,1
2026-04-30 09:32:57+00:00,52.360371,4.881008,66.0,Sudden braking,2.2,2.2,19.28181818181818,17.4,1.0,2,4.4,1.0,604F0_Trip475,1
2026-04-30 09:33:19+00:00,52.359266,4.881854,156.0,Sudden braking,2.4,2.4,16.11,16.5,1.0,2,3.8,1.0,604F0_Trip475,1
2026-04-30 09:33:20+00:00,52.359237,4.881882,157.0,Sudden braking,2.7,2.7,15.444444444444445,13.8,1.0,2,2.7,1.0,604F0_Trip475,1
2026-04-30 09:33:21+00:00,52.359214,4.881899,156.0,Sudden braking,3.0,3.0,14.625,10.8,1.0,2,2.3,1.0,604F0_Trip475,1
2026-04-30 09:33:22+00:00,52.359195,4.881911,156.0,Sudden braking,2.7,2.7,13.628571428571428,8.1,1.0,2,2.1,1.0,604F0_Trip475,1
2026-04-30 09:34:36+00:00,52.360451,4.885938,46.0,Sudden braking,3.5,3.5,14.7375,17.3,1.001,2,11.5,1.001,604F0_Trip475,1
2026-04-30 09:34:37+00:00,52.360388,4.885804,42.0,Sudden braking,3.74,3.74,14.61111111111111,13.6,0.99,2,10.4,0.99,604F0_Trip475,1
2026-04-30 09:34:38+00:00,52.360333,4.885679,49.0,Sudden braking,2.6,2.6,14.55,11.0,1.0,2,4.9,1.0,604F0_Trip475,1
2026-04-30 09:34:47+00:00,52.360506,4.885968,46.0,Sudden braking,2.1,2.1,9.785714285714286,8.3,1.0,2,2.0,1.0,604F0_Trip475,1
2026-04-30 09:34:48+00:00,52.36051,4.885998,67.0,Sudden braking,2.3,2.3,9.083333333333334,6.0,1.0,2,1.9,1.0,604F0_Trip475,1
2026-04-30 09:35:43+00:00,52.361002,4.88669,40.0,Sudden braking,2.1,2.1,16.76,17.5,1.0,2,5.3,1.0,604F0_Trip475,1
2026-04-30 09:35:44+00:00,52.361042,4.886733,36.0,Sudden braking,2.9,2.9,15.72,14.6,1.0,2,3.1,1.0,604F0_Trip475,1
2026-04-30 09:36:02+00:00,52.361674,4.887165,33.0,Sudden braking,2.2,2.2,15.46,15.4,1.0,2,3.9,1.0,604F0_Trip475,1
2026-04-30 09:36:03+00:00,52.361706,4.887189,31.0,Sudden braking,2.6,2.6,14.34,12.8,1.0,2,2.7,1.0,604F0_Trip475,1
2026-04-30 09:36:04+00:00,52.361729,4.887204,30.0,Sudden braking,2.5,2.5,13.35,10.3,1.0,2,1.5,1.0,604F0_Trip475,1
2026-04-30 09:36:26+00:00,52.362399,4.887797,32.0,Sudden braking,2.2,2.2,12.263636363636364,13.4,1.0,2,3.5,1.0,604F0_Trip475,1
2026-04-30 09:36:27+00:00,52.362429,4.887815,27.0,Sudden braking,2.4,2.4,11.163636363636364,11.0,1.0,2,1.6,1.0,604F0_Trip475,1
2026-04-30 09:36:28+00:00,52.362441,4.887825,27.0,Sudden braking,2.3,2.3,10.081818181818182,8.7,1.0,2,1.3,1.0,604F0_Trip475,1
2026-04-30 09:36:29+00:00,52.362453,4.887831,23.0,Sudden braking,2.0,2.0,9.145454545454546,6.7,1.0,2,1.1,1.0,604F0_Trip475,1
2026-04-30 09:37:45+00:00,52.362889,4.892499,102.0,Sudden braking,2.0,2.0,8.672727272727272,8.0,1.0,2,2.7,1.0,604F0_Trip475,1
2026-04-30 09:40:42+00:00,52.364273,4.905668,71.0,Sudden braking,2.4,2.4,18.89090909090909,19.3,1.0,2,4.6,1.0,604F0_Trip475,1
2026-04-30 09:40:43+00:00,52.364284,4.905733,72.0,Sudden braking,2.5,2.5,17.636363636363637,16.8,1.0,2,3.7,1.0,604F0_Trip475,1
2026-04-30 09:40:44+00:00,52.3643,4.905783,71.0,Sudden braking,2.0,2.0,16.272727272727273,14.8,1.0,2,3.5,1.0,604F0_Trip475,1
2026-04-30 09:40:51+00:00,52.364271,4.906083,134.0,Sudden braking,2.2,2.2,7.6,6.2,1.0,2,2.0,1.0,604F0_Trip475,1
2026-04-30 09:44:06+00:00,52.369463,4.912287,304.0,Sudden braking,2.0,2.0,16.754545454545454,16.9,1.0,2,4.1,1.0,604F0_Trip475,1
2026-04-30 09:44:07+00:00,52.369495,4.912255,317.0,Sudden braking,2.2,2.2,16.063636363636363,14.7,1.0,2,4.2,1.0,604F0_Trip475,1
2026-04-30 09:44:08+00:00,52.369532,4.912267,347.0,Sudden braking,2.0,2.0,15.50909090909091,12.7,1.0,2,3.3,1.0,604F0_Trip475,1
2026-04-30 15:32:30+00:00,52.346968,4.941207,139.0,Sudden braking,2.0,2.0,13.981818181818182,12.1,1.0,2,2.4,1.0,602DE_Trip476,1
2026-04-30 15:36:27+00:00,52.340153,4.952293,161.0,Sudden braking,2.0,2.0,9.675,7.0,1.0,1,1.6,1.0,602DE_Trip476,1
2026-05-01 05:50:15+00:00,52.356118,4.826959,88.0,Sudden braking,2.0,2.0,17.63,20.8,1.0,2,5.7,1.0,604F0_Trip478,1
2026-05-01 05:50:16+00:00,52.356109,4.827042,96.0,Sudden braking,2.8,2.8,16.8,18.0,1.0,2,4.1,1.0,604F0_Trip478,1
2026-05-01 05:50:17+00:00,52.356094,4.827097,105.0,Sudden braking,3.3,3.3,14.78888888888889,14.7,1.0,2,2.8,1.0,604F0_Trip478,1
2026-05-01 05:50:18+00:00,52.35608,4.82713,115.0,Sudden braking,3.5,3.5,13.6375,11.2,1.0,2,1.4,1.0,604F0_Trip478,1
2026-05-01 05:50:19+00:00,52.35607,4.827143,124.0,Sudden braking,2.9,2.9,11.775,8.3,1.0,2,1.1,1.0,604F0_Trip478,1
2026-05-01 05:54:51+00:00,52.35495,4.850084,89.0,Sudden braking,2.2,2.2,14.639999999999999,14.2,1.0,2,3.2,1.0,604F0_Trip478,1
2026-05-01 05:54:52+00:00,52.354951,4.850131,89.0,Sudden braking,2.6,2.6,13.88888888888889,11.6,1.0,2,2.2,1.0,604F0_Trip478,1
2026-05-01 05:54:53+00:00,52.354951,4.850163,89.0,Sudden braking,2.4,2.4,12.566666666666666,9.2,1.0,2,1.3,1.0,604F0_Trip478,1
2026-05-01 06:00:13+00:00,52.359352,4.877253,66.0,Sudden braking,2.0,2.0,15.89090909090909,18.6,1.0,1,4.5,1.0,604F0_Trip478,1
2026-05-01 06:00:14+00:00,52.359363,4.877316,67.0,Sudden braking,2.7,2.7,15.38,15.9,1.0,1,3.2,1.0,604F0_Trip478,1
2026-05-01 06:00:15+00:00,52.359375,4.877359,67.0,Sudden braking,3.1,3.1,13.6,12.8,1.0,1,2.3,1.0,604F0_Trip478,1
2026-05-01 06:00:16+00:00,52.359382,4.87739,67.0,Sudden braking,3.3,3.3,12.666666666666668,9.5,1.0,1,1.9,1.0,604F0_Trip478,1
2026-05-01 06:00:17+00:00,52.359382,4.877418,67.0,Sudden braking,3.0,3.0,11.525,6.5,1.0,1,1.4,1.0,604F0_Trip478,1
2026-05-01 06:02:49+00:00,52.359756,4.884959,42.0,Sudden braking,2.0,2.0,20.3,19.1,1.001,2,4.6,1.001,604F0_Trip478,1
2026-05-01 06:03:12+00:00,52.360532,4.88597,49.0,Sudden braking,2.9,2.9,9.055555555555555,6.9,1.0,2,1.0,1.0,604F0_Trip478,1
2026-05-01 06:03:13+00:00,52.360536,4.885983,53.0,Sudden braking,2.5,2.5,8.2875,4.4,1.0,2,1.9,1.0,604F0_Trip478,1
2026-05-01 06:03:58+00:00,52.361604,4.887047,30.0,Sudden braking,2.6,2.6,16.445454545454545,17.5,1.0,2,3.8,1.0,604F0_Trip478,1
2026-05-01 06:03:59+00:00,52.361629,4.887086,40.0,Sudden braking,2.7,2.7,15.736363636363636,14.8,1.0,2,3.4,1.0,604F0_Trip478,1
2026-05-01 06:04:00+00:00,52.361647,4.887127,50.0,Sudden braking,2.2,2.2,14.990909090909092,12.6,1.0,2,3.0,1.0,604F0_Trip478,1
2026-05-01 06:04:41+00:00,52.363294,4.88861,29.0,Sudden braking,2.1,2.1,16.881818181818183,18.3,1.0,2,4.6,1.0,604F0_Trip478,1
2026-05-01 06:04:42+00:00,52.36333,4.888642,28.0,Sudden braking,2.5,2.5,16.09090909090909,15.8,1.0,2,3.6,1.0,604F0_Trip478,1
2026-05-01 06:04:43+00:00,52.363358,4.888668,28.0,Sudden braking,2.2,2.2,15.445454545454545,13.6,1.0,2,2.9,1.0,604F0_Trip478,1
2026-05-01 06:06:08+00:00,52.364922,4.892794,11.0,Sudden braking,2.0,2.0,22.636363636363637,24.1,1.0,2,7.6,1.0,604F0_Trip478,1
2026-05-01 06:06:09+00:00,52.364986,4.892829,11.0,Sudden braking,2.2,2.2,21.80909090909091,21.9,1.0,2,5.9,1.0,604F0_Trip478,1
2026-05-01 06:10:25+00:00,52.376104,4.902809,71.0,Sudden braking,2.1,2.1,14.27,13.8,1.0,2,3.7,1.0,604F0_Trip478,1
2026-05-01 06:10:26+00:00,52.376138,4.902818,71.0,Sudden braking,2.1,2.1,13.522222222222222,11.7,1.0,1,2.2,1.0,604F0_Trip478,1
2026-05-01 06:10:27+00:00,52.376156,4.902831,36.0,Sudden braking,2.3,2.3,11.833333333333334,9.4,1.0,1,2.6,1.0,604F0_Trip478,1
2026-05-01 08:12:43+00:00,52.340652,4.952157,313.0,Sudden braking,2.4,2.4,26.28181818181818,27.7,1.0,2,7.1,1.0,602DE_Trip479,1
2026-05-01 08:12:44+00:00,52.34069,4.952073,311.0,Sudden braking,3.1,3.1,25.927272727272726,24.6,1.0,2,7.5,1.0,602DE_Trip479,1
2026-05-01 08:12:45+00:00,52.340724,4.951977,307.0,Sudden braking,2.3,2.3,25.6,22.3,1.0,2,6.1,1.0,602DE_Trip479,1
2026-05-01 08:12:57+00:00,52.341059,4.951441,313.0,Sudden braking,2.1,2.1,14.318181818181818,14.6,1.0,2,3.2,1.0,602DE_Trip479,1
2026-05-01 08:12:58+00:00,52.341078,4.951406,313.0,Sudden braking,2.1,2.1,12.881818181818181,12.5,1.0,2,2.6,1.0,602DE_Trip479,1
2026-05-01 08:16:53+00:00,52.347174,4.941352,317.0,Sudden braking,2.0,2.0,14.045454545454545,14.5,1.0,2,5.6,1.0,602DE_Trip479,1
2026-05-01 08:18:52+00:00,52.350188,4.936525,316.0,Sudden braking,2.0,2.0,12.78888888888889,9.4,1.0,2,7.1,1.0,602DE_Trip479,1
2026-05-01 08:19:11+00:00,52.350819,4.935514,315.0,Sudden braking,2.2,2.2,9.733333333333333,9.9,1.0,2,2.8,1.0,602DE_Trip479,1
2026-05-01 08:19:40+00:00,52.351211,4.934626,316.0,Sudden braking,2.3,2.3,14.745454545454546,12.3,1.0,2,2.7,1.0,602DE_Trip479,1
2026-05-01 08:20:04+00:00,52.352077,4.933219,316.0,Sudden braking,2.9,2.9,17.12,16.3,1.0,2,4.4,1.0,602DE_Trip479,1
2026-05-01 08:20:05+00:00,52.352103,4.93317,298.0,Sudden braking,2.6,2.6,16.89,13.7,1.0,2,3.5,1.0,602DE_Trip479,1
2026-05-01 08:20:51+00:00,52.353794,4.930744,311.0,Sudden braking,2.2,2.2,15.32,15.6,1.0,2,6.5,1.0,602DE_Trip479,1
2026-05-01 08:24:15+00:00,52.360012,4.927481,49.0,Sudden braking,2.0,2.0,8.755555555555556,7.4,1.0,2,5.2,1.0,602DE_Trip479,1
2026-05-01 08:24:52+00:00,52.36056,4.929694,71.0,Sudden braking,2.5,2.5,9.85,9.6,1.0,2,5.4,1.0,602DE_Trip479,1
2026-05-01 08:25:36+00:00,52.362163,4.930629,0.0,Sudden braking,2.4,2.4,12.0,8.7,1.0,2,1.2,1.0,602DE_Trip479,1
2026-05-01 08:26:48+00:00,52.364793,4.92934,312.0,Sudden braking,2.0,2.0,11.27,11.6,1.0,2,3.2,1.0,602DE_Trip479,1
2026-05-01 08:27:24+00:00,52.36571,4.926999,335.0,Sudden braking,3.2,3.2,10.4125,9.9,1.0,2,3.0,1.0,602DE_Trip479,1
2026-05-01 08:29:01+00:00,52.368229,4.9234,299.0,Sudden braking,2.4,2.4,17.7,17.8,1.0,2,5.6,1.0,602DE_Trip479,1
2026-05-01 08:29:04+00:00,52.368284,4.923242,300.0,Sudden braking,2.1,2.1,14.572727272727272,13.0,1.0,2,7.4,1.0,602DE_Trip479,1
2026-05-01 08:29:33+00:00,52.369082,4.921048,299.0,Sudden braking,2.2,2.2,21.69,20.9,1.0,2,5.8,1.0,602DE_Trip479,1
2026-05-01 08:29:41+00:00,52.369243,4.920579,299.0,Sudden braking,2.6,2.6,16.21,14.6,1.0,2,2.3,1.0,602DE_Trip479,1
2026-05-01 08:32:39+00:00,52.373431,4.916397,306.0,Sudden braking,2.2,2.2,13.627272727272727,14.8,1.0,2,4.4,1.0,602DE_Trip479,1
2026-05-01 08:32:40+00:00,52.373462,4.916357,313.0,Sudden braking,2.4,2.4,12.854545454545455,12.4,1.0,2,1.6,1.0,602DE_Trip479,1
2026-05-01 08:32:41+00:00,52.373449,4.916367,312.0,Sudden braking,2.4,2.4,12.2,10.0,1.0,2,3.1,1.0,602DE_Trip479,1
2026-05-01 15:36:58+00:00,52.376125,4.92193,46.0,Sudden braking,2.7,2.7,13.0875,15.6,1.0,1,3.9,1.0,602B1_Trip487,1
2026-05-01 15:36:59+00:00,52.376145,4.921977,50.0,Sudden braking,3.5,3.5,11.871428571428572,12.1,1.0,1,2.6,1.0,602B1_Trip487,1
2026-05-01 15:37:00+00:00,52.376164,4.921999,47.0,Sudden braking,3.5,3.5,9.114285714285714,8.6,1.0,1,1.2,1.0,602B1_Trip487,1
2026-05-01 15:39:31+00:00,52.37936,4.923332,44.0,Sudden braking,2.0,2.0,19.427272727272726,16.6,1.0,2,6.2,1.0,602B1_Trip487,1
2026-05-01 17:56:59+00:00,52.376403,4.911542,245.0,Sudden braking,2.0,2.0,13.65,14.5,1.0,2,2.7,1.0,63C0A_Trip488,1
2026-05-01 17:57:00+00:00,52.376391,4.911507,244.0,Sudden braking,2.4,2.4,12.2625,12.1,1.0,2,3.2,1.0,63C0A_Trip488,1
2026-05-01 17:57:01+00:00,52.376373,4.91147,242.0,Sudden braking,2.1,2.1,11.2875,10.0,1.0,2,1.9,1.0,63C0A_Trip488,1
2026-05-01 17:57:15+00:00,52.37613,4.910767,242.0,Sudden braking,2.3,2.3,14.23,15.0,1.0,2,3.1,1.0,63C0A_Trip488,1
2026-05-01 17:57:16+00:00,52.376118,4.910727,242.0,Sudden braking,2.8,2.8,12.97,12.2,1.0,2,2.3,1.0,63C0A_Trip488,1
2026-05-01 17:57:17+00:00,52.376107,4.910698,242.0,Sudden braking,3.2,3.2,11.65,9.0,1.0,2,2.0,1.0,63C0A_Trip488,1
2026-05-01 17:58:34+00:00,52.37829,4.906875,282.0,Sudden braking,2.0,2.0,22.13,24.6,1.0,2,6.7,1.0,63C0A_Trip488,1
2026-05-01 17:58:35+00:00,52.378299,4.906777,282.0,Sudden braking,2.2,2.2,20.67,22.4,1.0,3,5.4,1.0,63C0A_Trip488,1
2026-05-01 17:58:36+00:00,52.378324,4.906708,279.0,Sudden braking,2.5,2.5,19.88888888888889,19.9,1.0,2,5.3,1.0,63C0A_Trip488,1
2026-05-01 17:58:37+00:00,52.378332,4.906631,273.0,Sudden braking,2.8,2.8,19.88888888888889,17.1,1.0,3,4.7,1.0,63C0A_Trip488,1
2026-05-01 17:58:38+00:00,52.378334,4.906563,273.0,Sudden braking,2.4,2.4,18.266666666666666,14.7,1.0,3,3.5,1.0,63C0A_Trip488,1
2026-05-01 17:59:10+00:00,52.378988,4.9036,305.0,Sudden braking,2.0,2.0,27.2,27.7,1.0,2,6.4,1.0,63C0A_Trip488,1
2026-05-01 17:59:11+00:00,52.379021,4.903524,305.0,Sudden braking,2.2,2.2,26.01818181818182,25.5,1.0,2,6.3,1.0,63C0A_Trip488,1
2026-05-01 17:59:12+00:00,52.379051,4.903444,303.0,Sudden braking,2.0,2.0,24.818181818181817,23.5,1.0,2,5.9,1.0,63C0A_Trip488,1
2026-05-01 17:59:45+00:00,52.379991,4.900396,301.0,Sudden braking,2.4,2.4,24.39090909090909,23.8,1.0,2,5.3,1.0,63C0A_Trip488,1
2026-05-01 17:59:46+00:00,52.380016,4.900329,301.0,Sudden braking,2.2,2.2,22.86,21.6,1.0,2,4.1,1.0,63C0A_Trip488,1
2026-05-01 18:00:51+00:00,52.382928,4.893819,269.0,Sudden braking,2.7,2.7,30.163636363636364,31.9,1.0,3,8.4,1.0,63C0A_Trip488,1
2026-05-01 18:00:52+00:00,52.382925,4.893696,267.0,Sudden braking,3.2,3.2,28.454545454545453,28.7,1.0,2,7.8,1.0,63C0A_Trip488,1
2026-05-01 18:00:53+00:00,52.382924,4.893581,275.0,Sudden braking,3.4,3.4,26.87272727272727,25.3,1.0,2,7.1,1.0,63C0A_Trip488,1
2026-05-01 18:00:54+00:00,52.382938,4.893479,285.0,Sudden braking,3.1,3.1,25.5,22.2,1.0,2,6.2,1.0,63C0A_Trip488,1
2026-05-01 18:00:55+00:00,52.382962,4.893397,293.0,Sudden braking,2.1,2.1,24.4,20.1,1.0,2,7.1,1.0,63C0A_Trip488,1
2026-05-01 18:01:21+00:00,52.384997,4.893335,7.0,Sudden braking,2.1,2.1,29.69090909090909,33.5,1.0,2,8.1,1.0,63C0A_Trip488,1
2026-05-01 18:01:22+00:00,52.38507,4.893343,4.0,Sudden braking,3.0,3.0,28.91,30.5,1.0,2,7.8,1.0,63C0A_Trip488,1
2026-05-01 18:01:23+00:00,52.38514,4.89335,2.0,Sudden braking,4.0,4.0,26.080000000000002,26.5,1.0,2,6.6,1.0,63C0A_Trip488,1
2026-05-01 18:01:24+00:00,52.385199,4.893353,2.0,Sudden braking,5.0,5.0,23.06,21.5,1.0,2,4.4,1.0,63C0A_Trip488,1
2026-05-01 18:01:25+00:00,52.385237,4.89337,2.0,Sudden braking,4.9,4.9,20.01,16.6,1.0,2,1.1,1.0,63C0A_Trip488,1
2026-05-01 18:01:26+00:00,52.385246,4.893362,0.0,Sudden braking,2.0,2.0,17.03,12.6,2.0,2,2.4,2.0,63C0A_Trip488,1
2026-05-01 18:01:28+00:00,52.385267,4.893356,0.0,Sudden braking,3.1,3.1,11.43,9.5,1.0,2,2.2,1.0,63C0A_Trip488,1
2026-05-01 18:01:29+00:00,52.385286,4.893366,358.0,Sudden braking,2.1,2.1,9.07,7.4,1.0,2,2.2,1.0,63C0A_Trip488,1
2026-05-01 18:02:31+00:00,52.389493,4.891477,323.0,Sudden braking,2.3,2.3,24.145454545454545,23.4,1.0,3,5.8,1.0,63C0A_Trip488,1
2026-05-01 18:02:32+00:00,52.38953,4.891417,314.0,Sudden braking,2.2,2.2,23.227272727272727,21.2,1.0,3,5.3,1.0,63C0A_Trip488,1
2026-05-01 18:05:28+00:00,52.392918,4.868566,259.0,Sudden braking,2.5,2.5,32.53333333333333,32.1,1.0,2,8.2,1.0,63C0A_Trip488,1
2026-05-01 18:05:29+00:00,52.392891,4.868454,253.0,Sudden braking,3.5,3.5,30.08888888888889,28.6,1.0,2,5.2,1.0,63C0A_Trip488,1
2026-05-01 18:05:30+00:00,52.392861,4.868395,245.0,Sudden braking,3.9,3.9,27.27777777777778,24.7,1.0,2,3.5,1.0,63C0A_Trip488,1
2026-05-01 18:05:34+00:00,52.39278,4.868222,236.0,Sudden braking,3.7,3.7,16.125,17.3,1.0,2,16.6,1.0,63C0A_Trip488,1
2026-05-01 18:05:35+00:00,52.39288,4.868041,217.0,Sudden braking,4.0,4.0,14.342857142857143,13.3,1.0,1,4.2,1.0,63C0A_Trip488,1
2026-05-01 18:05:36+00:00,52.392863,4.867985,232.0,Sudden braking,3.3,3.3,12.616666666666667,10.0,1.0,1,1.8,1.0,63C0A_Trip488,1
2026-05-01 18:12:01+00:00,52.417415,4.826403,22.0,Sudden braking,2.5,2.5,33.58571428571429,32.1,1.0,2,9.3,1.0,63C0A_Trip488,1
2026-05-01 18:12:06+00:00,52.41777,4.82667,26.0,Sudden braking,3.0,3.0,20.2125,26.4,1.0,2,6.9,1.0,63C0A_Trip488,1
2026-05-01 18:12:07+00:00,52.417821,4.826728,32.0,Sudden braking,3.7,3.7,18.514285714285712,22.7,1.0,2,6.0,1.0,63C0A_Trip488,1
2026-05-01 18:12:08+00:00,52.417858,4.826793,43.0,Sudden braking,3.8,3.8,16.7,18.9,1.0,2,4.8,1.0,63C0A_Trip488,1
2026-05-01 18:12:09+00:00,52.417893,4.826834,37.0,Sudden braking,4.0,4.0,16.7,14.9,1.0,2,3.4,1.0,63C0A_Trip488,1
2026-05-01 18:12:10+00:00,52.417924,4.826834,17.0,Sudden braking,4.4,4.4,16.7,10.5,1.0,2,2.1,1.0,63C0A_Trip488,1
2026-05-01 18:12:20+00:00,52.41793,4.826846,4.0,Sudden braking,2.6,2.6,2.7333333333333334,4.2,1.0,2,1.0,1.0,63C0A_Trip488,1
2026-05-01 18:29:52+00:00,52.433767,4.816305,256.0,Sudden braking,2.3,2.3,32.93636363636364,35.8,1.0,2,9.6,1.0,63C0A_Trip488,1
2026-05-01 18:29:53+00:00,52.433751,4.816166,258.0,Sudden braking,3.3,3.3,31.345454545454544,32.5,1.0,2,8.3,1.0,63C0A_Trip488,1
2026-05-01 18:29:54+00:00,52.433735,4.816046,259.0,Sudden braking,4.0,4.0,29.881818181818183,28.5,1.0,2,6.7,1.0,63C0A_Trip488,1
2026-05-01 18:29:55+00:00,52.433726,4.815949,260.0,Sudden braking,3.7,3.7,28.636363636363637,24.8,1.0,3,5.4,1.0,63C0A_Trip488,1
2026-05-01 18:29:56+00:00,52.433734,4.81587,273.0,Sudden braking,2.4,2.4,27.636363636363637,22.4,1.0,3,5.3,1.0,63C0A_Trip488,1
2026-05-01 18:35:41+00:00,52.470137,4.805493,357.0,Sudden braking,2.1,2.1,32.57272727272727,36.1,1.0,2,9.3,1.0,63C0A_Trip488,1
2026-05-01 18:35:42+00:00,52.470221,4.805488,358.0,Sudden braking,3.0,3.0,30.009090909090908,33.1,1.0,2,7.9,1.0,63C0A_Trip488,1
2026-05-01 18:35:43+00:00,52.470292,4.805483,358.0,Sudden braking,3.7,3.7,27.154545454545456,29.4,1.0,1,6.6,1.0,63C0A_Trip488,1
2026-05-01 18:35:44+00:00,52.470351,4.80548,358.0,Sudden braking,4.2,4.2,25.88,25.2,1.0,1,5.5,1.0,63C0A_Trip488,1
2026-05-01 18:35:45+00:00,52.4704,4.805477,358.0,Sudden braking,4.4,4.4,22.64,20.8,1.0,1,4.2,1.0,63C0A_Trip488,1
2026-05-01 18:35:46+00:00,52.470438,4.805475,358.0,Sudden braking,4.6,4.6,20.91111111111111,16.2,1.0,1,3.0,1.0,63C0A_Trip488,1
2026-05-01 18:35:47+00:00,52.470465,4.805473,358.0,Sudden braking,4.4,4.4,19.0125,11.8,1.0,1,2.0,1.0,63C0A_Trip488,1
2026-05-01 18:38:26+00:00,52.484898,4.806185,324.0,Sudden braking,2.4,2.4,30.9,36.4,1.0,2,10.6,1.0,63C0A_Trip488,1
2026-05-01 18:38:27+00:00,52.484974,4.806091,323.0,Sudden braking,3.9,3.9,27.936363636363637,32.5,1.0,2,8.7,1.0,63C0A_Trip488,1
2026-05-01 18:38:28+00:00,52.485036,4.806013,322.0,Sudden braking,5.4,5.4,24.918181818181818,27.1,1.0,2,7.1,1.0,63C0A_Trip488,1
2026-05-01 18:38:29+00:00,52.485086,4.805948,320.0,Sudden braking,6.4,6.4,23.41,20.7,1.0,2,5.6,1.0,63C0A_Trip488,1
2026-05-01 18:38:30+00:00,52.485122,4.805891,315.0,Sudden braking,6.1,6.1,21.58888888888889,14.6,1.0,2,1.4,1.0,63C0A_Trip488,1
2026-05-01 18:38:31+00:00,52.485131,4.805876,315.0,Sudden braking,4.6,4.6,19.4375,10.0,1.0,2,1.5,1.0,63C0A_Trip488,1
2026-05-01 18:38:32+00:00,52.485124,4.805857,12.0,Sudden braking,2.6,2.6,17.014285714285716,7.4,1.0,2,1.3,1.0,63C0A_Trip488,1
2026-05-01 18:39:51+00:00,52.488379,4.796771,301.0,Sudden braking,2.1,2.1,33.4,36.8,1.0,2,10.5,1.0,63C0A_Trip488,1
2026-05-01 18:39:52+00:00,52.488428,4.796639,302.0,Sudden braking,2.8,2.8,31.318181818181817,34.0,1.0,2,7.6,1.0,63C0A_Trip488,1
2026-05-01 18:39:53+00:00,52.488466,4.796545,302.0,Sudden braking,3.6,3.6,29.072727272727274,30.4,1.0,2,8.0,1.0,63C0A_Trip488,1
2026-05-01 18:39:54+00:00,52.488508,4.796448,302.0,Sudden braking,4.3,4.3,26.71818181818182,26.1,1.0,2,6.2,1.0,63C0A_Trip488,1
2026-05-01 18:39:55+00:00,52.488538,4.796372,301.0,Sudden braking,4.0,4.0,24.37272727272727,22.1,1.0,2,5.3,1.0,63C0A_Trip488,1
2026-05-01 18:39:56+00:00,52.488561,4.796304,301.0,Sudden braking,2.9,2.9,22.163636363636364,19.2,0.999,2,4.3,0.999,63C0A_Trip488,1
2026-05-01 18:39:56+00:00,52.48858,4.796247,301.0,Sudden braking,2.1,2.1,20.21818181818182,17.1,1.0,2,4.0,1.0,63C0A_Trip488,1
2026-05-01 18:50:59+00:00,52.519559,4.707013,323.0,Sudden braking,2.0,2.0,36.7,36.6,1.0,2,8.4,1.0,63C0A_Trip488,1
2026-05-01 18:51:00+00:00,52.51963,4.706969,336.0,Sudden braking,2.8,2.8,36.333333333333336,33.8,1.0,2,8.3,1.0,63C0A_Trip488,1
2026-05-01 18:51:40+00:00,52.521934,4.702449,314.0,Sudden braking,3.6,3.6,31.445454545454545,33.7,1.0,2,9.5,1.0,63C0A_Trip488,1
2026-05-01 18:51:41+00:00,52.521991,4.702344,311.0,Sudden braking,4.7,4.7,29.90909090909091,29.0,1.0,2,5.4,1.0,63C0A_Trip488,1
2026-05-01 18:51:42+00:00,52.522023,4.702284,314.0,Sudden braking,4.3,4.3,28.9,24.7,1.0,2,1.6,1.0,63C0A_Trip488,1
2026-05-01 18:51:43+00:00,52.522033,4.702268,314.0,Sudden braking,3.2,3.2,27.68888888888889,21.5,1.0,2,0.4,1.0,63C0A_Trip488,1
2026-05-01 18:54:08+00:00,52.535817,4.69552,354.0,Sudden braking,2.3,2.3,34.2,33.7,1.0,2,9.4,1.0,63C0A_Trip488,1
2026-05-01 18:54:09+00:00,52.535902,4.695508,355.0,Sudden braking,2.1,2.1,33.28181818181818,31.6,1.0,2,6.6,1.0,63C0A_Trip488,1
2026-05-01 18:55:37+00:00,52.540099,4.68476,307.0,Sudden braking,2.8,2.8,32.11818181818182,34.5,1.0,2,8.5,1.0,63C0A_Trip488,1
2026-05-01 18:55:38+00:00,52.540146,4.684662,310.0,Sudden braking,3.8,3.8,30.463636363636365,30.7,1.0,2,6.9,1.0,63C0A_Trip488,1
2026-05-01 18:55:39+00:00,52.540187,4.684585,311.0,Sudden braking,4.1,4.1,28.98181818181818,26.6,1.0,2,4.9,1.0,63C0A_Trip488,1
2026-05-01 18:55:40+00:00,52.540218,4.684534,311.0,Sudden braking,3.3,3.3,27.70909090909091,23.3,1.0,2,4.3,1.0,63C0A_Trip488,1
2026-05-01 18:55:41+00:00,52.540245,4.684488,314.0,Sudden braking,2.0,2.0,26.69090909090909,21.3,1.0,2,5.0,1.0,63C0A_Trip488,1
2026-05-01 18:56:52+00:00,52.54146,4.677203,281.0,Sudden braking,2.5,2.5,29.336363636363636,30.8,1.0,2,7.8,1.0,63C0A_Trip488,1
2026-05-01 18:56:53+00:00,52.541471,4.677089,280.0,Sudden braking,3.1,3.1,27.563636363636363,27.7,1.0,2,6.1,1.0,63C0A_Trip488,1
2026-05-01 18:56:54+00:00,52.54148,4.677,280.0,Sudden braking,3.5,3.5,26.027272727272727,24.2,1.0,2,5.0,1.0,63C0A_Trip488,1
2026-05-01 18:56:55+00:00,52.541488,4.676926,280.0,Sudden braking,3.1,3.1,24.78181818181818,21.1,1.0,2,4.1,1.0,63C0A_Trip488,1
2026-05-01 18:56:56+00:00,52.541495,4.676868,280.0,Sudden braking,2.0,2.0,23.863636363636363,19.1,1.0,2,4.3,1.0,63C0A_Trip488,1
2026-05-01 18:57:14+00:00,52.542677,4.675971,311.0,Sudden braking,2.3,2.3,31.863636363636363,32.9,1.0,2,9.0,1.0,63C0A_Trip488,1
2026-05-01 18:57:15+00:00,52.542719,4.675857,303.0,Sudden braking,2.7,2.7,30.98181818181818,30.2,1.0,2,7.3,1.0,63C0A_Trip488,1
2026-05-01 18:57:16+00:00,52.542759,4.675772,300.0,Sudden braking,2.6,2.6,30.20909090909091,27.6,1.0,2,5.7,1.0,63C0A_Trip488,1
2026-05-04 05:09:36+00:00,52.339077,4.95079,239.0,Sudden braking,2.3,2.3,10.88888888888889,10.5,1.0,2,2.0,1.0,602DE_Trip498,1
2026-05-04 05:10:13+00:00,52.338504,4.948885,251.0,Sudden braking,2.6,2.6,11.022222222222222,9.7,1.0,2,8.5,1.0,602DE_Trip498,1
2026-05-04 05:17:17+00:00,52.347585,4.929561,343.0,Sudden braking,2.3,2.3,10.6,9.3,1.0,2,2.7,1.0,602DE_Trip498,1
2026-05-04 05:17:18+00:00,52.347609,4.929553,345.0,Sudden braking,2.7,2.7,9.875,6.6,1.0,2,2.4,1.0,602DE_Trip498,1
2026-05-04 05:18:34+00:00,52.349168,4.926623,314.0,Sudden braking,2.6,2.6,14.129999999999999,13.1,1.0,2,7.8,1.0,602DE_Trip498,1
2026-05-04 05:18:35+00:00,52.349223,4.926552,315.0,Sudden braking,2.2,2.2,14.172727272727272,10.9,1.0,2,3.0,1.0,602DE_Trip498,1
2026-05-04 05:20:56+00:00,52.353166,4.920653,324.0,Sudden braking,3.1,3.1,14.92,17.2,1.0,2,7.3,1.0,602DE_Trip498,1
2026-05-04 05:20:59+00:00,52.353246,4.920556,324.0,Sudden braking,3.5,3.5,12.39,10.1,1.0,2,4.0,1.0,602DE_Trip498,1
2026-05-04 05:21:00+00:00,52.353275,4.920521,323.0,Sudden braking,2.2,2.2,11.15,7.9,1.0,2,2.4,1.0,602DE_Trip498,1
2026-05-04 07:59:40+00:00,52.356119,4.807036,343.0,Sudden braking,2.7,2.7,21.942857142857143,20.6,1.0,2,5.9,1.0,604F0_Trip502,1
2026-05-04 07:59:47+00:00,52.356415,4.806873,342.0,Sudden braking,2.4,2.4,16.21666666666667,15.4,1.0,2,2.2,1.0,604F0_Trip502,1
2026-05-04 08:00:06+00:00,52.356876,4.808523,71.0,Sudden braking,2.0,2.0,20.414285714285715,17.3,1.0,2,5.1,1.0,604F0_Trip502,1
2026-05-04 08:00:14+00:00,52.35656,4.808913,153.0,Sudden braking,2.1,2.1,9.6,11.8,1.0,1,3.3,1.0,604F0_Trip502,1
2026-05-04 08:00:15+00:00,52.356533,4.808933,151.0,Sudden braking,2.5,2.5,9.6,9.3,1.0,1,2.0,1.0,604F0_Trip502,1
2026-05-04 08:00:16+00:00,52.356525,4.80896,135.0,Sudden braking,2.1,2.1,8.883333333333333,7.2,1.0,1,1.1,1.0,604F0_Trip502,1
2026-05-04 08:08:39+00:00,52.364125,4.852808,90.0,Sudden braking,2.0,2.0,16.80909090909091,17.6,1.0,2,4.3,1.0,604F0_Trip502,1
2026-05-04 08:08:40+00:00,52.364124,4.852871,92.0,Sudden braking,2.0,2.0,16.05,15.6,1.0,2,3.2,1.0,604F0_Trip502,1
2026-05-04 08:08:41+00:00,52.364124,4.852919,91.0,Sudden braking,2.1,2.1,14.4,13.5,1.0,2,2.9,1.0,604F0_Trip502,1
2026-05-04 08:08:42+00:00,52.364121,4.852961,95.0,Sudden braking,2.5,2.5,13.5,11.0,1.0,2,2.8,1.0,604F0_Trip502,1
2026-05-04 08:08:43+00:00,52.364111,4.852999,106.0,Sudden braking,2.4,2.4,12.525,8.6,1.0,2,1.6,1.0,604F0_Trip502,1
2026-05-04 08:11:57+00:00,52.366827,4.870975,64.0,Sudden braking,2.0,2.0,19.918181818181818,20.4,1.0,2,6.3,1.0,604F0_Trip502,1
2026-05-04 08:11:58+00:00,52.366847,4.871063,64.0,Sudden braking,2.1,2.1,19.754545454545454,18.3,1.0,2,3.2,1.0,604F0_Trip502,1
2026-05-04 08:12:08+00:00,52.36708,4.871742,64.0,Sudden braking,3.0,3.0,16.39090909090909,17.9,1.0,2,3.7,1.0,604F0_Trip502,1
2026-05-04 08:12:09+00:00,52.36709,4.871795,68.0,Sudden braking,3.4,3.4,15.272727272727273,14.5,1.0,2,2.5,1.0,604F0_Trip502,1
2026-05-04 08:12:10+00:00,52.367095,4.87183,74.0,Sudden braking,2.9,2.9,13.9,11.6,1.0,2,1.5,1.0,604F0_Trip502,1
2026-05-04 08:13:25+00:00,52.368205,4.875886,71.0,Sudden braking,2.1,2.1,13.081818181818182,14.1,1.0,2,3.0,1.0,604F0_Trip502,1
2026-05-04 08:13:26+00:00,52.368214,4.875929,72.0,Sudden braking,2.3,2.3,11.545454545454545,11.8,1.0,2,2.7,1.0,604F0_Trip502,1
2026-05-04 08:13:27+00:00,52.368224,4.875965,69.0,Sudden braking,2.4,2.4,10.063636363636364,9.4,1.0,1,1.8,1.0,604F0_Trip502,1
2026-05-04 08:13:28+00:00,52.368232,4.875987,65.0,Sudden braking,2.4,2.4,9.17,7.0,1.0,2,1.2,1.0,604F0_Trip502,1
2026-05-04 08:13:29+00:00,52.36824,4.876,56.0,Sudden braking,2.1,2.1,8.2,4.9,1.0,2,2.2,1.0,604F0_Trip502,1
2026-05-04 08:13:59+00:00,52.368649,4.877728,70.0,Sudden braking,2.0,2.0,20.74,22.9,1.0,2,7.1,1.0,604F0_Trip502,1
2026-05-04 08:14:00+00:00,52.368664,4.87783,73.0,Sudden braking,3.4,3.4,18.92,19.5,1.0,2,5.5,1.0,604F0_Trip502,1
2026-05-04 08:14:01+00:00,52.368677,4.877908,72.0,Sudden braking,3.9,3.9,17.24,15.6,1.0,2,2.0,1.0,604F0_Trip502,1
2026-05-04 08:14:02+00:00,52.368676,4.877938,79.0,Sudden braking,3.7,3.7,15.85,11.9,1.0,2,1.3,1.0,604F0_Trip502,1
2026-05-04 08:16:18+00:00,52.370156,4.888387,96.0,Sudden braking,2.1,2.1,11.318181818181818,10.1,1.0,2,1.6,1.0,604F0_Trip502,1
2026-05-04 08:18:06+00:00,52.372761,4.892528,97.0,Sudden braking,2.1,2.1,13.736363636363636,15.6,1.0,2,3.1,1.0,604F0_Trip502,1
2026-05-04 08:18:07+00:00,52.372752,4.892573,101.0,Sudden braking,2.4,2.4,13.33,13.2,1.0,2,2.8,1.0,604F0_Trip502,1
2026-05-04 08:18:08+00:00,52.372747,4.892612,98.0,Sudden braking,2.3,2.3,12.68888888888889,10.9,1.0,2,3.1,1.0,604F0_Trip502,1
2026-05-04 08:18:09+00:00,52.372735,4.892652,100.0,Sudden braking,2.5,2.5,10.755555555555556,8.4,1.0,2,1.8,1.0,604F0_Trip502,1
2026-05-04 08:18:10+00:00,52.372729,4.892678,102.0,Sudden braking,2.5,2.5,9.7125,5.9,1.0,2,1.6,1.0,604F0_Trip502,1
2026-05-04 08:21:11+00:00,52.368515,4.903745,95.0,Sudden braking,2.0,2.0,10.377777777777778,8.6,1.0,2,2.8,1.0,604F0_Trip502,1
2026-05-04 08:22:42+00:00,52.368341,4.908166,47.0,Sudden braking,2.6,2.6,19.12,19.1,1.0,2,4.0,1.0,604F0_Trip502,1
2026-05-04 08:22:43+00:00,52.368367,4.908207,44.0,Sudden braking,3.3,3.3,18.09,15.8,1.0,2,3.9,1.0,604F0_Trip502,1
2026-05-04 08:23:04+00:00,52.369159,4.909433,44.0,Sudden braking,2.0,2.0,19.3,20.4,1.0,2,5.2,1.0,604F0_Trip502,1
2026-05-04 08:23:05+00:00,52.369194,4.909485,46.0,Sudden braking,2.4,2.4,18.081818181818182,18.0,1.0,2,4.9,1.0,604F0_Trip502,1
2026-05-04 08:23:06+00:00,52.369227,4.909532,46.0,Sudden braking,2.3,2.3,16.89090909090909,15.7,1.0,2,3.0,1.0,604F0_Trip502,1
2026-05-04 08:23:07+00:00,52.369242,4.909567,46.0,Sudden braking,2.0,2.0,15.763636363636364,13.7,1.0,2,3.3,1.0,604F0_Trip502,1
2026-05-04 08:23:54+00:00,52.370989,4.912339,40.0,Sudden braking,2.3,2.3,19.136363636363637,19.8,1.0,2,5.6,1.0,604F0_Trip502,1
2026-05-04 08:23:55+00:00,52.371023,4.912399,40.0,Sudden braking,2.7,2.7,18.463636363636365,17.1,1.0,2,3.5,1.0,604F0_Trip502,1
2026-05-04 14:17:32+00:00,52.351243,4.923071,135.0,Sudden braking,2.3,2.3,16.288888888888888,17.2,1.0,2,5.0,1.0,602DE_Trip503,1
2026-05-04 14:17:35+00:00,52.351161,4.923169,135.0,Sudden braking,2.5,2.5,13.244444444444444,12.1,1.0,1,2.5,1.0,602DE_Trip503,1
2026-05-04 14:17:42+00:00,52.350964,4.923522,135.0,Sudden braking,2.1,2.1,9.209090909090909,9.0,1.0,1,4.8,1.0,602DE_Trip503,1
2026-05-04 14:22:04+00:00,52.347621,4.928937,155.0,Sudden braking,2.1,2.1,8.6,6.5,1.0,2,1.5,1.0,602DE_Trip503,1
2026-05-04 14:30:55+00:00,52.340324,4.952179,124.0,Sudden braking,3.6,3.6,16.385714285714286,15.0,0.999,1,5.7,0.999,602DE_Trip503,1
2026-05-04 14:30:59+00:00,52.340312,4.952031,140.0,Sudden braking,3.3,3.3,7.185714285714286,8.5,1.0,1,8.7,1.0,602DE_Trip503,1
2026-05-04 14:31:00+00:00,52.340273,4.952142,142.0,Sudden braking,3.2,3.2,5.3,5.3,1.0,1,15.3,1.0,602DE_Trip503,1
2026-05-04 16:59:18+00:00,52.359525,4.883754,307.0,Sudden braking,2.5,2.5,13.89,14.8,1.0,2,3.3,1.0,604F0_Trip504,1
2026-05-04 16:59:19+00:00,52.359533,4.883708,299.0,Sudden braking,2.8,2.8,13.5,12.0,1.0,2,2.0,1.0,604F0_Trip504,1
2026-05-04 16:59:20+00:00,52.35954,4.883681,297.0,Sudden braking,3.0,3.0,12.088888888888889,9.0,1.0,2,1.6,1.0,604F0_Trip504,1
2026-05-04 16:59:21+00:00,52.359547,4.883661,299.0,Sudden braking,2.4,2.4,11.225,6.6,1.0,2,1.1,1.0,604F0_Trip504,1
2026-05-04 17:00:54+00:00,52.359532,4.877926,246.0,Sudden braking,2.5,2.5,17.2,18.0,1.0,2,3.9,1.0,604F0_Trip504,1
2026-05-04 17:00:55+00:00,52.359518,4.877873,246.0,Sudden braking,3.1,3.1,14.99,14.9,1.0,2,2.9,1.0,604F0_Trip504,1
2026-05-04 17:00:56+00:00,52.359504,4.877839,246.0,Sudden braking,3.8,3.8,13.933333333333334,11.1,1.0,2,1.8,1.0,604F0_Trip504,1
2026-05-04 17:00:57+00:00,52.359496,4.877817,246.0,Sudden braking,3.8,3.8,12.7125,7.3,1.0,2,1.4,1.0,604F0_Trip504,1
2026-05-04 17:05:18+00:00,52.354987,4.855982,252.0,Sudden braking,2.6,2.6,17.61,18.6,1.0,2,4.1,1.0,604F0_Trip504,1
2026-05-04 17:05:19+00:00,52.354976,4.855925,253.0,Sudden braking,3.0,3.0,16.81111111111111,15.6,1.0,2,2.7,1.0,604F0_Trip504,1
2026-05-04 17:05:20+00:00,52.354969,4.855887,253.0,Sudden braking,3.8,3.8,15.8625,11.8,1.0,2,1.9,1.0,604F0_Trip504,1
2026-05-04 17:05:21+00:00,52.354964,4.855861,253.0,Sudden braking,4.0,4.0,14.714285714285715,7.8,1.0,2,1.5,1.0,604F0_Trip504,1
2026-05-04 17:08:31+00:00,52.355715,4.844583,269.0,Sudden braking,2.0,2.0,20.063636363636363,19.7,1.0,2,4.9,1.0,604F0_Trip504,1
2026-05-04 17:08:32+00:00,52.355715,4.84451,270.0,Sudden braking,2.1,2.1,19.354545454545455,17.6,1.0,2,4.0,1.0,604F0_Trip504,1
2026-05-04 17:11:35+00:00,52.356339,4.827644,274.0,Sudden braking,2.3,2.3,16.78,17.5,1.0,2,4.0,1.0,604F0_Trip504,1
2026-05-04 17:11:36+00:00,52.356353,4.827589,283.0,Sudden braking,2.7,2.7,14.94,14.8,1.0,2,3.5,1.0,604F0_Trip504,1
2026-05-04 17:11:37+00:00,52.356371,4.827548,294.0,Sudden braking,3.2,3.2,14.044444444444444,11.6,1.0,2,2.0,1.0,604F0_Trip504,1
2026-05-04 17:11:38+00:00,52.356381,4.827522,297.0,Sudden braking,3.4,3.4,12.9625,8.2,1.0,2,1.9,1.0,604F0_Trip504,1
2026-05-04 17:14:49+00:00,52.354351,4.810777,256.0,Sudden braking,2.0,2.0,17.15,16.8,1.0,2,3.9,1.0,604F0_Trip504,1
2026-05-04 17:14:50+00:00,52.354347,4.81072,261.0,Sudden braking,2.1,2.1,16.31111111111111,14.7,1.0,2,3.6,1.0,604F0_Trip504,1
2026-05-04 17:14:51+00:00,52.354352,4.810668,270.0,Sudden braking,2.6,2.6,15.3625,12.1,1.0,2,2.9,1.0,604F0_Trip504,1
2026-05-04 17:14:52+00:00,52.354366,4.810631,284.0,Sudden braking,2.6,2.6,14.342857142857143,9.5,1.0,2,2.0,1.0,604F0_Trip504,1
2026-05-04 17:15:35+00:00,52.353718,4.807449,248.0,Sudden braking,2.0,2.0,19.01818181818182,19.2,1.0,2,4.3,1.0,604F0_Trip504,1
2026-05-04 17:15:36+00:00,52.353702,4.807392,248.0,Sudden braking,2.0,2.0,17.62727272727273,17.2,1.0,2,3.9,1.0,604F0_Trip504,1
2026-05-04 17:16:14+00:00,52.354788,4.806285,263.0,Sudden braking,2.0,2.0,9.266666666666666,9.5,1.0,2,2.7,1.0,604F0_Trip504,1
2026-05-04 17:16:15+00:00,52.354784,4.806246,259.0,Sudden braking,2.3,2.3,9.0875,7.2,1.0,2,1.7,1.0,604F0_Trip504,1
2026-05-04 17:17:15+00:00,52.354466,4.805797,225.0,Sudden braking,3.2,3.2,9.5875,15.2,1.0,2,3.8,1.0,604F0_Trip504,1
2026-05-04 17:17:16+00:00,52.354495,4.805827,213.0,Sudden braking,5.6,5.6,7.55,9.6,1.0,2,15.5,1.0,604F0_Trip504,1
2026-05-04 17:17:17+00:00,52.354625,4.80591,336.0,Sudden braking,3.9,3.9,6.0,5.7,1.0,2,4.2,1.0,604F0_Trip504,1
2026-05-05 05:04:51+00:00,52.542555,4.675478,63.0,Sudden braking,2.09,2.09,26.34,26.7,1.004,3,8.6,1.004,63C0A_Trip506,1
2026-05-05 05:04:52+00:00,52.542616,4.675557,45.0,Sudden braking,2.4,2.4,23.3,24.3,1.001,3,6.4,1.001,63C0A_Trip506,1
2026-05-05 05:04:53+00:00,52.542666,4.675603,34.0,Sudden braking,2.6,2.6,22.772727272727273,21.7,0.999,3,5.3,0.999,63C0A_Trip506,1
2026-05-05 05:04:54+00:00,52.542707,4.675642,31.0,Sudden braking,2.51,2.51,20.81,19.2,0.997,3,4.3,0.997,63C0A_Trip506,1
2026-05-05 05:07:41+00:00,52.536429,4.694515,83.0,Sudden braking,2.3,2.3,32.60909090909091,33.5,1.0,3,8.8,1.0,63C0A_Trip506,1
2026-05-05 05:07:42+00:00,52.536432,4.694645,89.0,Sudden braking,2.6,2.6,31.37272727272727,30.9,1.0,3,7.7,1.0,63C0A_Trip506,1
2026-05-05 05:07:43+00:00,52.536405,4.694749,110.0,Sudden braking,2.3,2.3,30.09090909090909,28.6,1.0,3,7.3,1.0,63C0A_Trip506,1
2026-05-05 05:10:13+00:00,52.522465,4.7025,131.0,Sudden braking,2.2,2.2,31.863636363636363,33.6,1.0,3,9.7,1.0,63C0A_Trip506,1
2026-05-05 05:10:14+00:00,52.522407,4.702607,132.0,Sudden braking,2.9,2.9,30.236363636363635,30.7,1.0,3,7.5,1.0,63C0A_Trip506,1
2026-05-05 05:10:15+00:00,52.522362,4.702689,132.0,Sudden braking,3.0,3.0,28.663636363636364,27.7,1.0,3,5.0,1.0,63C0A_Trip506,1
2026-05-05 05:10:16+00:00,52.522332,4.702744,133.0,Sudden braking,2.8,2.8,27.12727272727273,24.9,1.0,3,2.5,1.0,63C0A_Trip506,1
2026-05-05 05:10:17+00:00,52.52231,4.702748,183.0,Sudden braking,2.1,2.1,25.60909090909091,22.8,1.0,3,21.2,1.0,63C0A_Trip506,1
2026-05-05 05:10:59+00:00,52.5199,4.706241,134.0,Sudden braking,2.4,2.4,33.69090909090909,34.9,1.0,2,10.1,1.0,63C0A_Trip506,1
2026-05-05 05:11:00+00:00,52.519831,4.70634,140.0,Sudden braking,2.8,2.8,32.36363636363636,32.1,1.0,3,8.0,1.0,63C0A_Trip506,1
2026-05-05 05:11:01+00:00,52.519775,4.706414,143.0,Sudden braking,2.8,2.8,31.09090909090909,29.3,1.0,3,6.3,1.0,63C0A_Trip506,1
2026-05-05 05:11:02+00:00,52.51973,4.70647,143.0,Sudden braking,2.2,2.2,30.0,27.1,1.0,3,3.6,1.0,63C0A_Trip506,1
2026-05-05 05:16:05+00:00,52.339036,4.939607,318.0,Sudden braking,2.5,2.5,18.08,16.7,1.0,2,5.1,1.0,602DE_Trip505,1
2026-05-05 05:17:55+00:00,52.343069,4.933594,321.0,Sudden braking,3.0,3.0,15.463636363636365,14.5,1.0,3,4.8,1.0,602DE_Trip505,1
2026-05-05 05:17:56+00:00,52.343103,4.933549,322.0,Sudden braking,2.7,2.7,15.063636363636364,11.8,1.0,3,4.5,1.0,602DE_Trip505,1
2026-05-05 05:18:11+00:00,52.494201,4.764408,99.0,Sudden braking,2.4,2.4,32.79090909090909,35.0,1.0,2,8.6,1.0,63C0A_Trip506,1
2026-05-05 05:18:12+00:00,52.494189,4.764534,99.0,Sudden braking,3.1,3.1,30.863636363636363,31.9,1.0,2,7.4,1.0,63C0A_Trip506,1
2026-05-05 05:18:13+00:00,52.49418,4.764642,97.0,Sudden braking,3.4,3.4,28.754545454545454,28.5,1.0,2,6.4,1.0,63C0A_Trip506,1
2026-05-05 05:18:14+00:00,52.494173,4.764735,97.0,Sudden braking,3.1,3.1,26.472727272727273,25.4,1.0,2,5.3,1.0,63C0A_Trip506,1
2026-05-05 05:18:15+00:00,52.494167,4.764812,97.0,Sudden braking,2.5,2.5,24.063636363636363,22.9,1.0,2,5.3,1.0,63C0A_Trip506,1
2026-05-05 05:18:16+00:00,52.494162,4.76489,96.0,Sudden braking,2.1,2.1,21.627272727272725,20.8,1.0,2,5.5,1.0,63C0A_Trip506,1
2026-05-05 05:18:17+00:00,52.494157,4.764971,96.0,Sudden braking,2.0,2.0,19.29090909090909,18.8,1.0,2,5.0,1.0,63C0A_Trip506,1
2026-05-05 05:18:18+00:00,52.494153,4.765045,96.0,Sudden braking,2.0,2.0,17.145454545454545,16.8,1.0,3,3.8,1.0,63C0A_Trip506,1
2026-05-05 05:18:19+00:00,52.494149,4.765101,96.0,Sudden braking,2.1,2.1,15.190909090909091,14.7,1.0,3,3.1,1.0,63C0A_Trip506,1
2026-05-05 05:18:20+00:00,52.494146,4.765147,96.0,Sudden braking,2.2,2.2,13.418181818181818,12.5,1.0,3,2.5,1.0,63C0A_Trip506,1
2026-05-05 05:19:06+00:00,52.493825,4.768212,94.0,Sudden braking,2.2,2.2,32.45,31.9,1.0,3,8.9,1.0,63C0A_Trip506,1
2026-05-05 05:21:40+00:00,52.349504,4.926158,313.0,Sudden braking,2.1,2.1,12.89090909090909,13.9,1.0,2,5.4,1.0,602DE_Trip505,1
2026-05-05 05:21:41+00:00,52.349537,4.926099,313.0,Sudden braking,2.3,2.3,12.027272727272727,11.6,1.0,2,1.3,1.0,602DE_Trip505,1
2026-05-05 05:21:42+00:00,52.349538,4.92608,306.0,Sudden braking,2.0,2.0,11.190909090909091,9.6,1.0,2,4.0,1.0,602DE_Trip505,1
2026-05-05 05:21:43+00:00,52.34957,4.926055,325.0,Sudden braking,2.0,2.0,10.345454545454546,7.6,1.0,2,2.9,1.0,602DE_Trip505,1
2026-05-05 05:22:23+00:00,52.350696,4.924308,336.0,Sudden braking,2.2,2.2,8.959999999999999,7.8,1.0,2,6.7,1.0,602DE_Trip505,1
2026-05-05 05:25:37+00:00,52.471603,4.805242,178.0,Sudden braking,2.3,2.3,33.10909090909091,35.1,1.0,2,8.6,1.0,63C0A_Trip506,1
2026-05-05 05:25:38+00:00,52.471526,4.805248,178.0,Sudden braking,2.8,2.8,31.336363636363636,32.3,1.0,2,7.4,1.0,63C0A_Trip506,1
2026-05-05 05:25:39+00:00,52.471459,4.805252,178.0,Sudden braking,3.2,3.2,29.445454545454545,29.1,1.0,2,6.9,1.0,63C0A_Trip506,1
2026-05-05 05:25:40+00:00,52.471397,4.805256,178.0,Sudden braking,3.1,3.1,27.436363636363637,26.0,1.0,2,6.2,1.0,63C0A_Trip506,1
2026-05-05 05:25:41+00:00,52.471341,4.805259,178.0,Sudden braking,2.4,2.4,25.336363636363636,23.6,1.0,2,5.2,1.0,63C0A_Trip506,1
2026-05-05 05:32:09+00:00,52.434047,4.815777,172.0,Sudden braking,2.0,2.0,34.00909090909091,36.7,1.0,3,10.1,1.0,63C0A_Trip506,1
2026-05-05 05:32:10+00:00,52.433957,4.815793,173.0,Sudden braking,3.0,3.0,32.59090909090909,33.7,1.0,3,9.0,1.0,63C0A_Trip506,1
2026-05-05 05:32:11+00:00,52.433876,4.815804,175.0,Sudden braking,3.6,3.6,31.31818181818182,30.1,1.0,3,7.5,1.0,63C0A_Trip506,1
2026-05-05 05:32:12+00:00,52.433809,4.815815,173.0,Sudden braking,3.3,3.3,30.21818181818182,26.8,1.0,3,6.3,1.0,63C0A_Trip506,1
2026-05-05 05:32:13+00:00,52.433753,4.815826,173.0,Sudden braking,2.2,2.2,29.3,24.6,1.0,3,4.4,1.0,63C0A_Trip506,1
2026-05-05 06:04:12+00:00,52.3928,4.875239,91.0,Sudden braking,2.1,2.1,31.954545454545453,30.7,1.0,2,7.8,1.0,63C0A_Trip506,1
2026-05-05 06:04:23+00:00,52.392702,4.876563,117.0,Sudden braking,2.6,2.6,25.445454545454545,27.6,1.0,3,7.5,1.0,63C0A_Trip506,1
2026-05-05 06:04:24+00:00,52.392671,4.876662,120.0,Sudden braking,2.7,2.7,23.836363636363636,24.9,1.0,2,5.3,1.0,63C0A_Trip506,1
2026-05-05 06:04:25+00:00,52.392648,4.87673,125.0,Sudden braking,2.8,2.8,22.0,22.1,1.0,2,5.3,1.0,63C0A_Trip506,1
2026-05-05 06:04:26+00:00,52.392624,4.876797,125.0,Sudden braking,3.0,3.0,20.063636363636363,19.1,1.0,2,5.2,1.0,63C0A_Trip506,1
2026-05-05 06:04:27+00:00,52.392601,4.876863,129.0,Sudden braking,2.6,2.6,18.21818181818182,16.5,1.0,2,5.0,1.0,63C0A_Trip506,1
2026-05-05 06:04:28+00:00,52.392578,4.876926,133.0,Sudden braking,2.1,2.1,16.663636363636364,14.4,1.0,3,3.3,1.0,63C0A_Trip506,1
2026-05-05 06:05:09+00:00,52.391268,4.880708,105.0,Sudden braking,2.2,2.2,32.71818181818182,32.1,1.0,2,7.5,1.0,63C0A_Trip506,1
2026-05-05 06:05:10+00:00,52.391276,4.880818,102.0,Sudden braking,2.0,2.0,32.1,30.1,1.0,2,6.9,1.0,63C0A_Trip506,1
2026-05-05 06:05:41+00:00,52.390775,4.884717,128.0,Sudden braking,2.1,2.1,20.181818181818183,22.8,1.0,2,6.2,1.0,63C0A_Trip506,1
2026-05-05 06:05:42+00:00,52.390739,4.884787,132.0,Sudden braking,2.8,2.8,18.254545454545454,20.0,1.0,2,4.7,1.0,63C0A_Trip506,1
2026-05-05 06:05:43+00:00,52.390711,4.884839,132.0,Sudden braking,3.2,3.2,16.227272727272727,16.8,1.0,2,3.9,1.0,63C0A_Trip506,1
2026-05-05 06:05:44+00:00,52.390686,4.884881,134.0,Sudden braking,3.1,3.1,15.17,13.7,1.0,2,2.7,1.0,63C0A_Trip506,1
2026-05-05 06:05:45+00:00,52.390669,4.88491,134.0,Sudden braking,3.2,3.2,13.933333333333334,10.5,1.0,2,2.5,1.0,63C0A_Trip506,1
2026-05-05 06:05:46+00:00,52.390653,4.884937,134.0,Sudden braking,3.2,3.2,12.5625,7.3,1.0,2,1.8,1.0,63C0A_Trip506,1
2026-05-05 06:05:47+00:00,52.390642,4.884956,134.0,Sudden braking,2.2,2.2,11.1,5.1,1.0,2,0.2,1.0,63C0A_Trip506,1
2026-05-05 06:08:39+00:00,52.382313,4.895171,141.0,Sudden braking,2.4,2.4,30.554545454545455,32.0,1.0,3,8.8,1.0,63C0A_Trip506,1
2026-05-05 06:08:40+00:00,52.382251,4.895251,140.0,Sudden braking,2.7,2.7,28.490909090909092,29.3,1.0,2,7.6,1.0,63C0A_Trip506,1
2026-05-05 06:08:41+00:00,52.382201,4.895328,140.0,Sudden braking,2.9,2.9,26.254545454545454,26.4,1.0,2,7.2,1.0,63C0A_Trip506,1
2026-05-05 06:08:42+00:00,52.382151,4.895396,140.0,Sudden braking,2.8,2.8,23.863636363636363,23.6,1.0,3,5.4,1.0,63C0A_Trip506,1
2026-05-05 06:08:43+00:00,52.382114,4.895449,139.0,Sudden braking,2.6,2.6,21.381818181818183,21.0,1.0,3,5.4,1.0,63C0A_Trip506,1
2026-05-05 06:08:44+00:00,52.382078,4.895501,139.0,Sudden braking,2.5,2.5,18.918181818181818,18.5,1.0,3,4.9,1.0,63C0A_Trip506,1
2026-05-05 06:08:45+00:00,52.382045,4.895549,139.0,Sudden braking,2.4,2.4,16.554545454545455,16.1,1.0,3,4.0,1.0,63C0A_Trip506,1
2026-05-05 06:08:46+00:00,52.382017,4.895585,140.0,Sudden braking,2.4,2.4,14.354545454545455,13.7,1.0,3,3.0,1.0,63C0A_Trip506,1
2026-05-05 06:08:47+00:00,52.381996,4.895614,140.0,Sudden braking,2.5,2.5,12.372727272727273,11.2,1.0,3,2.5,1.0,63C0A_Trip506,1
2026-05-05 06:08:48+00:00,52.381978,4.895637,142.0,Sudden braking,2.2,2.2,10.636363636363637,9.0,1.0,3,2.1,1.0,63C0A_Trip506,1
2026-05-05 06:09:28+00:00,52.380364,4.898569,123.0,Sudden braking,2.3,2.3,26.51818181818182,26.9,1.0,2,7.5,1.0,63C0A_Trip506,1
2026-05-05 06:09:29+00:00,52.380324,4.898658,124.0,Sudden braking,2.4,2.4,25.0,24.5,1.0,2,6.1,1.0,63C0A_Trip506,1
2026-05-05 06:09:30+00:00,52.380304,4.898741,113.0,Sudden braking,2.1,2.1,23.48181818181818,22.4,1.0,2,5.2,1.0,63C0A_Trip506,1
2026-05-05 06:11:19+00:00,52.377883,4.90966,102.0,Sudden braking,2.2,2.2,31.081818181818182,33.2,1.0,2,8.8,1.0,63C0A_Trip506,1
2026-05-05 06:11:20+00:00,52.37787,4.909788,104.0,Sudden braking,3.1,3.1,29.618181818181817,30.1,1.0,2,7.7,1.0,63C0A_Trip506,1
2026-05-05 06:11:21+00:00,52.377854,4.909899,106.0,Sudden braking,3.3,3.3,28.290909090909093,26.8,1.0,3,5.7,1.0,63C0A_Trip506,1
2026-05-05 06:11:22+00:00,52.377827,4.90997,118.0,Sudden braking,2.9,2.9,27.181818181818183,23.9,1.0,2,5.3,1.0,63C0A_Trip506,1
2026-05-05 06:11:23+00:00,52.377783,4.909997,131.0,Sudden braking,2.1,2.1,26.336363636363636,21.8,1.0,2,5.7,1.0,63C0A_Trip506,1
2026-05-05 06:11:48+00:00,52.375894,4.910546,180.0,Sudden braking,2.7,2.7,24.45,25.6,1.0,3,5.6,1.0,63C0A_Trip506,1
2026-05-05 06:11:49+00:00,52.375843,4.910536,185.0,Sudden braking,3.8,3.8,22.38,21.8,1.0,3,4.7,1.0,63C0A_Trip506,1
2026-05-05 06:11:50+00:00,52.375802,4.910525,187.0,Sudden braking,4.2,4.2,20.36,17.6,1.0,3,3.6,1.0,63C0A_Trip506,1
2026-05-05 06:11:53+00:00,52.37577,4.910555,119.0,Sudden braking,2.3,2.3,15.790000000000001,11.9,1.0,3,2.4,1.0,63C0A_Trip506,1
2026-05-05 06:12:37+00:00,52.376678,4.913929,99.0,Sudden braking,2.4,2.4,24.954545454545453,24.1,1.0,3,6.0,1.0,63C0A_Trip506,1
2026-05-05 06:12:38+00:00,52.376665,4.914014,97.0,Sudden braking,2.0,2.0,24.290909090909093,22.1,1.0,3,5.3,1.0,63C0A_Trip506,1
2026-05-05 06:13:20+00:00,52.374834,4.915051,158.0,Sudden braking,2.2,2.2,16.3,17.1,1.0,1,3.9,1.0,63C0A_Trip506,1
2026-05-05 06:13:21+00:00,52.374801,4.915071,161.0,Sudden braking,2.8,2.8,15.018181818181818,14.3,1.0,1,2.5,1.0,63C0A_Trip506,1
2026-05-05 06:13:22+00:00,52.374784,4.915094,155.0,Sudden braking,2.7,2.7,13.872727272727273,11.6,1.0,1,2.6,1.0,63C0A_Trip506,1
2026-05-06 08:11:43+00:00,52.334784,4.954701,221.0,Sudden braking,2.5,2.5,14.118181818181819,15.5,1.0,2,5.2,1.0,602DE_Trip512,1
2026-05-06 08:11:44+00:00,52.334739,4.954683,212.0,Sudden braking,2.7,2.7,13.227272727272727,12.8,1.0,2,1.1,1.0,602DE_Trip512,1
2026-05-06 08:11:45+00:00,52.334735,4.954698,200.0,Sudden braking,2.7,2.7,12.572727272727272,10.1,1.0,2,3.1,1.0,602DE_Trip512,1
2026-05-06 08:11:46+00:00,52.334709,4.954681,197.0,Sudden braking,2.6,2.6,12.172727272727272,7.5,1.0,2,3.1,1.0,602DE_Trip512,1
2026-05-06 08:14:09+00:00,52.331099,4.945854,246.0,Sudden braking,2.2,2.2,11.190909090909091,10.7,1.0,2,4.9,1.0,602DE_Trip512,1
2026-05-06 08:14:49+00:00,52.330209,4.943374,243.0,Sudden braking,2.1,2.1,13.881818181818181,12.9,1.0,2,3.9,1.0,602DE_Trip512,1
2026-05-06 08:15:03+00:00,52.329946,4.942532,254.0,Sudden braking,2.0,2.0,9.618181818181819,7.9,1.0,2,3.9,1.0,602DE_Trip512,1
2026-05-06 08:15:44+00:00,52.329578,4.939619,260.0,Sudden braking,2.0,2.0,12.9,13.4,1.0,2,6.1,1.0,602DE_Trip512,1
2026-05-06 08:15:45+00:00,52.329607,4.939542,275.0,Sudden braking,2.1,2.1,13.118181818181819,11.3,1.0,2,2.1,1.0,602DE_Trip512,1
2026-05-06 08:16:08+00:00,52.329821,4.937768,289.0,Sudden braking,2.4,2.4,12.136363636363637,12.3,1.0,2,2.8,1.0,602DE_Trip512,1
2026-05-06 08:16:09+00:00,52.329836,4.937734,293.0,Sudden braking,2.5,2.5,11.49090909090909,9.8,1.0,2,2.6,1.0,602DE_Trip512,1
2026-05-06 08:16:10+00:00,52.329848,4.937702,301.0,Sudden braking,2.0,2.0,10.736363636363636,7.8,1.0,2,2.8,1.0,602DE_Trip512,1
2026-05-06 08:16:29+00:00,52.330036,4.936087,270.0,Sudden braking,2.4,2.4,16.381818181818183,16.8,1.0,2,7.2,1.0,602DE_Trip512,1
2026-05-06 08:16:30+00:00,52.330029,4.935981,270.0,Sudden braking,2.5,2.5,15.663636363636364,14.3,1.0,2,1.4,1.0,602DE_Trip512,1
2026-05-06 08:16:56+00:00,52.330246,4.934196,282.0,Sudden braking,2.0,2.0,16.554545454545455,18.1,1.0,2,5.5,1.0,602DE_Trip512,1
2026-05-06 08:16:57+00:00,52.330259,4.934118,286.0,Sudden braking,2.3,2.3,16.581818181818182,15.8,1.0,2,8.4,1.0,602DE_Trip512,1
2026-05-07 09:00:04+00:00,52.317869,4.885779,72.0,Sudden braking,2.6,2.6,12.42,13.1,1.001,3,4.0,1.001,602CA_Trip523,1
2026-05-07 09:00:05+00:00,52.317873,4.885837,90.0,Sudden braking,2.9,2.9,11.844444444444445,10.3,0.965,3,2.7,0.965,602CA_Trip523,1
2026-05-07 09:00:06+00:00,52.317869,4.885877,110.0,Sudden braking,2.14,2.14,11.84,8.1,1.027,3,1.5,1.027,602CA_Trip523,1
2026-05-07 09:04:42+00:00,52.32463,4.89477,18.0,Sudden braking,2.1,2.1,14.43,15.7,0.998,2,4.9,0.998,602CA_Trip523,1
2026-05-07 09:04:43+00:00,52.324673,4.894789,17.0,Sudden braking,2.97,2.97,12.62,12.8,0.978,2,3.8,0.978,602CA_Trip523,1
2026-05-07 09:04:44+00:00,52.324706,4.894803,16.0,Sudden braking,3.18,3.18,11.811111111111112,9.6,1.006,2,2.6,1.006,602CA_Trip523,1
2026-05-07 09:04:45+00:00,52.324728,4.894817,14.0,Sudden braking,3.17,3.17,9.677777777777777,6.4,1.009,2,1.3,1.009,602CA_Trip523,1
2026-05-07 09:04:46+00:00,52.324738,4.894826,21.0,Sudden braking,2.76,2.76,7.588888888888889,3.6,1.013,2,0.8,1.013,602CA_Trip523,1
2026-05-07 09:09:46+00:00,52.332369,4.897595,351.0,Sudden braking,2.27,2.27,10.93,10.5,1.013,2,3.2,1.013,602CA_Trip523,1
2026-05-07 09:09:47+00:00,52.332397,4.897589,349.0,Sudden braking,2.54,2.54,9.53,8.0,0.983,2,2.4,0.983,602CA_Trip523,1
2026-05-07 09:09:48+00:00,52.332418,4.897577,350.0,Sudden braking,2.14,2.14,8.33,5.8,1.029,2,1.3,1.029,602CA_Trip523,1
2026-05-07 09:17:25+00:00,52.347018,4.912004,344.0,Sudden braking,2.13,2.13,8.82,8.9,1.032,1,2.6,1.032,602CA_Trip523,1
2026-05-07 09:17:26+00:00,52.347041,4.911995,348.0,Sudden braking,2.52,2.52,6.872727272727273,6.4,0.992,1,1.7,0.992,602CA_Trip523,1
2026-05-07 09:17:27+00:00,52.347056,4.911998,352.0,Sudden braking,2.32,2.32,4.8100000000000005,4.1,0.993,1,1.0,0.993,602CA_Trip523,1
2026-05-07 09:23:50+00:00,52.359849,4.908535,76.0,Sudden braking,2.19,2.19,7.22,8.7,1.006,2,3.5,1.006,602CA_Trip523,1
2026-05-07 09:23:51+00:00,52.359867,4.908577,79.0,Sudden braking,2.4,2.4,5.92,6.3,0.998,2,1.6,0.998,602CA_Trip523,1
2026-05-07 09:23:52+00:00,52.35988,4.908589,82.0,Sudden braking,2.53,2.53,4.67,3.8,0.99,2,0.8,0.99,602CA_Trip523,1
2026-05-07 09:24:42+00:00,52.360218,4.908836,338.0,Sudden braking,2.21,2.21,9.3,11.1,0.994,2,3.4,0.994,602CA_Trip523,1
2026-05-07 09:24:43+00:00,52.360245,4.908813,336.0,Sudden braking,2.48,2.48,9.3,8.6,1.009,2,2.4,1.009,602CA_Trip523,1
2026-05-07 09:24:44+00:00,52.360264,4.908795,326.0,Sudden braking,2.74,2.74,7.0,5.9,0.984,2,1.8,0.984,602CA_Trip523,1
2026-05-07 09:24:45+00:00,52.360278,4.908782,322.0,Sudden braking,2.09,2.09,7.036363636363636,3.8,1.006,2,0.4,1.006,602CA_Trip523,1
2026-05-07 09:26:14+00:00,52.364143,4.906457,342.0,Sudden braking,2.35,2.35,9.9,10.2,1.023,2,3.0,1.023,602CA_Trip523,1
2026-05-07 09:26:15+00:00,52.364168,4.906444,339.0,Sudden braking,2.87,2.87,7.7299999999999995,7.5,0.941,2,2.6,0.941,602CA_Trip523,1
2026-05-07 09:26:16+00:00,52.36419,4.90643,342.0,Sudden braking,2.18,2.18,7.7299999999999995,5.3,1.008,2,1.9,1.008,602CA_Trip523,1
2026-05-07 09:27:12+00:00,52.36608,4.905136,342.0,Sudden braking,2.24,2.24,15.8,15.6,0.936,2,6.3,0.936,602CA_Trip523,1
2026-05-07 09:27:13+00:00,52.366137,4.905143,345.0,Sudden braking,2.0,2.0,15.8,13.5,1.049,2,5.1,1.049,602CA_Trip523,1
2026-05-07 09:31:10+00:00,52.371023,4.914921,70.0,Sudden braking,2.37,2.37,14.96,15.6,1.011,1,4.4,1.011,602CA_Trip523,1
2026-05-07 09:31:11+00:00,52.371041,4.914979,81.0,Sudden braking,3.01,3.01,11.89090909090909,12.6,0.996,1,4.4,0.996,602CA_Trip523,1
2026-05-07 09:31:12+00:00,52.371049,4.915043,86.0,Sudden braking,3.24,3.24,9.833333333333334,9.4,0.988,1,2.3,0.988,602CA_Trip523,1
2026-05-07 09:31:13+00:00,52.371049,4.915076,89.0,Sudden braking,3.08,3.08,8.91,6.3,1.005,1,0.9,1.005,602CA_Trip523,1
2026-05-07 09:31:14+00:00,52.371049,4.91509,99.0,Sudden braking,2.47,2.47,7.722222222222222,3.8,1.013,1,0.2,1.013,602CA_Trip523,1
2026-05-07 09:47:47+00:00,52.3543,4.810069,164.0,Sudden braking,2.3,2.3,14.166666666666666,13.2,1.0,2,2.4,1.0,604F0_Trip524,1
2026-05-07 09:47:48+00:00,52.354279,4.810075,165.0,Sudden braking,2.8,2.8,13.375,10.4,1.0,2,1.8,1.0,604F0_Trip524,1
2026-05-07 09:47:49+00:00,52.354264,4.810085,167.0,Sudden braking,3.1,3.1,11.2875,7.3,1.0,1,1.4,1.0,604F0_Trip524,1
2026-05-07 09:52:40+00:00,52.356209,4.836421,82.0,Sudden braking,2.4,2.4,13.833333333333332,13.6,1.0,1,4.4,1.0,604F0_Trip524,1
2026-05-07 09:52:41+00:00,52.356196,4.836482,96.0,Sudden braking,3.1,3.1,13.3125,10.5,1.0,1,2.3,1.0,604F0_Trip524,1
2026-05-07 09:55:09+00:00,52.355704,4.847624,91.0,Sudden braking,2.0,2.0,21.163636363636364,20.2,1.0,2,4.8,1.0,604F0_Trip524,1
2026-05-07 09:56:23+00:00,52.354811,4.853251,99.0,Sudden braking,2.1,2.1,17.227272727272727,15.8,1.0,2,3.7,1.0,604F0_Trip524,1
2026-05-07 09:56:45+00:00,52.354776,4.855118,72.0,Sudden braking,2.1,2.1,15.063636363636364,16.0,1.0,2,3.4,1.0,604F0_Trip524,1
2026-05-07 09:56:46+00:00,52.354787,4.855165,69.0,Sudden braking,2.2,2.2,14.26,13.8,1.0,2,2.4,1.0,604F0_Trip524,1
2026-05-07 09:56:47+00:00,52.354796,4.855196,62.0,Sudden braking,2.3,2.3,13.355555555555556,11.5,1.0,2,2.6,1.0,604F0_Trip524,1
2026-05-07 09:56:48+00:00,52.354807,4.85523,62.0,Sudden braking,2.5,2.5,12.35,9.0,1.0,2,1.7,1.0,604F0_Trip524,1
2026-05-07 09:56:49+00:00,52.354814,4.855251,62.0,Sudden braking,2.6,2.6,11.257142857142858,6.4,1.0,2,1.2,1.0,604F0_Trip524,1
2026-05-07 10:02:18+00:00,52.36159,4.881635,59.0,Sudden braking,2.4,2.4,17.877777777777776,16.9,1.0,2,4.2,1.0,604F0_Trip524,1
2026-05-07 10:02:19+00:00,52.361615,4.881683,54.0,Sudden braking,2.7,2.7,17.05,14.2,1.0,2,3.0,1.0,604F0_Trip524,1
2026-05-07 10:02:20+00:00,52.361637,4.881708,45.0,Sudden braking,3.2,3.2,16.1,11.0,1.0,2,2.0,1.0,604F0_Trip524,1
2026-05-07 10:04:54+00:00,52.359628,4.890037,113.0,Sudden braking,2.1,2.1,16.87272727272727,17.8,1.0,2,3.9,1.0,604F0_Trip524,1
2026-05-07 10:04:55+00:00,52.359616,4.890092,113.0,Sudden braking,2.3,2.3,15.309090909090909,15.5,1.0,2,3.6,1.0,604F0_Trip524,1
2026-05-07 10:04:56+00:00,52.359603,4.890141,113.0,Sudden braking,2.2,2.2,13.709090909090909,13.3,1.0,2,2.5,1.0,604F0_Trip524,1
2026-05-07 10:04:57+00:00,52.3596,4.890177,109.0,Sudden braking,2.2,2.2,12.154545454545454,11.1,1.0,2,2.4,1.0,604F0_Trip524,1
2026-05-07 10:04:58+00:00,52.359593,4.89021,112.0,Sudden braking,2.0,2.0,10.718181818181819,9.1,1.0,2,1.6,1.0,604F0_Trip524,1
2026-05-07 10:10:25+00:00,52.366146,4.911648,32.0,Sudden braking,2.2,2.2,18.154545454545456,20.3,1.0,2,4.4,1.0,604F0_Trip524,1
2026-05-07 10:10:26+00:00,52.366178,4.911689,34.0,Sudden braking,2.6,2.6,16.48181818181818,17.7,1.0,2,3.3,1.0,604F0_Trip524,1
2026-05-07 10:10:27+00:00,52.366198,4.911724,30.0,Sudden braking,2.6,2.6,14.563636363636364,15.1,1.0,2,3.3,1.0,604F0_Trip524,1
2026-05-07 10:10:28+00:00,52.366214,4.911765,30.0,Sudden braking,2.6,2.6,13.61,12.5,1.0,2,3.4,1.0,604F0_Trip524,1
2026-05-07 10:10:29+00:00,52.366243,4.911779,30.0,Sudden braking,2.7,2.7,12.477777777777778,9.8,1.0,2,1.2,1.0,604F0_Trip524,1
2026-05-07 10:10:30+00:00,52.366253,4.91178,30.0,Sudden braking,2.7,2.7,11.225,7.1,1.0,2,1.1,1.0,604F0_Trip524,1
2026-05-07 10:10:31+00:00,52.36625,4.911765,30.0,Sudden braking,2.4,2.4,8.8125,4.7,1.0,2,2.0,1.0,604F0_Trip524,1
2026-05-07 10:11:48+00:00,52.367831,4.913216,30.0,Sudden braking,2.2,2.2,11.945454545454545,11.7,1.0,2,2.9,1.0,604F0_Trip524,1
2026-05-07 10:11:49+00:00,52.367856,4.913231,30.0,Sudden braking,2.1,2.1,10.700000000000001,9.6,1.0,2,1.5,1.0,604F0_Trip524,1
2026-05-07 10:13:55+00:00,52.371002,4.915056,76.0,Sudden braking,2.3,2.3,14.511111111111111,12.6,1.0,2,2.7,1.0,604F0_Trip524,1
2026-05-07 10:13:56+00:00,52.371001,4.915095,84.0,Sudden braking,2.2,2.2,13.75,10.4,1.0,2,2.0,1.0,604F0_Trip524,1
2026-05-07 13:26:16+00:00,52.355451,4.919267,154.0,Sudden braking,2.3,2.3,16.08,15.4,1.0,2,5.6,1.0,602DE_Trip527,1
2026-05-07 13:29:00+00:00,52.350112,4.924792,141.0,Sudden braking,2.1,2.1,12.28888888888889,11.9,1.0,2,2.3,1.0,602DE_Trip527,1
2026-05-07 13:29:01+00:00,52.350096,4.924814,146.0,Sudden braking,2.8,2.8,11.7625,9.1,1.0,2,2.0,1.0,602DE_Trip527,1
2026-05-07 13:30:16+00:00,52.348392,4.927805,135.0,Sudden braking,2.2,2.2,14.481818181818182,14.1,1.0,2,4.7,1.0,602DE_Trip527,1
2026-05-07 13:30:17+00:00,52.348363,4.927856,134.0,Sudden braking,2.3,2.3,14.49090909090909,11.8,1.0,2,1.0,1.0,602DE_Trip527,1
2026-05-07 13:38:03+00:00,52.341541,4.949775,147.0,Sudden braking,2.4,2.4,14.827272727272728,14.4,1.0,2,6.8,1.0,602DE_Trip527,1
2026-05-07 13:38:47+00:00,52.340228,4.95231,131.0,Sudden braking,2.1,2.1,21.944444444444443,22.9,1.0,2,7.3,1.0,602DE_Trip527,1
2026-05-07 13:38:51+00:00,52.34018,4.952396,133.0,Sudden braking,3.9,3.9,14.4375,16.2,1.0,2,3.6,1.0,602DE_Trip527,1
2026-05-07 13:38:52+00:00,52.340159,4.952434,133.0,Sudden braking,4.6,4.6,12.2625,11.6,1.0,2,2.1,1.0,602DE_Trip527,1
2026-05-07 15:21:28+00:00,52.375596,4.915096,13.0,Sudden braking,2.8,2.8,23.772727272727273,23.2,1.0,3,6.3,1.0,63C0A_Trip537,1
2026-05-07 15:21:29+00:00,52.375653,4.915096,13.0,Sudden braking,2.0,2.0,23.59090909090909,21.2,1.0,3,1.1,1.0,63C0A_Trip537,1
2026-05-07 15:21:49+00:00,52.376548,4.914024,347.0,Sudden braking,2.2,2.2,22.37272727272727,24.2,1.0,3,6.5,1.0,63C0A_Trip537,1
2026-05-07 15:21:50+00:00,52.376607,4.914017,352.0,Sudden braking,3.0,3.0,21.836363636363636,21.2,1.0,3,4.0,1.0,63C0A_Trip537,1
2026-05-07 15:21:51+00:00,52.376642,4.914027,359.0,Sudden braking,2.8,2.8,21.418181818181818,18.4,1.0,3,3.1,1.0,63C0A_Trip537,1
2026-05-07 15:22:22+00:00,52.376184,4.910972,242.0,Sudden braking,2.5,2.5,17.9625,21.4,1.0,2,5.6,1.0,63C0A_Trip537,1
2026-05-07 15:22:23+00:00,52.376156,4.910905,239.0,Sudden braking,3.7,3.7,16.6,17.7,1.0,3,3.1,1.0,63C0A_Trip537,1
2026-05-07 15:22:24+00:00,52.376144,4.910863,240.0,Sudden braking,4.1,4.1,15.52,13.6,1.0,3,1.6,1.0,63C0A_Trip537,1
2026-05-07 15:22:27+00:00,52.376129,4.910818,240.0,Sudden braking,2.8,2.8,10.24,7.1,1.0,3,1.9,1.0,63C0A_Trip537,1
2026-05-07 15:22:55+00:00,52.375338,4.909917,246.0,Sudden braking,2.9,2.9,20.966666666666665,20.6,1.0,2,4.7,1.0,63C0A_Trip537,1
2026-05-07 15:22:56+00:00,52.375323,4.909853,250.0,Sudden braking,2.9,2.9,19.2,17.7,1.0,2,3.0,1.0,63C0A_Trip537,1
2026-05-07 15:22:57+00:00,52.375331,4.909811,256.0,Sudden braking,3.2,3.2,18.4,14.5,1.0,2,1.6,1.0,63C0A_Trip537,1
2026-05-07 15:23:47+00:00,52.375636,4.908027,296.0,Sudden braking,2.4,2.4,25.009090909090908,26.5,1.0,3,5.8,1.0,63C0A_Trip537,1
2026-05-07 15:23:48+00:00,52.37566,4.907952,296.0,Sudden braking,3.0,3.0,24.272727272727273,23.5,1.0,3,5.4,1.0,63C0A_Trip537,1
2026-05-07 15:23:49+00:00,52.375674,4.907876,296.0,Sudden braking,2.7,2.7,23.581818181818182,20.8,1.0,3,2.3,1.0,63C0A_Trip537,1
2026-05-07 15:24:01+00:00,52.376399,4.907705,348.0,Sudden braking,3.2,3.2,21.945454545454545,22.5,1.0,4,6.3,1.0,63C0A_Trip537,1
2026-05-07 15:24:02+00:00,52.376455,4.907708,348.0,Sudden braking,3.4,3.4,21.445454545454545,19.1,1.0,4,2.8,1.0,63C0A_Trip537,1
2026-05-07 15:24:03+00:00,52.37648,4.907699,348.0,Sudden braking,2.4,2.4,21.045454545454547,16.7,1.0,3,2.7,1.0,63C0A_Trip537,1
2026-05-07 15:24:24+00:00,52.376513,4.9101,88.0,Sudden braking,2.3,2.3,24.036363636363635,25.2,1.0,3,5.3,1.0,63C0A_Trip537,1
2026-05-07 15:24:25+00:00,52.37651,4.910179,88.0,Sudden braking,2.9,2.9,22.509090909090908,22.3,1.0,2,5.9,1.0,63C0A_Trip537,1
2026-05-07 15:24:26+00:00,52.376512,4.910265,88.0,Sudden braking,2.8,2.8,21.1,19.5,1.0,2,2.3,1.0,63C0A_Trip537,1
2026-05-07 15:24:27+00:00,52.376513,4.9103,45.0,Sudden braking,2.3,2.3,19.881818181818183,17.2,1.0,3,1.6,1.0,63C0A_Trip537,1
2026-05-07 15:26:31+00:00,52.37994,4.900538,301.0,Sudden braking,2.2,2.2,21.363636363636363,26.1,1.0,2,8.1,1.0,63C0A_Trip537,1
2026-05-07 15:26:32+00:00,52.379977,4.900435,301.0,Sudden braking,3.7,3.7,19.936363636363637,22.4,1.0,3,5.2,1.0,63C0A_Trip537,1
2026-05-07 15:26:33+00:00,52.380001,4.900369,301.0,Sudden braking,4.6,4.6,18.554545454545455,17.8,1.0,3,3.5,1.0,63C0A_Trip537,1
2026-05-07 15:26:34+00:00,52.380017,4.900325,301.0,Sudden braking,4.6,4.6,17.30909090909091,13.2,1.0,4,1.3,1.0,63C0A_Trip537,1
2026-05-07 15:26:35+00:00,52.380023,4.900308,301.0,Sudden braking,3.3,3.3,16.236363636363638,9.9,1.0,4,1.0,1.0,63C0A_Trip537,1
2026-05-07 15:27:43+00:00,52.382931,4.893991,275.0,Sudden braking,2.1,2.1,31.509090909090908,33.6,1.0,2,7.8,1.0,63C0A_Trip537,1
2026-05-07 15:27:44+00:00,52.382929,4.893876,269.0,Sudden braking,2.7,2.7,29.5,30.9,1.0,2,7.7,1.0,63C0A_Trip537,1
2026-05-07 15:27:45+00:00,52.382927,4.893762,267.0,Sudden braking,3.2,3.2,27.381818181818183,27.7,1.0,2,7.0,1.0,63C0A_Trip537,1
2026-05-07 15:27:46+00:00,52.382923,4.893659,269.0,Sudden braking,3.1,3.1,25.227272727272727,24.6,1.0,2,5.8,1.0,63C0A_Trip537,1
2026-05-07 15:27:47+00:00,52.382924,4.893573,275.0,Sudden braking,2.9,2.9,23.10909090909091,21.7,1.0,2,4.8,1.0,63C0A_Trip537,1
2026-05-07 15:27:48+00:00,52.382932,4.893503,282.0,Sudden braking,2.8,2.8,21.09090909090909,18.9,1.0,2,6.3,1.0,63C0A_Trip537,1
2026-05-07 15:27:49+00:00,52.382956,4.893419,293.0,Sudden braking,2.1,2.1,19.172727272727272,16.8,1.0,2,5.2,1.0,63C0A_Trip537,1
2026-05-07 15:27:56+00:00,52.383198,4.893265,324.0,Sudden braking,2.0,2.0,10.65,8.8,1.0,3,1.8,1.0,63C0A_Trip537,1
2026-05-07 15:28:22+00:00,52.384821,4.893254,13.0,Sudden braking,2.1,2.1,28.936363636363637,31.0,1.0,2,7.8,1.0,63C0A_Trip537,1
2026-05-07 15:28:23+00:00,52.384889,4.893277,11.0,Sudden braking,2.7,2.7,26.736363636363635,28.3,1.0,2,7.6,1.0,63C0A_Trip537,1
2026-05-07 15:28:24+00:00,52.384957,4.89329,7.0,Sudden braking,3.1,3.1,24.37272727272727,25.2,1.0,2,6.6,1.0,63C0A_Trip537,1
2026-05-07 15:28:25+00:00,52.385017,4.893298,4.0,Sudden braking,3.2,3.2,21.945454545454545,22.0,1.0,2,5.1,1.0,63C0A_Trip537,1
2026-05-07 15:28:26+00:00,52.385062,4.893304,4.0,Sudden braking,3.3,3.3,19.527272727272727,18.7,1.0,2,4.1,1.0,63C0A_Trip537,1
2026-05-07 15:28:27+00:00,52.385099,4.89331,4.0,Sudden braking,3.3,3.3,17.136363636363637,15.4,1.0,2,3.7,1.0,63C0A_Trip537,1
2026-05-07 15:28:28+00:00,52.385132,4.893311,2.0,Sudden braking,2.7,2.7,14.836363636363636,12.7,1.0,2,2.9,1.0,63C0A_Trip537,1
2026-05-07 15:29:27+00:00,52.388902,4.891797,345.0,Sudden braking,2.5,2.5,31.5,36.0,1.0,1,10.4,1.0,63C0A_Trip537,1
2026-05-07 15:29:28+00:00,52.388994,4.891762,345.0,Sudden braking,3.6,3.6,28.84,32.4,1.0,2,8.6,1.0,63C0A_Trip537,1
2026-05-07 15:29:29+00:00,52.389069,4.891731,344.0,Sudden braking,4.2,4.2,25.91,28.2,1.0,2,6.5,1.0,63C0A_Trip537,1
2026-05-07 15:29:30+00:00,52.389125,4.891704,344.0,Sudden braking,4.3,4.3,22.759999999999998,23.9,1.0,2,5.3,1.0,63C0A_Trip537,1
2026-05-07 15:29:31+00:00,52.38917,4.891684,344.0,Sudden braking,4.0,4.0,19.529999999999998,19.9,1.0,2,5.3,1.0,63C0A_Trip537,1
2026-05-07 15:29:32+00:00,52.389216,4.891664,344.0,Sudden braking,3.5,3.5,18.236363636363635,16.4,1.0,2,4.8,1.0,63C0A_Trip537,1
2026-05-07 15:29:33+00:00,52.389258,4.891646,343.0,Sudden braking,3.0,3.0,15.463636363636363,13.4,1.0,3,3.4,1.0,63C0A_Trip537,1
2026-05-07 15:29:34+00:00,52.389286,4.891627,338.0,Sudden braking,2.7,2.7,13.77,10.7,1.0,3,2.4,1.0,63C0A_Trip537,1
2026-05-07 15:29:35+00:00,52.389306,4.891612,338.0,Sudden braking,2.5,2.5,12.166666666666666,8.2,1.0,3,1.8,1.0,63C0A_Trip537,1
2026-05-07 15:29:36+00:00,52.389321,4.891599,338.0,Sudden braking,2.0,2.0,10.7,6.2,1.0,3,1.6,1.0,63C0A_Trip537,1
2026-05-07 15:30:25+00:00,52.390266,4.886482,284.0,Sudden braking,2.7,2.7,32.03636363636364,34.3,1.0,2,8.3,1.0,63C0A_Trip537,1
2026-05-07 15:30:26+00:00,52.390285,4.886364,284.0,Sudden braking,3.3,3.3,29.954545454545453,31.0,1.0,3,6.7,1.0,63C0A_Trip537,1
2026-05-07 15:30:27+00:00,52.390299,4.886268,285.0,Sudden braking,3.7,3.7,27.69090909090909,27.3,1.0,3,6.1,1.0,63C0A_Trip537,1
2026-05-07 15:30:28+00:00,52.39031,4.886181,285.0,Sudden braking,3.4,3.4,25.227272727272727,23.9,1.0,3,5.5,1.0,63C0A_Trip537,1
2026-05-07 15:30:29+00:00,52.39032,4.886102,285.0,Sudden braking,2.7,2.7,22.636363636363637,21.2,1.0,3,4.8,1.0,63C0A_Trip537,1
2026-05-07 15:30:30+00:00,52.390336,4.886036,289.0,Sudden braking,2.2,2.2,20.072727272727274,19.0,1.0,3,4.7,1.0,63C0A_Trip537,1
2026-05-07 15:30:32+00:00,52.390375,4.885919,291.0,Sudden braking,2.0,2.0,16.35,15.1,1.0,3,4.3,1.0,63C0A_Trip537,1
2026-05-07 15:30:33+00:00,52.390393,4.885862,291.0,Sudden braking,2.4,2.4,14.45,12.7,1.0,3,3.6,1.0,63C0A_Trip537,1
2026-05-07 15:30:34+00:00,52.390408,4.885815,294.0,Sudden braking,2.3,2.3,13.05,10.4,1.0,3,2.0,1.0,63C0A_Trip537,1
2026-05-07 15:31:14+00:00,52.39152,4.881295,270.0,Sudden braking,2.0,2.0,30.972727272727273,36.5,1.0,2,9.7,1.0,63C0A_Trip537,1
2026-05-07 15:31:15+00:00,52.391487,4.881164,254.0,Sudden braking,4.2,4.2,28.381818181818183,32.3,1.0,2,9.8,1.0,63C0A_Trip537,1
2026-05-07 15:31:16+00:00,52.391437,4.881045,241.0,Sudden braking,5.9,5.9,25.96363636363636,26.4,1.0,3,6.2,1.0,63C0A_Trip537,1
2026-05-07 15:31:17+00:00,52.391404,4.880971,238.0,Sudden braking,6.0,6.0,23.836363636363636,20.4,1.0,3,2.6,1.0,63C0A_Trip537,1
2026-05-07 15:31:18+00:00,52.391391,4.880939,238.0,Sudden braking,5.1,5.1,22.045454545454547,15.3,1.0,3,1.3,1.0,63C0A_Trip537,1
2026-05-07 15:31:19+00:00,52.391385,4.880922,239.0,Sudden braking,3.3,3.3,20.6,12.0,1.0,3,2.5,1.0,63C0A_Trip537,1
2026-05-07 15:32:46+00:00,52.392786,4.868287,235.0,Sudden braking,2.0,2.0,31.94,30.5,1.0,2,8.6,1.0,63C0A_Trip537,1
2026-05-07 15:33:01+00:00,52.392478,4.866586,268.0,Sudden braking,2.0,2.0,29.51818181818182,33.4,1.0,3,6.4,1.0,63C0A_Trip537,1
2026-05-07 15:33:02+00:00,52.392496,4.866497,279.0,Sudden braking,3.4,3.4,28.254545454545454,30.0,1.0,3,6.6,1.0,63C0A_Trip537,1
2026-05-07 15:33:03+00:00,52.392507,4.866401,281.0,Sudden braking,4.0,4.0,27.072727272727274,26.0,1.0,3,4.0,1.0,63C0A_Trip537,1
2026-05-07 15:33:04+00:00,52.392515,4.866344,283.0,Sudden braking,3.7,3.7,26.027272727272727,22.3,1.0,3,3.1,1.0,63C0A_Trip537,1
2026-05-07 15:33:05+00:00,52.392522,4.8663,285.0,Sudden braking,2.7,2.7,25.145454545454545,19.6,1.0,3,4.2,1.0,63C0A_Trip537,1
2026-05-07 15:38:51+00:00,52.417481,4.826757,29.0,Sudden braking,2.1,2.1,30.163636363636364,32.8,1.0,2,11.5,1.0,63C0A_Trip537,1
2026-05-07 15:38:52+00:00,52.417572,4.826837,26.0,Sudden braking,2.8,2.8,27.545454545454547,30.0,1.0,2,9.6,1.0,63C0A_Trip537,1
2026-05-07 15:38:53+00:00,52.417651,4.826893,20.0,Sudden braking,3.5,3.5,24.7,26.5,1.0,2,6.6,1.0,63C0A_Trip537,1
2026-05-07 15:38:54+00:00,52.417708,4.826922,17.0,Sudden braking,4.0,4.0,21.709090909090907,22.5,1.0,2,5.2,1.0,63C0A_Trip537,1
2026-05-07 15:38:55+00:00,52.417754,4.826936,13.0,Sudden braking,4.1,4.1,20.24,18.4,1.0,2,1.6,1.0,63C0A_Trip537,1
2026-05-07 15:38:56+00:00,52.417766,4.826951,17.0,Sudden braking,3.9,3.9,18.61111111111111,14.5,1.0,2,2.0,1.0,63C0A_Trip537,1
2026-05-07 15:38:57+00:00,52.417783,4.826943,64.0,Sudden braking,3.8,3.8,16.8375,10.7,1.0,2,8.3,1.0,63C0A_Trip537,1
2026-05-07 15:38:58+00:00,52.417817,4.826834,64.0,Sudden braking,3.3,3.3,14.957142857142857,7.4,1.0,2,1.1,1.0,63C0A_Trip537,1
2026-05-07 15:45:55+00:00,52.419434,4.826953,3.0,Sudden braking,3.2,3.2,17.1375,15.1,1.0,1,4.8,1.0,63C0A_Trip537,1
2026-05-07 15:45:56+00:00,52.419477,4.826949,3.0,Sudden braking,4.3,4.3,16.6,10.8,1.0,1,4.8,1.0,63C0A_Trip537,1
2026-05-07 15:46:50+00:00,52.420664,4.826738,327.0,Sudden braking,2.2,2.2,9.763636363636364,9.8,1.0,1,1.5,1.0,63C0A_Trip537,1
2026-05-07 15:46:51+00:00,52.420677,4.826745,331.0,Sudden braking,2.2,2.2,8.545454545454545,7.6,1.0,1,2.0,1.0,63C0A_Trip537,1
2026-05-07 15:46:52+00:00,52.420695,4.826743,342.0,Sudden braking,2.1,2.1,7.363636363636363,5.5,1.0,1,2.6,1.0,63C0A_Trip537,1
2026-05-07 15:50:29+00:00,52.424017,4.827679,6.0,Sudden braking,2.1,2.1,30.071428571428573,28.0,1.0,3,7.1,1.0,63C0A_Trip537,1
2026-05-07 15:52:57+00:00,52.433736,4.816132,255.0,Sudden braking,3.1,3.1,32.68181818181818,34.3,1.0,2,8.7,1.0,63C0A_Trip537,1
2026-05-07 15:52:58+00:00,52.433719,4.816006,256.0,Sudden braking,3.9,3.9,31.37272727272727,30.4,1.0,2,6.9,1.0,63C0A_Trip537,1
2026-05-07 15:52:59+00:00,52.433721,4.815905,265.0,Sudden braking,3.6,3.6,30.21818181818182,26.8,1.0,3,5.6,1.0,63C0A_Trip537,1
2026-05-07 15:53:00+00:00,52.433752,4.81584,291.0,Sudden braking,2.5,2.5,29.20909090909091,24.3,1.0,3,6.2,1.0,63C0A_Trip537,1
2026-05-07 15:56:58+00:00,52.456853,4.80624,358.0,Sudden braking,2.4,2.4,31.4,33.5,0.999,3,7.9,0.999,63C0A_Trip537,1
2026-05-07 15:56:58+00:00,52.456924,4.806236,359.0,Sudden braking,2.8,2.8,30.257142857142856,30.7,1.0,2,7.4,1.0,63C0A_Trip537,1
2026-05-07 15:56:59+00:00,52.456991,4.806233,359.0,Sudden braking,3.1,3.1,27.47142857142857,27.6,1.0,2,7.2,1.0,63C0A_Trip537,1
2026-05-07 15:57:00+00:00,52.457056,4.806231,359.0,Sudden braking,3.0,3.0,24.52857142857143,24.6,1.0,2,6.6,1.0,63C0A_Trip537,1
2026-05-07 15:57:04+00:00,52.457254,4.80622,358.0,Sudden braking,3.2,3.2,19.6125,18.4,1.0,3,4.1,1.0,63C0A_Trip537,1
2026-05-07 15:57:05+00:00,52.457291,4.806218,358.0,Sudden braking,3.1,3.1,18.47142857142857,15.3,1.0,3,3.0,1.0,63C0A_Trip537,1
2026-05-07 15:59:19+00:00,52.470122,4.805494,357.0,Sudden braking,2.1,2.1,32.56363636363636,32.5,1.0,3,7.9,1.0,63C0A_Trip537,1
2026-05-07 15:59:20+00:00,52.470193,4.805489,358.0,Sudden braking,2.0,2.0,31.48181818181818,30.5,1.0,3,6.9,1.0,63C0A_Trip537,1
2026-05-07 16:01:55+00:00,52.484789,4.806299,334.0,Sudden braking,2.7,2.7,31.427272727272726,34.4,1.0,3,12.7,1.0,63C0A_Trip537,1
2026-05-07 16:01:56+00:00,52.484886,4.8062,324.0,Sudden braking,3.5,3.5,28.945454545454545,30.9,1.0,3,8.6,1.0,63C0A_Trip537,1
2026-05-07 16:01:57+00:00,52.484947,4.806124,323.0,Sudden braking,3.8,3.8,26.181818181818183,27.1,1.0,2,6.3,1.0,63C0A_Trip537,1
2026-05-07 16:01:58+00:00,52.484993,4.806067,322.0,Sudden braking,4.0,4.0,23.19090909090909,23.1,1.0,2,5.4,1.0,63C0A_Trip537,1
2026-05-07 16:01:59+00:00,52.485031,4.806019,322.0,Sudden braking,3.9,3.9,20.10909090909091,19.2,1.0,2,4.7,1.0,63C0A_Trip537,1
2026-05-07 16:02:00+00:00,52.485064,4.805976,322.0,Sudden braking,3.4,3.4,18.41,15.8,1.0,2,6.0,1.0,63C0A_Trip537,1
2026-05-07 16:02:01+00:00,52.485105,4.805918,315.0,Sudden braking,3.1,3.1,15.38,12.7,1.0,3,2.6,1.0,63C0A_Trip537,1
2026-05-07 16:02:02+00:00,52.485122,4.805891,315.0,Sudden braking,3.2,3.2,13.655555555555555,9.5,1.0,3,2.8,1.0,63C0A_Trip537,1
2026-05-07 16:02:03+00:00,52.485138,4.805861,312.0,Sudden braking,2.9,2.9,11.975,6.6,1.0,3,0.4,1.0,63C0A_Trip537,1
2026-05-07 16:02:53+00:00,52.486921,4.801246,299.0,Sudden braking,2.2,2.2,34.71818181818182,35.2,1.0,3,9.7,1.0,63C0A_Trip537,1
2026-05-07 16:02:54+00:00,52.486964,4.801121,299.0,Sudden braking,2.3,2.3,33.845454545454544,32.9,1.0,3,8.1,1.0,63C0A_Trip537,1
2026-05-07 16:02:55+00:00,52.486999,4.801016,299.0,Sudden braking,2.1,2.1,33.1,30.8,1.0,3,7.5,1.0,63C0A_Trip537,1
2026-05-07 16:03:26+00:00,52.488419,4.796662,302.0,Sudden braking,2.1,2.1,33.127272727272725,35.3,1.0,2,8.9,1.0,63C0A_Trip537,1
2026-05-07 16:03:27+00:00,52.488463,4.796552,302.0,Sudden braking,2.5,2.5,31.227272727272727,32.8,1.0,3,8.1,1.0,63C0A_Trip537,1
2026-05-07 16:03:28+00:00,52.488505,4.796454,302.0,Sudden braking,3.2,3.2,30.35,29.6,1.0,3,8.2,1.0,63C0A_Trip537,1
2026-05-07 16:03:29+00:00,52.488545,4.796351,301.0,Sudden braking,3.3,3.3,28.24,26.3,1.0,2,7.3,1.0,63C0A_Trip537,1
2026-05-07 16:03:30+00:00,52.488564,4.796249,301.0,Sudden braking,3.0,3.0,26.3,23.3,1.0,3,5.2,1.0,63C0A_Trip537,1
2026-05-07 16:03:31+00:00,52.488597,4.796194,299.0,Sudden braking,2.6,2.6,24.72,20.7,1.0,3,2.5,1.0,63C0A_Trip537,1
2026-05-07 16:07:12+00:00,52.494741,4.76253,295.0,Sudden braking,3.8,3.8,34.8125,33.1,1.001,3,10.0,1.001,63C0A_Trip537,1
2026-05-07 16:07:13+00:00,52.494778,4.762395,294.0,Sudden braking,5.9,5.9,33.166666666666664,27.2,1.0,3,7.8,1.0,63C0A_Trip537,1
2026-05-07 16:14:56+00:00,52.521868,4.702563,313.0,Sudden braking,2.1,2.1,32.154545454545456,34.9,1.0,3,9.4,1.0,63C0A_Trip537,1
2026-05-07 16:14:57+00:00,52.521926,4.702462,314.0,Sudden braking,3.2,3.2,30.463636363636365,31.7,1.0,3,8.4,1.0,63C0A_Trip537,1
2026-05-07 16:14:58+00:00,52.521977,4.70237,312.0,Sudden braking,4.0,4.0,29.027272727272727,27.7,1.0,3,6.3,1.0,63C0A_Trip537,1
2026-05-07 16:14:59+00:00,52.522015,4.7023,311.0,Sudden braking,3.7,3.7,28.02,24.0,1.0,3,2.7,1.0,63C0A_Trip537,1
2026-05-07 16:15:00+00:00,52.522031,4.702271,314.0,Sudden braking,2.7,2.7,26.877777777777776,21.3,1.0,3,0.7,1.0,63C0A_Trip537,1
2026-05-07 16:20:20+00:00,52.542695,4.675931,305.0,Sudden braking,2.0,2.0,33.35454545454545,33.1,1.0,4,8.9,1.0,63C0A_Trip537,1
2026-05-07 16:20:21+00:00,52.542735,4.675817,303.0,Sudden braking,2.0,2.0,32.80909090909091,31.1,1.0,4,7.0,1.0,63C0A_Trip537,1
2026-05-07 20:26:51+00:00,52.371063,4.913221,280.0,Sudden braking,2.3,2.3,9.59,8.5,1.0,2,2.6,1.0,602CA_Trip538,1
2026-05-07 20:26:52+00:00,52.371064,4.913183,270.0,Sudden braking,2.04,2.04,8.67,6.4,1.03,2,1.9,1.03,602CA_Trip538,1
2026-05-07 20:32:07+00:00,52.361324,4.908158,248.0,Sudden braking,2.09,2.09,8.077777777777778,6.1,1.006,2,2.4,1.006,602CA_Trip538,1
2026-05-07 20:32:08+00:00,52.361311,4.90813,242.0,Sudden braking,2.01,2.01,6.314285714285714,4.1,0.996,2,0.6,0.996,602CA_Trip538,1
2026-05-07 20:35:34+00:00,52.356066,4.904911,182.0,Sudden braking,2.31,2.31,7.59,8.7,0.994,2,2.4,0.994,602CA_Trip538,1
2026-05-07 20:35:35+00:00,52.356044,4.90491,200.0,Sudden braking,2.45,2.45,6.08,6.4,0.937,2,1.5,0.937,602CA_Trip538,1
2026-05-07 20:35:36+00:00,52.356032,4.904902,214.0,Sudden braking,2.31,2.31,6.08,4.0,1.04,2,0.6,1.04,602CA_Trip538,1
2026-05-07 20:35:37+00:00,52.356027,4.904897,227.0,Sudden braking,2.0,2.0,3.7222222222222223,2.0,1.001,2,0.6,1.001,602CA_Trip538,1
2026-05-08 05:01:07+00:00,52.54259,4.675532,53.0,Sudden braking,2.0,2.0,29.554545454545455,28.6,1.0,3,9.7,1.0,63C0A_Trip539,1
2026-05-08 05:03:53+00:00,52.536414,4.694428,79.0,Sudden braking,2.0,2.0,33.03636363636364,34.3,1.0,3,9.2,1.0,63C0A_Trip539,1
2026-05-08 05:03:54+00:00,52.536431,4.694561,83.0,Sudden braking,2.3,2.3,31.618181818181817,32.0,1.0,3,8.2,1.0,63C0A_Trip539,1
2026-05-08 05:03:55+00:00,52.536424,4.694681,94.0,Sudden braking,2.5,2.5,30.318181818181817,29.5,1.0,3,7.4,1.0,63C0A_Trip539,1
2026-05-08 05:03:56+00:00,52.536394,4.694778,110.0,Sudden braking,2.5,2.5,29.209090909090907,27.0,1.0,3,7.5,1.0,63C0A_Trip539,1
2026-05-08 05:03:57+00:00,52.536335,4.694834,141.0,Sudden braking,2.0,2.0,28.318181818181817,25.0,1.0,3,8.2,1.0,63C0A_Trip539,1
2026-05-08 05:06:34+00:00,52.522442,4.702544,132.0,Sudden braking,2.4,2.4,31.954545454545453,32.8,1.0,2,9.0,1.0,63C0A_Trip539,1
2026-05-08 05:06:35+00:00,52.522388,4.702642,132.0,Sudden braking,2.7,2.7,30.40909090909091,30.1,1.0,2,7.0,1.0,63C0A_Trip539,1
2026-05-08 05:06:36+00:00,52.522346,4.702719,133.0,Sudden braking,2.5,2.5,28.872727272727275,27.6,1.0,2,4.3,1.0,63C0A_Trip539,1
2026-05-08 05:06:37+00:00,52.52232,4.702765,133.0,Sudden braking,2.2,2.2,27.354545454545455,25.4,1.0,3,2.3,1.0,63C0A_Trip539,1
2026-05-08 05:07:19+00:00,52.519896,4.706247,134.0,Sudden braking,2.4,2.4,33.69090909090909,35.0,1.0,3,11.0,1.0,63C0A_Trip539,1
2026-05-08 05:07:20+00:00,52.519821,4.706354,140.0,Sudden braking,2.8,2.8,32.372727272727275,32.2,1.0,3,8.7,1.0,63C0A_Trip539,1
2026-05-08 05:07:21+00:00,52.51976,4.706432,143.0,Sudden braking,2.7,2.7,31.136363636363637,29.5,1.0,3,6.4,1.0,63C0A_Trip539,1
2026-05-08 05:07:22+00:00,52.519713,4.706488,145.0,Sudden braking,2.3,2.3,30.027272727272727,27.2,1.0,3,3.3,1.0,63C0A_Trip539,1
2026-05-08 05:11:48+00:00,52.502768,4.738514,131.0,Sudden braking,2.1,2.1,32.4,35.7,1.0,3,9.9,1.0,63C0A_Trip539,1
2026-05-08 05:11:49+00:00,52.50271,4.738624,131.0,Sudden braking,3.1,3.1,30.12727272727273,32.6,1.0,3,8.1,1.0,63C0A_Trip539,1
2026-05-08 05:11:50+00:00,52.502662,4.738714,131.0,Sudden braking,3.8,3.8,27.681818181818183,28.8,1.0,3,6.4,1.0,63C0A_Trip539,1
2026-05-08 05:11:51+00:00,52.502624,4.738785,131.0,Sudden braking,4.1,4.1,25.036363636363635,24.7,1.0,3,4.3,1.0,63C0A_Trip539,1
2026-05-08 05:11:52+00:00,52.502599,4.738834,131.0,Sudden braking,3.9,3.9,22.245454545454546,20.8,1.0,3,4.3,1.0,63C0A_Trip539,1
2026-05-08 05:11:53+00:00,52.502574,4.738881,131.0,Sudden braking,3.3,3.3,19.472727272727273,17.5,1.0,3,3.7,1.0,63C0A_Trip539,1
2026-05-08 05:11:54+00:00,52.502552,4.738923,131.0,Sudden braking,2.5,2.5,17.85,15.0,1.0,3,3.3,1.0,63C0A_Trip539,1
2026-05-08 05:11:55+00:00,52.502532,4.73896,131.0,Sudden braking,2.0,2.0,16.211111111111112,13.0,1.0,4,3.0,1.0,63C0A_Trip539,1
2026-05-08 05:11:56+00:00,52.502515,4.738993,131.0,Sudden braking,2.5,2.5,14.6375,10.5,1.0,4,2.7,1.0,63C0A_Trip539,1
2026-05-08 05:11:57+00:00,52.502499,4.739023,131.0,Sudden braking,2.2,2.2,13.2,8.3,1.0,3,1.6,1.0,63C0A_Trip539,1
2026-05-08 05:16:03+00:00,52.493812,4.7683,93.0,Sudden braking,2.6,2.6,34.18,33.6,1.0,3,9.3,1.0,63C0A_Trip539,1
2026-05-08 05:22:39+00:00,52.471371,4.805257,178.0,Sudden braking,2.2,2.2,33.481818181818184,36.5,1.0,2,9.4,1.0,63C0A_Trip539,1
2026-05-08 05:22:40+00:00,52.471287,4.805263,178.0,Sudden braking,2.8,2.8,31.254545454545454,33.7,1.0,3,7.3,1.0,63C0A_Trip539,1
2026-05-08 05:22:41+00:00,52.471221,4.805267,178.0,Sudden braking,3.3,3.3,28.71818181818182,30.4,1.0,3,6.7,1.0,63C0A_Trip539,1
2026-05-08 05:22:42+00:00,52.47116,4.805271,178.0,Sudden braking,3.7,3.7,25.9,26.7,1.0,3,6.5,1.0,63C0A_Trip539,1
2026-05-08 05:22:43+00:00,52.471102,4.805274,178.0,Sudden braking,3.6,3.6,22.836363636363636,23.1,1.0,3,5.7,1.0,63C0A_Trip539,1
2026-05-08 05:22:44+00:00,52.47105,4.805278,178.0,Sudden braking,3.7,3.7,19.745454545454546,19.4,1.0,3,4.6,1.0,63C0A_Trip539,1
2026-05-08 05:22:45+00:00,52.471009,4.80528,178.0,Sudden braking,3.9,3.9,18.07,15.5,1.0,3,2.9,1.0,63C0A_Trip539,1
2026-05-08 05:22:46+00:00,52.470983,4.805282,178.0,Sudden braking,3.4,3.4,15.18,12.1,1.0,3,1.1,1.0,63C0A_Trip539,1
2026-05-08 05:22:47+00:00,52.470973,4.805282,178.0,Sudden braking,3.1,3.1,13.488888888888889,9.0,1.0,3,1.5,1.0,63C0A_Trip539,1
2026-05-08 05:22:48+00:00,52.47096,4.805283,178.0,Sudden braking,2.9,2.9,11.8375,6.1,1.0,3,2.3,1.0,63C0A_Trip539,1
2026-05-08 05:29:15+00:00,52.433866,4.81581,174.0,Sudden braking,2.9,2.9,33.59090909090909,34.5,1.0,4,9.5,1.0,63C0A_Trip539,1
2026-05-08 05:29:16+00:00,52.433782,4.815823,173.0,Sudden braking,3.4,3.4,33.03,31.1,1.0,3,7.5,1.0,63C0A_Trip539,1
2026-05-08 05:29:17+00:00,52.433717,4.815858,173.0,Sudden braking,3.0,3.0,32.05,28.1,1.0,2,4.9,1.0,63C0A_Trip539,1
2026-05-08 08:19:05+00:00,52.336709,4.906176,1.0,Sudden braking,2.2,2.2,11.555555555555555,13.7,1.0,2,4.5,1.0,602CA_Trip540,1
2026-05-08 08:19:06+00:00,52.336747,4.90616,0.0,Sudden braking,2.78,2.78,9.911111111111111,11.0,0.97,2,3.2,0.97,602CA_Trip540,1
2026-05-08 08:19:07+00:00,52.336775,4.906144,357.0,Sudden braking,3.09,3.09,9.911111111111111,7.8,1.034,2,1.6,1.034,602CA_Trip540,1
2026-05-08 08:19:08+00:00,52.336788,4.906152,357.0,Sudden braking,3.18,3.18,8.044444444444444,4.6,1.006,2,0.6,1.006,602CA_Trip540,1
2026-05-08 08:19:09+00:00,52.336791,4.906145,356.0,Sudden braking,2.24,2.24,6.925,2.3,1.027,2,0.1,1.027,602CA_Trip540,1
2026-05-08 08:20:10+00:00,52.338605,4.907141,45.0,Sudden braking,2.58,2.58,9.936363636363636,11.1,1.006,2,3.6,1.006,602CA_Trip540,1
2026-05-08 08:20:11+00:00,52.33863,4.907176,41.0,Sudden braking,3.0,3.0,7.53,8.1,1.001,2,2.9,1.001,602CA_Trip540,1
2026-05-08 08:20:12+00:00,52.338652,4.907197,27.0,Sudden braking,2.93,2.93,5.97,5.2,0.989,2,0.5,0.989,602CA_Trip540,1
2026-05-08 08:20:13+00:00,52.338657,4.907197,20.0,Sudden braking,2.53,2.53,4.56,2.7,0.99,2,0.7,0.99,602CA_Trip540,1
2026-05-08 08:20:58+00:00,52.339382,4.908833,36.0,Sudden braking,2.21,2.21,13.3,12.6,0.95,3,2.8,0.95,602CA_Trip540,1
2026-05-08 08:29:44+00:00,52.359968,4.908472,81.0,Sudden braking,2.34,2.34,9.18,10.9,0.983,1,3.4,0.983,602CA_Trip540,1
2026-05-08 08:29:45+00:00,52.359975,4.90852,87.0,Sudden braking,2.75,2.75,9.18,8.1,1.018,1,2.6,1.018,602CA_Trip540,1
2026-05-08 08:29:46+00:00,52.359979,4.908557,88.0,Sudden braking,2.76,2.76,7.1625,5.4,0.979,1,1.6,0.979,602CA_Trip540,1
2026-05-08 08:29:47+00:00,52.359975,4.90858,80.0,Sudden braking,2.28,2.28,7.1625,3.1,1.009,1,0.5,1.009,602CA_Trip540,1
2026-05-08 08:30:45+00:00,52.360204,4.908845,329.0,Sudden braking,2.04,2.04,11.75,13.1,1.027,2,5.7,1.027,602CA_Trip540,1
2026-05-08 08:30:46+00:00,52.360249,4.908803,330.0,Sudden braking,2.8,2.8,11.333333333333334,10.4,0.966,2,4.1,0.966,602CA_Trip540,1
2026-05-08 08:30:47+00:00,52.360283,4.908779,328.0,Sudden braking,2.89,2.89,10.7,7.5,1.002,2,2.2,1.002,602CA_Trip540,1
2026-05-08 08:30:48+00:00,52.360301,4.908764,325.0,Sudden braking,3.0,3.0,8.9625,4.5,1.0,3,0.7,1.0,602CA_Trip540,1
2026-05-08 08:30:49+00:00,52.360306,4.908759,328.0,Sudden braking,2.51,2.51,7.5375,2.0,0.997,3,0.1,0.997,602CA_Trip540,1
2026-05-08 08:32:10+00:00,52.36416,4.906503,344.0,Sudden braking,2.04,2.04,13.88888888888889,15.4,0.981,1,5.1,0.981,602CA_Trip540,1
2026-05-08 08:32:11+00:00,52.364206,4.906495,341.0,Sudden braking,2.7,2.7,12.74,12.7,1.0,1,4.6,1.0,602CA_Trip540,1
2026-05-08 08:32:12+00:00,52.364245,4.906471,339.0,Sudden braking,2.89,2.89,9.881818181818183,9.8,1.005,1,3.5,1.005,602CA_Trip540,1
2026-05-08 08:32:13+00:00,52.364268,4.906437,334.0,Sudden braking,2.87,2.87,8.92,6.9,1.01,1,3.3,1.01,602CA_Trip540,1
2026-05-08 08:32:14+00:00,52.364298,4.906435,336.0,Sudden braking,2.59,2.59,6.65,4.3,1.005,2,3.1,1.005,602CA_Trip540,1
2026-05-08 08:33:41+00:00,52.36764,4.904355,342.0,Sudden braking,2.1,2.1,11.19,9.6,1.0,2,3.2,1.0,602CA_Trip540,1
2026-05-08 08:34:00+00:00,52.368088,4.904977,82.0,Sudden braking,2.6,2.6,15.222222222222223,15.3,0.999,2,5.6,0.999,602CA_Trip540,1
2026-05-08 08:34:01+00:00,52.368109,4.905052,77.0,Sudden braking,2.21,2.21,14.55,13.1,0.997,2,4.2,0.997,602CA_Trip540,1
2026-05-08 08:37:01+00:00,52.371036,4.91494,72.0,Sudden braking,2.34,2.34,12.28,13.4,0.982,1,4.7,0.982,602CA_Trip540,1
2026-05-08 08:37:02+00:00,52.371051,4.915006,78.0,Sudden braking,3.07,3.07,10.57,10.3,1.01,1,3.3,1.01,602CA_Trip540,1
2026-05-08 08:37:03+00:00,52.371059,4.915052,77.0,Sudden braking,3.04,3.04,9.766666666666666,7.2,1.02,1,2.0,1.02,602CA_Trip540,1
2026-05-08 08:37:04+00:00,52.371066,4.915079,75.0,Sudden braking,2.93,2.93,6.0,4.3,0.989,1,0.2,0.989,602CA_Trip540,1
2026-05-08 08:37:05+00:00,52.371068,4.915078,0.0,Sudden braking,2.37,2.37,6.0,1.9,1.014,1,0.7,1.014,602CA_Trip540,1
2026-05-08 08:38:19+00:00,52.372377,4.918242,55.0,Sudden braking,2.03,2.03,7.63,7.5,0.987,3,2.4,0.987,602CA_Trip540,1
2026-05-08 08:38:20+00:00,52.372396,4.918258,61.0,Sudden braking,2.03,2.03,7.781818181818182,5.5,0.987,3,1.9,0.987,602CA_Trip540,1
2026-05-08 08:39:14+00:00,52.374172,4.915506,342.0,Sudden braking,2.09,2.09,7.89,9.1,0.957,2,3.1,0.957,602CA_Trip540,1
2026-05-08 08:39:15+00:00,52.374196,4.915486,344.0,Sudden braking,2.1,2.1,7.89,7.0,0.998,2,2.8,0.998,602CA_Trip540,1
2026-05-08 08:39:16+00:00,52.37422,4.915471,355.0,Sudden braking,2.0,2.0,5.918181818181818,5.0,1.002,2,1.9,1.002,602CA_Trip540,1
2026-05-08 13:14:54+00:00,52.337376,4.93884,278.0,Sudden braking,2.3,2.3,14.6,12.9,1.0,2,1.9,1.0,602DE_Trip541,1
2026-05-08 13:14:55+00:00,52.337389,4.938859,287.0,Sudden braking,2.6,2.6,14.549999999999999,10.3,1.0,2,4.8,1.0,602DE_Trip541,1
2026-05-08 13:16:26+00:00,52.338639,4.932007,284.0,Sudden braking,2.6,2.6,16.336363636363636,15.6,1.0,2,5.4,1.0,602DE_Trip541,1
2026-05-08 13:16:27+00:00,52.338654,4.931931,286.0,Sudden braking,2.5,2.5,16.009090909090908,13.1,1.0,2,1.0,1.0,602DE_Trip541,1
2026-05-08 13:16:54+00:00,52.339027,4.929913,286.0,Sudden braking,2.3,2.3,16.645454545454545,15.4,1.0,2,5.5,1.0,602DE_Trip541,1
2026-05-08 13:17:53+00:00,52.340598,4.925962,307.0,Sudden braking,2.0,2.0,17.18,17.5,1.0,2,4.8,1.0,602DE_Trip541,1
2026-05-08 13:17:56+00:00,52.340675,4.925818,314.0,Sudden braking,2.0,2.0,14.09,13.2,1.0,2,1.5,1.0,602DE_Trip541,1
2026-05-08 13:19:37+00:00,52.34382,4.9196,340.0,Sudden braking,2.4,2.4,13.709090909090909,11.6,1.0,2,9.1,1.0,602DE_Trip541,1
2026-05-08 13:19:47+00:00,52.344308,4.919342,348.0,Sudden braking,2.8,2.8,15.75,15.2,1.001,2,5.4,1.001,602DE_Trip541,1
2026-05-08 13:19:49+00:00,52.344356,4.919337,348.0,Sudden braking,2.0,2.0,16.0,13.2,1.0,2,1.1,1.0,602DE_Trip541,1
2026-05-08 13:19:56+00:00,52.344681,4.919211,341.0,Sudden braking,2.6,2.6,13.963636363636363,14.3,1.0,2,1.0,1.0,602DE_Trip541,1
2026-05-08 13:19:57+00:00,52.34469,4.919208,340.0,Sudden braking,3.3,3.3,14.318181818181818,11.0,1.0,2,6.3,1.0,602DE_Trip541,1
2026-05-08 16:03:28+00:00,52.376541,4.914208,348.0,Sudden braking,2.7,2.7,15.1,16.1,1.0,2,3.6,1.0,63C0A_Trip544,1
2026-05-08 16:03:29+00:00,52.376572,4.914196,348.0,Sudden braking,3.6,3.6,14.8125,12.5,1.0,2,1.0,1.0,63C0A_Trip544,1
2026-05-08 16:03:30+00:00,52.376567,4.914185,359.0,Sudden braking,4.0,4.0,14.3,8.5,1.0,2,1.6,1.0,63C0A_Trip544,1
2026-05-08 16:03:42+00:00,52.37659,4.91419,348.0,Sudden braking,2.5,2.5,1.65,2.3,1.0,2,1.7,1.0,63C0A_Trip544,1
2026-05-08 16:05:06+00:00,52.376569,4.912146,272.0,Sudden braking,2.2,2.2,19.227272727272727,20.2,1.0,2,4.1,1.0,63C0A_Trip544,1
2026-05-08 16:05:07+00:00,52.376571,4.912086,280.0,Sudden braking,2.4,2.4,18.63,17.8,1.0,3,3.2,1.0,63C0A_Trip544,1
2026-05-08 16:05:08+00:00,52.376562,4.91204,272.0,Sudden braking,2.3,2.3,17.1,15.5,1.0,3,4.4,1.0,63C0A_Trip544,1
2026-05-08 16:05:09+00:00,52.376592,4.911998,280.0,Sudden braking,2.0,2.0,15.55,13.5,1.0,2,3.0,1.0,63C0A_Trip544,1
2026-05-08 16:05:33+00:00,52.376135,4.910778,243.0,Sudden braking,2.1,2.1,13.663636363636364,14.9,1.0,3,3.1,1.0,63C0A_Trip544,1
2026-05-08 16:05:34+00:00,52.376122,4.910737,243.0,Sudden braking,2.1,2.1,12.954545454545455,12.8,1.0,3,1.7,1.0,63C0A_Trip544,1
2026-05-08 16:06:07+00:00,52.376702,4.910189,336.0,Sudden braking,4.2,4.2,20.1,21.1,1.0,3,7.9,1.0,63C0A_Trip544,1
2026-05-08 16:06:08+00:00,52.376764,4.910134,337.0,Sudden braking,5.0,5.0,18.554545454545455,16.1,1.0,3,5.0,1.0,63C0A_Trip544,1
2026-05-08 16:06:09+00:00,52.376806,4.910103,338.0,Sudden braking,2.7,2.7,16.98181818181818,13.4,1.0,2,4.2,1.0,63C0A_Trip544,1
2026-05-08 16:07:15+00:00,52.378297,4.906865,282.0,Sudden braking,2.0,2.0,14.18,12.5,1.0,3,2.5,1.0,63C0A_Trip544,1
2026-05-08 16:07:43+00:00,52.378741,4.904194,301.0,Sudden braking,2.0,2.0,26.245454545454546,27.2,1.0,2,6.7,1.0,63C0A_Trip544,1
2026-05-08 16:07:44+00:00,52.378778,4.904117,305.0,Sudden braking,2.4,2.4,25.936363636363637,24.8,1.0,2,4.3,1.0,63C0A_Trip544,1
2026-05-08 16:07:45+00:00,52.3788,4.904065,304.0,Sudden braking,2.1,2.1,25.763636363636362,22.7,1.0,2,4.6,1.0,63C0A_Trip544,1
2026-05-08 16:10:09+00:00,52.384865,4.893252,11.0,Sudden braking,2.1,2.1,31.672727272727272,33.1,1.0,3,8.9,1.0,63C0A_Trip544,1
2026-05-08 16:10:10+00:00,52.384944,4.893274,7.0,Sudden braking,2.3,2.3,29.936363636363637,30.8,1.0,2,8.4,1.0,63C0A_Trip544,1
2026-05-08 16:10:11+00:00,52.385019,4.893288,4.0,Sudden braking,2.8,2.8,28.3,28.0,1.0,2,7.4,1.0,63C0A_Trip544,1
2026-05-08 16:10:12+00:00,52.385085,4.893299,4.0,Sudden braking,3.1,3.1,26.89090909090909,24.9,1.0,2,6.4,1.0,63C0A_Trip544,1
2026-05-08 16:10:13+00:00,52.385142,4.893299,2.0,Sudden braking,2.6,2.6,25.79090909090909,22.3,1.0,2,4.7,1.0,63C0A_Trip544,1
2026-05-08 16:10:54+00:00,52.388931,4.891772,345.0,Sudden braking,3.3,3.3,31.172727272727272,34.2,1.0,2,9.3,1.0,63C0A_Trip544,1
2026-05-08 16:10:55+00:00,52.389012,4.891735,345.0,Sudden braking,4.0,4.0,28.81818181818182,30.2,1.0,2,7.2,1.0,63C0A_Trip544,1
2026-05-08 16:10:56+00:00,52.389075,4.891715,344.0,Sudden braking,4.2,4.2,26.29090909090909,26.0,1.0,2,5.4,1.0,63C0A_Trip544,1
2026-05-08 16:10:57+00:00,52.389123,4.891699,344.0,Sudden braking,4.3,4.3,23.618181818181817,21.7,1.0,2,5.5,1.0,63C0A_Trip544,1
2026-05-08 16:10:58+00:00,52.389171,4.89168,344.0,Sudden braking,3.6,3.6,20.89090909090909,18.1,1.0,2,4.9,1.0,63C0A_Trip544,1
2026-05-08 16:10:59+00:00,52.389212,4.891656,344.0,Sudden braking,2.3,2.3,18.21818181818182,15.8,1.0,2,3.3,1.0,63C0A_Trip544,1
2026-05-08 16:14:24+00:00,52.392934,4.868661,264.0,Sudden braking,2.1,2.1,34.48,36.3,1.0,2,9.2,1.0,63C0A_Trip544,1
2026-05-08 16:14:25+00:00,52.392906,4.868533,253.0,Sudden braking,3.0,3.0,32.36,33.3,1.0,3,8.2,1.0,63C0A_Trip544,1
2026-05-08 16:14:26+00:00,52.392884,4.868418,253.0,Sudden braking,3.7,3.7,29.91,29.6,1.0,3,4.5,1.0,63C0A_Trip544,1
2026-05-08 16:14:27+00:00,52.392851,4.868381,242.0,Sudden braking,3.9,3.9,27.16,25.7,1.0,2,5.6,1.0,63C0A_Trip544,1
2026-05-08 16:14:30+00:00,52.392778,4.868217,236.0,Sudden braking,3.3,3.3,19.555555555555557,18.8,1.0,3,3.8,1.0,63C0A_Trip544,1
2026-05-08 16:14:31+00:00,52.392759,4.868171,236.0,Sudden braking,3.3,3.3,17.8375,15.5,1.0,3,6.8,1.0,63C0A_Trip544,1
2026-05-08 16:14:32+00:00,52.392735,4.868079,249.0,Sudden braking,3.1,3.1,16.15714285714286,12.4,1.0,3,10.1,1.0,63C0A_Trip544,1
2026-05-08 16:14:33+00:00,52.392772,4.867943,234.0,Sudden braking,2.4,2.4,14.566666666666666,10.0,1.0,3,1.2,1.0,63C0A_Trip544,1
2026-05-08 16:20:42+00:00,52.417761,4.826939,13.0,Sudden braking,2.4,2.4,28.863636363636363,33.1,1.0,2,7.8,1.0,63C0A_Trip544,1
2026-05-08 16:20:43+00:00,52.41783,4.826952,9.0,Sudden braking,3.7,3.7,25.636363636363637,29.4,1.0,2,4.5,1.0,63C0A_Trip544,1
2026-05-08 16:20:44+00:00,52.41787,4.826962,8.0,Sudden braking,5.0,5.0,24.27,24.4,1.0,2,3.3,1.0,63C0A_Trip544,1
2026-05-08 16:20:45+00:00,52.417894,4.826989,59.0,Sudden braking,5.5,5.5,22.666666666666664,18.9,1.0,2,3.0,1.0,63C0A_Trip544,1
2026-05-08 16:20:46+00:00,52.417918,4.82701,49.0,Sudden braking,5.5,5.5,20.8375,13.4,1.0,2,1.6,1.0,63C0A_Trip544,1
2026-05-08 16:20:47+00:00,52.417926,4.82699,28.0,Sudden braking,5.3,5.3,18.742857142857144,8.1,1.0,2,1.4,1.0,63C0A_Trip544,1
2026-05-08 16:48:49+00:00,52.434198,4.818542,320.0,Sudden braking,3.0,3.0,37.77142857142857,34.8,1.0,2,10.0,1.0,63C0A_Trip544,1
2026-05-08 16:49:06+00:00,52.433759,4.81629,257.0,Sudden braking,2.2,2.2,31.972727272727273,35.6,1.0,3,9.7,1.0,63C0A_Trip544,1
2026-05-08 16:49:07+00:00,52.433742,4.81615,258.0,Sudden braking,3.5,3.5,30.209090909090907,32.1,1.0,3,8.4,1.0,63C0A_Trip544,1
2026-05-08 16:49:08+00:00,52.433724,4.816029,257.0,Sudden braking,4.5,4.5,28.527272727272727,27.6,1.0,3,6.7,1.0,63C0A_Trip544,1
2026-05-08 16:49:09+00:00,52.433721,4.815931,264.0,Sudden braking,4.2,4.2,27.036363636363635,23.4,1.0,3,5.1,1.0,63C0A_Trip544,1
2026-05-08 16:49:10+00:00,52.433738,4.81586,280.0,Sudden braking,2.9,2.9,25.772727272727273,20.5,1.0,2,4.3,1.0,63C0A_Trip544,1
2026-05-08 16:53:14+00:00,52.457678,4.806203,359.0,Sudden braking,2.8,2.8,32.17777777777778,32.1,1.0,3,6.7,1.0,63C0A_Trip544,1
2026-05-08 16:53:15+00:00,52.457739,4.806201,359.0,Sudden braking,2.5,2.5,31.4,29.6,1.0,3,6.8,1.0,63C0A_Trip544,1
2026-05-08 16:57:41+00:00,52.484755,4.806325,334.0,Sudden braking,2.2,2.2,34.17,36.0,1.002,3,12.1,1.002,63C0A_Trip544,1
2026-05-08 16:57:43+00:00,52.484851,4.80624,327.0,Sudden braking,3.2,3.2,29.65,32.8,1.0,3,9.4,1.0,63C0A_Trip544,1
2026-05-08 16:57:44+00:00,52.48492,4.806159,323.0,Sudden braking,3.7,3.7,27.19,29.1,1.0,3,5.6,1.0,63C0A_Trip544,1
2026-05-08 16:57:45+00:00,52.48496,4.806109,323.0,Sudden braking,4.0,4.0,24.78,25.1,1.0,3,5.5,1.0,63C0A_Trip544,1
2026-05-08 16:57:46+00:00,52.484999,4.806059,322.0,Sudden braking,3.7,3.7,22.509999999999998,21.4,1.0,3,4.6,1.0,63C0A_Trip544,1
2026-05-08 16:57:47+00:00,52.485032,4.806018,322.0,Sudden braking,2.9,2.9,20.55,18.5,1.0,2,4.0,1.0,63C0A_Trip544,1
2026-05-08 16:57:48+00:00,52.48506,4.805982,322.0,Sudden braking,2.2,2.2,20.345454545454544,16.3,1.0,3,4.6,1.0,63C0A_Trip544,1
2026-05-08 16:58:56+00:00,52.488477,4.796508,302.0,Sudden braking,2.2,2.2,32.63636363636364,35.9,1.0,2,9.4,1.0,63C0A_Trip544,1
2026-05-08 16:58:57+00:00,52.488524,4.796393,302.0,Sudden braking,3.2,3.2,30.736363636363638,32.7,1.0,3,8.2,1.0,63C0A_Trip544,1
2026-05-08 16:58:58+00:00,52.488557,4.796283,301.0,Sudden braking,4.3,4.3,28.963636363636365,28.4,1.0,3,6.8,1.0,63C0A_Trip544,1
2026-05-08 16:58:59+00:00,52.488595,4.796205,301.0,Sudden braking,4.3,4.3,27.40909090909091,24.1,1.0,3,3.8,1.0,63C0A_Trip544,1
2026-05-08 16:59:00+00:00,52.48861,4.796156,299.0,Sudden braking,3.1,3.1,26.12727272727273,21.0,1.0,3,1.4,1.0,63C0A_Trip544,1
2026-05-08 17:10:20+00:00,52.521927,4.70246,314.0,Sudden braking,3.5,3.5,31.488888888888887,33.6,1.0,3,9.2,1.0,63C0A_Trip544,1
2026-05-08 17:10:21+00:00,52.521983,4.70236,311.0,Sudden braking,4.8,4.8,30.55,28.8,1.0,3,5.9,1.0,63C0A_Trip544,1
2026-05-08 17:10:22+00:00,52.522018,4.702294,311.0,Sudden braking,4.4,4.4,29.228571428571428,24.4,1.0,3,2.0,1.0,63C0A_Trip544,1
2026-05-08 17:10:23+00:00,52.52203,4.702273,314.0,Sudden braking,2.9,2.9,27.6,21.5,1.0,3,0.3,1.0,63C0A_Trip544,1
2026-05-08 17:12:51+00:00,52.535762,4.695529,354.0,Sudden braking,2.0,2.0,34.93636363636364,34.5,1.0,3,9.3,1.0,63C0A_Trip544,1
2026-05-08 17:14:50+00:00,52.542503,4.681533,282.0,Sudden braking,2.5,2.5,33.018181818181816,35.3,1.0,3,10.6,1.0,63C0A_Trip544,1
2026-05-08 17:14:51+00:00,52.542523,4.681379,280.0,Sudden braking,3.5,3.5,31.618181818181817,31.8,1.0,3,7.7,1.0,63C0A_Trip544,1
2026-05-08 17:14:52+00:00,52.542535,4.681268,280.0,Sudden braking,3.7,3.7,30.39090909090909,28.1,1.0,3,6.0,1.0,63C0A_Trip544,1
2026-05-08 17:14:53+00:00,52.542546,4.68118,281.0,Sudden braking,3.0,3.0,29.345454545454544,25.1,1.0,3,5.1,1.0,63C0A_Trip544,1
2026-05-08 17:15:27+00:00,52.541499,4.676926,280.0,Sudden braking,2.0,2.0,30.2,29.2,1.0,3,7.4,1.0,63C0A_Trip544,1
2026-05-08 20:16:44+00:00,52.358614,4.941158,274.0,Sudden braking,2.39,2.39,10.65,10.8,1.003,2,3.0,1.003,602CA_Trip546,1
2026-05-08 20:16:45+00:00,52.358619,4.941114,280.0,Sudden braking,2.64,2.64,9.18,8.1,1.022,2,2.6,1.022,602CA_Trip546,1
2026-05-08 20:16:46+00:00,52.358627,4.941078,292.0,Sudden braking,2.44,2.44,7.1,5.7,0.982,2,1.1,0.982,602CA_Trip546,1
2026-05-08 20:17:47+00:00,52.356815,4.93998,234.0,Sudden braking,2.54,2.54,20.78181818181818,22.2,0.984,3,6.7,0.984,602CA_Trip546,1
2026-05-08 20:17:48+00:00,52.356754,4.939974,226.0,Sudden braking,2.18,2.18,20.43,20.0,1.008,3,5.7,1.008,602CA_Trip546,1
2026-05-08 20:17:49+00:00,52.356713,4.939925,226.0,Sudden braking,3.24,3.24,19.77,16.7,1.018,3,3.4,1.018,602CA_Trip546,1
2026-05-08 20:17:50+00:00,52.356682,4.939916,208.0,Sudden braking,2.54,2.54,18.62,14.2,0.984,3,5.4,0.984,602CA_Trip546,1
2026-05-08 20:20:57+00:00,52.350987,4.935153,258.0,Sudden braking,2.81,2.81,6.4625,7.0,0.998,2,1.7,0.998,602CA_Trip546,1
2026-05-08 20:20:58+00:00,52.350983,4.935128,245.0,Sudden braking,2.67,2.67,4.75,4.3,1.01,2,1.4,1.01,602CA_Trip546,1
2026-05-08 20:20:59+00:00,52.350973,4.935116,241.0,Sudden braking,2.01,2.01,2.977777777777778,2.3,0.994,1,0.5,0.994,602CA_Trip546,1
2026-05-08 20:22:59+00:00,52.347716,4.929342,228.0,Sudden braking,2.09,2.09,7.9625,7.3,0.957,1,1.9,0.957,602CA_Trip546,1
2026-05-08 20:23:00+00:00,52.347702,4.929326,238.0,Sudden braking,2.32,2.32,7.9625,5.0,0.991,1,0.6,0.991,602CA_Trip546,1
2026-05-08 20:23:01+00:00,52.347698,4.92932,239.0,Sudden braking,2.08,2.08,7.1,2.9,1.009,2,0.4,1.009,602CA_Trip546,1
2026-05-08 20:26:30+00:00,52.345939,4.920176,267.0,Sudden braking,2.39,2.39,8.255555555555556,7.0,1.004,2,2.2,1.004,602CA_Trip546,1
2026-05-08 20:26:31+00:00,52.345935,4.920145,267.0,Sudden braking,2.44,2.44,6.842857142857143,4.6,0.983,2,0.9,0.983,602CA_Trip546,1
2026-05-08 20:26:32+00:00,52.345937,4.920132,274.0,Sudden braking,2.16,2.16,6.842857142857143,2.4,1.019,2,0.4,1.019,602CA_Trip546,1
2026-05-08 20:30:08+00:00,52.338246,4.921342,157.0,Sudden braking,2.93,2.93,13.08,13.7,0.989,2,4.7,0.989,602CA_Trip546,1
2026-05-08 20:30:09+00:00,52.338216,4.92139,155.0,Sudden braking,3.46,3.46,11.17,10.2,1.013,2,2.9,1.013,602CA_Trip546,1
2026-05-08 20:30:10+00:00,52.338191,4.921405,155.0,Sudden braking,3.31,3.31,9.075,6.9,0.997,2,1.8,0.997,602CA_Trip546,1
2026-05-08 20:30:11+00:00,52.338176,4.921414,154.0,Sudden braking,2.83,2.83,7.757142857142857,4.1,0.988,2,0.9,0.988,602CA_Trip546,1
2026-05-08 20:32:15+00:00,52.33293,4.922971,144.0,Sudden braking,2.01,2.01,13.222222222222223,14.6,0.997,2,4.3,0.997,602CA_Trip546,1
2026-05-08 20:32:16+00:00,52.332896,4.923,145.0,Sudden braking,2.1,2.1,12.18,12.5,0.999,2,3.6,0.999,602CA_Trip546,1
2026-05-08 20:32:17+00:00,52.332872,4.923035,139.0,Sudden braking,2.72,2.72,8.75,9.8,0.992,2,2.3,0.992,602CA_Trip546,1
2026-05-08 20:32:18+00:00,52.332853,4.92305,137.0,Sudden braking,2.91,2.91,8.75,6.8,1.03,2,2.2,1.03,602CA_Trip546,1
2026-05-08 20:32:19+00:00,52.33284,4.923074,139.0,Sudden braking,2.32,2.32,5.911111111111111,4.5,0.993,2,0.9,0.993,602CA_Trip546,1
2026-05-08 20:53:27+00:00,52.30071,4.883859,286.0,Sudden braking,2.11,2.11,21.166666666666668,20.4,0.993,2,6.6,0.993,602CA_Trip546,1
2026-05-08 20:53:28+00:00,52.300727,4.883767,288.0,Sudden braking,2.71,2.71,21.0,17.7,0.987,2,6.8,0.987,602CA_Trip546,1
2026-05-09 12:54:24+00:00,52.367435,4.88964,180.0,Sudden braking,2.0,2.0,12.136363636363637,11.6,1.0,2,2.5,1.0,604F0_Trip547,1
2026-05-09 12:54:25+00:00,52.367412,4.88964,180.0,Sudden braking,2.0,2.0,11.427272727272728,9.6,1.0,2,1.3,1.0,604F0_Trip547,1
2026-05-09 12:54:46+00:00,52.366953,4.888744,242.0,Sudden braking,2.2,2.2,19.918181818181818,21.8,1.0,3,4.9,1.0,604F0_Trip547,1
2026-05-09 12:54:47+00:00,52.366932,4.888681,242.0,Sudden braking,2.8,2.8,18.881818181818183,19.0,1.0,3,4.0,1.0,604F0_Trip547,1
2026-05-09 12:54:48+00:00,52.366915,4.888629,242.0,Sudden braking,3.1,3.1,17.727272727272727,15.9,1.0,2,3.2,1.0,604F0_Trip547,1
2026-05-09 12:54:49+00:00,52.366902,4.888587,242.0,Sudden braking,2.3,2.3,16.490909090909092,13.6,1.0,2,1.7,1.0,604F0_Trip547,1
2026-05-09 12:55:57+00:00,52.368685,4.887012,2.0,Sudden braking,2.3,2.3,17.10909090909091,17.5,1.0,2,4.4,1.0,604F0_Trip547,1
2026-05-09 12:55:58+00:00,52.368724,4.887009,2.0,Sudden braking,2.7,2.7,16.20909090909091,14.8,1.0,2,2.7,1.0,604F0_Trip547,1
2026-05-09 12:55:59+00:00,52.368748,4.886999,2.0,Sudden braking,2.4,2.4,15.454545454545455,12.4,1.0,2,2.0,1.0,604F0_Trip547,1
2026-05-09 12:57:08+00:00,52.368952,4.882537,281.0,Sudden braking,2.3,2.3,12.18,11.5,1.0,3,2.7,1.0,604F0_Trip547,1
2026-05-09 12:57:09+00:00,52.368955,4.882497,280.0,Sudden braking,2.3,2.3,11.12,9.2,1.0,2,1.6,1.0,604F0_Trip547,1
2026-05-09 12:58:17+00:00,52.366849,4.880219,243.0,Sudden braking,2.0,2.0,18.599999999999998,18.9,1.0,2,4.6,1.0,604F0_Trip547,1
2026-05-09 12:58:18+00:00,52.36683,4.880159,243.0,Sudden braking,2.2,2.2,17.336363636363636,16.7,1.0,2,4.0,1.0,604F0_Trip547,1
2026-05-09 12:58:19+00:00,52.366813,4.880106,243.0,Sudden braking,2.0,2.0,16.118181818181817,14.7,1.0,2,3.0,1.0,604F0_Trip547,1
2026-05-09 12:59:42+00:00,52.36379,4.881902,158.0,Sudden braking,2.0,2.0,17.663636363636364,17.5,1.0,2,4.6,1.0,604F0_Trip547,1
2026-05-09 12:59:43+00:00,52.36375,4.881921,169.0,Sudden braking,2.1,2.1,16.672727272727272,15.4,1.0,2,5.0,1.0,604F0_Trip547,1
2026-05-09 13:00:01+00:00,52.363157,4.880881,235.0,Sudden braking,2.4,2.4,16.80909090909091,16.9,1.0,2,4.4,1.0,604F0_Trip547,1
2026-05-09 13:00:02+00:00,52.363133,4.88083,236.0,Sudden braking,2.5,2.5,15.381818181818183,14.4,1.0,2,3.6,1.0,604F0_Trip547,1
2026-05-09 13:00:03+00:00,52.363113,4.88079,236.0,Sudden braking,2.0,2.0,13.872727272727273,12.4,1.0,2,2.8,1.0,604F0_Trip547,1
2026-05-09 13:06:21+00:00,52.354984,4.855942,254.0,Sudden braking,2.5,2.5,17.581818181818182,18.7,1.0,3,4.9,1.0,604F0_Trip547,1
2026-05-09 13:06:22+00:00,52.354973,4.855873,255.0,Sudden braking,3.0,3.0,15.89090909090909,15.7,1.0,2,4.3,1.0,604F0_Trip547,1
2026-05-09 13:06:23+00:00,52.35496,4.855814,252.0,Sudden braking,2.7,2.7,14.190909090909091,13.0,1.0,2,2.4,1.0,604F0_Trip547,1
2026-05-09 13:06:24+00:00,52.354949,4.855783,247.0,Sudden braking,2.3,2.3,12.59090909090909,10.7,1.0,2,2.3,1.0,604F0_Trip547,1
2026-05-09 13:07:34+00:00,52.354953,4.850638,268.0,Sudden braking,2.3,2.3,19.181818181818183,20.0,1.0,2,4.9,1.0,604F0_Trip547,1
2026-05-09 13:07:35+00:00,52.35495,4.850565,269.0,Sudden braking,2.5,2.5,18.027272727272727,17.5,1.0,2,3.7,1.0,604F0_Trip547,1
2026-05-09 13:07:36+00:00,52.35495,4.85051,271.0,Sudden braking,2.7,2.7,17.1,14.8,1.0,2,3.1,1.0,604F0_Trip547,1
2026-05-09 13:07:37+00:00,52.35495,4.850464,273.0,Sudden braking,2.3,2.3,16.48181818181818,12.5,1.0,2,2.2,1.0,604F0_Trip547,1
2026-05-09 13:08:49+00:00,52.355704,4.844655,269.0,Sudden braking,2.0,2.0,20.209090909090907,20.5,1.0,2,5.0,1.0,604F0_Trip547,1
2026-05-09 13:08:50+00:00,52.355704,4.844581,269.0,Sudden braking,2.1,2.1,19.227272727272727,18.4,1.0,2,4.1,1.0,604F0_Trip547,1
2026-05-09 13:08:51+00:00,52.355706,4.844521,271.0,Sudden braking,2.0,2.0,18.39090909090909,16.4,1.0,2,3.6,1.0,604F0_Trip547,1
2026-05-09 13:14:42+00:00,52.354373,4.811016,252.0,Sudden braking,2.1,2.1,19.19090909090909,20.1,1.0,2,5.2,1.0,604F0_Trip547,1
2026-05-09 13:14:43+00:00,52.35436,4.810942,253.0,Sudden braking,2.4,2.4,17.7,17.7,1.0,2,4.5,1.0,604F0_Trip547,1
2026-05-09 13:14:44+00:00,52.354349,4.810878,254.0,Sudden braking,2.4,2.4,16.163636363636364,15.3,1.0,2,3.9,1.0,604F0_Trip547,1
2026-05-09 13:14:45+00:00,52.354338,4.810823,254.0,Sudden braking,2.0,2.0,14.59090909090909,13.3,1.0,2,3.0,1.0,604F0_Trip547,1
2026-05-10 13:03:52+00:00,52.296717,4.86717,286.0,Sudden braking,2.51,2.51,9.775,7.5,0.998,2,2.6,0.998,602CA_Trip548,1
2026-05-10 13:03:53+00:00,52.296726,4.867135,293.0,Sudden braking,2.51,2.51,9.128571428571428,5.0,0.998,2,1.8,0.998,602CA_Trip548,1
2026-05-10 13:03:54+00:00,52.296734,4.867113,297.0,Sudden braking,2.24,2.24,6.375,2.8,0.981,2,0.3,0.981,602CA_Trip548,1
2026-05-10 14:05:46+00:00,52.356543,4.808904,158.0,Sudden braking,2.1,2.1,12.911111111111111,12.3,1.0,2,3.1,1.0,604F0_Trip550,1
2026-05-10 14:05:47+00:00,52.356522,4.808935,146.0,Sudden braking,2.9,2.9,12.325,9.4,1.0,2,2.2,1.0,604F0_Trip550,1
2026-05-10 14:05:48+00:00,52.35652,4.808966,122.0,Sudden braking,2.4,2.4,10.9375,7.0,1.0,2,1.0,1.0,604F0_Trip550,1
2026-05-10 14:10:38+00:00,52.363955,4.826562,88.0,Sudden braking,2.1,2.1,18.363636363636363,18.9,1.0,2,4.4,1.0,604F0_Trip550,1
2026-05-10 14:10:39+00:00,52.363959,4.826627,87.0,Sudden braking,2.2,2.2,17.12727272727273,16.7,1.0,2,3.5,1.0,604F0_Trip550,1
2026-05-10 14:10:40+00:00,52.363959,4.826679,88.0,Sudden braking,2.1,2.1,15.963636363636363,14.6,1.0,2,2.9,1.0,604F0_Trip550,1
2026-05-10 14:10:50+00:00,52.363778,4.826909,149.0,Sudden braking,2.6,2.6,9.814285714285715,7.0,1.0,1,1.2,1.0,604F0_Trip550,1
2026-05-10 14:57:38+00:00,52.301526,4.867921,208.0,Sudden braking,2.06,2.06,11.03,11.5,1.02,2,3.4,1.02,602CA_Trip553,1
2026-05-10 14:57:39+00:00,52.301501,4.867896,211.0,Sudden braking,2.88,2.88,7.95,8.6,1.008,2,2.3,1.008,602CA_Trip553,1
2026-05-10 14:57:40+00:00,52.301483,4.867879,217.0,Sudden braking,2.95,2.95,6.45,5.7,0.983,2,2.1,0.983,602CA_Trip553,1
2026-05-10 14:57:41+00:00,52.301469,4.867858,227.0,Sudden braking,2.07,2.07,6.45,3.6,1.015,2,0.6,1.015,602CA_Trip553,1
2026-05-10 14:58:24+00:00,52.300651,4.867153,209.0,Sudden braking,2.07,2.07,6.21,6.5,0.965,2,1.6,0.965,602CA_Trip553,1
2026-05-10 14:59:01+00:00,52.299922,4.86737,145.0,Sudden braking,2.09,2.09,14.511111111111111,14.2,0.959,2,4.9,0.959,602CA_Trip553,1
2026-05-10 21:44:23+00:00,52.337467,4.945139,65.0,Sudden braking,2.0,2.0,11.209090909090909,12.1,1.0,2,1.9,1.0,602DE_Trip554,1
2026-05-10 21:44:25+00:00,52.337474,4.945173,68.0,Sudden braking,2.1,2.1,9.618181818181817,8.1,1.0,2,3.6,1.0,602DE_Trip554,1
2026-05-10 21:44:49+00:00,52.337839,4.946608,66.0,Sudden braking,2.1,2.1,13.03,12.2,1.0,2,4.5,1.0,602DE_Trip554,1
2026-05-10 21:46:36+00:00,52.339689,4.952361,92.0,Sudden braking,2.1,2.1,10.05,9.9,1.0,2,7.8,1.0,602DE_Trip554,1
2026-05-11 05:06:18+00:00,52.536431,4.69452,83.0,Sudden braking,2.2,2.2,34.236363636363635,34.8,1.0,3,9.0,1.0,63C0A_Trip556,1
2026-05-11 05:06:19+00:00,52.536433,4.694653,89.0,Sudden braking,2.3,2.3,33.00909090909091,32.5,1.0,3,8.0,1.0,63C0A_Trip556,1
2026-05-11 05:06:20+00:00,52.536407,4.694763,110.0,Sudden braking,2.0,2.0,31.754545454545454,30.5,1.0,3,8.2,1.0,63C0A_Trip556,1
2026-05-11 05:08:49+00:00,52.522515,4.702407,131.0,Sudden braking,2.0,2.0,33.372727272727275,35.5,1.0,3,10.0,1.0,63C0A_Trip556,1
2026-05-11 05:08:50+00:00,52.522456,4.702518,131.0,Sudden braking,2.7,2.7,31.79090909090909,32.8,1.0,3,9.3,1.0,63C0A_Trip556,1
2026-05-11 05:08:51+00:00,52.5224,4.702621,132.0,Sudden braking,3.0,3.0,30.236363636363635,29.8,1.0,3,6.9,1.0,63C0A_Trip556,1
2026-05-11 05:08:52+00:00,52.522358,4.702696,132.0,Sudden braking,3.1,3.1,28.736363636363635,26.7,1.0,3,5.7,1.0,63C0A_Trip556,1
2026-05-11 05:08:53+00:00,52.522324,4.702758,133.0,Sudden braking,2.5,2.5,27.263636363636362,24.2,1.0,3,2.7,1.0,63C0A_Trip556,1
2026-05-11 05:09:35+00:00,52.519859,4.706302,138.0,Sudden braking,2.0,2.0,35.46,36.9,1.0,3,10.3,1.0,63C0A_Trip556,1
2026-05-11 05:09:36+00:00,52.519788,4.706399,140.0,Sudden braking,2.8,2.8,33.99,34.1,1.0,3,8.5,1.0,63C0A_Trip556,1
2026-05-11 05:09:37+00:00,52.519727,4.706474,143.0,Sudden braking,3.1,3.1,32.64,31.0,1.0,3,5.2,1.0,63C0A_Trip556,1
2026-05-11 05:09:38+00:00,52.519688,4.706517,145.0,Sudden braking,3.0,3.0,31.53,28.0,1.0,3,2.0,1.0,63C0A_Trip556,1
2026-05-11 05:15:53+00:00,52.495281,4.756883,114.0,Sudden braking,2.2,2.2,34.57272727272727,33.5,1.0,2,8.6,1.0,63C0A_Trip556,1
2026-05-11 05:16:18+00:00,52.494963,4.760748,102.0,Sudden braking,2.9,2.9,30.381818181818183,34.7,1.0,3,8.4,1.0,63C0A_Trip556,1
2026-05-11 05:16:19+00:00,52.494947,4.76087,102.0,Sudden braking,4.0,4.0,27.509090909090908,30.7,1.0,3,6.6,1.0,63C0A_Trip556,1
2026-05-11 05:16:20+00:00,52.494935,4.760964,102.0,Sudden braking,5.3,5.3,24.454545454545453,25.4,1.0,3,5.2,1.0,63C0A_Trip556,1
2026-05-11 05:16:21+00:00,52.494925,4.761039,102.0,Sudden braking,5.5,5.5,21.28181818181818,19.9,1.0,3,3.4,1.0,63C0A_Trip556,1
2026-05-11 05:16:22+00:00,52.494918,4.761088,102.0,Sudden braking,4.7,4.7,18.118181818181817,15.2,1.0,3,1.8,1.0,63C0A_Trip556,1
2026-05-11 05:16:23+00:00,52.494915,4.761115,103.0,Sudden braking,3.9,3.9,16.17,11.3,1.0,3,2.3,1.0,63C0A_Trip556,1
2026-05-11 05:16:24+00:00,52.49491,4.761148,103.0,Sudden braking,2.9,2.9,14.11111111111111,8.4,1.0,3,1.5,1.0,63C0A_Trip556,1
2026-05-11 05:16:25+00:00,52.494907,4.761169,103.0,Sudden braking,2.0,2.0,12.0375,6.4,1.0,3,1.7,1.0,63C0A_Trip556,1
2026-05-11 05:17:15+00:00,52.494163,4.764874,96.0,Sudden braking,2.3,2.3,26.71818181818182,28.3,1.0,3,7.1,1.0,63C0A_Trip556,1
2026-05-11 05:17:16+00:00,52.494157,4.764978,96.0,Sudden braking,2.7,2.7,24.51818181818182,25.6,1.0,3,6.2,1.0,63C0A_Trip556,1
2026-05-11 05:17:17+00:00,52.494151,4.765069,96.0,Sudden braking,3.0,3.0,22.254545454545454,22.6,1.0,3,5.1,1.0,63C0A_Trip556,1
2026-05-11 05:17:18+00:00,52.494146,4.765144,96.0,Sudden braking,3.1,3.1,20.072727272727274,19.5,1.0,3,4.1,1.0,63C0A_Trip556,1
2026-05-11 05:17:19+00:00,52.494142,4.765204,96.0,Sudden braking,2.9,2.9,18.84,16.6,1.0,3,3.1,1.0,63C0A_Trip556,1
2026-05-11 05:17:20+00:00,52.494139,4.765249,96.0,Sudden braking,2.7,2.7,17.533333333333335,13.9,1.0,3,2.8,1.0,63C0A_Trip556,1
2026-05-11 05:17:21+00:00,52.494137,4.76529,96.0,Sudden braking,2.4,2.4,16.1875,11.5,1.0,3,2.6,1.0,63C0A_Trip556,1
2026-05-11 05:17:57+00:00,52.493797,4.768278,93.0,Sudden braking,2.6,2.6,33.55555555555556,32.9,1.0,3,9.8,1.0,63C0A_Trip556,1
2026-05-11 05:18:01+00:00,52.494014,4.76873,92.0,Sudden braking,2.4,2.4,29.144444444444446,27.9,1.0,3,4.6,1.0,63C0A_Trip556,1
2026-05-11 05:22:53+00:00,52.482469,4.807144,170.0,Sudden braking,2.1,2.1,33.154545454545456,37.2,1.0,3,11.1,1.0,63C0A_Trip556,1
2026-05-11 05:22:54+00:00,52.482371,4.807177,168.0,Sudden braking,3.5,3.5,31.354545454545455,33.7,1.0,3,8.6,1.0,63C0A_Trip556,1
2026-05-11 05:22:55+00:00,52.482296,4.807205,168.0,Sudden braking,4.5,4.5,29.736363636363638,29.2,1.0,3,6.1,1.0,63C0A_Trip556,1
2026-05-11 05:22:56+00:00,52.482241,4.807223,168.0,Sudden braking,4.6,4.6,28.345454545454547,24.6,1.0,3,9.4,1.0,63C0A_Trip556,1
2026-05-11 05:22:57+00:00,52.482225,4.807359,169.0,Sudden braking,3.5,3.5,27.19090909090909,21.1,1.0,3,3.3,1.0,63C0A_Trip556,1
2026-05-11 05:25:06+00:00,52.469169,4.80551,176.0,Sudden braking,2.7,2.7,35.00909090909091,35.0,1.0,3,8.6,1.0,63C0A_Trip556,1
2026-05-11 05:25:07+00:00,52.469092,4.805517,177.0,Sudden braking,2.5,2.5,34.31818181818182,32.5,1.0,3,5.6,1.0,63C0A_Trip556,1
2026-05-11 05:25:08+00:00,52.469041,4.805521,177.0,Sudden braking,2.0,2.0,33.736363636363635,30.5,1.0,3,7.3,1.0,63C0A_Trip556,1
2026-05-11 05:30:50+00:00,52.433993,4.815805,172.0,Sudden braking,2.4,2.4,33.31818181818182,35.3,1.0,3,9.8,1.0,63C0A_Trip556,1
2026-05-11 05:30:51+00:00,52.433905,4.81582,173.0,Sudden braking,3.4,3.4,32.04545454545455,31.9,1.0,3,8.8,1.0,63C0A_Trip556,1
2026-05-11 05:30:52+00:00,52.433827,4.815831,173.0,Sudden braking,3.6,3.6,31.25,28.3,1.0,3,6.8,1.0,63C0A_Trip556,1
2026-05-11 05:30:53+00:00,52.433766,4.815823,173.0,Sudden braking,2.7,2.7,30.080000000000002,25.6,1.0,3,5.5,1.0,63C0A_Trip556,1
2026-05-11 06:04:08+00:00,52.392501,4.867462,69.0,Sudden braking,2.1,2.1,33.03636363636363,33.4,1.0,3,8.1,1.0,63C0A_Trip556,1
2026-05-11 06:04:09+00:00,52.392535,4.867567,62.0,Sudden braking,2.1,2.1,31.709090909090907,31.3,1.0,3,6.6,1.0,63C0A_Trip556,1
2026-05-11 06:04:10+00:00,52.392568,4.867647,56.0,Sudden braking,2.1,2.1,30.463636363636365,29.2,1.0,3,7.6,1.0,63C0A_Trip556,1
2026-05-11 06:05:17+00:00,52.3926,4.876861,129.0,Sudden braking,2.8,2.8,24.881818181818183,28.9,1.0,2,8.4,1.0,63C0A_Trip556,1
2026-05-11 06:05:18+00:00,52.392548,4.87695,137.0,Sudden braking,4.1,4.1,22.69090909090909,24.8,1.0,2,5.1,1.0,63C0A_Trip556,1
2026-05-11 06:05:19+00:00,52.39251,4.876993,140.0,Sudden braking,5.0,5.0,20.636363636363637,19.8,1.0,3,4.3,1.0,63C0A_Trip556,1
2026-05-11 06:05:20+00:00,52.39248,4.877033,140.0,Sudden braking,4.9,4.9,18.78181818181818,14.9,1.0,3,2.6,1.0,63C0A_Trip556,1
2026-05-11 06:05:21+00:00,52.39246,4.877052,141.0,Sudden braking,3.6,3.6,17.172727272727272,11.3,1.0,3,1.8,1.0,63C0A_Trip556,1
2026-05-11 06:05:35+00:00,52.391925,4.87778,141.0,Sudden braking,2.7,2.7,23.69,25.1,1.001,2,7.1,1.001,63C0A_Trip556,1
2026-05-11 06:05:37+00:00,52.391875,4.877845,141.0,Sudden braking,3.4,3.4,22.08,21.7,0.999,2,5.4,0.999,63C0A_Trip556,1
2026-05-11 06:05:37+00:00,52.391838,4.877896,141.0,Sudden braking,3.0,3.0,22.08,18.7,1.001,3,2.9,1.001,63C0A_Trip556,1
2026-05-11 06:05:39+00:00,52.391819,4.877925,141.0,Sudden braking,2.1,2.1,21.06,16.6,1.0,3,3.7,1.0,63C0A_Trip556,1
2026-05-11 06:06:00+00:00,52.391286,4.880481,101.0,Sudden braking,2.0,2.0,32.82727272727273,33.3,1.0,3,9.3,1.0,63C0A_Trip556,1
2026-05-11 06:06:01+00:00,52.391272,4.880616,105.0,Sudden braking,2.1,2.1,32.018181818181816,31.2,1.0,2,8.3,1.0,63C0A_Trip556,1
2026-05-11 06:07:50+00:00,52.386324,4.892788,164.0,Sudden braking,2.3,2.3,32.4,35.7,1.0,3,9.7,1.0,63C0A_Trip556,1
2026-05-11 06:07:51+00:00,52.386239,4.892821,164.0,Sudden braking,3.2,3.2,30.009090909090908,32.5,1.0,3,8.2,1.0,63C0A_Trip556,1
2026-05-11 06:07:52+00:00,52.386168,4.892848,165.0,Sudden braking,4.1,4.1,27.37272727272727,28.4,1.0,2,7.5,1.0,63C0A_Trip556,1
2026-05-11 06:07:53+00:00,52.386103,4.892881,165.0,Sudden braking,4.0,4.0,24.527272727272727,24.4,1.0,3,5.7,1.0,63C0A_Trip556,1
2026-05-11 06:07:54+00:00,52.386054,4.892902,165.0,Sudden braking,3.6,3.6,21.572727272727274,20.8,1.0,3,5.1,1.0,63C0A_Trip556,1
2026-05-11 06:07:55+00:00,52.38601,4.892924,165.0,Sudden braking,3.7,3.7,18.672727272727272,17.1,1.0,3,4.9,1.0,63C0A_Trip556,1
2026-05-11 06:07:56+00:00,52.385968,4.892945,165.0,Sudden braking,3.4,3.4,15.936363636363636,13.7,1.0,3,3.3,1.0,63C0A_Trip556,1
2026-05-11 06:07:57+00:00,52.385939,4.89295,165.0,Sudden braking,2.7,2.7,13.454545454545455,11.0,1.0,3,2.0,1.0,63C0A_Trip556,1
2026-05-11 06:07:58+00:00,52.385922,4.892957,165.0,Sudden braking,2.3,2.3,11.309090909090909,8.7,1.0,3,1.8,1.0,63C0A_Trip556,1
2026-05-11 06:09:04+00:00,52.382055,4.895492,139.0,Sudden braking,2.6,2.6,31.381818181818183,34.3,1.0,2,9.3,1.0,63C0A_Trip556,1
2026-05-11 06:09:05+00:00,52.38199,4.89558,140.0,Sudden braking,3.4,3.4,29.136363636363637,30.9,1.0,2,7.8,1.0,63C0A_Trip556,1
2026-05-11 06:09:06+00:00,52.381936,4.895652,142.0,Sudden braking,4.1,4.1,26.78181818181818,26.8,1.0,2,6.6,1.0,63C0A_Trip556,1
2026-05-11 06:09:07+00:00,52.381889,4.89571,142.0,Sudden braking,4.1,4.1,24.336363636363636,22.7,1.0,3,5.3,1.0,63C0A_Trip556,1
2026-05-11 06:09:08+00:00,52.381851,4.895757,142.0,Sudden braking,3.4,3.4,21.772727272727273,19.3,1.0,3,4.2,1.0,63C0A_Trip556,1
2026-05-11 06:09:09+00:00,52.381822,4.895796,142.0,Sudden braking,2.5,2.5,19.10909090909091,16.8,1.0,3,3.9,1.0,63C0A_Trip556,1
2026-05-11 06:09:13+00:00,52.381712,4.895923,142.0,Sudden braking,2.1,2.1,12.5875,10.4,1.0,3,2.4,1.0,63C0A_Trip556,1
2026-05-11 06:09:14+00:00,52.381697,4.895949,142.0,Sudden braking,2.8,2.8,11.628571428571428,7.6,1.0,3,1.9,1.0,63C0A_Trip556,1
2026-05-11 06:10:11+00:00,52.380367,4.898515,122.0,Sudden braking,2.2,2.2,28.6,29.1,1.0,3,7.9,1.0,63C0A_Trip556,1
2026-05-11 06:10:12+00:00,52.380329,4.898613,123.0,Sudden braking,2.5,2.5,27.009090909090908,26.6,1.0,2,6.7,1.0,63C0A_Trip556,1
2026-05-11 06:10:13+00:00,52.380298,4.898696,120.0,Sudden braking,2.1,2.1,25.327272727272728,24.5,1.0,2,5.4,1.0,63C0A_Trip556,1
2026-05-11 06:12:00+00:00,52.377893,4.909631,102.0,Sudden braking,2.2,2.2,31.12727272727273,32.9,1.0,2,8.7,1.0,63C0A_Trip556,1
2026-05-11 06:12:01+00:00,52.377877,4.909756,104.0,Sudden braking,3.0,3.0,29.636363636363637,29.9,1.0,2,7.5,1.0,63C0A_Trip556,1
2026-05-11 06:12:02+00:00,52.377856,4.909861,106.0,Sudden braking,3.3,3.3,28.3,26.6,1.0,2,6.6,1.0,63C0A_Trip556,1
2026-05-11 06:12:03+00:00,52.377816,4.909932,125.0,Sudden braking,2.8,2.8,27.12727272727273,23.8,1.0,2,5.7,1.0,63C0A_Trip556,1
2026-05-11 06:12:19+00:00,52.376609,4.910173,156.0,Sudden braking,2.0,2.0,28.145454545454545,30.0,1.0,2,8.5,1.0,63C0A_Trip556,1
2026-05-11 06:12:20+00:00,52.376535,4.910207,155.0,Sudden braking,2.5,2.5,27.136363636363637,27.5,1.0,2,4.3,1.0,63C0A_Trip556,1
2026-05-11 06:12:21+00:00,52.376506,4.910247,155.0,Sudden braking,2.7,2.7,26.163636363636364,24.8,1.0,3,4.7,1.0,63C0A_Trip556,1
2026-05-11 06:12:22+00:00,52.37649,4.910311,159.0,Sudden braking,2.5,2.5,25.263636363636362,22.3,1.0,2,6.2,1.0,63C0A_Trip556,1
2026-05-11 06:12:33+00:00,52.375843,4.910535,180.0,Sudden braking,2.8,2.8,20.39,21.9,1.0,3,4.6,1.0,63C0A_Trip556,1
2026-05-11 06:12:34+00:00,52.375802,4.910541,185.0,Sudden braking,3.9,3.9,19.18,18.0,1.0,3,3.9,1.0,63C0A_Trip556,1
2026-05-11 06:12:37+00:00,52.375786,4.910548,191.0,Sudden braking,2.4,2.4,15.97,11.9,1.0,3,3.1,1.0,63C0A_Trip556,1
2026-05-11 06:14:16+00:00,52.374806,4.915057,161.0,Sudden braking,2.2,2.2,15.127272727272727,15.5,1.0,2,4.2,1.0,63C0A_Trip556,1
2026-05-11 06:14:17+00:00,52.374771,4.915083,160.0,Sudden braking,2.7,2.7,14.09090909090909,12.8,0.999,2,3.2,0.999,63C0A_Trip556,1
2026-05-11 06:14:17+00:00,52.374749,4.915113,149.0,Sudden braking,2.2,2.2,13.172727272727272,10.6,1.0,2,2.4,1.0,63C0A_Trip556,1
2026-05-11 07:18:59+00:00,52.29641,4.868411,109.0,Sudden braking,2.73,2.73,10.666666666666666,11.7,0.989,1,3.0,0.989,602CA_Trip558,1
2026-05-11 07:19:00+00:00,52.296398,4.868451,111.0,Sudden braking,3.34,3.34,8.71111111111111,8.4,0.987,1,2.6,0.987,602CA_Trip558,1
2026-05-11 07:19:01+00:00,52.296387,4.868484,115.0,Sudden braking,3.02,3.02,8.71111111111111,5.3,1.028,1,1.3,1.028,602CA_Trip558,1
2026-05-11 07:19:02+00:00,52.296382,4.868501,115.0,Sudden braking,2.34,2.34,6.3428571428571425,3.0,0.982,1,0.5,0.982,602CA_Trip558,1
2026-05-11 07:21:09+00:00,52.298456,4.869407,25.0,Sudden braking,2.59,2.59,16.73,17.7,1.005,2,4.3,1.005,602CA_Trip558,1
2026-05-11 07:21:10+00:00,52.298478,4.869459,40.0,Sudden braking,4.01,4.01,15.836363636363636,13.7,0.997,2,5.8,0.997,602CA_Trip558,1
2026-05-11 07:21:11+00:00,52.298529,4.869477,40.0,Sudden braking,2.68,2.68,14.61111111111111,11.0,1.007,2,2.7,1.007,602CA_Trip558,1
2026-05-11 07:30:46+00:00,52.327702,4.869144,9.0,Sudden braking,2.23,2.23,10.2,11.6,0.988,1,3.9,0.988,602CA_Trip558,1
2026-05-11 07:30:47+00:00,52.327735,4.869163,16.0,Sudden braking,3.02,3.02,10.2,8.6,0.992,1,3.0,0.992,602CA_Trip558,1
2026-05-11 07:30:48+00:00,52.327761,4.869172,15.0,Sudden braking,3.0,3.0,9.4,5.6,1.0,1,1.3,1.0,602CA_Trip558,1
2026-05-11 07:30:49+00:00,52.327766,4.869191,18.0,Sudden braking,2.5,2.5,8.428571428571429,3.1,1.002,1,1.7,1.002,602CA_Trip558,1
2026-05-11 07:33:07+00:00,52.331871,4.869137,8.0,Sudden braking,2.77,2.77,12.38888888888889,14.1,1.011,3,5.8,1.011,602CA_Trip558,1
2026-05-11 07:33:08+00:00,52.331923,4.86914,12.0,Sudden braking,3.6,3.6,11.61,10.5,0.999,3,4.4,0.999,602CA_Trip558,1
2026-05-11 07:33:09+00:00,52.331961,4.869156,7.0,Sudden braking,3.18,3.18,9.744444444444444,7.3,1.005,3,2.6,1.005,602CA_Trip558,1
2026-05-11 07:33:10+00:00,52.331983,4.869167,7.0,Sudden braking,2.09,2.09,9.73,5.2,1.004,3,0.9,1.004,602CA_Trip558,1
2026-05-11 07:34:10+00:00,52.334864,4.869149,0.0,Sudden braking,2.61,2.61,9.22,10.8,0.998,1,3.2,0.998,602CA_Trip558,1
2026-05-11 07:34:11+00:00,52.334892,4.869153,3.0,Sudden braking,2.89,2.89,9.22,7.9,1.003,1,2.6,1.003,602CA_Trip558,1
2026-05-11 07:34:12+00:00,52.334915,4.869157,14.0,Sudden braking,2.73,2.73,7.1625000000000005,5.2,0.988,1,1.8,0.988,602CA_Trip558,1
2026-05-11 07:34:13+00:00,52.33493,4.869164,23.0,Sudden braking,2.22,2.22,5.985714285714286,3.0,0.99,1,0.1,0.99,602CA_Trip558,1
2026-05-11 07:35:15+00:00,52.336755,4.869103,5.0,Sudden braking,2.17,2.17,14.11,15.0,1.013,4,5.2,1.013,602CA_Trip558,1
2026-05-11 07:35:16+00:00,52.336801,4.869091,357.0,Sudden braking,2.99,2.99,11.936363636363637,12.0,1.004,2,3.3,1.004,602CA_Trip558,1
2026-05-11 07:35:17+00:00,52.33683,4.869082,346.0,Sudden braking,3.55,3.55,10.918181818181818,8.5,0.987,2,2.2,0.987,602CA_Trip558,1
2026-05-11 07:35:18+00:00,52.336844,4.869059,338.0,Sudden braking,2.58,2.58,10.08,5.9,1.007,2,0.6,1.007,602CA_Trip558,1
2026-05-11 07:36:06+00:00,52.338637,4.868394,338.0,Sudden braking,2.29,2.29,22.93,26.3,1.005,3,8.3,1.005,602CA_Trip558,1
2026-05-11 07:36:07+00:00,52.3387,4.86833,333.0,Sudden braking,2.81,2.81,22.566666666666666,23.5,0.995,3,5.7,0.995,602CA_Trip558,1
2026-05-11 07:36:08+00:00,52.338745,4.868289,328.0,Sudden braking,2.38,2.38,22.07,21.1,1.01,2,5.2,1.01,602CA_Trip558,1
2026-05-11 07:36:09+00:00,52.338786,4.868325,330.0,Sudden braking,2.71,2.71,21.47,18.4,0.996,2,5.3,0.996,602CA_Trip558,1
2026-05-11 07:38:37+00:00,52.346184,4.867339,353.0,Sudden braking,2.45,2.45,11.07,10.8,1.021,2,2.9,1.021,602CA_Trip558,1
2026-05-11 07:38:38+00:00,52.34621,4.867332,342.0,Sudden braking,3.03,3.03,9.1625,7.8,0.989,2,3.1,0.989,602CA_Trip558,1
2026-05-11 07:38:39+00:00,52.346236,4.867316,339.0,Sudden braking,2.67,2.67,8.085714285714285,5.2,0.975,2,1.9,0.975,602CA_Trip558,1
2026-05-11 07:38:40+00:00,52.346253,4.867318,336.0,Sudden braking,2.1,2.1,8.085714285714285,3.1,0.999,2,1.3,0.999,602CA_Trip558,1
2026-05-11 07:39:48+00:00,52.346655,4.867826,79.0,Sudden braking,2.92,2.92,12.11,12.8,0.994,2,4.1,0.994,602CA_Trip558,1
2026-05-11 07:39:49+00:00,52.346661,4.867886,82.0,Sudden braking,3.39,3.39,11.377777777777778,9.4,1.003,2,2.0,1.003,602CA_Trip558,1
2026-05-11 07:39:50+00:00,52.346667,4.867914,78.0,Sudden braking,3.44,3.44,9.342857142857143,6.0,0.989,2,0.9,0.989,602CA_Trip558,1
2026-05-11 07:39:51+00:00,52.346667,4.867928,77.0,Sudden braking,3.01,3.01,9.342857142857143,3.0,0.997,2,0.1,0.997,602CA_Trip558,1
2026-05-11 07:39:52+00:00,52.346668,4.867929,76.0,Sudden braking,2.0,2.0,7.983333333333333,1.0,1.002,2,0.1,1.002,602CA_Trip558,1
2026-05-11 07:41:20+00:00,52.35014,4.866742,346.0,Sudden braking,2.33,2.33,11.03,10.1,0.989,3,3.3,0.989,602CA_Trip558,1
2026-05-11 07:42:24+00:00,52.350169,4.870913,88.0,Sudden braking,2.48,2.48,7.627272727272727,8.0,1.007,2,2.6,1.007,602CA_Trip558,1
2026-05-11 07:42:25+00:00,52.350178,4.870948,57.0,Sudden braking,2.59,2.59,6.96,5.4,1.003,2,0.7,1.003,602CA_Trip558,1
2026-05-11 07:42:26+00:00,52.350183,4.870955,36.0,Sudden braking,2.24,2.24,4.666666666666667,3.2,0.983,3,2.0,0.983,602CA_Trip558,1
2026-05-11 07:43:37+00:00,52.352899,4.870165,335.0,Sudden braking,2.12,2.12,15.82,15.8,0.991,2,5.0,0.991,602CA_Trip558,1
2026-05-11 07:43:38+00:00,52.352937,4.870127,332.0,Sudden braking,2.1,2.1,15.745454545454546,13.7,0.998,3,3.8,0.998,602CA_Trip558,1
2026-05-11 07:47:28+00:00,52.360469,4.876781,72.0,Sudden braking,2.1,2.1,21.19090909090909,21.4,0.998,2,5.6,0.998,602CA_Trip558,1
2026-05-11 07:49:52+00:00,52.360514,4.885821,137.0,Sudden braking,2.0,2.0,11.309999999999999,11.6,0.998,2,2.8,0.998,602CA_Trip558,1
2026-05-11 07:51:31+00:00,52.362507,4.88773,27.0,Sudden braking,2.04,2.04,12.711111111111112,13.4,0.982,2,4.9,0.982,602CA_Trip558,1
2026-05-11 07:51:32+00:00,52.362541,4.887774,32.0,Sudden braking,2.31,2.31,11.98,11.1,0.997,3,3.5,0.997,602CA_Trip558,1
2026-05-11 07:51:33+00:00,52.362566,4.887805,27.0,Sudden braking,2.09,2.09,10.73,9.0,1.005,3,2.0,1.005,602CA_Trip558,1
2026-05-11 07:52:17+00:00,52.364147,4.889352,19.0,Sudden braking,2.28,2.28,16.58,15.8,1.009,3,4.3,1.009,602CA_Trip558,1
2026-05-11 07:52:18+00:00,52.364183,4.889373,12.0,Sudden braking,2.22,2.22,15.49,13.6,0.993,3,3.2,0.993,602CA_Trip558,1
2026-05-11 07:52:45+00:00,52.365232,4.89031,30.0,Sudden braking,2.04,2.04,13.03,14.2,0.979,3,3.6,0.979,602CA_Trip558,1
2026-05-11 07:52:46+00:00,52.365259,4.890338,31.0,Sudden braking,2.14,2.14,13.03,12.0,1.028,3,3.4,1.028,602CA_Trip558,1
2026-05-11 07:52:47+00:00,52.365285,4.890363,24.0,Sudden braking,2.19,2.19,10.35,9.8,1.006,2,2.8,1.006,602CA_Trip558,1
2026-05-11 07:53:26+00:00,52.365062,4.892413,115.0,Sudden braking,2.66,2.66,13.8,12.3,0.978,2,4.1,0.978,602CA_Trip558,1
2026-05-11 07:56:35+00:00,52.367847,4.903263,69.0,Sudden braking,2.54,2.54,13.118181818181819,15.3,0.983,2,4.5,0.983,602CA_Trip558,1
2026-05-11 07:56:36+00:00,52.367851,4.903329,87.0,Sudden braking,3.3,3.3,12.42,12.0,1.001,2,3.9,1.001,602CA_Trip558,1
2026-05-11 07:56:37+00:00,52.367849,4.903387,103.0,Sudden braking,3.05,3.05,10.52,8.9,1.016,2,2.0,1.016,602CA_Trip558,1
2026-05-11 07:56:38+00:00,52.367844,4.903414,110.0,Sudden braking,2.95,2.95,8.2875,6.0,0.982,2,0.6,0.982,602CA_Trip558,1
2026-05-11 07:56:39+00:00,52.367839,4.903409,64.0,Sudden braking,2.56,2.56,8.2875,3.4,1.014,2,1.8,1.014,602CA_Trip558,1
2026-05-11 07:57:20+00:00,52.368599,4.903906,64.0,Sudden braking,2.63,2.63,11.5,13.3,1.026,2,4.1,1.026,602CA_Trip558,1
2026-05-11 07:57:21+00:00,52.368606,4.903966,64.0,Sudden braking,3.24,3.24,10.8,10.1,0.988,2,2.2,0.988,602CA_Trip558,1
2026-05-11 07:57:22+00:00,52.368611,4.903998,72.0,Sudden braking,3.4,3.4,10.8,6.7,0.999,2,1.8,0.999,602CA_Trip558,1
2026-05-11 07:57:23+00:00,52.368601,4.904018,129.0,Sudden braking,3.12,3.12,7.771428571428571,3.6,0.992,2,1.9,0.992,602CA_Trip558,1
2026-05-11 07:57:24+00:00,52.368584,4.904025,157.0,Sudden braking,2.03,2.03,6.228571428571429,1.6,0.983,2,0.1,0.983,602CA_Trip558,1
2026-05-11 07:58:34+00:00,52.370035,4.908244,56.0,Sudden braking,2.22,2.22,14.41,15.5,1.035,1,4.6,1.035,602CA_Trip558,1
2026-05-11 07:58:35+00:00,52.370051,4.908307,55.0,Sudden braking,3.26,3.26,11.5,12.3,0.983,1,2.8,0.983,602CA_Trip558,1
2026-05-11 07:58:36+00:00,52.370064,4.908343,59.0,Sudden braking,3.72,3.72,11.5,8.6,0.994,1,2.7,0.994,602CA_Trip558,1
2026-05-11 07:58:37+00:00,52.370072,4.908379,62.0,Sudden braking,3.26,3.26,10.3875,5.4,0.982,1,1.8,0.982,602CA_Trip558,1
2026-05-11 07:58:38+00:00,52.370076,4.908406,65.0,Sudden braking,2.46,2.46,7.633333333333334,2.9,1.015,1,1.5,1.015,602CA_Trip558,1
2026-05-11 08:00:51+00:00,52.371012,4.914954,68.0,Sudden braking,2.19,2.19,12.411111111111111,13.4,1.004,2,4.2,1.004,602CA_Trip558,1
2026-05-11 08:00:52+00:00,52.371025,4.915012,72.0,Sudden braking,2.39,2.39,11.33,11.0,1.006,2,2.9,1.006,602CA_Trip558,1
2026-05-11 08:00:53+00:00,52.371029,4.915054,85.0,Sudden braking,2.68,2.68,9.47,8.3,1.006,2,2.3,1.006,602CA_Trip558,1
2026-05-11 08:00:54+00:00,52.37103,4.915087,75.0,Sudden braking,2.76,2.76,6.6000000000000005,5.5,1.016,2,1.2,1.016,602CA_Trip558,1
2026-05-11 08:00:55+00:00,52.371038,4.9151,63.0,Sudden braking,2.32,2.32,5.4750000000000005,3.2,0.99,2,0.4,0.99,602CA_Trip558,1
2026-05-11 08:10:19+00:00,52.353815,4.809169,73.0,Sudden braking,2.4,2.4,19.82,21.0,1.0,2,4.8,1.0,604F0_Trip559,1
2026-05-11 08:10:20+00:00,52.353831,4.809235,74.0,Sudden braking,3.01,3.01,17.84,18.0,0.996,2,3.3,0.996,604F0_Trip559,1
2026-05-11 08:10:21+00:00,52.353842,4.80928,73.0,Sudden braking,3.7,3.7,16.92222222222222,14.3,1.0,2,2.1,1.0,604F0_Trip559,1
2026-05-11 08:10:22+00:00,52.353849,4.809308,72.0,Sudden braking,3.7,3.7,15.8125,10.6,1.0,2,1.8,1.0,604F0_Trip559,1
2026-05-11 08:13:56+00:00,52.356109,4.826951,91.0,Sudden braking,2.1,2.1,16.419999999999998,15.9,1.0,2,3.4,1.0,604F0_Trip559,1
2026-05-11 08:13:57+00:00,52.356105,4.827001,95.0,Sudden braking,2.2,2.2,14.8,13.7,1.001,2,2.9,1.001,604F0_Trip559,1
2026-05-11 08:13:59+00:00,52.356101,4.827044,101.0,Sudden braking,2.1,2.1,12.288888888888888,11.6,1.0,2,2.6,1.0,604F0_Trip559,1
2026-05-11 08:16:18+00:00,52.356277,4.840228,91.0,Sudden braking,2.6,2.6,19.40909090909091,19.8,1.0,2,4.6,1.0,604F0_Trip559,1
2026-05-11 08:16:19+00:00,52.356277,4.840296,90.0,Sudden braking,2.8,2.8,18.336363636363636,17.0,1.0,2,2.8,1.0,604F0_Trip559,1
2026-05-11 08:16:20+00:00,52.356277,4.840338,89.0,Sudden braking,2.5,2.5,17.4,14.5,1.0,2,2.5,1.0,604F0_Trip559,1
2026-05-11 08:18:30+00:00,52.35495,4.850038,89.0,Sudden braking,2.3,2.3,15.030000000000001,15.7,1.0,2,3.7,1.0,604F0_Trip559,1
2026-05-11 08:18:31+00:00,52.354951,4.850093,89.0,Sudden braking,2.9,2.9,14.244444444444445,12.8,1.0,2,2.5,1.0,604F0_Trip559,1
2026-05-11 08:18:32+00:00,52.354951,4.850129,89.0,Sudden braking,3.4,3.4,13.325,9.4,1.0,2,1.4,1.0,604F0_Trip559,1
2026-05-11 08:19:29+00:00,52.354716,4.85468,83.0,Sudden braking,2.0,2.0,23.136363636363637,25.2,1.0,2,6.5,1.0,604F0_Trip559,1
2026-05-11 08:19:30+00:00,52.354724,4.854775,81.0,Sudden braking,2.7,2.7,21.59090909090909,22.5,1.0,2,5.7,1.0,604F0_Trip559,1
2026-05-11 08:19:31+00:00,52.354732,4.854857,81.0,Sudden braking,2.8,2.8,19.90909090909091,19.7,1.0,2,4.4,1.0,604F0_Trip559,1
2026-05-11 08:19:32+00:00,52.35474,4.85492,78.0,Sudden braking,2.5,2.5,18.154545454545453,17.2,1.0,2,3.0,1.0,604F0_Trip559,1
2026-05-11 08:19:33+00:00,52.354746,4.854963,78.0,Sudden braking,2.3,2.3,16.381818181818183,14.9,1.0,2,3.0,1.0,604F0_Trip559,1
2026-05-11 08:19:34+00:00,52.354754,4.855004,75.0,Sudden braking,2.0,2.0,14.627272727272727,12.9,1.0,2,3.4,1.0,604F0_Trip559,1
2026-05-11 08:24:48+00:00,52.361612,4.881579,52.0,Sudden braking,2.2,2.2,17.990000000000002,19.1,1.0,2,4.5,1.0,604F0_Trip559,1
2026-05-11 08:24:49+00:00,52.361639,4.881629,50.0,Sudden braking,2.8,2.8,17.211111111111112,16.3,1.0,2,3.3,1.0,604F0_Trip559,1
2026-05-11 08:24:50+00:00,52.361659,4.881663,47.0,Sudden braking,3.6,3.6,16.3,12.7,1.0,2,1.9,1.0,604F0_Trip559,1
2026-05-11 08:24:51+00:00,52.361672,4.881682,40.0,Sudden braking,4.0,4.0,15.22857142857143,8.7,1.0,2,1.3,1.0,604F0_Trip559,1
2026-05-11 08:27:11+00:00,52.359633,4.890108,112.0,Sudden braking,2.3,2.3,17.75,18.4,1.0,2,4.7,1.0,604F0_Trip559,1
2026-05-11 08:27:12+00:00,52.359614,4.890169,114.0,Sudden braking,2.9,2.9,16.977777777777778,15.5,1.0,2,3.7,1.0,604F0_Trip559,1
2026-05-11 08:27:13+00:00,52.359593,4.890211,118.0,Sudden braking,3.3,3.3,16.0625,12.2,1.0,2,1.8,1.0,604F0_Trip559,1
2026-05-11 08:27:14+00:00,52.359585,4.890235,116.0,Sudden braking,3.1,3.1,13.775,9.1,1.0,2,1.4,1.0,604F0_Trip559,1
2026-05-11 08:28:44+00:00,52.359367,4.898154,78.0,Sudden braking,2.1,2.1,18.28,19.1,1.0,2,5.3,1.0,604F0_Trip559,1
2026-05-11 08:28:45+00:00,52.359381,4.898229,78.0,Sudden braking,2.9,2.9,17.522222222222222,16.2,1.0,2,3.6,1.0,604F0_Trip559,1
2026-05-11 08:28:46+00:00,52.359388,4.898281,78.0,Sudden braking,3.3,3.3,16.6625,12.9,1.0,2,1.5,1.0,604F0_Trip559,1
2026-05-11 08:28:47+00:00,52.35939,4.898304,78.0,Sudden braking,3.0,3.0,15.685714285714285,9.9,1.0,2,1.2,1.0,604F0_Trip559,1
2026-05-11 08:32:08+00:00,52.362794,4.916152,72.0,Sudden braking,2.1,2.1,19.01818181818182,21.5,1.0,2,4.7,1.0,604F0_Trip559,1
2026-05-11 08:32:09+00:00,52.362809,4.916217,71.0,Sudden braking,3.0,3.0,17.245454545454546,18.5,1.0,2,4.2,1.0,604F0_Trip559,1
2026-05-11 08:32:10+00:00,52.36282,4.916277,73.0,Sudden braking,3.4,3.4,15.445454545454545,15.1,1.0,2,2.9,1.0,604F0_Trip559,1
2026-05-11 08:32:11+00:00,52.362829,4.916317,70.0,Sudden braking,3.1,3.1,13.681818181818182,12.0,1.0,2,2.6,1.0,604F0_Trip559,1
2026-05-11 08:32:12+00:00,52.362834,4.916354,68.0,Sudden braking,2.6,2.6,12.036363636363637,9.4,1.0,2,1.7,1.0,604F0_Trip559,1
2026-05-11 08:32:13+00:00,52.362842,4.916375,58.0,Sudden braking,2.1,2.1,10.60909090909091,7.3,1.0,2,1.5,1.0,604F0_Trip559,1
2026-05-11 08:32:44+00:00,52.363427,4.918328,71.0,Sudden braking,2.8,2.8,17.425,14.9,1.0,2,3.9,1.0,604F0_Trip559,1
2026-05-11 08:32:45+00:00,52.363438,4.918383,72.0,Sudden braking,3.0,3.0,15.65,11.9,1.0,2,1.4,1.0,604F0_Trip559,1
2026-05-11 08:34:17+00:00,52.365437,4.914344,299.0,Sudden braking,2.4,2.4,17.1,17.1,1.0,2,6.1,1.0,604F0_Trip559,1
2026-05-11 08:34:18+00:00,52.365489,4.914318,305.0,Sudden braking,2.5,2.5,16.854545454545455,14.6,1.0,2,2.4,1.0,604F0_Trip559,1
2026-05-11 08:36:11+00:00,52.369508,4.912345,304.0,Sudden braking,2.2,2.2,16.463636363636365,16.9,1.0,2,3.7,1.0,604F0_Trip559,1
2026-05-11 08:36:12+00:00,52.369535,4.912315,317.0,Sudden braking,2.2,2.2,15.836363636363636,14.7,1.0,2,4.3,1.0,604F0_Trip559,1
2026-05-11 08:36:13+00:00,52.369572,4.912335,354.0,Sudden braking,2.0,2.0,15.236363636363636,12.7,1.0,2,3.0,1.0,604F0_Trip559,1
2026-05-11 08:37:12+00:00,52.370994,4.914981,60.0,Sudden braking,2.0,2.0,15.78,16.3,1.0,2,3.8,1.0,604F0_Trip559,1
2026-05-11 08:37:13+00:00,52.371001,4.915035,70.0,Sudden braking,2.4,2.4,15.055555555555555,13.9,1.0,2,3.1,1.0,604F0_Trip559,1
2026-05-11 08:37:14+00:00,52.370999,4.91508,83.0,Sudden braking,3.1,3.1,14.225,10.8,1.0,2,2.3,1.0,604F0_Trip559,1
2026-05-11 08:37:15+00:00,52.371001,4.915114,84.0,Sudden braking,3.0,3.0,13.257142857142858,7.8,1.0,2,1.6,1.0,604F0_Trip559,1
2026-05-11 08:38:14+00:00,52.372336,4.918383,45.0,Sudden braking,2.1,2.1,13.427272727272728,13.6,1.0,2,3.1,1.0,604F0_Trip559,1
2026-05-11 08:38:15+00:00,52.372352,4.918421,46.0,Sudden braking,2.4,2.4,12.372727272727273,11.2,1.0,2,2.3,1.0,604F0_Trip559,1
2026-05-11 08:38:16+00:00,52.372367,4.918445,43.0,Sudden braking,2.4,2.4,11.545454545454545,8.8,1.0,2,1.0,1.0,604F0_Trip559,1
2026-05-11 15:13:20+00:00,52.359064,4.784448,172.0,Sudden braking,2.0,2.0,12.572727272727272,10.8,1.0,2,2.2,1.0,604F0_Trip564,1
2026-05-11 15:31:03+00:00,52.376126,4.910772,241.0,Sudden braking,2.1,2.1,18.745454545454546,20.0,1.0,3,4.7,1.0,63C0A_Trip568,1
2026-05-11 15:31:04+00:00,52.376103,4.910713,240.0,Sudden braking,2.6,2.6,17.754545454545454,17.4,1.0,3,3.4,1.0,63C0A_Trip568,1
2026-05-11 15:31:05+00:00,52.376091,4.910668,242.0,Sudden braking,2.5,2.5,16.78181818181818,14.9,1.0,3,3.2,1.0,63C0A_Trip568,1
2026-05-11 15:31:14+00:00,52.375828,4.910625,171.0,Sudden braking,2.0,2.0,9.418181818181818,8.5,1.0,3,1.3,1.0,63C0A_Trip568,1
2026-05-11 15:31:37+00:00,52.376953,4.910184,353.0,Sudden braking,2.7,2.7,24.4,24.8,1.0,3,8.6,1.0,63C0A_Trip568,1
2026-05-11 15:31:38+00:00,52.377012,4.910101,340.0,Sudden braking,3.1,3.1,23.46,21.7,1.0,3,3.8,1.0,63C0A_Trip568,1
2026-05-11 15:31:39+00:00,52.377046,4.910099,348.0,Sudden braking,2.2,2.2,22.55,19.5,1.0,3,4.1,1.0,63C0A_Trip568,1
2026-05-11 15:32:16+00:00,52.378218,4.907449,282.0,Sudden braking,2.2,2.2,26.136363636363637,28.5,1.0,3,8.1,1.0,63C0A_Trip568,1
2026-05-11 15:32:17+00:00,52.37823,4.907332,280.0,Sudden braking,2.7,2.7,24.027272727272727,25.8,1.0,3,6.8,1.0,63C0A_Trip568,1
2026-05-11 15:32:18+00:00,52.378238,4.907233,278.0,Sudden braking,2.9,2.9,23.07,22.9,1.0,2,4.9,1.0,63C0A_Trip568,1
2026-05-11 15:32:19+00:00,52.378252,4.907166,283.0,Sudden braking,3.5,3.5,20.76,19.4,1.0,2,5.1,1.0,63C0A_Trip568,1
2026-05-11 15:32:20+00:00,52.378263,4.907092,282.0,Sudden braking,4.0,4.0,18.62,15.4,1.0,2,4.0,1.0,63C0A_Trip568,1
2026-05-11 15:32:21+00:00,52.378271,4.907034,282.0,Sudden braking,3.1,3.1,16.86,12.3,1.0,2,2.0,1.0,63C0A_Trip568,1
2026-05-11 15:35:12+00:00,52.382925,4.893723,267.0,Sudden braking,2.0,2.0,17.654545454545456,17.8,1.0,3,4.4,1.0,63C0A_Trip568,1
2026-05-11 15:35:13+00:00,52.382923,4.893658,267.0,Sudden braking,2.0,2.0,16.763636363636365,15.8,1.0,2,4.0,1.0,63C0A_Trip568,1
2026-05-11 15:35:42+00:00,52.384861,4.89325,11.0,Sudden braking,2.8,2.8,29.872727272727275,33.2,1.0,3,8.2,1.0,63C0A_Trip568,1
2026-05-11 15:35:43+00:00,52.384934,4.893272,7.0,Sudden braking,3.5,3.5,27.254545454545454,29.7,1.0,3,6.9,1.0,63C0A_Trip568,1
2026-05-11 15:35:44+00:00,52.384996,4.89328,7.0,Sudden braking,4.2,4.2,24.445454545454545,25.5,1.0,3,5.8,1.0,63C0A_Trip568,1
2026-05-11 15:35:45+00:00,52.385047,4.893291,4.0,Sudden braking,4.5,4.5,23.02,21.0,1.0,3,5.2,1.0,63C0A_Trip568,1
2026-05-11 15:35:46+00:00,52.385094,4.893301,4.0,Sudden braking,4.2,4.2,20.0,16.8,1.0,3,3.1,1.0,63C0A_Trip568,1
2026-05-11 15:35:47+00:00,52.385122,4.893304,2.0,Sudden braking,4.0,4.0,18.22222222222222,12.8,1.0,3,2.2,1.0,63C0A_Trip568,1
2026-05-11 15:35:48+00:00,52.385142,4.893304,2.0,Sudden braking,3.3,3.3,16.35,9.5,1.0,3,1.3,1.0,63C0A_Trip568,1
2026-05-11 15:36:48+00:00,52.388975,4.891772,345.0,Sudden braking,2.1,2.1,28.654545454545456,29.6,1.0,3,7.7,1.0,63C0A_Trip568,1
2026-05-11 15:36:49+00:00,52.389042,4.891744,344.0,Sudden braking,2.7,2.7,26.745454545454546,26.9,1.0,2,7.6,1.0,63C0A_Trip568,1
2026-05-11 15:36:50+00:00,52.389108,4.891713,344.0,Sudden braking,2.9,2.9,24.990909090909092,24.0,1.0,3,6.5,1.0,63C0A_Trip568,1
2026-05-11 15:36:51+00:00,52.389165,4.891688,344.0,Sudden braking,2.5,2.5,23.472727272727273,21.5,1.0,3,4.7,1.0,63C0A_Trip568,1
2026-05-11 15:36:52+00:00,52.389205,4.891668,344.0,Sudden braking,2.2,2.2,22.272727272727273,19.3,1.0,3,4.5,1.0,63C0A_Trip568,1
2026-05-11 15:37:42+00:00,52.390509,4.885532,300.0,Sudden braking,2.1,2.1,25.345454545454544,25.6,1.0,2,6.8,1.0,63C0A_Trip568,1
2026-05-11 15:37:43+00:00,52.390539,4.885446,300.0,Sudden braking,2.4,2.4,24.48181818181818,23.2,1.0,3,4.6,1.0,63C0A_Trip568,1
2026-05-11 15:37:44+00:00,52.390559,4.885387,300.0,Sudden braking,2.1,2.1,23.9,21.1,1.0,3,4.8,1.0,63C0A_Trip568,1
2026-05-11 15:46:54+00:00,52.417875,4.826835,41.0,Sudden braking,2.1,2.1,10.377777777777778,9.0,1.0,2,1.8,1.0,63C0A_Trip568,1
2026-05-11 15:46:55+00:00,52.417888,4.826851,39.0,Sudden braking,2.4,2.4,9.5625,6.6,1.0,2,1.4,1.0,63C0A_Trip568,1
2026-05-11 16:09:08+00:00,52.433757,4.816169,258.0,Sudden braking,2.6,2.6,31.53636363636364,33.6,1.0,3,9.1,1.0,63C0A_Trip568,1
2026-05-11 16:09:09+00:00,52.433738,4.816038,257.0,Sudden braking,3.5,3.5,30.19090909090909,30.1,1.0,3,7.2,1.0,63C0A_Trip568,1
2026-05-11 16:09:10+00:00,52.433731,4.815933,262.0,Sudden braking,3.5,3.5,28.954545454545457,26.6,1.0,3,5.4,1.0,63C0A_Trip568,1
2026-05-11 16:09:11+00:00,52.433747,4.815858,278.0,Sudden braking,2.7,2.7,27.845454545454547,23.9,1.0,3,5.8,1.0,63C0A_Trip568,1
2026-05-11 16:16:01+00:00,52.47016,4.805491,357.0,Sudden braking,2.0,2.0,27.7,29.5,1.0,3,7.4,1.0,63C0A_Trip568,1
2026-05-11 16:16:02+00:00,52.470226,4.805487,358.0,Sudden braking,2.4,2.4,25.236363636363635,27.1,1.0,3,7.2,1.0,63C0A_Trip568,1
2026-05-11 16:16:03+00:00,52.470291,4.805483,358.0,Sudden braking,3.0,3.0,22.654545454545456,24.1,1.0,3,5.3,1.0,63C0A_Trip568,1
2026-05-11 16:16:04+00:00,52.470339,4.805481,358.0,Sudden braking,3.6,3.6,20.045454545454547,20.5,0.999,3,4.6,0.999,63C0A_Trip568,1
2026-05-11 16:16:04+00:00,52.47038,4.805478,358.0,Sudden braking,3.8,3.8,17.509090909090908,16.7,1.0,3,2.7,1.0,63C0A_Trip568,1
2026-05-11 16:16:05+00:00,52.470405,4.805477,358.0,Sudden braking,3.5,3.5,15.127272727272727,13.2,1.0,3,2.0,1.0,63C0A_Trip568,1
2026-05-11 16:16:06+00:00,52.470423,4.805476,358.0,Sudden braking,2.9,2.9,13.69,10.3,1.0,2,1.4,1.0,63C0A_Trip568,1
2026-05-11 16:16:07+00:00,52.470436,4.805475,358.0,Sudden braking,2.3,2.3,12.2,8.0,1.0,2,1.8,1.0,63C0A_Trip568,1
2026-05-11 16:19:07+00:00,52.484907,4.806175,324.0,Sudden braking,2.3,2.3,26.90909090909091,29.1,1.0,3,8.2,1.0,63C0A_Trip568,1
2026-05-11 16:19:08+00:00,52.484966,4.806101,323.0,Sudden braking,2.7,2.7,24.30909090909091,26.4,1.0,3,6.3,1.0,63C0A_Trip568,1
2026-05-11 16:19:09+00:00,52.48501,4.806045,322.0,Sudden braking,3.0,3.0,23.2,23.4,1.0,3,5.2,1.0,63C0A_Trip568,1
2026-05-11 16:19:10+00:00,52.485047,4.805998,322.0,Sudden braking,3.5,3.5,20.23,19.9,1.0,3,4.6,1.0,63C0A_Trip568,1
2026-05-11 16:19:11+00:00,52.48508,4.805957,322.0,Sudden braking,4.3,4.3,17.24,15.6,1.0,3,4.0,1.0,63C0A_Trip568,1
2026-05-11 16:19:12+00:00,52.485107,4.805919,320.0,Sudden braking,4.4,4.4,15.666666666666666,11.2,1.0,3,1.6,1.0,63C0A_Trip568,1
2026-05-11 16:19:15+00:00,52.485126,4.805884,315.0,Sudden braking,2.8,2.8,10.35,4.7,1.0,3,0.2,1.0,63C0A_Trip568,1
2026-05-11 16:20:38+00:00,52.488421,4.796635,302.0,Sudden braking,2.3,2.3,31.336363636363636,36.3,1.0,3,10.1,1.0,63C0A_Trip568,1
2026-05-11 16:20:39+00:00,52.488475,4.796515,302.0,Sudden braking,3.7,3.7,28.59090909090909,32.6,1.0,3,8.8,1.0,63C0A_Trip568,1
2026-05-11 16:20:40+00:00,52.488519,4.796408,302.0,Sudden braking,5.1,5.1,25.8,27.5,1.0,3,6.8,1.0,63C0A_Trip568,1
2026-05-11 16:20:41+00:00,52.488549,4.796322,301.0,Sudden braking,5.8,5.8,23.081818181818182,21.7,1.0,2,4.7,1.0,63C0A_Trip568,1
2026-05-11 16:20:42+00:00,52.488559,4.796254,301.0,Sudden braking,5.4,5.4,21.42,16.3,1.0,2,3.0,1.0,63C0A_Trip568,1
2026-05-11 16:20:43+00:00,52.488584,4.796233,299.0,Sudden braking,4.3,4.3,18.78,12.0,1.0,2,1.9,1.0,63C0A_Trip568,1
2026-05-11 16:20:44+00:00,52.488592,4.796209,299.0,Sudden braking,2.2,2.2,16.833333333333332,9.8,1.0,3,1.8,1.0,63C0A_Trip568,1
2026-05-11 16:23:15+00:00,52.492949,4.776117,290.0,Sudden braking,2.0,2.0,38.36666666666667,37.0,1.0,3,38.0,1.0,63C0A_Trip568,1
2026-05-11 16:35:48+00:00,52.521898,4.702511,313.0,Sudden braking,2.5,2.5,26.472727272727273,27.9,1.0,3,7.9,1.0,63C0A_Trip568,1
2026-05-11 16:35:49+00:00,52.521947,4.702426,312.0,Sudden braking,3.3,3.3,25.354545454545455,24.6,1.0,3,6.5,1.0,63C0A_Trip568,1
2026-05-11 16:35:50+00:00,52.521986,4.702354,311.0,Sudden braking,3.2,3.2,24.56,21.4,1.0,3,3.8,1.0,63C0A_Trip568,1
2026-05-11 16:35:51+00:00,52.522008,4.70231,314.0,Sudden braking,2.4,2.4,23.633333333333333,19.0,1.0,3,2.1,1.0,63C0A_Trip568,1
2026-05-11 20:00:34+00:00,52.371072,4.913213,271.0,Sudden braking,2.11,2.11,6.627272727272727,5.8,0.993,2,1.7,0.993,602CA_Trip572,1
2026-05-11 20:01:54+00:00,52.368892,4.913992,117.0,Sudden braking,2.23,2.23,10.77,11.0,0.941,2,3.8,0.941,602CA_Trip572,1
2026-05-11 20:07:50+00:00,52.358834,4.903739,251.0,Sudden braking,2.26,2.26,8.29,9.5,0.974,2,3.5,0.974,602CA_Trip572,1
2026-05-11 20:07:51+00:00,52.358822,4.903691,243.0,Sudden braking,2.39,2.39,7.433333333333333,7.1,1.003,2,1.8,1.003,602CA_Trip572,1
2026-05-11 20:07:52+00:00,52.358815,4.903667,242.0,Sudden braking,2.38,2.38,5.28,4.7,1.007,2,0.9,1.007,602CA_Trip572,1
2026-05-11 20:09:15+00:00,52.356159,4.904878,167.0,Sudden braking,2.07,2.07,11.18,12.5,1.013,2,3.8,1.013,602CA_Trip572,1
2026-05-11 20:09:16+00:00,52.356125,4.90489,168.0,Sudden braking,2.12,2.12,10.31111111111111,10.4,0.992,2,3.5,0.992,602CA_Trip572,1
2026-05-11 20:09:17+00:00,52.356094,4.904898,177.0,Sudden braking,2.18,2.18,9.41,8.3,0.965,2,3.1,0.965,602CA_Trip572,1
2026-05-11 20:09:18+00:00,52.356066,4.904898,184.0,Sudden braking,2.1,2.1,7.475,6.1,1.047,2,2.4,1.047,602CA_Trip572,1
2026-05-11 20:09:19+00:00,52.356046,4.904886,213.0,Sudden braking,2.06,2.06,5.033333333333333,4.1,0.969,2,1.2,0.969,602CA_Trip572,1
2026-05-11 20:12:57+00:00,52.347273,4.911372,187.0,Sudden braking,2.02,2.02,8.93,8.7,0.989,2,2.6,0.989,602CA_Trip572,1
2026-05-11 20:12:58+00:00,52.347251,4.911363,190.0,Sudden braking,2.23,2.23,7.5200000000000005,6.4,1.031,2,2.0,1.031,602CA_Trip572,1
2026-05-11 20:12:59+00:00,52.347233,4.911368,178.0,Sudden braking,2.14,2.14,5.333333333333333,4.3,0.982,2,1.3,0.982,602CA_Trip572,1
2026-05-11 20:19:03+00:00,52.33399,4.90365,248.0,Sudden braking,2.0,2.0,16.0,15.8,0.999,3,5.8,0.999,602CA_Trip572,1
2026-05-11 20:23:50+00:00,52.324236,4.894497,185.0,Sudden braking,2.01,2.01,16.344444444444445,15.2,0.994,3,4.9,0.994,602CA_Trip572,1
2026-05-12 05:11:07+00:00,52.536429,4.694504,79.0,Sudden braking,2.4,2.4,34.17272727272727,35.4,1.0,3,9.3,1.0,63C0A_Trip574,1
2026-05-12 05:11:08+00:00,52.536436,4.694641,89.0,Sudden braking,2.9,2.9,33.018181818181816,32.5,1.0,3,7.8,1.0,63C0A_Trip574,1
2026-05-12 05:11:09+00:00,52.536414,4.694751,104.0,Sudden braking,2.8,2.8,31.90909090909091,29.7,1.0,3,7.0,1.0,63C0A_Trip574,1
2026-05-12 05:11:10+00:00,52.536369,4.694825,127.0,Sudden braking,2.0,2.0,30.836363636363636,27.7,1.0,3,8.5,1.0,63C0A_Trip574,1
2026-05-12 05:13:36+00:00,52.522514,4.702408,131.0,Sudden braking,2.0,2.0,32.90909090909091,34.5,1.0,3,9.2,1.0,63C0A_Trip574,1
2026-05-12 05:13:37+00:00,52.52246,4.702511,131.0,Sudden braking,2.4,2.4,31.236363636363638,32.1,1.0,3,8.3,1.0,63C0A_Trip574,1
2026-05-12 05:13:38+00:00,52.522409,4.702603,132.0,Sudden braking,2.9,2.9,29.527272727272727,29.2,1.0,3,7.4,1.0,63C0A_Trip574,1
2026-05-12 05:13:39+00:00,52.522365,4.702684,132.0,Sudden braking,2.9,2.9,27.81818181818182,26.3,1.0,3,5.4,1.0,63C0A_Trip574,1
2026-05-12 05:13:40+00:00,52.522332,4.702743,133.0,Sudden braking,2.2,2.2,26.118181818181817,24.1,1.0,3,2.4,1.0,63C0A_Trip574,1
2026-05-12 05:14:23+00:00,52.519942,4.706168,132.0,Sudden braking,2.0,2.0,34.46363636363636,36.6,1.0,3,11.6,1.0,63C0A_Trip574,1
2026-05-12 05:14:24+00:00,52.519868,4.706289,138.0,Sudden braking,2.7,2.7,33.10909090909091,33.9,1.0,3,9.2,1.0,63C0A_Trip574,1
2026-05-12 05:14:25+00:00,52.519805,4.706376,140.0,Sudden braking,3.1,3.1,31.8,30.8,1.0,3,7.8,1.0,63C0A_Trip574,1
2026-05-12 05:14:26+00:00,52.519749,4.706446,143.0,Sudden braking,2.8,2.8,30.572727272727274,28.0,1.0,3,6.3,1.0,63C0A_Trip574,1
2026-05-12 05:21:00+00:00,52.494859,4.759817,105.0,Sudden braking,2.3,2.3,38.628571428571426,36.7,1.0,2,11.4,1.0,63C0A_Trip574,1
2026-05-12 05:21:31+00:00,52.494191,4.764514,99.0,Sudden braking,2.2,2.2,32.19090909090909,34.6,1.0,3,7.5,1.0,63C0A_Trip574,1
2026-05-12 05:21:32+00:00,52.494182,4.764624,97.0,Sudden braking,2.8,2.8,29.90909090909091,31.8,1.0,3,8.1,1.0,63C0A_Trip574,1
2026-05-12 05:21:33+00:00,52.494172,4.764743,97.0,Sudden braking,3.4,3.4,27.436363636363637,28.4,1.0,3,7.1,1.0,63C0A_Trip574,1
2026-05-12 05:21:34+00:00,52.494165,4.764847,96.0,Sudden braking,3.5,3.5,24.87272727272727,24.9,1.0,3,5.5,1.0,63C0A_Trip574,1
2026-05-12 05:21:35+00:00,52.49416,4.764928,96.0,Sudden braking,3.5,3.5,22.345454545454544,21.4,1.0,3,4.3,1.0,63C0A_Trip574,1
2026-05-12 05:21:36+00:00,52.494156,4.764992,96.0,Sudden braking,3.5,3.5,19.954545454545453,17.9,1.0,3,3.6,1.0,63C0A_Trip574,1
2026-05-12 05:21:37+00:00,52.494152,4.765045,96.0,Sudden braking,3.0,3.0,17.69090909090909,14.9,1.0,4,2.7,1.0,63C0A_Trip574,1
2026-05-12 05:21:38+00:00,52.49415,4.765085,96.0,Sudden braking,2.1,2.1,15.563636363636363,12.8,1.0,4,2.9,1.0,63C0A_Trip574,1
2026-05-12 05:22:19+00:00,52.493821,4.768279,93.0,Sudden braking,3.1,3.1,34.03333333333333,33.2,1.0,3,9.6,1.0,63C0A_Trip574,1
2026-05-12 05:22:23+00:00,52.494014,4.768713,92.0,Sudden braking,2.5,2.5,29.144444444444446,27.7,1.0,3,4.2,1.0,63C0A_Trip574,1
2026-05-12 05:22:24+00:00,52.494013,4.768774,92.0,Sudden braking,2.0,2.0,28.511111111111113,25.7,1.0,3,6.6,1.0,63C0A_Trip574,1
2026-05-12 05:34:58+00:00,52.434075,4.815778,171.0,Sudden braking,2.1,2.1,32.11818181818182,33.9,1.0,2,8.9,1.0,63C0A_Trip574,1
2026-05-12 05:34:59+00:00,52.433995,4.815792,172.0,Sudden braking,2.6,2.6,30.581818181818182,31.3,1.0,3,8.4,1.0,63C0A_Trip574,1
2026-05-12 05:35:00+00:00,52.43392,4.815802,174.0,Sudden braking,3.3,3.3,29.254545454545454,28.0,1.0,3,8.0,1.0,63C0A_Trip574,1
2026-05-12 05:35:01+00:00,52.433848,4.815808,173.0,Sudden braking,3.3,3.3,28.310000000000002,24.7,1.0,3,6.3,1.0,63C0A_Trip574,1
2026-05-12 05:35:02+00:00,52.433793,4.815827,173.0,Sudden braking,2.2,2.2,27.26,22.5,1.0,3,5.8,1.0,63C0A_Trip574,1
2026-05-12 05:35:19+00:00,52.434242,4.817697,41.0,Sudden braking,2.0,2.0,31.081818181818182,29.8,1.0,3,8.0,1.0,63C0A_Trip574,1
2026-05-12 05:35:50+00:00,52.432573,4.821221,131.0,Sudden braking,2.1,2.1,32.13,32.8,1.0,3,9.1,1.0,63C0A_Trip574,1
2026-05-12 05:35:51+00:00,52.432519,4.821322,131.0,Sudden braking,2.7,2.7,30.13,30.1,1.001,3,7.8,1.001,63C0A_Trip574,1
2026-05-12 05:35:53+00:00,52.432472,4.821409,131.0,Sudden braking,3.1,3.1,26.02,27.0,1.0,3,6.8,1.0,63C0A_Trip574,1
2026-05-12 05:35:54+00:00,52.432432,4.821484,131.0,Sudden braking,3.1,3.1,24.1,23.9,1.0,3,5.5,1.0,63C0A_Trip574,1
2026-05-12 05:35:55+00:00,52.432399,4.821545,131.0,Sudden braking,2.7,2.7,22.4,21.2,1.0,2,5.2,1.0,63C0A_Trip574,1
2026-05-12 05:35:56+00:00,52.432369,4.821603,131.0,Sudden braking,2.1,2.1,21.03,19.1,1.0,3,5.4,1.0,63C0A_Trip574,1
2026-05-12 06:03:03+00:00,52.392461,4.866197,105.0,Sudden braking,2.2,2.2,32.49090909090909,36.4,1.0,3,10.2,1.0,63C0A_Trip574,1
2026-05-12 06:03:04+00:00,52.392437,4.866342,105.0,Sudden braking,3.4,3.4,30.263636363636365,33.0,1.0,2,8.4,1.0,63C0A_Trip574,1
2026-05-12 06:03:05+00:00,52.392423,4.866464,101.0,Sudden braking,4.3,4.3,28.009090909090908,28.7,1.0,2,6.6,1.0,63C0A_Trip574,1
2026-05-12 06:03:06+00:00,52.392415,4.86656,97.0,Sudden braking,4.6,4.6,25.845454545454544,24.1,1.0,2,5.2,1.0,63C0A_Trip574,1
2026-05-12 06:03:07+00:00,52.39241,4.866635,95.0,Sudden braking,4.1,4.1,23.87272727272727,20.0,1.0,3,4.2,1.0,63C0A_Trip574,1
2026-05-12 06:03:08+00:00,52.392408,4.866696,91.0,Sudden braking,3.0,3.0,22.2,17.0,1.0,3,3.6,1.0,63C0A_Trip574,1
2026-05-12 06:03:24+00:00,52.392675,4.867907,56.0,Sudden braking,2.0,2.0,17.363636363636363,18.0,1.0,3,5.9,1.0,63C0A_Trip574,1
2026-05-12 06:03:25+00:00,52.392709,4.86784,66.0,Sudden braking,2.4,2.4,15.672727272727272,15.6,1.0,3,18.8,1.0,63C0A_Trip574,1
2026-05-12 06:03:26+00:00,52.392678,4.868112,79.0,Sudden braking,2.3,2.3,14.154545454545454,13.3,1.0,3,1.6,1.0,63C0A_Trip574,1
2026-05-12 06:03:27+00:00,52.392678,4.868136,69.0,Sudden braking,2.2,2.2,12.918181818181818,11.1,1.0,3,1.9,1.0,63C0A_Trip574,1
2026-05-12 06:03:28+00:00,52.392684,4.868162,69.0,Sudden braking,2.0,2.0,12.036363636363637,9.1,1.0,3,2.1,1.0,63C0A_Trip574,1
2026-05-12 06:05:14+00:00,52.391285,4.880493,103.0,Sudden braking,2.0,2.0,33.027272727272724,32.9,1.0,1,9.0,1.0,63C0A_Trip574,1
2026-05-12 06:05:45+00:00,52.390826,4.88461,127.0,Sudden braking,3.0,3.0,23.71818181818182,26.2,1.0,3,6.8,1.0,63C0A_Trip574,1
2026-05-12 06:05:46+00:00,52.390788,4.88469,128.0,Sudden braking,3.8,3.8,21.454545454545453,22.4,1.0,3,4.5,1.0,63C0A_Trip574,1
2026-05-12 06:05:47+00:00,52.390763,4.884742,128.0,Sudden braking,4.0,4.0,19.09090909090909,18.4,1.0,3,3.8,1.0,63C0A_Trip574,1
2026-05-12 06:05:48+00:00,52.390741,4.884784,132.0,Sudden braking,3.7,3.7,16.7,14.7,1.0,3,2.8,1.0,63C0A_Trip574,1
2026-05-12 06:05:49+00:00,52.390724,4.884815,132.0,Sudden braking,2.8,2.8,15.27,11.9,1.0,3,2.8,1.0,63C0A_Trip574,1
2026-05-12 06:06:50+00:00,52.389756,4.890227,102.0,Sudden braking,2.1,2.1,31.6,34.7,1.0,3,8.7,1.0,63C0A_Trip574,1
2026-05-12 06:06:51+00:00,52.389739,4.890351,102.0,Sudden braking,2.7,2.7,29.272727272727273,32.0,1.0,3,7.7,1.0,63C0A_Trip574,1
2026-05-12 06:06:52+00:00,52.389723,4.890461,104.0,Sudden braking,3.5,3.5,26.618181818181817,28.5,1.0,3,7.8,1.0,63C0A_Trip574,1
2026-05-12 06:06:53+00:00,52.3897,4.89057,109.0,Sudden braking,3.9,3.9,23.745454545454546,24.6,1.0,2,6.7,1.0,63C0A_Trip574,1
2026-05-12 06:06:54+00:00,52.389677,4.89066,111.0,Sudden braking,4.0,4.0,20.8,20.6,1.0,3,5.1,1.0,63C0A_Trip574,1
2026-05-12 06:06:55+00:00,52.389656,4.890728,113.0,Sudden braking,4.1,4.1,17.92727272727273,16.5,1.0,3,3.5,1.0,63C0A_Trip574,1
2026-05-12 06:06:56+00:00,52.38964,4.890772,113.0,Sudden braking,3.9,3.9,15.227272727272728,12.6,1.0,3,2.4,1.0,63C0A_Trip574,1
2026-05-12 06:06:57+00:00,52.389631,4.890804,116.0,Sudden braking,3.2,3.2,12.8,9.4,1.0,3,1.9,1.0,63C0A_Trip574,1
2026-05-12 06:06:58+00:00,52.389624,4.89083,116.0,Sudden braking,2.2,2.2,10.781818181818181,7.2,1.0,2,1.6,1.0,63C0A_Trip574,1
2026-05-12 06:07:52+00:00,52.38609,4.892893,165.0,Sudden braking,2.0,2.0,26.345454545454544,28.3,1.0,3,7.4,1.0,63C0A_Trip574,1
2026-05-12 06:07:53+00:00,52.386027,4.892925,165.0,Sudden braking,2.3,2.3,24.345454545454544,26.0,1.0,3,6.7,1.0,63C0A_Trip574,1
2026-05-12 06:07:54+00:00,52.385968,4.892949,165.0,Sudden braking,2.8,2.8,22.18181818181818,23.2,1.0,3,6.2,1.0,63C0A_Trip574,1
2026-05-12 06:07:55+00:00,52.385914,4.892974,165.0,Sudden braking,3.2,3.2,19.990909090909092,20.0,1.0,5,5.4,1.0,63C0A_Trip574,1
2026-05-12 06:07:56+00:00,52.385868,4.892994,165.0,Sudden braking,3.1,3.1,17.945454545454545,16.9,1.0,3,4.0,1.0,63C0A_Trip574,1
2026-05-12 06:07:57+00:00,52.385833,4.893008,165.0,Sudden braking,2.9,2.9,16.19090909090909,14.0,1.0,3,2.9,1.0,63C0A_Trip574,1
2026-05-12 06:07:58+00:00,52.385808,4.893019,165.0,Sudden braking,2.7,2.7,14.836363636363636,11.3,1.0,3,2.6,1.0,63C0A_Trip574,1
2026-05-12 06:07:59+00:00,52.385786,4.89303,165.0,Sudden braking,2.0,2.0,13.954545454545455,9.3,1.0,3,2.2,1.0,63C0A_Trip574,1
2026-05-12 06:09:00+00:00,52.382088,4.895476,139.0,Sudden braking,2.1,2.1,25.672727272727272,27.0,1.0,3,6.7,1.0,63C0A_Trip574,1
2026-05-12 06:09:01+00:00,52.382041,4.895538,139.0,Sudden braking,2.6,2.6,23.78181818181818,24.4,1.0,3,6.5,1.0,63C0A_Trip574,1
2026-05-12 06:09:02+00:00,52.381995,4.895596,140.0,Sudden braking,2.7,2.7,21.763636363636365,21.7,1.0,3,5.4,1.0,63C0A_Trip574,1
2026-05-12 06:09:03+00:00,52.381958,4.895647,142.0,Sudden braking,2.4,2.4,19.663636363636364,19.3,1.0,3,5.2,1.0,63C0A_Trip574,1
2026-05-12 06:09:04+00:00,52.381918,4.895687,142.0,Sudden braking,2.3,2.3,17.554545454545455,17.0,1.0,2,4.4,1.0,63C0A_Trip574,1
2026-05-12 06:09:05+00:00,52.381886,4.895725,142.0,Sudden braking,2.3,2.3,15.463636363636363,14.7,1.0,2,3.5,1.0,63C0A_Trip574,1
2026-05-12 06:09:06+00:00,52.381861,4.895757,142.0,Sudden braking,2.1,2.1,13.409090909090908,12.6,1.0,3,2.8,1.0,63C0A_Trip574,1
2026-05-12 06:10:11+00:00,52.380393,4.898985,30.0,Sudden braking,2.2,2.2,15.727272727272727,15.9,1.0,3,5.7,1.0,63C0A_Trip574,1
2026-05-12 06:10:12+00:00,52.380445,4.898989,12.0,Sudden braking,2.6,2.6,14.627272727272727,13.3,1.0,3,3.6,1.0,63C0A_Trip574,1
2026-05-12 06:10:13+00:00,52.380474,4.899012,12.0,Sudden braking,2.3,2.3,13.870000000000001,11.0,1.0,3,1.8,1.0,63C0A_Trip574,1
2026-05-12 06:11:55+00:00,52.377892,4.909601,102.0,Sudden braking,2.1,2.1,31.027272727272727,32.0,1.0,2,8.8,1.0,63C0A_Trip574,1
2026-05-12 06:11:56+00:00,52.377875,4.909727,104.0,Sudden braking,2.5,2.5,29.745454545454546,29.5,1.0,2,7.8,1.0,63C0A_Trip574,1
2026-05-12 06:11:57+00:00,52.377851,4.909835,110.0,Sudden braking,2.5,2.5,28.572727272727274,27.0,1.0,2,6.6,1.0,63C0A_Trip574,1
2026-05-12 06:11:58+00:00,52.377813,4.90991,125.0,Sudden braking,2.1,2.1,27.509090909090908,24.9,1.0,2,6.9,1.0,63C0A_Trip574,1
2026-05-12 06:12:25+00:00,52.375894,4.910538,180.0,Sudden braking,2.3,2.3,22.336363636363636,25.3,1.0,4,7.0,1.0,63C0A_Trip574,1
2026-05-12 06:12:26+00:00,52.375832,4.910533,185.0,Sudden braking,3.4,3.4,20.536363636363635,21.9,1.0,4,5.2,1.0,63C0A_Trip574,1
2026-05-12 06:12:27+00:00,52.37579,4.910498,187.0,Sudden braking,3.8,3.8,18.836363636363636,18.1,1.0,4,2.5,1.0,63C0A_Trip574,1
2026-05-12 06:12:28+00:00,52.37577,4.910518,187.0,Sudden braking,3.7,3.7,17.272727272727273,14.4,1.0,4,1.9,1.0,63C0A_Trip574,1
2026-05-12 06:12:29+00:00,52.375775,4.910545,191.0,Sudden braking,3.1,3.1,15.790909090909091,11.3,1.0,4,2.6,1.0,63C0A_Trip574,1
2026-05-12 06:14:04+00:00,52.374795,4.915051,160.0,Sudden braking,2.4,2.4,15.763636363636364,15.5,1.0,1,4.2,1.0,63C0A_Trip574,1
2026-05-12 06:14:05+00:00,52.374761,4.91508,158.0,Sudden braking,2.4,2.4,14.727272727272727,13.1,1.0,1,2.8,1.0,63C0A_Trip574,1
2026-05-12 06:14:13+00:00,52.374783,4.915423,128.0,Sudden braking,2.4,2.4,8.585714285714285,5.7,1.0,1,1.7,1.0,63C0A_Trip574,1
2026-05-12 08:28:38+00:00,52.310382,4.881637,0.0,Sudden braking,2.0,2.0,10.177777777777777,11.6,1.002,2,4.1,1.002,602CA_Trip581,1
2026-05-12 08:28:39+00:00,52.310419,4.881633,358.0,Sudden braking,2.72,2.72,9.4625,8.9,0.994,2,2.1,0.994,602CA_Trip581,1
2026-05-12 08:28:40+00:00,52.310433,4.881613,349.0,Sudden braking,3.1,3.1,7.55,5.8,1.001,1,1.0,1.001,602CA_Trip581,1
2026-05-12 08:28:41+00:00,52.310442,4.881609,329.0,Sudden braking,2.49,2.49,6.8,3.3,1.005,2,1.1,1.005,602CA_Trip581,1
2026-05-12 08:44:53+00:00,52.339189,4.908578,51.0,Sudden braking,3.11,3.11,12.44,14.1,0.997,3,4.1,0.997,602CA_Trip581,1
2026-05-12 08:44:54+00:00,52.339214,4.908623,52.0,Sudden braking,3.31,3.31,11.52,10.8,0.998,3,1.8,0.998,602CA_Trip581,1
2026-05-12 08:44:55+00:00,52.339224,4.908643,51.0,Sudden braking,2.99,2.99,10.86,7.8,1.002,3,0.9,1.002,602CA_Trip581,1
2026-05-12 08:44:56+00:00,52.339229,4.908654,46.0,Sudden braking,2.2,2.2,10.86,5.6,1.0,3,1.1,1.0,602CA_Trip581,1
2026-05-12 08:48:39+00:00,52.347073,4.912087,342.0,Sudden braking,2.22,2.22,7.128571428571429,5.3,0.993,1,2.0,0.993,602CA_Trip581,1
2026-05-12 08:48:40+00:00,52.347088,4.912073,342.0,Sudden braking,2.08,2.08,6.333333333333333,3.2,1.008,1,1.4,1.008,602CA_Trip581,1
2026-05-12 08:56:02+00:00,52.359783,4.908391,91.0,Sudden braking,2.02,2.02,10.8,9.6,1.04,2,2.5,1.04,602CA_Trip581,1
2026-05-12 08:56:03+00:00,52.359783,4.908428,112.0,Sudden braking,2.38,2.38,10.05,7.3,0.967,2,2.4,0.967,602CA_Trip581,1
2026-05-12 08:56:04+00:00,52.359783,4.908463,116.0,Sudden braking,2.15,2.15,9.228571428571428,5.1,1.025,2,2.2,1.025,602CA_Trip581,1
2026-05-12 08:56:05+00:00,52.359784,4.908496,123.0,Sudden braking,2.04,2.04,8.333333333333334,3.0,1.028,2,0.2,1.028,602CA_Trip581,1
2026-05-12 08:57:11+00:00,52.360243,4.908879,334.0,Sudden braking,2.38,2.38,8.92,9.7,1.01,2,2.6,1.01,602CA_Trip581,1
2026-05-12 08:57:12+00:00,52.360263,4.908859,335.0,Sudden braking,2.29,2.29,8.92,7.4,1.003,2,2.1,1.003,602CA_Trip581,1
2026-05-12 09:01:51+00:00,52.370074,4.908261,63.0,Sudden braking,2.3,2.3,11.08,13.6,0.958,2,4.3,0.958,602CA_Trip581,1
2026-05-12 09:01:52+00:00,52.370088,4.90832,58.0,Sudden braking,2.4,2.4,11.08,11.1,1.042,2,3.5,1.042,602CA_Trip581,1
2026-05-12 09:01:53+00:00,52.370101,4.908366,57.0,Sudden braking,2.87,2.87,9.4125,8.3,0.975,2,1.3,0.975,602CA_Trip581,1
2026-05-12 09:01:54+00:00,52.370098,4.908384,62.0,Sudden braking,3.05,3.05,9.4125,5.2,1.016,2,1.5,1.016,602CA_Trip581,1
2026-05-12 09:01:55+00:00,52.370093,4.908406,58.0,Sudden braking,2.41,2.41,8.32857142857143,2.8,0.996,2,1.0,0.996,602CA_Trip581,1
2026-05-12 09:04:06+00:00,52.370984,4.914972,71.0,Sudden braking,2.12,2.12,11.409090909090908,13.0,0.991,3,3.8,0.991,602CA_Trip581,1
2026-05-12 09:04:07+00:00,52.370996,4.915024,80.0,Sudden braking,2.58,2.58,10.78,10.4,1.009,3,2.8,1.009,602CA_Trip581,1
2026-05-12 09:04:08+00:00,52.371004,4.915064,82.0,Sudden braking,2.72,2.72,8.21111111111111,7.7,0.992,2,2.1,0.992,602CA_Trip581,1
2026-05-12 09:04:09+00:00,52.37101,4.915093,72.0,Sudden braking,2.52,2.52,6.9818181818181815,5.1,1.031,2,1.3,1.031,602CA_Trip581,1
2026-05-12 09:04:10+00:00,52.371013,4.915112,66.0,Sudden braking,2.25,2.25,4.81,3.0,0.932,2,0.5,0.932,602CA_Trip581,1
2026-05-12 10:00:50+00:00,52.353828,4.809205,73.0,Sudden braking,2.0,2.0,13.272727272727273,13.0,1.0,2,3.3,1.0,604F0_Trip583,1
2026-05-12 10:04:03+00:00,52.356136,4.826976,92.0,Sudden braking,2.5,2.5,16.87,17.4,1.0,2,4.3,1.0,604F0_Trip583,1
2026-05-12 10:04:04+00:00,52.35612,4.827034,107.0,Sudden braking,3.1,3.1,16.055555555555554,14.3,1.0,2,3.3,1.0,604F0_Trip583,1
2026-05-12 10:04:05+00:00,52.356108,4.827078,111.0,Sudden braking,3.7,3.7,15.1,10.6,1.0,2,2.4,1.0,604F0_Trip583,1
2026-05-12 10:04:06+00:00,52.356102,4.827111,110.0,Sudden braking,3.0,3.0,13.971428571428572,7.6,1.0,2,1.3,1.0,604F0_Trip583,1
2026-05-12 10:07:17+00:00,52.356291,4.843783,89.0,Sudden braking,2.3,2.3,18.836363636363636,20.1,1.0,2,5.9,1.0,604F0_Trip583,1
2026-05-12 10:07:18+00:00,52.356293,4.84387,87.0,Sudden braking,3.1,3.1,17.863636363636363,17.0,1.0,2,4.6,1.0,604F0_Trip583,1
2026-05-12 10:07:19+00:00,52.356292,4.843937,90.0,Sudden braking,2.9,2.9,17.118181818181817,14.1,1.0,2,1.7,1.0,604F0_Trip583,1
2026-05-12 10:07:20+00:00,52.356287,4.843961,97.0,Sudden braking,2.1,2.1,16.563636363636363,12.0,1.0,2,2.1,1.0,604F0_Trip583,1
2026-05-12 11:22:49+00:00,52.372711,4.892684,97.0,Sudden braking,2.1,2.1,12.0,9.2,1.0,2,1.6,1.0,604F0_Trip586,1
2026-05-12 11:29:03+00:00,52.371086,4.914998,58.0,Sudden braking,2.9,2.9,17.125,14.8,1.0,1,2.4,1.0,604F0_Trip586,1
2026-05-12 15:35:34+00:00,52.371397,4.91524,240.0,Sudden braking,2.62,2.62,10.581818181818182,11.6,0.993,2,3.5,0.993,604F9_Trip589,1
2026-05-12 15:35:35+00:00,52.371381,4.915196,228.0,Sudden braking,2.84,2.84,9.73,8.7,1.02,2,1.9,1.02,604F9_Trip589,1
2026-05-12 15:35:36+00:00,52.371366,4.915183,196.0,Sudden braking,3.04,3.04,6.1499999999999995,5.7,0.987,2,1.4,0.987,604F9_Trip589,1
2026-05-12 15:35:37+00:00,52.371353,4.91519,169.0,Sudden braking,2.63,2.63,6.1499999999999995,3.1,0.989,2,0.5,0.989,604F9_Trip589,1
2026-05-12 15:36:47+00:00,52.369935,4.918563,122.0,Sudden braking,2.73,2.73,19.918181818181818,21.2,0.989,3,6.7,0.989,604F9_Trip589,1
2026-05-12 15:36:48+00:00,52.369903,4.918647,127.0,Sudden braking,2.81,2.81,18.444444444444443,18.4,0.995,3,4.9,0.995,604F9_Trip589,1
2026-05-12 15:36:49+00:00,52.36988,4.918709,127.0,Sudden braking,2.79,2.79,16.463636363636365,15.6,1.002,3,3.9,1.002,604F9_Trip589,1
2026-05-12 15:36:50+00:00,52.369864,4.91876,123.0,Sudden braking,2.39,2.39,15.459999999999999,13.2,1.003,2,4.2,1.003,604F9_Trip589,1
2026-05-12 15:38:08+00:00,52.367683,4.925233,117.0,Sudden braking,2.06,2.06,17.011111111111113,19.5,0.971,2,6.0,0.971,604F9_Trip589,1
2026-05-12 15:38:09+00:00,52.36766,4.925313,120.0,Sudden braking,3.08,3.08,15.53,16.3,1.038,2,4.8,1.038,604F9_Trip589,1
2026-05-12 15:38:10+00:00,52.367635,4.925371,121.0,Sudden braking,3.94,3.94,10.9,12.4,0.99,2,3.9,0.99,604F9_Trip589,1
2026-05-12 15:38:11+00:00,52.367612,4.925414,131.0,Sudden braking,3.84,3.84,9.918181818181818,8.5,1.015,2,2.0,1.015,604F9_Trip589,1
2026-05-12 15:38:12+00:00,52.367594,4.925408,161.0,Sudden braking,3.65,3.65,6.5,4.9,0.987,2,0.6,0.987,604F9_Trip589,1
2026-05-12 15:38:13+00:00,52.367589,4.925405,178.0,Sudden braking,2.66,2.66,5.055555555555555,2.2,1.014,2,0.4,1.014,604F9_Trip589,1
2026-05-12 15:39:23+00:00,52.366162,4.926354,133.0,Sudden braking,2.2,2.2,14.38888888888889,15.1,1.001,2,3.7,1.001,604F9_Trip589,1
2026-05-12 15:39:24+00:00,52.366138,4.926392,137.0,Sudden braking,2.51,2.51,12.322222222222223,12.6,0.998,2,3.8,0.998,604F9_Trip589,1
2026-05-12 15:39:25+00:00,52.366114,4.926431,137.0,Sudden braking,2.7,2.7,9.31,9.9,0.999,2,3.1,0.999,604F9_Trip589,1
2026-05-12 15:39:26+00:00,52.366094,4.926463,141.0,Sudden braking,2.39,2.39,9.31,7.5,1.004,2,2.2,1.004,604F9_Trip589,1
2026-05-12 15:39:27+00:00,52.366078,4.926481,144.0,Sudden braking,2.19,2.19,6.745454545454545,5.3,1.004,2,1.3,1.004,604F9_Trip589,1
2026-05-12 15:50:40+00:00,52.378295,4.90692,281.0,Sudden braking,2.4,2.4,18.20909090909091,19.3,1.0,2,4.6,1.0,63C0A_Trip593,1
2026-05-12 15:50:41+00:00,52.378301,4.906852,282.0,Sudden braking,2.8,2.8,16.654545454545456,16.5,1.0,2,3.8,1.0,63C0A_Trip593,1
2026-05-12 15:50:42+00:00,52.378308,4.906798,282.0,Sudden braking,2.9,2.9,15.263636363636364,13.6,1.0,2,2.4,1.0,63C0A_Trip593,1
2026-05-12 15:50:43+00:00,52.378311,4.906763,282.0,Sudden braking,2.5,2.5,14.090909090909092,11.1,1.0,2,2.2,1.0,63C0A_Trip593,1
2026-05-12 15:51:14+00:00,52.371309,4.912346,256.0,Sudden braking,2.04,2.04,7.142857142857143,5.5,0.979,1,1.3,0.979,602CA_Trip591,1
2026-05-12 15:51:15+00:00,52.3713,4.912333,221.0,Sudden braking,2.07,2.07,7.142857142857143,3.4,1.015,1,0.7,1.015,602CA_Trip591,1
2026-05-12 15:51:58+00:00,52.380307,4.899527,301.0,Sudden braking,2.0,2.0,15.5,17.1,1.0,3,4.8,1.0,63C0A_Trip593,1
2026-05-12 15:51:59+00:00,52.380329,4.899467,301.0,Sudden braking,2.8,2.8,14.49,14.3,1.0,3,1.8,1.0,63C0A_Trip593,1
2026-05-12 15:52:00+00:00,52.380337,4.899444,301.0,Sudden braking,2.9,2.9,13.56,11.4,1.0,3,1.0,1.0,63C0A_Trip593,1
2026-05-12 15:52:01+00:00,52.380342,4.899431,301.0,Sudden braking,2.3,2.3,12.76,9.1,1.0,3,1.1,1.0,63C0A_Trip593,1
2026-05-12 15:53:05+00:00,52.38293,4.893966,271.0,Sudden braking,2.2,2.2,28.972727272727273,30.7,1.0,2,8.0,1.0,63C0A_Trip593,1
2026-05-12 15:53:06+00:00,52.382928,4.893849,269.0,Sudden braking,2.8,2.8,27.37272727272727,27.9,1.0,2,7.1,1.0,63C0A_Trip593,1
2026-05-12 15:53:07+00:00,52.382926,4.893744,267.0,Sudden braking,2.8,2.8,25.79090909090909,25.1,1.0,2,6.3,1.0,63C0A_Trip593,1
2026-05-12 15:53:08+00:00,52.382923,4.893651,269.0,Sudden braking,2.5,2.5,24.86,22.6,1.0,2,5.9,1.0,63C0A_Trip593,1
2026-05-12 15:53:09+00:00,52.382925,4.893565,275.0,Sudden braking,2.2,2.2,23.34,20.4,1.0,2,5.8,1.0,63C0A_Trip593,1
2026-05-12 15:53:38+00:00,52.384966,4.893285,7.0,Sudden braking,2.1,2.1,20.681818181818183,22.9,1.0,3,7.1,1.0,63C0A_Trip593,1
2026-05-12 15:53:39+00:00,52.38503,4.893295,4.0,Sudden braking,2.9,2.9,18.536363636363635,20.0,1.0,3,5.1,1.0,63C0A_Trip593,1
2026-05-12 15:53:40+00:00,52.385076,4.893302,4.0,Sudden braking,3.2,3.2,16.381818181818183,16.8,1.0,3,3.3,1.0,63C0A_Trip593,1
2026-05-12 15:53:41+00:00,52.385105,4.893307,4.0,Sudden braking,3.3,3.3,15.34,13.5,1.0,3,2.8,1.0,63C0A_Trip593,1
2026-05-12 15:53:42+00:00,52.38513,4.893309,2.0,Sudden braking,2.9,2.9,14.155555555555555,10.6,1.0,3,3.0,1.0,63C0A_Trip593,1
2026-05-12 15:53:43+00:00,52.385157,4.893312,2.0,Sudden braking,2.4,2.4,11.766666666666666,8.2,1.0,3,2.3,1.0,63C0A_Trip593,1
2026-05-12 15:53:44+00:00,52.385178,4.893313,2.0,Sudden braking,2.2,2.2,10.375,6.0,1.0,3,1.7,1.0,63C0A_Trip593,1
2026-05-12 15:54:51+00:00,52.389025,4.89174,344.0,Sudden braking,2.0,2.0,22.863636363636363,24.2,1.0,3,6.7,1.0,63C0A_Trip593,1
2026-05-12 15:54:52+00:00,52.389083,4.891717,344.0,Sudden braking,2.2,2.2,20.78181818181818,22.0,1.0,3,5.6,1.0,63C0A_Trip593,1
2026-05-12 15:54:53+00:00,52.389131,4.891693,344.0,Sudden braking,2.6,2.6,18.654545454545453,19.4,1.0,3,4.8,1.0,63C0A_Trip593,1
2026-05-12 15:54:54+00:00,52.389172,4.891677,344.0,Sudden braking,2.9,2.9,16.51818181818182,16.5,1.0,2,3.9,1.0,63C0A_Trip593,1
2026-05-12 15:54:55+00:00,52.389207,4.891663,344.0,Sudden braking,2.9,2.9,14.454545454545455,13.6,1.0,2,3.0,1.0,63C0A_Trip593,1
2026-05-12 15:54:56+00:00,52.389233,4.891653,343.0,Sudden braking,2.7,2.7,12.581818181818182,10.9,1.0,2,2.4,1.0,63C0A_Trip593,1
2026-05-12 15:54:57+00:00,52.389254,4.891644,343.0,Sudden braking,2.3,2.3,11.00909090909091,8.6,1.0,2,1.8,1.0,63C0A_Trip593,1
2026-05-12 15:54:58+00:00,52.376106,4.902867,325.0,Sudden braking,2.2,2.2,14.39,14.3,1.001,2,4.1,1.001,602CA_Trip591,1
2026-05-12 15:54:59+00:00,52.376135,4.902831,327.0,Sudden braking,2.0,2.0,13.52,12.3,1.0,2,2.9,1.0,602CA_Trip591,1
2026-05-12 15:56:00+00:00,52.390503,4.885548,300.0,Sudden braking,2.4,2.4,17.763636363636362,19.8,1.0,3,4.5,1.0,63C0A_Trip593,1
2026-05-12 15:56:01+00:00,52.390523,4.88549,300.0,Sudden braking,2.9,2.9,16.045454545454547,16.9,1.0,3,3.2,1.0,63C0A_Trip593,1
2026-05-12 15:56:02+00:00,52.390537,4.88545,300.0,Sudden braking,3.1,3.1,14.181818181818182,13.8,1.0,3,2.4,1.0,63C0A_Trip593,1
2026-05-12 15:56:03+00:00,52.390548,4.88542,300.0,Sudden braking,2.9,2.9,12.227272727272727,10.9,1.0,2,1.9,1.0,63C0A_Trip593,1
2026-05-12 15:56:04+00:00,52.390556,4.885396,300.0,Sudden braking,2.3,2.3,11.08,8.6,1.0,3,1.4,1.0,63C0A_Trip593,1
2026-05-12 15:56:26+00:00,52.377023,4.898393,320.0,Sudden braking,2.45,2.45,7.13,7.8,0.979,2,1.3,0.979,602CA_Trip591,1
2026-05-12 15:56:27+00:00,52.377032,4.898381,319.0,Sudden braking,2.53,2.53,6.5,5.2,1.026,2,1.6,1.026,602CA_Trip591,1
2026-05-12 15:56:28+00:00,52.377041,4.898362,317.0,Sudden braking,2.11,2.11,5.75,3.1,0.993,2,0.1,0.993,602CA_Trip591,1
2026-05-12 15:58:04+00:00,52.392915,4.870917,269.0,Sudden braking,2.3,2.3,25.263636363636365,26.9,1.0,3,6.8,1.0,63C0A_Trip593,1
2026-05-12 15:58:05+00:00,52.392915,4.870817,269.0,Sudden braking,2.8,2.8,22.98181818181818,24.1,1.0,3,5.4,1.0,63C0A_Trip593,1
2026-05-12 15:58:06+00:00,52.392911,4.870738,270.0,Sudden braking,3.1,3.1,20.80909090909091,21.0,1.0,3,4.7,1.0,63C0A_Trip593,1
2026-05-12 15:58:07+00:00,52.392907,4.870669,270.0,Sudden braking,3.5,3.5,18.881818181818183,17.5,1.0,3,3.7,1.0,63C0A_Trip593,1
2026-05-12 15:58:08+00:00,52.392909,4.870614,270.0,Sudden braking,3.4,3.4,17.318181818181817,14.1,1.0,3,3.7,1.0,63C0A_Trip593,1
2026-05-12 15:58:09+00:00,52.392908,4.87056,271.0,Sudden braking,2.4,2.4,16.172727272727272,11.7,1.0,3,1.3,1.0,63C0A_Trip593,1
2026-05-12 16:00:33+00:00,52.368513,4.889049,220.0,Sudden braking,2.18,2.18,10.53,11.3,1.007,2,2.7,1.007,602CA_Trip591,1
2026-05-12 16:00:34+00:00,52.368494,4.889026,212.0,Sudden braking,2.78,2.78,9.3125,8.6,0.971,2,2.3,0.971,602CA_Trip591,1
2026-05-12 16:00:35+00:00,52.368477,4.889005,220.0,Sudden braking,2.68,2.68,9.3125,5.9,1.009,2,1.0,1.009,602CA_Trip591,1
2026-05-12 16:00:36+00:00,52.368468,4.889002,225.0,Sudden braking,2.27,2.27,7.45,3.6,1.012,2,0.4,1.012,602CA_Trip591,1
2026-05-12 16:01:18+00:00,52.368733,4.888169,325.0,Sudden braking,2.79,2.79,10.522222222222222,11.4,1.002,2,3.9,1.002,602CA_Trip591,1
2026-05-12 16:01:19+00:00,52.368762,4.888138,325.0,Sudden braking,3.2,3.2,9.545454545454545,8.2,0.999,2,2.4,0.999,602CA_Trip591,1
2026-05-12 16:01:20+00:00,52.368777,4.888112,327.0,Sudden braking,2.78,2.78,8.845454545454546,5.4,1.006,2,1.4,1.006,602CA_Trip591,1
2026-05-12 16:02:35+00:00,52.370336,4.885897,266.0,Sudden braking,2.0,2.0,10.11,10.1,0.998,2,3.5,0.998,602CA_Trip591,1
2026-05-12 16:02:36+00:00,52.370335,4.885846,274.0,Sudden braking,2.0,2.0,9.01,8.1,1.001,2,2.6,1.001,602CA_Trip591,1
2026-05-12 16:05:24+00:00,52.41763,4.82688,20.0,Sudden braking,2.0,2.0,20.5,20.9,1.0,2,18.8,1.0,63C0A_Trip593,1
2026-05-12 16:05:25+00:00,52.41773,4.826657,25.0,Sudden braking,2.1,2.1,18.881818181818183,18.8,1.0,2,4.7,1.0,63C0A_Trip593,1
2026-05-12 16:05:26+00:00,52.368523,4.876355,258.0,Sudden braking,2.91,2.91,9.977777777777778,12.3,0.995,2,4.2,0.995,602CA_Trip591,1
2026-05-12 16:05:26+00:00,52.417768,4.826687,25.0,Sudden braking,2.0,2.0,17.272727272727273,16.8,1.0,2,4.1,1.0,63C0A_Trip593,1
2026-05-12 16:05:27+00:00,52.368505,4.8763,254.0,Sudden braking,3.4,3.4,9.45,8.8,1.028,2,2.3,1.028,602CA_Trip591,1
2026-05-12 16:05:28+00:00,52.368494,4.876271,244.0,Sudden braking,3.42,3.42,8.72857142857143,5.4,0.993,2,1.3,0.993,602CA_Trip591,1
2026-05-12 16:05:29+00:00,52.368488,4.876253,238.0,Sudden braking,2.64,2.64,7.6875,2.8,0.986,1,0.4,0.986,602CA_Trip591,1
2026-05-12 16:07:15+00:00,52.366206,4.877584,136.0,Sudden braking,2.56,2.56,14.62,18.9,0.975,2,5.9,0.975,602CA_Trip591,1
2026-05-12 16:07:16+00:00,52.366164,4.877638,138.0,Sudden braking,3.8,3.8,14.62,15.1,1.001,2,5.4,1.001,602CA_Trip591,1
2026-05-12 16:07:17+00:00,52.36613,4.877694,138.0,Sudden braking,4.37,4.37,13.666666666666666,10.7,1.008,2,2.9,1.008,602CA_Trip591,1
2026-05-12 16:07:18+00:00,52.366107,4.877715,135.0,Sudden braking,4.07,4.07,12.4625,6.6,1.008,1,0.1,1.008,602CA_Trip591,1
2026-05-12 16:07:19+00:00,52.366108,4.877715,0.0,Sudden braking,3.38,3.38,10.985714285714286,3.2,1.007,1,0.5,1.007,602CA_Trip591,1
2026-05-12 16:07:20+00:00,52.366104,4.877711,134.0,Sudden braking,2.24,2.24,9.25,1.0,0.983,1,0.1,0.983,602CA_Trip591,1
2026-05-12 16:08:33+00:00,52.363918,4.878691,158.0,Sudden braking,2.14,2.14,7.188888888888889,6.4,0.981,2,1.5,0.981,602CA_Trip591,1
2026-05-12 16:17:20+00:00,52.351591,4.856416,168.0,Sudden braking,2.0,2.0,9.977777777777778,11.3,1.001,2,3.0,1.001,602CA_Trip591,1
2026-05-12 16:17:21+00:00,52.351564,4.856406,171.0,Sudden braking,2.62,2.62,9.977777777777778,8.7,0.994,2,2.8,0.994,602CA_Trip591,1
2026-05-12 16:17:22+00:00,52.351539,4.856402,161.0,Sudden braking,2.69,2.69,9.2125,6.0,1.003,2,0.8,1.003,602CA_Trip591,1
2026-05-12 16:17:23+00:00,52.351533,4.856406,153.0,Sudden braking,2.56,2.56,7.35,3.4,1.014,2,0.9,1.014,602CA_Trip591,1
2026-05-12 16:17:24+00:00,52.351525,4.856405,144.0,Sudden braking,2.02,2.02,5.616666666666666,1.4,0.989,2,0,0.989,602CA_Trip591,1
2026-05-12 16:19:42+00:00,52.345191,4.856597,240.0,Sudden braking,2.51,2.51,10.290000000000001,12.3,0.997,2,4.6,0.997,602CA_Trip591,1
2026-05-12 16:19:43+00:00,52.345161,4.856549,207.0,Sudden braking,2.88,2.88,8.49,9.5,0.973,2,2.7,0.973,602CA_Trip591,1
2026-05-12 16:19:44+00:00,52.345138,4.856537,190.0,Sudden braking,2.75,2.75,8.49,6.7,1.018,2,2.1,1.018,602CA_Trip591,1
2026-05-12 16:19:45+00:00,52.345119,4.856533,180.0,Sudden braking,2.61,2.61,6.3500000000000005,4.1,0.996,2,1.3,0.996,602CA_Trip591,1
2026-05-12 16:19:46+00:00,52.345109,4.856525,181.0,Sudden braking,2.04,2.04,5.142857142857143,2.1,0.981,2,0.1,0.981,602CA_Trip591,1
2026-05-12 16:21:10+00:00,52.341331,4.857471,184.0,Sudden braking,2.11,2.11,17.522222222222222,19.5,0.993,2,5.8,0.993,602CA_Trip591,1
2026-05-12 16:21:11+00:00,52.341279,4.857469,186.0,Sudden braking,2.87,2.87,16.18,16.6,1.009,2,4.7,1.009,602CA_Trip591,1
2026-05-12 16:21:12+00:00,52.341238,4.857458,197.0,Sudden braking,3.29,3.29,12.988888888888889,13.3,1.002,2,5.0,1.002,602CA_Trip591,1
2026-05-12 16:21:13+00:00,52.341197,4.857426,212.0,Sudden braking,3.46,3.46,11.7375,9.9,0.984,2,2.8,0.984,602CA_Trip591,1
2026-05-12 16:21:14+00:00,52.341175,4.857405,214.0,Sudden braking,3.13,3.13,10.32857142857143,6.7,1.021,2,0.9,1.021,602CA_Trip591,1
2026-05-12 16:21:15+00:00,52.341167,4.857408,201.0,Sudden braking,2.62,2.62,8.8,4.1,0.993,2,1.0,0.993,602CA_Trip591,1
2026-05-12 16:22:40+00:00,52.337231,4.857184,178.0,Sudden braking,2.07,2.07,17.118181818181817,19.2,1.016,2,5.6,1.016,602CA_Trip591,1
2026-05-12 16:22:41+00:00,52.337181,4.857179,174.0,Sudden braking,2.82,2.82,15.38,16.4,0.993,2,5.3,0.993,602CA_Trip591,1
2026-05-12 16:22:42+00:00,52.337134,4.85717,177.0,Sudden braking,3.55,3.55,14.38,12.8,1.013,2,3.3,1.013,602CA_Trip591,1
2026-05-12 16:22:43+00:00,52.337105,4.857173,179.0,Sudden braking,3.1,3.1,13.63,9.8,0.967,2,2.0,0.967,602CA_Trip591,1
2026-05-12 16:25:33+00:00,52.328039,4.857311,197.0,Sudden braking,2.09,2.09,10.945454545454545,12.9,1.003,2,4.1,1.003,602CA_Trip591,1
2026-05-12 16:25:34+00:00,52.328004,4.857293,200.0,Sudden braking,2.94,2.94,10.28,10.0,0.987,2,3.6,0.987,602CA_Trip591,1
2026-05-12 16:25:35+00:00,52.327973,4.857283,197.0,Sudden braking,2.89,2.89,9.511111111111111,7.1,1.004,2,2.3,1.004,602CA_Trip591,1
2026-05-12 16:25:36+00:00,52.327952,4.85728,194.0,Sudden braking,2.6,2.6,8.5875,4.5,1.0,2,1.5,1.0,602CA_Trip591,1
2026-05-12 16:25:37+00:00,52.32794,4.857286,193.0,Sudden braking,2.29,2.29,6.25,2.2,1.006,2,1.1,1.006,602CA_Trip591,1
2026-05-12 16:27:00+00:00,52.424039,4.827682,6.0,Sudden braking,2.4,2.4,36.7125,34.9,1.0,3,9.1,1.0,63C0A_Trip593,1
2026-05-12 16:27:01+00:00,52.424121,4.827696,5.0,Sudden braking,2.4,2.4,36.24285714285714,32.5,1.0,3,6.8,1.0,63C0A_Trip593,1
2026-05-12 16:27:46+00:00,52.321784,4.857373,181.0,Sudden braking,3.42,3.42,12.58,13.6,0.995,2,4.6,0.995,602CA_Trip591,1
2026-05-12 16:27:47+00:00,52.321743,4.857368,186.0,Sudden braking,3.98,3.98,10.9625,9.6,1.004,2,1.8,1.004,602CA_Trip591,1
2026-05-12 16:27:48+00:00,52.321728,4.857356,186.0,Sudden braking,3.95,3.95,9.757142857142856,5.7,0.988,1,1.4,0.988,602CA_Trip591,1
2026-05-12 16:27:49+00:00,52.321718,4.857346,187.0,Sudden braking,3.08,3.08,8.233333333333333,2.6,1.006,1,1.2,1.006,602CA_Trip591,1
2026-05-12 16:29:22+00:00,52.433736,4.81607,257.0,Sudden braking,2.6,2.6,30.336363636363636,31.6,1.0,4,8.1,1.0,63C0A_Trip593,1
2026-05-12 16:29:23+00:00,52.433724,4.815952,259.0,Sudden braking,3.2,3.2,29.39090909090909,28.4,1.0,4,6.6,1.0,63C0A_Trip593,1
2026-05-12 16:29:24+00:00,52.433731,4.815855,271.0,Sudden braking,2.8,2.8,28.554545454545455,25.6,1.0,4,5.7,1.0,63C0A_Trip593,1
2026-05-12 16:35:24+00:00,52.470215,4.805488,358.0,Sudden braking,2.5,2.5,30.427272727272726,33.4,1.001,2,8.6,1.001,63C0A_Trip593,1
2026-05-12 16:35:26+00:00,52.470293,4.805483,358.0,Sudden braking,3.1,3.1,29.48,30.3,1.0,2,7.4,1.0,63C0A_Trip593,1
2026-05-12 16:35:27+00:00,52.470359,4.805479,358.0,Sudden braking,3.6,3.6,27.0375,26.7,0.999,2,5.8,0.999,63C0A_Trip593,1
2026-05-12 16:35:27+00:00,52.470411,4.805476,358.0,Sudden braking,4.7,4.7,27.0375,22.0,1.0,2,5.1,1.0,63C0A_Trip593,1
2026-05-12 16:35:28+00:00,52.470457,4.805474,358.0,Sudden braking,5.0,5.0,25.514285714285712,17.0,1.0,2,3.6,1.0,63C0A_Trip593,1
2026-05-12 16:35:51+00:00,52.307748,4.872574,99.0,Sudden braking,2.4,2.4,20.32,21.4,1.0,4,8.2,1.0,602CA_Trip591,1
2026-05-12 16:35:52+00:00,52.307729,4.872689,103.0,Sudden braking,2.78,2.78,19.17,18.6,1.009,3,8.5,1.009,602CA_Trip591,1
2026-05-12 16:35:53+00:00,52.307744,4.872812,107.0,Sudden braking,2.98,2.98,17.71818181818182,15.6,1.006,2,3.5,1.006,602CA_Trip591,1
2026-05-12 16:35:54+00:00,52.307724,4.872851,108.0,Sudden braking,2.71,2.71,15.91,12.9,0.998,2,5.1,0.998,602CA_Trip591,1
2026-05-12 16:36:07+00:00,52.470501,4.805471,358.0,Sudden braking,2.3,2.3,14.133333333333333,11.0,1.0,2,2.1,1.0,63C0A_Trip593,1
2026-05-12 16:37:10+00:00,52.476484,4.805105,0.0,Sudden braking,3.2,3.2,28.318181818181817,35.4,1.0,1,9.7,1.0,63C0A_Trip593,1
2026-05-12 16:37:11+00:00,52.476571,4.805106,1.0,Sudden braking,5.6,5.6,27.15,29.8,1.0,1,6.5,1.0,63C0A_Trip593,1
2026-05-12 16:37:12+00:00,52.47663,4.805108,1.0,Sudden braking,7.41,7.41,25.72222222222222,22.4,0.999,2,1.8,0.999,63C0A_Trip593,1
2026-05-12 16:37:13+00:00,52.476646,4.805108,2.0,Sudden braking,7.8,7.8,23.9375,14.6,1.0,1,1.3,1.0,63C0A_Trip593,1
2026-05-12 16:37:14+00:00,52.476634,4.805107,2.0,Sudden braking,6.8,6.8,21.67142857142857,7.8,1.0,1,1.1,1.0,63C0A_Trip593,1
2026-05-12 16:37:20+00:00,52.476613,4.805107,1.0,Sudden braking,2.1,2.1,1.3,1.0,1.0,1,1.1,1.0,63C0A_Trip593,1
2026-05-12 16:39:45+00:00,52.484882,4.806204,324.0,Sudden braking,2.6,2.6,28.354545454545455,32.4,1.0,3,9.2,1.0,63C0A_Trip593,1
2026-05-12 16:39:46+00:00,52.484949,4.806122,323.0,Sudden braking,4.1,4.1,25.472727272727273,28.3,1.0,3,8.1,1.0,63C0A_Trip593,1
2026-05-12 16:39:47+00:00,52.485007,4.806049,322.0,Sudden braking,5.1,5.1,22.48181818181818,23.2,1.0,3,5.2,1.0,63C0A_Trip593,1
2026-05-12 16:39:48+00:00,52.485044,4.806003,322.0,Sudden braking,5.0,5.0,19.427272727272726,18.2,1.0,3,2.5,1.0,63C0A_Trip593,1
2026-05-12 16:39:49+00:00,52.485062,4.80598,322.0,Sudden braking,4.7,4.7,16.40909090909091,13.5,1.0,3,2.8,1.0,63C0A_Trip593,1
2026-05-12 16:39:50+00:00,52.485082,4.805954,320.0,Sudden braking,3.9,3.9,14.549999999999999,9.6,1.0,3,4.1,1.0,63C0A_Trip593,1
2026-05-12 16:39:51+00:00,52.485109,4.805913,315.0,Sudden braking,2.5,2.5,11.66,7.1,1.0,3,1.5,1.0,63C0A_Trip593,1
2026-05-12 16:41:12+00:00,52.488505,4.796429,302.0,Sudden braking,2.6,2.6,30.61,31.5,1.0,2,8.7,1.0,63C0A_Trip593,1
2026-05-12 16:41:13+00:00,52.488549,4.796324,301.0,Sudden braking,3.3,3.3,28.27,28.2,1.0,2,7.0,1.0,63C0A_Trip593,1
2026-05-12 16:41:14+00:00,52.488571,4.796227,301.0,Sudden braking,4.2,4.2,26.02,24.0,1.0,2,5.2,1.0,63C0A_Trip593,1
2026-05-12 16:41:15+00:00,52.488605,4.796172,299.0,Sudden braking,4.1,4.1,24.05,19.9,1.0,2,2.2,1.0,63C0A_Trip593,1
2026-05-12 16:43:11+00:00,52.491995,4.781559,294.0,Sudden braking,2.7,2.7,35.766666666666666,33.5,1.0,3,10.3,1.0,63C0A_Trip593,1
2026-05-12 16:45:56+00:00,52.494261,4.76488,272.0,Sudden braking,2.1,2.1,28.12857142857143,26.6,1.0,3,6.9,1.0,63C0A_Trip593,1
2026-05-12 16:54:32+00:00,52.521949,4.702424,312.0,Sudden braking,2.6,2.6,26.727272727272727,26.6,1.0,3,7.1,1.0,63C0A_Trip593,1
2026-05-12 16:54:33+00:00,52.521991,4.702346,311.0,Sudden braking,3.3,3.3,25.87,23.3,1.0,3,5.2,1.0,63C0A_Trip593,1
2026-05-12 16:54:34+00:00,52.522021,4.702288,314.0,Sudden braking,2.5,2.5,24.69,20.8,1.0,3,2.6,1.0,63C0A_Trip593,1
2026-05-13 07:45:53+00:00,52.353847,4.809258,73.0,Sudden braking,2.0,2.0,12.75,11.6,1.0,2,2.6,1.0,604F0_Trip594,1
2026-05-13 07:49:36+00:00,52.356123,4.827014,99.0,Sudden braking,2.5,2.5,18.011111111111113,17.1,1.0,2,4.1,1.0,604F0_Trip594,1
2026-05-13 07:49:37+00:00,52.356107,4.827069,111.0,Sudden braking,3.3,3.3,17.2625,13.8,1.0,2,3.7,1.0,604F0_Trip594,1
2026-05-13 07:49:38+00:00,52.356088,4.827114,118.0,Sudden braking,3.0,3.0,16.37142857142857,10.8,1.0,2,1.8,1.0,604F0_Trip594,1
2026-05-13 07:54:12+00:00,52.354957,4.850028,89.0,Sudden braking,2.5,2.5,17.24,18.3,1.0,2,4.2,1.0,604F0_Trip594,1
2026-05-13 07:54:13+00:00,52.354958,4.85009,89.0,Sudden braking,3.3,3.3,16.57777777777778,15.0,1.0,2,3.6,1.0,604F0_Trip594,1
2026-05-13 07:54:14+00:00,52.354953,4.850142,89.0,Sudden braking,3.7,3.7,15.7375,11.3,1.0,2,2.0,1.0,604F0_Trip594,1
2026-05-13 07:54:15+00:00,52.354951,4.850172,89.0,Sudden braking,3.0,3.0,14.67142857142857,8.3,1.0,2,1.2,1.0,604F0_Trip594,1
2026-05-13 08:00:10+00:00,52.361598,4.881558,61.0,Sudden braking,2.3,2.3,18.20909090909091,21.0,1.0,2,6.0,1.0,604F0_Trip594,1
2026-05-13 08:00:11+00:00,52.361627,4.881633,60.0,Sudden braking,3.2,3.2,17.55,17.8,1.0,2,4.4,1.0,604F0_Trip594,1
2026-05-13 08:00:12+00:00,52.361653,4.881682,49.0,Sudden braking,3.8,3.8,16.744444444444444,14.0,1.0,2,2.9,1.0,604F0_Trip594,1
2026-05-13 08:00:13+00:00,52.361674,4.881708,38.0,Sudden braking,3.6,3.6,15.75,10.4,1.0,2,1.6,1.0,604F0_Trip594,1
2026-05-13 08:00:14+00:00,52.361688,4.881713,17.0,Sudden braking,2.4,2.4,14.514285714285714,8.0,1.0,2,1.1,1.0,604F0_Trip594,1
2026-05-13 08:02:35+00:00,52.36112,4.886607,136.0,Sudden braking,3.1,3.1,19.71818181818182,20.8,1.0,2,6.3,1.0,604F0_Trip594,1
2026-05-13 08:02:36+00:00,52.361087,4.886684,126.0,Sudden braking,3.7,3.7,18.727272727272727,17.1,1.0,2,3.6,1.0,604F0_Trip594,1
2026-05-13 08:02:37+00:00,52.361073,4.886731,119.0,Sudden braking,3.3,3.3,18.027272727272727,13.8,1.0,2,1.9,1.0,604F0_Trip594,1
2026-05-13 08:02:38+00:00,52.361071,4.88676,109.0,Sudden braking,2.2,2.2,17.581818181818182,11.6,1.0,2,1.6,1.0,604F0_Trip594,1
2026-05-13 08:03:19+00:00,52.359653,4.890144,112.0,Sudden braking,2.0,2.0,19.036363636363635,19.5,1.0,2,4.7,1.0,604F0_Trip594,1
2026-05-13 08:03:20+00:00,52.359638,4.890208,113.0,Sudden braking,2.2,2.2,17.663636363636364,17.3,1.0,2,4.6,1.0,604F0_Trip594,1
2026-05-13 08:03:21+00:00,52.359613,4.890263,117.0,Sudden braking,2.1,2.1,16.445454545454545,15.2,1.0,2,3.9,1.0,604F0_Trip594,1
2026-05-13 08:04:41+00:00,52.3594,4.898175,78.0,Sudden braking,3.3,3.3,18.933333333333334,18.4,1.0,2,5.1,1.0,604F0_Trip594,1
2026-05-13 08:04:42+00:00,52.359407,4.898249,78.0,Sudden braking,4.4,4.4,18.1125,14.0,1.0,2,3.0,1.0,604F0_Trip594,1
2026-05-13 08:04:43+00:00,52.359409,4.898293,78.0,Sudden braking,4.0,4.0,17.1,10.0,1.0,2,1.2,1.0,604F0_Trip594,1
2026-05-13 08:06:51+00:00,52.361024,4.907704,74.0,Sudden braking,2.2,2.2,18.05,19.1,1.0,2,4.9,1.0,604F0_Trip594,1
2026-05-13 08:06:52+00:00,52.361031,4.907775,78.0,Sudden braking,3.1,3.1,17.344444444444445,16.0,1.0,2,3.9,1.0,604F0_Trip594,1
2026-05-13 08:06:53+00:00,52.36103,4.907833,88.0,Sudden braking,3.4,3.4,16.5125,12.6,1.0,2,2.9,1.0,604F0_Trip594,1
2026-05-13 08:06:54+00:00,52.361026,4.907875,93.0,Sudden braking,3.1,3.1,15.514285714285714,9.5,1.0,2,1.4,1.0,604F0_Trip594,1
2026-05-13 08:08:01+00:00,52.361874,4.911426,53.0,Sudden braking,2.1,2.1,14.209090909090909,12.7,1.0,2,3.4,1.0,604F0_Trip594,1
2026-05-13 08:09:21+00:00,52.366128,4.911585,30.0,Sudden braking,2.0,2.0,14.63,14.8,1.0,2,3.9,1.0,604F0_Trip594,1
2026-05-13 08:09:22+00:00,52.366159,4.911614,30.0,Sudden braking,2.1,2.1,14.133333333333333,12.7,1.0,2,2.8,1.0,604F0_Trip594,1
2026-05-13 08:09:23+00:00,52.36618,4.911637,30.0,Sudden braking,2.4,2.4,13.4875,10.3,1.0,2,2.5,1.0,604F0_Trip594,1
2026-05-13 08:09:24+00:00,52.366199,4.911656,30.0,Sudden braking,2.1,2.1,12.0125,8.2,1.0,2,1.7,1.0,604F0_Trip594,1
2026-05-13 08:11:51+00:00,52.371034,4.915036,68.0,Sudden braking,3.5,3.5,18.4,16.1,1.0,2,3.7,1.0,604F0_Trip594,1
2026-05-13 08:11:52+00:00,52.37103,4.91509,82.0,Sudden braking,4.0,4.0,17.685714285714287,12.1,1.0,2,2.0,1.0,604F0_Trip594,1
2026-05-13 08:29:46+00:00,52.342306,4.949198,318.0,Sudden braking,2.1,2.1,8.863636363636363,7.5,1.0,2,3.1,1.0,602DE_Trip596,1
2026-05-13 08:29:47+00:00,52.342326,4.949164,318.0,Sudden braking,2.3,2.3,8.345454545454546,5.2,1.0,2,2.1,1.0,602DE_Trip596,1
2026-05-13 08:31:04+00:00,52.344324,4.945857,316.0,Sudden braking,2.5,2.5,12.333333333333334,11.7,1.0,2,6.1,1.0,602DE_Trip596,1
2026-05-13 08:31:58+00:00,52.345946,4.943293,316.0,Sudden braking,2.2,2.2,12.809090909090909,12.1,1.0,2,5.2,1.0,602DE_Trip596,1
2026-05-13 08:32:46+00:00,52.347361,4.941033,306.0,Sudden braking,2.5,2.5,12.327272727272728,13.1,1.0,1,4.1,1.0,602DE_Trip596,1
2026-05-13 08:32:47+00:00,52.347391,4.940999,318.0,Sudden braking,2.6,2.6,11.60909090909091,10.5,1.0,1,3.3,1.0,602DE_Trip596,1
2026-05-13 08:33:40+00:00,52.348325,4.939487,323.0,Sudden braking,2.0,2.0,12.87,12.7,1.0,2,4.4,1.0,602DE_Trip596,1
2026-05-13 08:33:56+00:00,52.348724,4.938883,308.0,Sudden braking,2.2,2.2,12.42,15.3,1.0,2,4.3,1.0,602DE_Trip596,1
2026-05-13 08:33:57+00:00,52.348761,4.938864,315.0,Sudden braking,2.5,2.5,11.82,12.8,1.0,2,1.2,1.0,602DE_Trip596,1
2026-05-13 08:33:58+00:00,52.348751,4.938871,306.0,Sudden braking,2.7,2.7,11.5,10.1,1.0,2,4.6,1.0,602DE_Trip596,1
2026-05-13 08:33:59+00:00,52.348775,4.938815,303.0,Sudden braking,2.6,2.6,10.845454545454546,7.5,1.0,2,1.2,1.0,602DE_Trip596,1
2026-05-13 08:38:08+00:00,52.355793,4.928008,338.0,Sudden braking,2.0,2.0,13.872727272727273,14.6,1.0,2,5.0,1.0,602DE_Trip596,1
2026-05-13 08:39:35+00:00,52.358734,4.926114,339.0,Sudden braking,2.0,2.0,10.427272727272728,10.7,1.0,2,4.6,1.0,602DE_Trip596,1
2026-05-13 08:43:31+00:00,52.362858,4.930609,356.0,Sudden braking,2.0,2.0,9.78888888888889,11.1,1.0,2,1.9,1.0,602DE_Trip596,1
2026-05-13 08:43:32+00:00,52.362875,4.930611,356.0,Sudden braking,2.2,2.2,9.6,8.9,1.0,2,3.0,1.0,602DE_Trip596,1
2026-05-13 08:43:33+00:00,52.362902,4.930607,356.0,Sudden braking,2.1,2.1,9.49090909090909,6.8,1.0,2,2.7,1.0,602DE_Trip596,1
2026-05-13 08:46:20+00:00,52.367323,4.925692,51.0,Sudden braking,2.1,2.1,8.5375,6.2,1.0,2,1.8,1.0,602DE_Trip596,1
2026-05-13 08:47:57+00:00,52.368755,4.922236,303.0,Sudden braking,2.1,2.1,15.263636363636364,14.2,1.0,2,3.2,1.0,602DE_Trip596,1
2026-05-13 09:37:29+00:00,52.355906,4.905386,348.0,Sudden braking,2.22,2.22,8.827272727272728,8.8,0.993,2,2.5,0.993,602CA_Trip597,1
2026-05-13 09:37:30+00:00,52.355928,4.905384,352.0,Sudden braking,2.31,2.31,8.03,6.5,0.996,3,1.8,0.996,602CA_Trip597,1
2026-05-13 09:40:06+00:00,52.360169,4.908952,338.0,Sudden braking,2.23,2.23,8.65,10.0,0.985,2,4.6,0.985,602CA_Trip597,1
2026-05-13 09:40:07+00:00,52.360209,4.908937,335.0,Sudden braking,2.33,2.33,8.018181818181818,7.7,0.986,2,3.3,0.986,602CA_Trip597,1
2026-05-13 09:40:08+00:00,52.360237,4.908922,336.0,Sudden braking,2.34,2.34,6.377777777777777,5.4,0.985,2,2.8,0.985,602CA_Trip597,1
2026-05-13 09:41:41+00:00,52.364124,4.9065,338.0,Sudden braking,2.06,2.06,11.544444444444444,12.9,1.017,2,4.0,1.017,602CA_Trip597,1
2026-05-13 09:41:42+00:00,52.364158,4.906478,340.0,Sudden braking,2.93,2.93,10.47,10.0,0.989,2,3.1,0.989,602CA_Trip597,1
2026-05-13 09:41:43+00:00,52.364184,4.906461,343.0,Sudden braking,3.03,3.03,8.625,7.1,0.958,2,1.7,0.958,602CA_Trip597,1
2026-05-13 09:41:44+00:00,52.364199,4.906454,343.0,Sudden braking,2.43,2.43,8.625,4.6,1.029,3,1.2,1.029,602CA_Trip597,1
2026-05-13 09:41:45+00:00,52.364202,4.906437,344.0,Sudden braking,2.26,2.26,5.15,2.3,1.016,3,1.3,1.016,602CA_Trip597,1
2026-05-13 09:46:54+00:00,52.37228,4.918318,43.0,Sudden braking,2.49,2.49,12.34,13.4,1.005,3,5.4,1.005,602CA_Trip597,1
2026-05-13 09:46:55+00:00,52.372308,4.918383,48.0,Sudden braking,3.23,3.23,10.072727272727272,10.2,0.992,2,4.2,0.992,602CA_Trip597,1
2026-05-13 09:46:56+00:00,52.372335,4.918426,53.0,Sudden braking,3.1,3.1,7.95,7.1,0.999,3,1.5,0.999,602CA_Trip597,1
2026-05-13 09:46:57+00:00,52.372347,4.918434,57.0,Sudden braking,2.68,2.68,7.663636363636364,4.4,1.006,3,2.7,1.006,602CA_Trip597,1
2026-05-13 16:38:55+00:00,52.371354,4.915154,231.0,Sudden braking,2.2,2.2,8.514285714285714,5.7,1.0,2,2.3,1.0,602DE_Trip615,1
2026-05-13 16:43:59+00:00,52.365401,4.927479,119.0,Sudden braking,2.2,2.2,15.56,15.1,1.0,2,6.1,1.0,602DE_Trip615,1
2026-05-13 16:57:04+00:00,52.354964,4.928552,135.0,Sudden braking,2.6,2.6,14.818181818181818,14.3,1.0,2,6.1,1.0,602DE_Trip617,1
2026-05-13 16:57:12+00:00,52.354796,4.928933,112.0,Sudden braking,2.6,2.6,11.011111111111111,9.5,1.0,2,5.8,1.0,602DE_Trip617,1
2026-05-13 16:57:27+00:00,52.354264,4.929742,137.0,Sudden braking,2.6,2.6,15.672727272727272,20.3,1.0,2,7.6,1.0,602DE_Trip617,1
2026-05-13 16:57:28+00:00,52.354209,4.929809,137.0,Sudden braking,3.2,3.2,15.10909090909091,17.1,1.0,2,7.3,1.0,602DE_Trip617,1
2026-05-13 16:57:29+00:00,52.35416,4.929883,137.0,Sudden braking,2.5,2.5,14.1,14.6,1.0,2,1.8,1.0,602DE_Trip617,1
2026-05-13 16:57:30+00:00,52.354148,4.929902,137.0,Sudden braking,2.8,2.8,12.845454545454546,11.8,1.0,2,10.0,1.0,602DE_Trip617,1
2026-05-13 16:57:31+00:00,52.354083,4.930003,136.0,Sudden braking,2.8,2.8,11.363636363636363,9.0,1.0,2,2.4,1.0,602DE_Trip617,1
2026-05-13 17:00:27+00:00,52.350175,4.935889,148.0,Sudden braking,2.8,2.8,12.218181818181819,13.7,1.0,2,4.1,1.0,602DE_Trip617,1
2026-05-13 17:00:28+00:00,52.35015,4.935932,142.0,Sudden braking,2.4,2.4,11.527272727272727,11.3,1.0,2,3.5,1.0,602DE_Trip617,1
2026-05-13 17:00:29+00:00,52.350179,4.935946,99.0,Sudden braking,2.3,2.3,10.89090909090909,9.0,1.0,2,4.4,1.0,602DE_Trip617,1
2026-05-13 17:02:38+00:00,52.346482,4.942104,136.0,Sudden braking,2.7,2.7,10.854545454545455,7.6,1.0,2,7.8,1.0,602DE_Trip617,1
2026-05-13 17:02:48+00:00,52.346156,4.942686,128.0,Sudden braking,2.0,2.0,12.64,13.6,1.0,2,6.3,1.0,602DE_Trip617,1
2026-05-13 17:03:14+00:00,52.345369,4.943849,133.0,Sudden braking,2.2,2.2,12.618181818181819,12.7,1.0,2,5.4,1.0,602DE_Trip617,1
2026-05-13 17:03:15+00:00,52.345329,4.943894,137.0,Sudden braking,2.2,2.2,12.618181818181819,10.5,1.0,2,1.7,1.0,602DE_Trip617,1
2026-05-13 17:04:33+00:00,52.342788,4.94786,136.0,Sudden braking,2.0,2.0,14.10909090909091,15.5,1.0,2,4.9,1.0,602DE_Trip617,1
2026-05-13 17:04:34+00:00,52.34276,4.947917,134.0,Sudden braking,2.2,2.2,13.336363636363636,13.3,1.0,2,1.5,1.0,602DE_Trip617,1
2026-05-13 17:04:35+00:00,52.342751,4.947933,133.0,Sudden braking,2.1,2.1,12.545454545454545,11.2,1.0,2,2.6,1.0,602DE_Trip617,1
2026-05-13 17:04:36+00:00,52.342738,4.947966,131.0,Sudden braking,2.1,2.1,11.745454545454546,9.1,1.0,2,4.2,1.0,602DE_Trip617,1
2026-05-13 17:06:05+00:00,52.340198,4.952388,133.0,Sudden braking,2.4,2.4,13.11,13.8,1.0,2,6.8,1.0,602DE_Trip617,1
2026-05-13 17:06:06+00:00,52.340189,4.952289,131.0,Sudden braking,2.6,2.6,12.877777777777778,11.2,1.0,2,5.7,1.0,602DE_Trip617,1
2026-05-13 17:06:07+00:00,52.340148,4.952338,133.0,Sudden braking,2.7,2.7,12.3875,8.5,1.0,2,0.5,1.0,602DE_Trip617,1
2026-05-13 17:38:37+00:00,52.371416,4.915252,237.0,Sudden braking,2.28,2.28,8.45,7.8,1.008,2,2.8,1.008,604F9_Trip621,1
2026-05-13 17:38:38+00:00,52.371398,4.915222,223.0,Sudden braking,2.21,2.21,5.48,5.6,0.995,2,1.8,0.995,604F9_Trip621,1
2026-05-13 17:41:23+00:00,52.367686,4.925328,119.0,Sudden braking,2.01,2.01,11.677777777777777,12.0,0.997,2,3.9,0.997,604F9_Trip621,1
2026-05-13 17:41:26+00:00,52.367652,4.925446,131.0,Sudden braking,2.18,2.18,7.4799999999999995,6.0,1.011,2,1.8,1.011,604F9_Trip621,1
2026-05-13 17:42:44+00:00,52.365958,4.926627,171.0,Sudden braking,2.11,2.11,7.118181818181818,7.6,0.993,1,2.2,0.993,604F9_Trip621,1
2026-05-13 17:42:45+00:00,52.36594,4.926636,178.0,Sudden braking,2.28,2.28,5.26,5.3,1.008,1,1.4,1.008,604F9_Trip621,1
2026-05-13 19:16:13+00:00,52.366645,4.911989,214.0,Sudden braking,2.06,2.06,9.91,10.9,1.018,2,3.9,1.018,602CA_Trip620,1
2026-05-13 19:16:14+00:00,52.366618,4.911951,214.0,Sudden braking,2.63,2.63,7.0200000000000005,8.2,1.025,2,3.1,1.025,602CA_Trip620,1
2026-05-13 19:16:15+00:00,52.366597,4.911919,219.0,Sudden braking,2.85,2.85,6.381818181818182,5.5,0.947,2,1.9,0.947,602CA_Trip620,1
2026-05-13 19:16:16+00:00,52.366586,4.911898,229.0,Sudden braking,2.44,2.44,5.59,3.0,1.024,2,0,1.024,602CA_Trip620,1
2026-05-13 19:20:27+00:00,52.361202,4.907691,213.0,Sudden braking,2.11,2.11,6.61,5.8,0.994,2,1.7,0.994,602CA_Trip620,1
2026-05-13 19:22:27+00:00,52.358822,4.903721,251.0,Sudden braking,2.0,2.0,10.322222222222223,9.8,1.001,1,3.2,1.001,602CA_Trip620,1
2026-05-13 19:22:28+00:00,52.358812,4.903677,251.0,Sudden braking,2.46,2.46,9.725,7.3,1.018,1,2.5,1.018,602CA_Trip620,1
2026-05-13 19:22:29+00:00,52.358805,4.903643,250.0,Sudden braking,2.56,2.56,8.233333333333334,4.8,0.978,1,1.8,0.978,602CA_Trip620,1
2026-05-13 19:22:30+00:00,52.358804,4.903616,250.0,Sudden braking,2.18,2.18,8.233333333333334,2.6,1.007,1,0,1.007,602CA_Trip620,1
2026-05-13 19:35:37+00:00,52.333917,4.899832,252.0,Sudden braking,2.0,2.0,14.866666666666667,13.1,0.998,2,5.1,0.998,602CA_Trip620,1
2026-05-14 05:15:26+00:00,52.339766,4.952702,274.0,Sudden braking,2.7,2.7,14.08,12.7,1.0,2,4.7,1.0,602DE_Trip622,1
2026-05-14 05:15:27+00:00,52.339805,4.952674,334.0,Sudden braking,2.5,2.5,14.190909090909091,10.2,1.0,2,5.2,1.0,602DE_Trip622,1
2026-05-14 05:15:40+00:00,52.339444,4.951591,229.0,Sudden braking,4.1,4.1,13.927272727272728,14.0,1.0,2,3.9,1.0,602DE_Trip622,1
2026-05-14 05:15:41+00:00,52.339413,4.951564,229.0,Sudden braking,3.3,3.3,13.163636363636364,10.7,1.0,2,1.9,1.0,602DE_Trip622,1
2026-05-14 05:16:11+00:00,52.338881,4.950095,242.0,Sudden braking,2.0,2.0,11.381818181818181,12.2,1.0,2,2.8,1.0,602DE_Trip622,1
2026-05-14 05:16:13+00:00,52.338858,4.950051,234.0,Sudden braking,2.0,2.0,9.672727272727272,8.3,1.0,2,3.3,1.0,602DE_Trip622,1
2026-05-14 05:17:10+00:00,52.338005,4.94677,246.0,Sudden braking,2.1,2.1,12.381818181818183,10.5,1.0,2,4.7,1.0,602DE_Trip622,1
2026-05-14 05:27:30+00:00,52.353545,4.920289,319.0,Sudden braking,2.1,2.1,12.809090909090909,12.1,1.0,2,4.5,1.0,602DE_Trip622,1
2026-05-14 05:27:31+00:00,52.353585,4.920275,330.0,Sudden braking,2.2,2.2,12.790909090909091,9.9,1.0,2,1.4,1.0,602DE_Trip622,1
2026-05-14 09:54:25+00:00,52.360266,4.908817,334.0,Sudden braking,2.07,2.07,8.58,9.3,0.965,3,2.4,0.965,602CA_Trip635,1
2026-05-14 09:54:26+00:00,52.360285,4.908799,330.0,Sudden braking,2.29,2.29,8.58,7.0,1.005,3,2.3,1.005,602CA_Trip635,1
2026-05-14 09:54:27+00:00,52.360302,4.908779,329.0,Sudden braking,2.16,2.16,7.62,4.8,1.02,3,1.6,1.02,602CA_Trip635,1
2026-05-14 09:54:51+00:00,52.361083,4.90826,350.0,Sudden braking,2.41,2.41,14.033333333333333,16.8,0.997,2,5.7,0.997,602CA_Trip635,1
2026-05-14 09:54:52+00:00,52.361132,4.908242,346.0,Sudden braking,3.91,3.91,13.25,13.0,0.972,2,3.9,0.972,602CA_Trip635,1
2026-05-14 09:54:53+00:00,52.361167,4.908233,345.0,Sudden braking,3.94,3.94,12.214285714285714,8.9,1.041,2,2.7,1.041,602CA_Trip635,1
2026-05-14 09:54:54+00:00,52.361191,4.908223,344.0,Sudden braking,3.64,3.64,12.214285714285714,5.2,1.016,2,0.4,1.016,602CA_Trip635,1
2026-05-14 09:54:55+00:00,52.361192,4.908229,343.0,Sudden braking,3.05,3.05,9.22,2.2,0.983,2,0,0.983,602CA_Trip635,1
2026-05-14 09:57:53+00:00,52.368016,4.904948,77.0,Sudden braking,2.24,2.24,9.655555555555555,10.5,0.984,2,2.9,0.984,602CA_Trip635,1
2026-05-14 09:57:54+00:00,52.368019,4.90499,87.0,Sudden braking,2.64,2.64,8.78,7.9,0.986,2,1.5,0.986,602CA_Trip635,1
2026-05-14 09:57:55+00:00,52.368018,4.905011,100.0,Sudden braking,2.54,2.54,8.011111111111111,5.3,1.022,2,1.2,1.022,602CA_Trip635,1
2026-05-14 09:57:56+00:00,52.368012,4.905027,116.0,Sudden braking,2.02,2.02,5.35,3.2,1.039,2,1.4,1.039,602CA_Trip635,1
2026-05-14 10:01:14+00:00,52.371027,4.915039,70.0,Sudden braking,2.77,2.77,8.65,10.2,0.975,2,2.7,0.975,602CA_Trip635,1
2026-05-14 10:01:15+00:00,52.371031,4.915078,81.0,Sudden braking,2.81,2.81,8.65,7.3,1.033,2,2.9,1.033,602CA_Trip635,1
2026-05-14 10:01:16+00:00,52.371032,4.91512,86.0,Sudden braking,2.62,2.62,7.733333333333333,4.7,0.994,2,0.5,0.994,602CA_Trip635,1
2026-05-14 10:01:17+00:00,52.371034,4.915127,0.0,Sudden braking,2.23,2.23,6.6875,2.5,0.986,2,0.3,0.986,602CA_Trip635,1
2026-05-14 13:11:13+00:00,52.350224,4.924716,138.0,Sudden braking,2.4,2.4,19.18,18.3,1.0,2,5.8,1.0,602DE_Trip639,1
2026-05-14 13:13:34+00:00,52.34545,4.932617,135.0,Sudden braking,2.6,2.6,16.745454545454546,15.8,1.0,2,5.4,1.0,602DE_Trip639,1
2026-05-14 13:13:35+00:00,52.345416,4.932673,135.0,Sudden braking,2.4,2.4,16.69090909090909,13.4,1.0,2,1.5,1.0,602DE_Trip639,1
2026-05-14 13:14:04+00:00,52.344382,4.934264,140.0,Sudden braking,2.1,2.1,14.41,14.4,1.0,2,4.5,1.0,602DE_Trip639,1
2026-05-14 13:14:05+00:00,52.344348,4.9343,147.0,Sudden braking,2.3,2.3,13.14,12.1,1.0,2,2.9,1.0,602DE_Trip639,1
2026-05-14 13:16:42+00:00,52.346548,4.941962,134.0,Sudden braking,2.5,2.5,14.370000000000001,14.7,1.0,2,5.4,1.0,602DE_Trip639,1
2026-05-14 13:16:45+00:00,52.346488,4.942072,133.0,Sudden braking,2.1,2.1,11.89,9.9,1.0,2,3.5,1.0,602DE_Trip639,1
2026-05-14 13:20:44+00:00,52.33936,4.95491,111.0,Sudden braking,2.0,2.0,10.8625,8.6,1.0,2,1.7,1.0,602DE_Trip639,1
2026-05-14 15:51:12+00:00,52.37105,4.913238,289.0,Sudden braking,2.1,2.1,13.088888888888889,13.9,1.0,2,3.8,1.0,604F0_Trip641,1
2026-05-14 15:51:13+00:00,52.371051,4.913182,279.0,Sudden braking,3.1,3.1,12.8875,10.8,1.0,2,2.1,1.0,604F0_Trip641,1
2026-05-14 15:52:11+00:00,52.369588,4.912265,222.0,Sudden braking,2.0,2.0,15.472727272727273,13.8,1.0,2,3.7,1.0,604F0_Trip641,1
2026-05-14 15:52:36+00:00,52.368879,4.913948,119.0,Sudden braking,2.0,2.0,16.918181818181818,16.1,1.0,2,3.5,1.0,604F0_Trip641,1
2026-05-14 15:52:37+00:00,52.368861,4.913991,119.0,Sudden braking,2.0,2.0,15.954545454545455,14.1,1.0,2,3.8,1.0,604F0_Trip641,1
2026-05-14 15:53:11+00:00,52.367415,4.912616,210.0,Sudden braking,2.2,2.2,18.727272727272727,18.3,1.0,2,5.0,1.0,604F0_Trip641,1
2026-05-14 15:53:12+00:00,52.367374,4.912587,210.0,Sudden braking,2.1,2.1,18.054545454545455,16.2,1.0,2,3.7,1.0,604F0_Trip641,1
2026-05-14 15:54:49+00:00,52.364367,4.906339,245.0,Sudden braking,2.2,2.2,12.61,12.0,1.0,2,1.3,1.0,604F0_Trip641,1
2026-05-14 15:54:50+00:00,52.364365,4.906321,248.0,Sudden braking,2.6,2.6,11.744444444444445,9.4,1.0,2,1.8,1.0,604F0_Trip641,1
2026-05-14 15:54:51+00:00,52.364354,4.906301,243.0,Sudden braking,2.7,2.7,10.8125,6.7,1.0,1,1.7,1.0,604F0_Trip641,1
2026-05-14 15:59:49+00:00,52.359659,4.891566,276.0,Sudden braking,2.4,2.4,13.036363636363637,14.5,1.0,2,3.5,1.0,604F0_Trip641,1
2026-05-14 15:59:50+00:00,52.359662,4.891514,277.0,Sudden braking,2.7,2.7,12.36,11.8,1.0,2,2.7,1.0,604F0_Trip641,1
2026-05-14 15:59:51+00:00,52.359664,4.891475,275.0,Sudden braking,2.7,2.7,11.533333333333333,9.1,1.0,2,1.8,1.0,604F0_Trip641,1
2026-05-14 15:59:52+00:00,52.359664,4.891448,273.0,Sudden braking,2.6,2.6,10.525,6.5,1.0,1,1.3,1.0,604F0_Trip641,1
2026-05-14 15:59:53+00:00,52.359663,4.891429,271.0,Sudden braking,2.3,2.3,9.357142857142858,4.2,1.0,1,1.0,1.0,604F0_Trip641,1
2026-05-14 16:02:35+00:00,52.362546,4.883894,308.0,Sudden braking,2.0,2.0,15.445454545454545,14.8,1.0,2,3.7,1.0,604F0_Trip641,1
2026-05-14 16:08:17+00:00,52.355001,4.855934,253.0,Sudden braking,2.1,2.1,17.572727272727274,17.3,1.0,2,4.7,1.0,604F0_Trip641,1
2026-05-14 16:08:18+00:00,52.354984,4.85587,250.0,Sudden braking,2.2,2.2,16.736363636363635,15.1,1.0,2,3.9,1.0,604F0_Trip641,1
2026-05-14 16:09:19+00:00,52.354962,4.850779,269.0,Sudden braking,2.0,2.0,14.363636363636363,14.6,1.0,2,4.1,1.0,604F0_Trip641,1
2026-05-14 16:09:20+00:00,52.354961,4.850718,269.0,Sudden braking,2.0,2.0,13.59,12.6,1.0,2,3.4,1.0,604F0_Trip641,1
2026-05-14 16:09:21+00:00,52.354958,4.850668,269.0,Sudden braking,2.0,2.0,12.19,10.6,1.0,2,2.6,1.0,604F0_Trip641,1
2026-05-14 16:09:22+00:00,52.354958,4.850629,269.0,Sudden braking,2.0,2.0,11.05,8.6,1.0,2,1.9,1.0,604F0_Trip641,1
2026-05-14 16:10:39+00:00,52.355706,4.84462,269.0,Sudden braking,2.1,2.1,19.827272727272728,19.7,1.0,2,4.8,1.0,604F0_Trip641,1
2026-05-14 16:10:40+00:00,52.355709,4.84455,272.0,Sudden braking,2.3,2.3,19.163636363636364,17.4,0.999,2,4.1,0.999,604F0_Trip641,1
2026-05-14 16:16:02+00:00,52.355415,4.816273,251.0,Sudden braking,2.1,2.1,20.927272727272726,20.1,1.0,2,4.8,1.0,604F0_Trip641,1
2026-05-14 16:16:03+00:00,52.35541,4.816203,260.0,Sudden braking,2.1,2.1,20.40909090909091,18.0,1.0,2,4.8,1.0,604F0_Trip641,1
2026-05-14 16:16:48+00:00,52.357757,4.814915,341.0,Sudden braking,2.1,2.1,14.45,13.8,1.0,2,4.0,1.0,604F0_Trip641,1
2026-05-14 16:16:49+00:00,52.357789,4.814891,338.0,Sudden braking,2.1,2.1,13.81,11.7,1.0,2,2.4,1.0,604F0_Trip641,1
2026-05-14 16:17:52+00:00,52.356686,4.809523,253.0,Sudden braking,2.1,2.1,15.19,14.9,1.0,2,3.8,1.0,604F0_Trip641,1
2026-05-14 16:17:53+00:00,52.356676,4.80947,253.0,Sudden braking,2.4,2.4,14.28888888888889,12.5,1.0,2,3.1,1.0,604F0_Trip641,1
2026-05-14 16:17:54+00:00,52.356668,4.809426,254.0,Sudden braking,2.9,2.9,13.3125,9.6,1.0,2,2.3,1.0,604F0_Trip641,1
2026-05-14 16:17:55+00:00,52.356663,4.809393,255.0,Sudden braking,2.4,2.4,12.27142857142857,7.2,1.0,2,1.1,1.0,604F0_Trip641,1
2026-05-14 19:45:36+00:00,52.346019,4.914346,161.0,Sudden braking,2.27,2.27,16.57,16.4,1.013,3,5.3,1.013,602CA_Trip643,1
2026-05-14 19:45:37+00:00,52.345973,4.914367,158.0,Sudden braking,2.23,2.23,15.7,14.2,0.987,3,4.2,0.987,602CA_Trip643,1
2026-05-14 19:46:00+00:00,52.345316,4.915732,134.0,Sudden braking,2.64,2.64,10.81,10.0,0.947,2,3.4,0.947,602CA_Trip643,1
2026-05-14 19:46:01+00:00,52.345321,4.91578,132.0,Sudden braking,2.08,2.08,10.81,7.9,1.009,2,2.9,1.009,602CA_Trip643,1
2026-05-14 19:48:18+00:00,52.338192,4.921431,155.0,Sudden braking,2.0,2.0,7.981818181818182,8.4,0.999,2,3.0,0.999,602CA_Trip643,1
2026-05-14 19:55:39+00:00,52.331174,4.914489,149.0,Sudden braking,2.2,2.2,15.10909090909091,15.7,1.0,2,4.4,1.0,602CA_Trip644,1
2026-05-14 19:55:40+00:00,52.331139,4.91452,156.0,Sudden braking,2.2,2.2,14.066666666666666,13.5,0.998,2,3.1,0.998,602CA_Trip644,1
2026-05-14 19:55:41+00:00,52.331112,4.914532,182.0,Sudden braking,2.2,2.2,13.58,11.3,0.999,2,2.3,0.999,602CA_Trip644,1
2026-05-14 19:56:58+00:00,52.328147,4.91686,161.0,Sudden braking,2.45,2.45,19.155555555555555,18.0,1.019,2,9.9,1.019,602CA_Trip644,1
2026-05-14 20:02:10+00:00,52.31857,4.910488,285.0,Sudden braking,2.18,2.18,13.82,14.5,1.01,2,5.1,1.01,602CA_Trip644,1
2026-05-14 20:02:11+00:00,52.31858,4.910415,282.0,Sudden braking,2.21,2.21,12.77,12.3,0.994,2,3.3,0.994,602CA_Trip644,1
2026-05-14 20:02:12+00:00,52.318588,4.910368,281.0,Sudden braking,2.01,2.01,12.636363636363637,10.3,0.993,2,2.1,0.993,602CA_Trip644,1
2026-05-15 08:11:02+00:00,52.353814,4.80914,72.0,Sudden braking,2.1,2.1,17.2,16.9,1.0,2,4.3,1.0,604F0_Trip654,1
2026-05-15 08:11:03+00:00,52.353826,4.809201,72.0,Sudden braking,2.2,2.2,15.49,14.7,1.001,2,3.8,1.001,604F0_Trip654,1
2026-05-15 08:11:05+00:00,52.353837,4.809254,72.0,Sudden braking,2.1,2.1,12.877777777777778,12.6,1.0,2,2.8,1.0,604F0_Trip654,1
2026-05-15 08:11:06+00:00,52.353845,4.809293,72.0,Sudden braking,2.3,2.3,11.8875,10.3,1.0,2,2.0,1.0,604F0_Trip654,1
2026-05-15 08:11:07+00:00,52.353851,4.80932,72.0,Sudden braking,2.2,2.2,10.871428571428572,8.1,1.0,2,1.4,1.0,604F0_Trip654,1
2026-05-15 08:14:23+00:00,52.340532,4.952178,-1.0,Sudden braking,2.5,2.5,1.98,4.5,1.0,2,2.2,1.0,602DE_Trip655,1
2026-05-15 08:15:42+00:00,52.340438,4.952024,-1.0,Sudden braking,2.0,2.0,1.94,2.3,1.0,2,1.2,1.0,602DE_Trip655,1
2026-05-15 08:19:58+00:00,52.354747,4.85496,75.0,Sudden braking,2.1,2.1,20.436363636363637,22.6,1.0,2,6.0,1.0,604F0_Trip654,1
2026-05-15 08:19:59+00:00,52.354761,4.855046,75.0,Sudden braking,2.8,2.8,18.62727272727273,19.8,1.0,2,4.7,1.0,604F0_Trip654,1
2026-05-15 08:20:00+00:00,52.354775,4.855112,72.0,Sudden braking,3.1,3.1,16.70909090909091,16.7,1.0,2,3.5,1.0,604F0_Trip654,1
2026-05-15 08:20:01+00:00,52.354785,4.855161,72.0,Sudden braking,3.0,3.0,14.781818181818181,13.7,1.0,2,1.6,1.0,604F0_Trip654,1
2026-05-15 08:20:02+00:00,52.354791,4.855181,62.0,Sudden braking,2.7,2.7,12.963636363636363,11.0,1.0,2,2.6,1.0,604F0_Trip654,1
2026-05-15 08:20:03+00:00,52.354802,4.855214,62.0,Sudden braking,2.2,2.2,11.372727272727273,8.8,1.0,2,1.7,1.0,604F0_Trip654,1
2026-05-15 08:25:01+00:00,52.36164,4.881709,54.0,Sudden braking,2.1,2.1,21.3,21.3,1.0,2,5.4,1.0,604F0_Trip654,1
2026-05-15 08:25:02+00:00,52.361678,4.881757,45.0,Sudden braking,2.1,2.1,20.6,19.2,1.0,2,3.5,1.0,604F0_Trip654,1
2026-05-15 08:25:26+00:00,52.362324,4.883287,56.0,Sudden braking,2.5,2.5,16.1375,14.8,1.0,1,4.1,1.0,604F0_Trip654,1
2026-05-15 08:25:27+00:00,52.362358,4.88331,41.0,Sudden braking,3.7,3.7,14.225,11.1,1.0,1,2.5,1.0,604F0_Trip654,1
2026-05-15 08:27:29+00:00,52.359388,4.925733,338.0,Sudden braking,2.1,2.1,9.55,8.5,1.0,2,1.4,1.0,602DE_Trip655,1
2026-05-15 08:28:04+00:00,52.359525,4.890976,99.0,Sudden braking,3.5,3.5,16.522222222222222,16.3,1.0,2,4.0,1.0,604F0_Trip654,1
2026-05-15 08:28:05+00:00,52.359513,4.891031,104.0,Sudden braking,4.3,4.3,15.9875,12.0,1.0,2,2.6,1.0,604F0_Trip654,1
2026-05-15 08:29:28+00:00,52.359377,4.898107,77.0,Sudden braking,2.1,2.1,16.054545454545455,16.7,1.0,2,3.9,1.0,604F0_Trip654,1
2026-05-15 08:29:29+00:00,52.359384,4.898163,78.0,Sudden braking,2.3,2.3,14.5,14.4,1.0,2,3.5,1.0,604F0_Trip654,1
2026-05-15 08:29:30+00:00,52.35939,4.898214,78.0,Sudden braking,2.3,2.3,13.054545454545455,12.1,1.0,2,2.6,1.0,604F0_Trip654,1
2026-05-15 08:29:31+00:00,52.359395,4.898252,78.0,Sudden braking,2.1,2.1,11.736363636363636,10.0,1.0,2,1.6,1.0,604F0_Trip654,1
2026-05-15 08:31:26+00:00,52.360982,4.907757,74.0,Sudden braking,2.0,2.0,17.05,18.5,1.0,2,4.8,1.0,604F0_Trip654,1
2026-05-15 08:31:27+00:00,52.360994,4.907825,76.0,Sudden braking,3.0,3.0,16.555555555555554,15.5,1.0,2,3.7,1.0,604F0_Trip654,1
2026-05-15 08:31:28+00:00,52.361004,4.907877,74.0,Sudden braking,3.5,3.5,15.875,12.0,1.0,2,2.5,1.0,604F0_Trip654,1
2026-05-15 08:34:22+00:00,52.368743,4.922286,293.0,Sudden braking,2.6,2.6,13.981818181818182,14.4,1.0,2,4.3,1.0,602DE_Trip655,1
2026-05-15 08:34:23+00:00,52.368764,4.922233,299.0,Sudden braking,2.7,2.7,14.072727272727272,11.7,1.0,2,1.1,1.0,602DE_Trip655,1
2026-05-15 08:35:28+00:00,52.37076,4.912852,45.0,Sudden braking,2.6,2.6,18.15,19.0,1.0,2,4.5,1.0,604F0_Trip654,1
2026-05-15 08:35:29+00:00,52.370785,4.912904,49.0,Sudden braking,3.1,3.1,16.21,15.9,1.0,2,3.0,1.0,604F0_Trip654,1
2026-05-15 08:35:30+00:00,52.370797,4.912944,54.0,Sudden braking,3.7,3.7,14.25,12.2,1.0,2,2.0,1.0,604F0_Trip654,1
2026-05-15 08:35:31+00:00,52.370072,4.91828,291.0,Sudden braking,2.1,2.1,12.5,14.0,1.0,2,3.8,1.0,602DE_Trip655,1
2026-05-15 08:35:31+00:00,52.370806,4.91297,56.0,Sudden braking,3.4,3.4,12.43,8.8,1.0,2,1.6,1.0,604F0_Trip654,1
2026-05-15 08:35:32+00:00,52.370095,4.918238,296.0,Sudden braking,2.4,2.4,12.027272727272727,11.6,1.0,2,1.5,1.0,602DE_Trip655,1
2026-05-15 08:35:33+00:00,52.370106,4.918249,309.0,Sudden braking,2.2,2.2,11.681818181818182,9.4,1.0,2,3.2,1.0,602DE_Trip655,1
2026-05-15 08:36:02+00:00,52.371032,4.915009,66.0,Sudden braking,2.1,2.1,16.01111111111111,15.1,1.0,2,3.4,1.0,604F0_Trip654,1
2026-05-15 08:36:03+00:00,52.371032,4.915059,78.0,Sudden braking,2.6,2.6,15.35,12.5,1.0,2,2.6,1.0,604F0_Trip654,1
2026-05-15 08:36:04+00:00,52.371025,4.915096,89.0,Sudden braking,2.6,2.6,14.585714285714285,9.9,1.0,3,1.9,1.0,604F0_Trip654,1
2026-05-15 15:56:16+00:00,52.371421,4.915286,240.0,Sudden braking,2.0,2.0,10.2,9.5,1.001,3,1.9,1.001,602DE_Trip680,1
2026-05-15 15:59:18+00:00,52.367678,4.925389,118.0,Sudden braking,2.1,2.1,10.333333333333334,9.4,1.0,2,2.4,1.0,602DE_Trip680,1
2026-05-15 15:59:19+00:00,52.367658,4.925404,135.0,Sudden braking,2.3,2.3,9.7125,7.1,1.0,2,2.1,1.0,602DE_Trip680,1
2026-05-15 15:59:20+00:00,52.367641,4.925392,172.0,Sudden braking,2.5,2.5,9.0,4.6,1.0,2,1.4,1.0,602DE_Trip680,1
2026-05-15 16:00:58+00:00,52.36595,4.926598,184.0,Sudden braking,2.2,2.2,9.7875,7.0,1.0,2,1.3,1.0,602DE_Trip680,1
2026-05-15 16:03:39+00:00,52.361377,4.930328,186.0,Sudden braking,2.3,2.3,10.112499999999999,7.8,1.0,2,2.3,1.0,602DE_Trip680,1
2026-05-15 16:08:00+00:00,52.355786,4.927816,159.0,Sudden braking,2.0,2.0,10.1375,7.4,1.0,2,1.5,1.0,602DE_Trip680,1
2026-05-15 16:14:19+00:00,52.344306,4.945524,135.0,Sudden braking,2.2,2.2,10.52,9.9,1.0,2,3.2,1.0,602DE_Trip680,1
2026-05-15 16:14:20+00:00,52.344287,4.945558,134.0,Sudden braking,2.2,2.2,9.93,7.7,1.0,3,3.1,1.0,602DE_Trip680,1
2026-05-15 16:14:56+00:00,52.343147,4.947321,130.0,Sudden braking,2.1,2.1,13.17,13.6,1.0,2,3.1,1.0,602DE_Trip680,1
2026-05-15 16:15:12+00:00,52.342724,4.948045,120.0,Sudden braking,2.0,2.0,11.481818181818182,10.5,1.0,2,4.9,1.0,602DE_Trip680,1
2026-05-15 16:16:46+00:00,52.34016,4.952333,145.0,Sudden braking,2.4,2.4,11.333333333333334,11.5,1.0,2,1.1,1.0,602DE_Trip680,1
2026-05-15 16:16:47+00:00,52.340153,4.952344,139.0,Sudden braking,3.3,3.3,11.0375,8.2,1.0,2,1.3,1.0,602DE_Trip680,1
2026-05-16 05:18:56+00:00,52.340765,4.936636,315.0,Sudden braking,2.2,2.2,12.981818181818182,14.3,1.0,2,5.5,1.0,602DE_Trip685,1
2026-05-16 05:18:57+00:00,52.340801,4.936582,316.0,Sudden braking,2.2,2.2,12.0,12.1,1.0,2,1.4,1.0,602DE_Trip685,1
2026-05-16 05:18:58+00:00,52.340807,4.936565,314.0,Sudden braking,2.2,2.2,11.027272727272727,9.9,1.0,2,3.2,1.0,602DE_Trip685,1
2026-05-16 05:18:59+00:00,52.340822,4.936524,300.0,Sudden braking,2.3,2.3,10.063636363636364,7.6,1.0,2,3.2,1.0,602DE_Trip685,1
2026-05-16 05:19:23+00:00,52.341589,4.935349,313.0,Sudden braking,2.0,2.0,13.00909090909091,10.6,1.0,2,3.4,1.0,602DE_Trip685,1
2026-05-16 05:21:15+00:00,52.344994,4.933592,310.0,Sudden braking,2.1,2.1,9.78,9.6,1.0,2,2.4,1.0,602DE_Trip685,1
2026-05-16 05:21:16+00:00,52.345009,4.933568,306.0,Sudden braking,2.2,2.2,8.87,7.4,1.0,2,3.6,1.0,602DE_Trip685,1
2026-05-16 10:46:16+00:00,52.301147,4.870957,202.0,Sudden braking,2.13,2.13,16.155555555555555,15.0,1.033,3,7.1,1.033,602CA_Trip696,1
2026-05-16 10:54:46+00:00,52.291722,4.843896,286.0,Sudden braking,2.13,2.13,6.75,5.8,0.984,2,1.9,0.984,602CA_Trip696,1
2026-05-16 11:13:15+00:00,52.291527,4.843324,109.0,Sudden braking,2.07,2.07,7.933333333333334,8.8,1.014,2,2.7,1.014,602CA_Trip697,1
2026-05-16 11:13:16+00:00,52.291517,4.843361,111.0,Sudden braking,2.65,2.65,7.14,6.3,0.942,2,1.1,0.942,602CA_Trip697,1
2026-05-16 11:13:17+00:00,52.29151,4.843372,115.0,Sudden braking,2.35,2.35,6.4222222222222225,3.8,1.062,2,1.3,1.062,602CA_Trip697,1
2026-05-16 11:13:18+00:00,52.291505,4.843389,119.0,Sudden braking,2.01,2.01,4.025,1.8,0.995,2,1.0,0.995,602CA_Trip697,1
2026-05-16 11:21:38+00:00,52.298709,4.869333,9.0,Sudden braking,2.09,2.09,16.542857142857144,17.3,1.004,3,10.6,1.004,602CA_Trip697,1
2026-05-17 09:49:33+00:00,52.355908,4.905385,343.0,Sudden braking,2.65,2.65,10.922222222222222,11.7,0.982,3,3.7,0.982,602CA_Trip700,1
2026-05-17 09:49:34+00:00,52.355939,4.905366,345.0,Sudden braking,3.18,3.18,10.25,8.4,1.038,3,3.2,1.038,602CA_Trip700,1
2026-05-17 09:49:35+00:00,52.355964,4.905343,341.0,Sudden braking,2.89,2.89,8.41,5.5,1.002,4,1.5,1.002,602CA_Trip700,1
2026-05-17 09:51:33+00:00,52.35982,4.908448,75.0,Sudden braking,2.71,2.71,11.62,11.8,0.998,2,0.6,0.998,602CA_Trip700,1
2026-05-17 09:51:34+00:00,52.359825,4.908447,88.0,Sudden braking,3.05,3.05,10.766666666666666,8.7,1.018,2,0.7,1.018,602CA_Trip700,1
2026-05-17 09:51:35+00:00,52.359828,4.908456,85.0,Sudden braking,3.11,3.11,8.714285714285714,5.6,0.996,2,1.0,0.996,602CA_Trip700,1
2026-05-17 09:51:36+00:00,52.359821,4.908448,89.0,Sudden braking,2.76,2.76,7.433333333333334,2.9,0.979,2,1.2,0.979,602CA_Trip700,1
2026-05-17 09:58:45+00:00,52.372335,4.918396,44.0,Sudden braking,2.26,2.26,12.522222222222222,13.2,0.972,3,4.0,0.972,602CA_Trip700,1
2026-05-17 09:58:46+00:00,52.372366,4.918424,42.0,Sudden braking,2.42,2.42,11.577777777777778,10.7,1.033,3,3.7,1.033,602CA_Trip700,1
2026-05-17 09:58:47+00:00,52.372397,4.918441,38.0,Sudden braking,2.41,2.41,10.855555555555556,8.3,0.997,3,2.8,0.997,602CA_Trip700,1
2026-05-17 18:20:55+00:00,52.369735,4.91245,204.0,Sudden braking,2.21,2.21,18.51111111111111,20.0,1.043,3,7.0,1.043,602CA_Trip701,1
2026-05-17 18:20:56+00:00,52.369677,4.912407,220.0,Sudden braking,2.95,2.95,16.6,17.2,0.949,3,5.1,0.949,602CA_Trip701,1
2026-05-17 18:20:57+00:00,52.36964,4.912364,238.0,Sudden braking,2.8,2.8,16.6,14.4,1.001,3,5.1,1.001,602CA_Trip701,1
2026-05-17 18:20:58+00:00,52.369608,4.912309,246.0,Sudden braking,2.19,2.19,15.39,12.2,1.003,3,3.4,1.003,602CA_Trip701,1
2026-05-17 18:22:20+00:00,52.366669,4.911944,215.0,Sudden braking,2.21,2.21,12.09,12.4,0.996,2,3.5,0.996,602CA_Trip701,1
2026-05-17 18:22:21+00:00,52.366644,4.911913,216.0,Sudden braking,2.93,2.93,11.322222222222223,9.5,0.991,2,3.1,0.991,602CA_Trip701,1
2026-05-17 18:22:22+00:00,52.366619,4.911894,215.0,Sudden braking,3.03,3.03,10.4125,6.4,1.023,2,2.7,1.023,602CA_Trip701,1
2026-05-17 18:22:23+00:00,52.366599,4.911872,223.0,Sudden braking,2.41,2.41,7.128571428571429,4.0,0.996,2,1.7,0.996,602CA_Trip701,1
2026-05-17 18:24:21+00:00,52.362626,4.907413,256.0,Sudden braking,2.13,2.13,8.044444444444444,7.2,0.987,2,1.9,0.987,602CA_Trip701,1
2026-05-17 18:25:03+00:00,52.361202,4.907626,173.0,Sudden braking,2.37,2.37,9.61,11.2,0.972,2,3.3,0.972,602CA_Trip701,1
2026-05-17 18:25:04+00:00,52.361174,4.907642,169.0,Sudden braking,2.64,2.64,9.61,8.6,0.985,2,2.7,0.985,602CA_Trip701,1
2026-05-17 18:25:05+00:00,52.361156,4.907667,164.0,Sudden braking,2.5,2.5,7.7,6.0,1.041,2,1.9,1.041,602CA_Trip701,1
2026-05-17 18:25:06+00:00,52.361143,4.907686,166.0,Sudden braking,2.23,2.23,6.585714285714285,3.8,0.985,2,0.9,0.985,602CA_Trip701,1
2026-05-17 18:26:55+00:00,52.358828,4.903755,253.0,Sudden braking,2.58,2.58,9.27,10.7,0.931,2,3.4,0.931,602CA_Trip701,1
2026-05-17 18:26:56+00:00,52.35882,4.903707,256.0,Sudden braking,2.47,2.47,9.27,8.1,1.052,2,2.0,1.052,602CA_Trip701,1
2026-05-17 18:26:57+00:00,52.358812,4.90368,257.0,Sudden braking,2.4,2.4,6.788888888888889,5.7,0.998,2,2.0,0.998,602CA_Trip701,1
2026-05-17 18:26:58+00:00,52.358809,4.903651,246.0,Sudden braking,2.23,2.23,5.533333333333333,3.5,0.987,2,0.8,0.987,602CA_Trip701,1
2026-05-17 18:44:49+00:00,52.317405,4.88158,193.0,Sudden braking,2.69,2.69,12.427272727272728,12.6,1.005,2,4.2,1.005,602CA_Trip701,1
2026-05-17 18:44:50+00:00,52.317379,4.881534,214.0,Sudden braking,2.76,2.76,11.82,9.8,1.016,2,3.5,1.016,602CA_Trip701,1
2026-05-17 18:44:51+00:00,52.317371,4.881484,244.0,Sudden braking,2.34,2.34,10.43,7.5,0.985,2,1.5,0.985,602CA_Trip701,1
2026-05-18 06:40:36+00:00,52.34418,4.912844,345.0,Sudden braking,3.5,3.5,14.616666666666667,12.2,1.001,2,5.3,1.001,602CA_Trip703,1
2026-05-18 06:45:06+00:00,52.355844,4.905309,340.0,Sudden braking,2.29,2.29,11.41,13.8,1.005,2,4.5,1.005,602CA_Trip703,1
2026-05-18 06:45:07+00:00,52.355883,4.905297,338.0,Sudden braking,3.15,3.15,10.38888888888889,10.7,0.983,2,3.8,0.983,602CA_Trip703,1
2026-05-18 06:45:08+00:00,52.355917,4.905285,339.0,Sudden braking,3.25,3.25,9.25,7.5,0.986,2,2.4,0.986,602CA_Trip703,1
2026-05-18 06:45:08+00:00,52.355938,4.905279,339.0,Sudden braking,2.78,2.78,9.25,4.7,1.006,2,0.5,1.006,602CA_Trip703,1
2026-05-18 06:45:09+00:00,52.355942,4.905284,340.0,Sudden braking,2.26,2.26,8.014285714285714,2.4,1.016,2,0.8,1.016,602CA_Trip703,1
2026-05-18 06:47:11+00:00,52.359912,4.908429,68.0,Sudden braking,2.04,2.04,10.06,10.4,0.979,2,2.8,0.979,602CA_Trip703,1
2026-05-18 06:47:54+00:00,52.360261,4.908843,337.0,Sudden braking,2.82,2.82,11.21111111111111,12.6,0.992,2,3.9,0.992,602CA_Trip703,1
2026-05-18 06:47:55+00:00,52.360294,4.908823,337.0,Sudden braking,3.11,3.11,11.21111111111111,9.5,0.997,2,2.9,0.997,602CA_Trip703,1
2026-05-18 06:47:55+00:00,52.360318,4.908807,334.0,Sudden braking,3.05,3.05,8.1875,6.4,1.015,2,0.9,1.015,602CA_Trip703,1
2026-05-18 06:47:57+00:00,52.360325,4.9088,331.0,Sudden braking,3.15,3.15,6.1,3.3,0.983,2,0.5,0.983,602CA_Trip703,1
2026-05-18 06:47:57+00:00,52.360321,4.908804,319.0,Sudden braking,2.22,2.22,4.25,1.1,0.993,2,0,0.993,602CA_Trip703,1
2026-05-18 06:53:52+00:00,52.371021,4.915021,79.0,Sudden braking,2.56,2.56,11.88,12.3,1.014,2,3.4,1.014,602CA_Trip703,1
2026-05-18 06:53:53+00:00,52.371023,4.915072,84.0,Sudden braking,2.93,2.93,9.200000000000001,9.4,0.99,2,3.2,0.99,602CA_Trip703,1
2026-05-18 06:53:54+00:00,52.371026,4.915119,83.0,Sudden braking,3.04,3.04,9.200000000000001,6.4,0.987,2,1.5,0.987,602CA_Trip703,1
2026-05-18 06:53:55+00:00,52.371032,4.91514,89.0,Sudden braking,2.73,2.73,7.2555555555555555,3.6,1.025,2,0.6,1.025,602CA_Trip703,1
2026-05-18 06:53:56+00:00,52.371029,4.915148,97.0,Sudden braking,2.01,2.01,4.2250000000000005,1.6,0.996,2,0.4,0.996,602CA_Trip703,1
2026-05-18 07:24:26+00:00,52.367034,4.871669,58.0,Sudden braking,2.36,2.36,12.53,14.0,0.975,2,4.1,0.975,604F9_Trip704,1
2026-05-18 07:24:27+00:00,52.367053,4.87172,55.0,Sudden braking,2.51,2.51,12.53,11.5,0.995,2,3.0,0.995,604F9_Trip704,1
2026-05-18 07:24:28+00:00,52.367065,4.871759,57.0,Sudden braking,2.45,2.45,10.98,9.0,1.019,2,2.4,1.019,604F9_Trip704,1
2026-05-18 07:26:05+00:00,52.368188,4.876036,67.0,Sudden braking,2.08,2.08,12.39,12.6,1.01,1,3.6,1.01,604F9_Trip704,1
2026-05-18 07:26:06+00:00,52.368195,4.876087,70.0,Sudden braking,2.48,2.48,10.6,10.1,1.008,1,2.9,1.008,604F9_Trip704,1
2026-05-18 07:26:07+00:00,52.368205,4.876127,68.0,Sudden braking,2.49,2.49,8.83,7.6,1.006,1,1.8,1.006,604F9_Trip704,1
2026-05-18 07:26:08+00:00,52.368209,4.876152,67.0,Sudden braking,2.53,2.53,6.472727272727273,5.1,0.988,1,0.7,0.988,604F9_Trip704,1
2026-05-18 07:26:09+00:00,52.368215,4.876156,67.0,Sudden braking,2.23,2.23,5.5,2.8,1.033,1,0.7,1.033,604F9_Trip704,1
2026-05-18 07:31:47+00:00,52.367143,4.893359,99.0,Sudden braking,2.03,2.03,10.040000000000001,10.3,0.987,3,2.9,0.987,604F9_Trip704,1
2026-05-18 07:31:48+00:00,52.367139,4.893402,107.0,Sudden braking,2.0,2.0,9.290000000000001,8.3,0.998,2,1.8,0.998,604F9_Trip704,1
2026-05-18 07:32:26+00:00,52.366991,4.895676,90.0,Sudden braking,2.14,2.14,10.19,9.4,0.98,2,2.6,0.98,604F9_Trip704,1
2026-05-18 07:34:29+00:00,52.370849,4.898884,39.0,Sudden braking,2.1,2.1,11.84,11.9,1.002,3,3.4,1.002,604F9_Trip704,1
2026-05-18 07:34:30+00:00,52.370872,4.898917,42.0,Sudden braking,2.62,2.62,10.233333333333334,9.3,0.994,3,2.8,0.994,604F9_Trip704,1
2026-05-18 07:34:31+00:00,52.370893,4.898942,49.0,Sudden braking,2.0,2.0,10.09,7.3,1.002,3,1.7,1.002,604F9_Trip704,1
2026-05-18 07:38:51+00:00,52.371742,4.910192,126.0,Sudden braking,2.34,2.34,14.370000000000001,14.6,1.025,3,4.0,1.025,604F9_Trip704,1
2026-05-18 07:38:52+00:00,52.371722,4.910241,124.0,Sudden braking,3.03,3.03,11.845454545454546,11.6,0.991,3,3.1,0.991,604F9_Trip704,1
2026-05-18 07:38:53+00:00,52.371707,4.91028,124.0,Sudden braking,3.11,3.11,10.563636363636364,8.5,0.998,3,2.7,0.998,604F9_Trip704,1
2026-05-18 07:38:54+00:00,52.371695,4.910315,125.0,Sudden braking,2.58,2.58,8.555555555555555,5.9,1.008,2,1.0,1.008,604F9_Trip704,1
2026-05-18 07:41:52+00:00,52.367758,4.925158,119.0,Sudden braking,2.37,2.37,16.87,19.1,1.014,2,5.5,1.014,604F9_Trip704,1
2026-05-18 07:41:53+00:00,52.367738,4.925232,117.0,Sudden braking,2.86,2.86,14.74,16.3,0.978,2,4.9,0.978,604F9_Trip704,1
2026-05-18 07:41:54+00:00,52.367718,4.925296,122.0,Sudden braking,2.57,2.57,14.74,13.7,1.013,2,4.0,1.013,604F9_Trip704,1
2026-05-18 07:41:55+00:00,52.367702,4.925348,121.0,Sudden braking,2.74,2.74,11.322222222222223,11.0,0.984,2,3.2,0.984,604F9_Trip704,1
2026-05-18 07:41:56+00:00,52.36769,4.925391,121.0,Sudden braking,2.77,2.77,9.39090909090909,8.2,1.011,2,2.5,1.011,604F9_Trip704,1
2026-05-18 07:41:57+00:00,52.367674,4.925417,136.0,Sudden braking,2.32,2.32,8.18,5.9,0.993,2,1.6,0.993,604F9_Trip704,1
2026-05-18 07:42:26+00:00,52.367108,4.924936,217.0,Sudden braking,2.21,2.21,6.622222222222223,6.7,0.994,1,1.8,0.994,604F9_Trip704,1
2026-05-18 07:42:27+00:00,52.367093,4.924925,210.0,Sudden braking,2.18,2.18,5.97,4.5,1.008,1,0.5,1.008,604F9_Trip704,1
2026-05-18 07:42:28+00:00,52.367089,4.924925,204.0,Sudden braking,2.03,2.03,4.7,2.5,0.986,1,1.0,0.986,604F9_Trip704,1
2026-05-18 07:44:22+00:00,52.36598,4.926571,172.0,Sudden braking,2.29,2.29,9.836363636363636,9.7,0.961,1,2.8,0.961,604F9_Trip704,1
2026-05-18 07:44:23+00:00,52.365956,4.926574,191.0,Sudden braking,2.01,2.01,8.98,7.6,1.044,1,1.7,1.044,604F9_Trip704,1
2026-05-18 07:44:24+00:00,52.365941,4.926567,206.0,Sudden braking,2.06,2.06,6.466666666666667,5.6,0.97,1,1.2,0.97,604F9_Trip704,1
2026-05-18 07:46:33+00:00,52.362823,4.932158,92.0,Sudden braking,2.22,2.22,18.542857142857144,17.9,0.992,3,6.3,0.992,604F9_Trip704,1
2026-05-18 07:46:34+00:00,52.362826,4.932251,90.0,Sudden braking,2.11,2.11,18.233333333333334,15.8,0.982,3,5.7,0.982,604F9_Trip704,1
2026-05-18 16:35:14+00:00,52.360598,4.90461,164.0,Sudden braking,2.1,2.1,16.063636363636363,15.3,1.0,2,3.4,1.0,604F0_Trip736,1
2026-05-18 16:35:15+00:00,52.360573,4.904638,158.0,Sudden braking,2.1,2.1,15.49090909090909,13.2,1.0,2,2.8,1.0,604F0_Trip736,1
2026-05-18 16:36:10+00:00,52.359716,4.899577,259.0,Sudden braking,2.0,2.0,17.427272727272726,17.5,1.0,2,4.0,1.0,604F0_Trip736,1
2026-05-18 16:36:11+00:00,52.359706,4.899519,258.0,Sudden braking,2.2,2.2,16.28181818181818,15.3,1.0,2,3.4,1.0,604F0_Trip736,1
2026-05-18 16:36:12+00:00,52.359699,4.89947,258.0,Sudden braking,2.1,2.1,15.372727272727273,13.2,1.0,2,2.8,1.0,604F0_Trip736,1
2026-05-18 16:37:42+00:00,52.3597,4.891534,271.0,Sudden braking,2.1,2.1,11.811111111111112,10.4,1.0,2,2.4,1.0,604F0_Trip736,1
2026-05-18 16:37:43+00:00,52.359692,4.891501,267.0,Sudden braking,2.4,2.4,10.95,8.0,1.0,2,2.4,1.0,604F0_Trip736,1
2026-05-18 16:40:38+00:00,52.362594,4.883942,307.0,Sudden braking,2.0,2.0,18.5,19.7,1.0,2,4.7,1.0,604F0_Trip736,1
2026-05-18 16:40:39+00:00,52.362628,4.883902,313.0,Sudden braking,2.2,2.2,16.645454545454545,17.5,1.0,2,3.9,1.0,604F0_Trip736,1
2026-05-18 16:40:40+00:00,52.362656,4.883866,315.0,Sudden braking,2.3,2.3,15.76,15.2,1.0,2,2.9,1.0,604F0_Trip736,1
2026-05-18 16:40:41+00:00,52.362671,4.883832,308.0,Sudden braking,2.6,2.6,13.84,12.6,1.0,2,3.6,1.0,604F0_Trip736,1
2026-05-18 16:40:42+00:00,52.362699,4.883804,318.0,Sudden braking,2.8,2.8,12.788888888888888,9.8,1.0,2,2.1,1.0,604F0_Trip736,1
2026-05-18 16:40:43+00:00,52.362711,4.88378,318.0,Sudden braking,2.4,2.4,11.044444444444444,7.4,1.0,2,1.1,1.0,604F0_Trip736,1
2026-05-18 16:41:12+00:00,52.362033,4.882125,226.0,Sudden braking,2.0,2.0,15.690909090909091,16.2,0.999,2,3.7,0.999,604F0_Trip736,1
2026-05-18 16:41:12+00:00,52.362009,4.882087,228.0,Sudden braking,2.0,2.0,14.190909090909091,14.2,1.0,2,3.6,1.0,604F0_Trip736,1
2026-05-18 16:48:38+00:00,52.355702,4.844587,268.0,Sudden braking,2.0,2.0,19.763636363636365,19.7,1.0,2,4.7,1.0,604F0_Trip736,1
2026-05-18 16:48:39+00:00,52.355702,4.844517,269.0,Sudden braking,2.2,2.2,19.054545454545455,17.5,1.0,2,3.9,1.0,604F0_Trip736,1
2026-05-18 16:48:40+00:00,52.355713,4.844464,280.0,Sudden braking,2.0,2.0,18.5,15.5,1.0,2,4.0,1.0,604F0_Trip736,1
2026-05-18 16:54:45+00:00,52.354347,4.81082,252.0,Sudden braking,2.0,2.0,17.581818181818182,17.0,1.0,2,4.0,1.0,604F0_Trip736,1
2026-05-18 16:56:06+00:00,52.354776,4.806284,253.0,Sudden braking,2.4,2.4,10.942857142857143,9.1,1.0,2,1.9,1.0,604F0_Trip736,1
2026-05-18 16:56:16+00:00,52.354774,4.806221,221.0,Sudden braking,2.0,2.0,2.5,2.4,1.0,2,2.3,1.0,604F0_Trip736,1
2026-05-19 05:06:57+00:00,52.536437,4.694505,79.0,Sudden braking,2.4,2.4,34.018181818181816,35.1,1.0,3,9.4,1.0,63C0A_Trip742,1
2026-05-19 05:06:58+00:00,52.536423,4.694642,89.0,Sudden braking,2.7,2.7,32.92727272727273,32.4,1.0,3,7.5,1.0,63C0A_Trip742,1
2026-05-19 05:06:59+00:00,52.536418,4.694752,104.0,Sudden braking,2.6,2.6,31.918181818181818,29.8,1.0,3,7.7,1.0,63C0A_Trip742,1
2026-05-19 05:07:00+00:00,52.536368,4.694832,127.0,Sudden braking,2.0,2.0,31.0,27.8,1.0,3,8.8,1.0,63C0A_Trip742,1
2026-05-19 05:09:38+00:00,52.522483,4.702466,131.0,Sudden braking,2.3,2.3,32.4,33.2,1.0,3,9.6,1.0,63C0A_Trip742,1
2026-05-19 05:09:39+00:00,52.522418,4.702557,132.0,Sudden braking,2.5,2.5,30.990909090909092,30.7,1.0,3,7.9,1.0,63C0A_Trip742,1
2026-05-19 05:09:40+00:00,52.52238,4.702656,132.0,Sudden braking,2.5,2.5,29.581818181818182,28.2,1.0,3,6.7,1.0,63C0A_Trip742,1
2026-05-19 05:09:41+00:00,52.52234,4.70273,133.0,Sudden braking,2.2,2.2,28.136363636363637,26.0,1.0,4,4.0,1.0,63C0A_Trip742,1
2026-05-19 05:10:29+00:00,52.519872,4.706283,138.0,Sudden braking,2.3,2.3,33.00909090909091,33.6,1.0,3,8.8,1.0,63C0A_Trip742,1
2026-05-19 05:10:30+00:00,52.519811,4.706367,140.0,Sudden braking,2.5,2.5,31.745454545454546,31.1,1.0,3,7.7,1.0,63C0A_Trip742,1
2026-05-19 05:10:31+00:00,52.519756,4.706437,143.0,Sudden braking,2.4,2.4,30.554545454545455,28.7,1.0,3,6.2,1.0,63C0A_Trip742,1
2026-05-19 05:18:21+00:00,52.493824,4.768295,93.0,Sudden braking,2.4,2.4,31.810000000000002,30.8,1.0,3,8.3,1.0,63C0A_Trip742,1
2026-05-19 05:21:04+00:00,52.489487,4.792631,109.0,Sudden braking,2.0,2.0,32.445454545454545,33.8,1.0,3,9.3,1.0,63C0A_Trip742,1
2026-05-19 05:21:05+00:00,52.48946,4.79276,109.0,Sudden braking,2.4,2.4,31.19090909090909,31.4,1.0,3,8.0,1.0,63C0A_Trip742,1
2026-05-19 05:21:06+00:00,52.489437,4.792872,109.0,Sudden braking,2.4,2.4,29.89090909090909,29.0,1.0,3,8.3,1.0,63C0A_Trip742,1
2026-05-19 05:21:07+00:00,52.489381,4.792953,111.0,Sudden braking,2.1,2.1,28.599999999999998,26.9,1.0,3,6.9,1.0,63C0A_Trip742,1
2026-05-19 05:31:39+00:00,52.433869,4.815812,176.0,Sudden braking,2.4,2.4,29.66,29.5,1.0,3,8.3,1.0,63C0A_Trip742,1
2026-05-19 05:31:40+00:00,52.433795,4.815825,173.0,Sudden braking,2.7,2.7,29.11,26.8,1.0,3,4.8,1.0,63C0A_Trip742,1
2026-05-19 05:31:56+00:00,52.434191,4.817632,40.0,Sudden braking,2.1,2.1,30.963636363636365,30.1,1.0,2,7.8,1.0,63C0A_Trip742,1
2026-05-19 06:05:32+00:00,52.390947,4.883232,102.0,Sudden braking,2.0,2.0,27.80909090909091,29.5,1.0,3,7.9,1.0,63C0A_Trip742,1
2026-05-19 06:05:33+00:00,52.390937,4.883347,102.0,Sudden braking,2.5,2.5,25.736363636363638,27.0,1.0,3,6.8,1.0,63C0A_Trip742,1
2026-05-19 06:05:34+00:00,52.39092,4.883443,102.0,Sudden braking,2.9,2.9,23.572727272727274,24.1,1.0,3,6.1,1.0,63C0A_Trip742,1
2026-05-19 06:05:35+00:00,52.390907,4.883531,102.0,Sudden braking,3.0,3.0,21.363636363636363,21.1,1.0,3,4.9,1.0,63C0A_Trip742,1
2026-05-19 06:05:36+00:00,52.390899,4.883603,102.0,Sudden braking,2.9,2.9,19.154545454545456,18.2,1.0,3,4.2,1.0,63C0A_Trip742,1
2026-05-19 06:05:37+00:00,52.390894,4.883665,99.0,Sudden braking,2.7,2.7,17.0,15.5,1.0,3,3.6,1.0,63C0A_Trip742,1
2026-05-19 06:05:38+00:00,52.390895,4.883718,96.0,Sudden braking,2.2,2.2,14.945454545454545,13.3,1.0,3,3.2,1.0,63C0A_Trip742,1
2026-05-19 06:08:46+00:00,52.382617,4.894756,134.0,Sudden braking,2.5,2.5,26.80909090909091,30.4,1.0,2,8.0,1.0,63C0A_Trip742,1
2026-05-19 06:08:47+00:00,52.382562,4.894831,140.0,Sudden braking,3.7,3.7,24.172727272727272,26.7,1.0,2,7.6,1.0,63C0A_Trip742,1
2026-05-19 06:08:48+00:00,52.382509,4.894902,140.0,Sudden braking,4.2,4.2,21.472727272727273,22.5,1.0,2,5.7,1.0,63C0A_Trip742,1
2026-05-19 06:08:49+00:00,52.382469,4.894954,142.0,Sudden braking,4.4,4.4,18.863636363636363,18.1,1.0,3,3.3,1.0,63C0A_Trip742,1
2026-05-19 06:08:50+00:00,52.382445,4.894981,142.0,Sudden braking,4.8,4.8,16.463636363636365,13.3,1.0,3,3.0,1.0,63C0A_Trip742,1
2026-05-19 06:08:51+00:00,52.382423,4.895008,142.0,Sudden braking,4.2,4.2,14.318181818181818,9.1,1.0,3,2.1,1.0,63C0A_Trip742,1
2026-05-19 06:08:52+00:00,52.382408,4.895025,142.0,Sudden braking,2.2,2.2,12.463636363636365,6.9,1.0,2,1.1,1.0,63C0A_Trip742,1
2026-05-19 06:11:32+00:00,52.377874,4.909737,104.0,Sudden braking,2.6,2.6,29.6,30.1,1.0,2,8.3,1.0,63C0A_Trip742,1
2026-05-19 06:11:33+00:00,52.377852,4.909853,110.0,Sudden braking,3.0,3.0,28.345454545454547,27.1,1.0,2,7.1,1.0,63C0A_Trip742,1
2026-05-19 06:11:34+00:00,52.377814,4.909937,125.0,Sudden braking,2.6,2.6,27.39090909090909,24.5,1.0,3,5.3,1.0,63C0A_Trip742,1
2026-05-19 06:11:47+00:00,52.376894,4.91002,161.0,Sudden braking,3.0,3.0,28.10909090909091,28.3,1.0,4,6.0,1.0,63C0A_Trip742,1
2026-05-19 06:11:48+00:00,52.376842,4.910047,158.0,Sudden braking,2.7,2.7,27.5,25.6,1.0,3,2.8,1.0,63C0A_Trip742,1
2026-05-19 06:11:49+00:00,52.376818,4.910063,158.0,Sudden braking,2.2,2.2,26.863636363636363,23.4,1.0,4,5.9,1.0,63C0A_Trip742,1
2026-05-19 06:12:03+00:00,52.375903,4.910555,180.0,Sudden braking,3.3,3.3,19.02,18.5,1.0,3,5.3,1.0,63C0A_Trip742,1
2026-05-19 06:12:04+00:00,52.375859,4.910528,185.0,Sudden braking,3.9,3.9,17.509999999999998,14.6,1.0,4,4.0,1.0,63C0A_Trip742,1
2026-05-19 06:13:30+00:00,52.374791,4.915126,161.0,Sudden braking,2.4,2.4,15.81,14.7,1.0,2,2.5,1.0,63C0A_Trip742,1
2026-05-19 06:13:31+00:00,52.374771,4.915145,155.0,Sudden braking,2.2,2.2,14.46,12.5,1.0,2,3.0,1.0,63C0A_Trip742,1
2026-05-19 06:54:32+00:00,52.310098,4.881581,359.0,Sudden braking,2.13,2.13,11.2,8.9,1.034,2,2.9,1.034,602CA_Trip743,1
2026-05-19 07:10:24+00:00,52.339362,4.908962,57.0,Sudden braking,2.13,2.13,12.544444444444444,10.7,0.988,3,4.5,0.988,602CA_Trip743,1
2026-05-19 07:18:14+00:00,52.355836,4.905241,343.0,Sudden braking,2.42,2.42,10.13,12.3,0.991,1,4.5,0.991,602CA_Trip743,1
2026-05-19 07:18:15+00:00,52.355877,4.905247,341.0,Sudden braking,3.05,3.05,9.527272727272727,9.3,0.983,2,4.0,0.983,602CA_Trip743,1
2026-05-19 07:18:16+00:00,52.355913,4.905252,342.0,Sudden braking,2.84,2.84,8.4,6.4,1.022,2,2.0,1.022,602CA_Trip743,1
2026-05-19 07:18:17+00:00,52.35593,4.905247,342.0,Sudden braking,2.63,2.63,6.66,3.8,0.99,2,0.9,0.99,602CA_Trip743,1
2026-05-19 07:20:29+00:00,52.360247,4.908802,339.0,Sudden braking,2.21,2.21,13.272727272727273,12.6,0.994,2,2.9,0.994,602CA_Trip743,1
2026-05-19 07:22:07+00:00,52.364943,4.90596,342.0,Sudden braking,3.07,3.07,11.48,14.4,0.977,1,4.8,0.977,602CA_Trip743,1
2026-05-19 07:22:08+00:00,52.364982,4.905932,340.0,Sudden braking,3.66,3.66,11.48,10.7,1.01,2,3.4,1.01,602CA_Trip743,1
2026-05-19 07:22:09+00:00,52.36501,4.905915,350.0,Sudden braking,3.78,3.78,8.936363636363636,6.9,1.004,2,1.6,1.004,602CA_Trip743,1
2026-05-19 07:22:10+00:00,52.365025,4.905912,359.0,Sudden braking,3.18,3.18,6.37,3.7,1.006,2,0.6,1.006,602CA_Trip743,1
2026-05-19 07:22:11+00:00,52.365026,4.905921,7.0,Sudden braking,2.01,2.01,5.35,1.7,0.993,2,0.1,0.993,602CA_Trip743,1
2026-05-19 07:23:19+00:00,52.368025,4.904941,88.0,Sudden braking,2.06,2.06,14.936363636363636,15.7,1.019,2,6.4,1.019,602CA_Trip743,1
2026-05-19 07:23:20+00:00,52.368045,4.90503,87.0,Sudden braking,2.68,2.68,14.463636363636363,13.1,0.97,2,4.4,0.97,602CA_Trip743,1
2026-05-19 07:23:21+00:00,52.368069,4.905081,77.0,Sudden braking,2.09,2.09,14.063636363636364,11.0,1.003,2,3.0,1.003,602CA_Trip743,1
2026-05-19 07:24:31+00:00,52.370053,4.908364,63.0,Sudden braking,2.42,2.42,9.29,11.2,0.952,1,3.1,0.952,602CA_Trip743,1
2026-05-19 07:24:32+00:00,52.370063,4.908407,65.0,Sudden braking,2.7,2.7,9.29,8.5,1.0,1,2.6,1.0,602CA_Trip743,1
2026-05-19 07:24:33+00:00,52.370079,4.908435,70.0,Sudden braking,2.44,2.44,8.488888888888889,6.0,1.023,1,2.0,1.023,602CA_Trip743,1
2026-05-19 07:24:34+00:00,52.370088,4.90846,70.0,Sudden braking,2.34,2.34,6.485714285714286,3.7,0.982,1,0.8,0.982,602CA_Trip743,1
2026-05-19 07:26:19+00:00,52.371034,4.91501,67.0,Sudden braking,3.03,3.03,11.022222222222222,12.1,1.024,1,3.7,1.024,602CA_Trip743,1
2026-05-19 07:26:20+00:00,52.371032,4.915065,85.0,Sudden braking,3.6,3.6,10.05,8.6,0.973,1,2.5,0.973,602CA_Trip743,1
2026-05-19 07:26:21+00:00,52.371034,4.915102,77.0,Sudden braking,3.33,3.33,8.871428571428572,5.4,0.962,1,0.4,0.962,602CA_Trip743,1
2026-05-19 07:26:22+00:00,52.371035,4.915108,0.0,Sudden braking,2.66,2.66,8.871428571428572,2.7,1.014,1,0.3,1.014,602CA_Trip743,1
2026-05-19 07:27:21+00:00,52.372292,4.918247,54.0,Sudden braking,2.38,2.38,7.43,8.6,0.968,2,4.3,0.968,602CA_Trip743,1
2026-05-19 07:27:22+00:00,52.372324,4.918281,51.0,Sudden braking,2.16,2.16,6.845454545454546,6.4,1.02,2,2.7,1.02,602CA_Trip743,1
2026-05-19 07:27:23+00:00,52.372347,4.918291,48.0,Sudden braking,2.03,2.03,5.344444444444444,4.3,1.034,2,3.2,1.034,602CA_Trip743,1
2026-05-19 07:27:24+00:00,52.372371,4.918267,35.0,Sudden braking,2.1,2.1,3.9,2.3,0.951,2,3.2,0.951,602CA_Trip743,1
2026-06-15 07:44:36+00:00,52.35611,4.826957,89.0,Sudden braking,2.2,2.2,20.127272727272725,22.2,1.0,1,5.1,1.0,604F0_Trip982,1
2026-06-15 07:44:37+00:00,52.356113,4.827032,92.0,Sudden braking,2.6,2.6,19.44,19.6,1.0,1,3.8,1.0,604F0_Trip982,1
2026-06-15 07:44:38+00:00,52.356111,4.827088,98.0,Sudden braking,3.2,3.2,18.61111111111111,16.4,1.0,1,3.6,1.0,604F0_Trip982,1
2026-06-15 07:44:39+00:00,52.356097,4.827135,108.0,Sudden braking,3.5,3.5,17.6,12.9,1.0,1,2.7,1.0,604F0_Trip982,1
2026-06-15 07:44:40+00:00,52.356079,4.827163,122.0,Sudden braking,2.6,2.6,16.4,10.3,1.0,2,1.3,1.0,604F0_Trip982,1
2026-06-15 07:49:59+00:00,52.354752,4.854993,75.0,Sudden braking,2.1,2.1,17.62727272727273,17.7,1.0,3,4.6,1.0,604F0_Trip982,1
2026-06-15 07:50:00+00:00,52.354763,4.855058,75.0,Sudden braking,2.1,2.1,16.290909090909093,15.6,1.0,3,3.5,1.0,604F0_Trip982,1
2026-06-15 07:54:47+00:00,52.361593,4.881642,58.0,Sudden braking,2.1,2.1,14.02,13.3,1.0,2,2.7,1.0,604F0_Trip982,1
2026-06-15 07:54:48+00:00,52.361608,4.881675,56.0,Sudden braking,2.2,2.2,13.133333333333333,11.1,1.0,2,2.3,1.0,604F0_Trip982,1
2026-06-15 07:54:49+00:00,52.361625,4.881692,50.0,Sudden braking,2.2,2.2,12.2125,8.9,1.0,2,2.1,1.0,604F0_Trip982,1
2026-06-15 07:57:06+00:00,52.359547,4.890365,119.0,Sudden braking,2.1,2.1,12.044444444444444,10.6,1.0,2,2.3,1.0,604F0_Trip982,1
2026-06-15 07:57:07+00:00,52.359543,4.890397,109.0,Sudden braking,2.6,2.6,11.1625,8.0,1.0,2,1.8,1.0,604F0_Trip982,1
2026-06-15 08:04:01+00:00,52.366135,4.911578,30.0,Sudden braking,2.3,2.3,17.16,19.7,1.0,2,7.2,1.0,604F0_Trip982,1
2026-06-15 08:04:02+00:00,52.3662,4.911582,30.0,Sudden braking,2.9,2.9,15.23,16.8,1.0,2,1.8,1.0,604F0_Trip982,1
2026-06-15 08:04:03+00:00,52.366204,4.911609,30.0,Sudden braking,3.0,3.0,14.21111111111111,13.8,1.0,2,2.4,1.0,604F0_Trip982,1
2026-06-15 08:04:04+00:00,52.366218,4.911636,30.0,Sudden braking,2.9,2.9,12.166666666666666,10.9,1.0,2,1.9,1.0,604F0_Trip982,1
2026-06-15 08:04:05+00:00,52.366229,4.911658,30.0,Sudden braking,2.4,2.4,12.166666666666666,8.5,1.0,2,1.3,1.0,604F0_Trip982,1
2026-06-15 08:05:49+00:00,52.369468,4.912275,309.0,Sudden braking,2.0,2.0,14.554545454545455,14.5,1.0,3,3.8,1.0,604F0_Trip982,1
2026-06-15 08:05:50+00:00,52.369502,4.91227,334.0,Sudden braking,2.4,2.4,13.654545454545454,12.1,1.0,3,3.5,1.0,604F0_Trip982,1
2026-06-15 08:05:51+00:00,52.369525,4.912304,11.0,Sudden braking,2.4,2.4,13.00909090909091,9.7,1.0,3,2.6,1.0,604F0_Trip982,1
2026-06-15 08:06:48+00:00,52.37096,4.914852,54.0,Sudden braking,2.0,2.0,19.21818181818182,20.9,1.0,2,5.3,1.0,604F0_Trip982,1
2026-06-15 08:06:49+00:00,52.370987,4.914916,55.0,Sudden braking,2.3,2.3,17.454545454545453,18.6,1.0,2,3.9,1.0,604F0_Trip982,1
2026-06-15 08:06:50+00:00,52.371003,4.914969,60.0,Sudden braking,2.5,2.5,16.64,16.1,1.0,2,3.5,1.0,604F0_Trip982,1
2026-06-15 08:06:51+00:00,52.371007,4.91502,71.0,Sudden braking,2.6,2.6,15.7,13.5,1.0,2,3.1,1.0,604F0_Trip982,1
2026-06-15 08:06:52+00:00,52.371007,4.915065,81.0,Sudden braking,2.9,2.9,14.625,10.6,1.0,2,2.4,1.0,604F0_Trip982,1
2026-06-15 08:06:53+00:00,52.371009,4.9151,84.0,Sudden braking,2.6,2.6,13.442857142857143,8.0,1.0,2,1.8,1.0,604F0_Trip982,1
2026-06-17 06:54:14+00:00,52.356125,4.826869,90.0,Sudden braking,2.4,2.4,17.154545454545456,18.2,1.0,2,4.2,1.0,604F0_Trip1004,1
2026-06-17 06:54:15+00:00,52.356128,4.82693,90.0,Sudden braking,2.9,2.9,15.60909090909091,15.3,1.0,2,3.2,1.0,604F0_Trip1004,1
2026-06-17 06:54:16+00:00,52.35613,4.826977,90.0,Sudden braking,2.8,2.8,14.72,12.5,1.0,2,2.2,1.0,604F0_Trip1004,1
2026-06-17 06:54:17+00:00,52.356126,4.827008,97.0,Sudden braking,2.3,2.3,13.3,10.2,1.0,2,1.7,1.0,604F0_Trip1004,1
2026-06-17 06:58:20+00:00,52.355722,4.847597,92.0,Sudden braking,2.1,2.1,18.9,18.3,1.0,2,3.9,1.0,604F0_Trip1004,1
2026-06-17 06:58:21+00:00,52.355722,4.847655,91.0,Sudden braking,2.0,2.0,18.263636363636365,16.3,1.0,2,3.7,1.0,604F0_Trip1004,1
2026-06-17 06:59:08+00:00,52.354951,4.850108,89.0,Sudden braking,2.3,2.3,11.9,9.2,1.0,2,2.0,1.0,604F0_Trip1004,1
2026-06-17 06:59:09+00:00,52.354951,4.850137,89.0,Sudden braking,2.7,2.7,10.0125,6.5,1.0,2,1.7,1.0,604F0_Trip1004,1
2026-06-17 07:05:28+00:00,52.361605,4.881669,57.0,Sudden braking,2.0,2.0,14.629999999999999,14.5,1.0,2,3.6,1.0,604F0_Trip1004,1
2026-06-17 07:05:29+00:00,52.361628,4.881708,52.0,Sudden braking,2.3,2.3,13.877777777777778,12.2,1.0,2,2.7,1.0,604F0_Trip1004,1
2026-06-17 07:05:30+00:00,52.361643,4.881738,51.0,Sudden braking,2.6,2.6,13.05,9.6,1.0,2,1.7,1.0,604F0_Trip1004,1
2026-06-17 07:05:31+00:00,52.361653,4.881757,49.0,Sudden braking,2.0,2.0,12.142857142857142,7.6,1.0,2,1.1,1.0,604F0_Trip1004,1
2026-06-17 07:08:23+00:00,52.359598,4.890169,117.0,Sudden braking,2.1,2.1,16.963636363636365,17.7,1.0,2,4.1,1.0,604F0_Trip1004,1
2026-06-17 07:08:24+00:00,52.359581,4.890221,119.0,Sudden braking,2.4,2.4,15.672727272727272,15.3,1.0,2,3.2,1.0,604F0_Trip1004,1
2026-06-17 07:08:25+00:00,52.359561,4.890255,127.0,Sudden braking,2.3,2.3,14.381818181818181,13.0,1.0,2,3.1,1.0,604F0_Trip1004,1
2026-06-17 07:12:08+00:00,52.36097,4.907588,75.0,Sudden braking,2.0,2.0,10.144444444444444,9.1,1.0,2,2.1,1.0,604F0_Trip1004,1
2026-06-17 07:12:09+00:00,52.36098,4.907614,74.0,Sudden braking,2.2,2.2,9.5375,6.9,1.0,2,1.6,1.0,604F0_Trip1004,1
2026-06-17 07:17:30+00:00,52.370998,4.914904,56.0,Sudden braking,2.1,2.1,13.663636363636364,13.9,1.0,2,3.1,1.0,604F0_Trip1004,1
2026-06-17 07:17:31+00:00,52.371013,4.914943,58.0,Sudden braking,2.2,2.2,12.5,11.7,1.0,2,2.4,1.0,604F0_Trip1004,1
2026-06-17 07:17:32+00:00,52.371018,4.914977,67.0,Sudden braking,2.0,2.0,11.49090909090909,9.7,1.0,2,1.9,1.0,604F0_Trip1004,1
2026-06-17 07:18:25+00:00,52.372364,4.918168,14.0,Sudden braking,2.7,2.7,10.512500000000001,7.7,1.0,2,2.8,1.0,604F0_Trip1004,1
2026-06-17 07:18:26+00:00,52.37239,4.918167,6.0,Sudden braking,2.3,2.3,9.814285714285715,5.4,1.0,2,1.4,1.0,604F0_Trip1004,1
2026-06-22 15:59:49+00:00,52.36678,4.911961,210.0,Sudden braking,2.0,2.0,18.88,20.3,1.0,2,5.0,1.0,604F0_Trip1042,1
2026-06-22 15:59:50+00:00,52.366744,4.911918,212.0,Sudden braking,2.6,2.6,18.344444444444445,17.7,1.0,2,4.5,1.0,604F0_Trip1042,1
2026-06-22 15:59:51+00:00,52.366708,4.911887,212.0,Sudden braking,3.6,3.6,17.5625,14.1,1.0,2,3.3,1.0,604F0_Trip1042,1
2026-06-22 15:59:52+00:00,52.366685,4.911858,214.0,Sudden braking,3.9,3.9,15.15,10.2,1.0,2,1.8,1.0,604F0_Trip1042,1
2026-06-22 16:02:07+00:00,52.361402,4.908509,252.0,Sudden braking,2.1,2.1,19.37,20.2,1.0,2,5.1,1.0,604F0_Trip1042,1
2026-06-22 16:02:08+00:00,52.361389,4.908437,252.0,Sudden braking,2.8,2.8,18.755555555555556,17.4,1.0,2,4.0,1.0,604F0_Trip1042,1
2026-06-22 16:02:09+00:00,52.361383,4.90838,255.0,Sudden braking,2.9,2.9,18.0125,14.5,1.0,2,2.8,1.0,604F0_Trip1042,1
2026-06-22 16:02:10+00:00,52.361379,4.90834,257.0,Sudden braking,2.6,2.6,17.114285714285714,11.9,1.0,2,1.6,1.0,604F0_Trip1042,1
2026-06-22 16:04:18+00:00,52.359735,4.89963,257.0,Sudden braking,2.0,2.0,16.09090909090909,16.0,1.0,2,3.9,1.0,604F0_Trip1042,1
2026-06-22 16:06:08+00:00,52.359705,4.891525,276.0,Sudden braking,2.2,2.2,14.0,13.2,1.0,2,2.5,1.0,604F0_Trip1042,1
2026-06-22 16:06:09+00:00,52.359709,4.891489,277.0,Sudden braking,3.0,3.0,13.225,10.2,1.0,2,1.7,1.0,604F0_Trip1042,1
2026-06-22 16:06:10+00:00,52.359711,4.891464,273.0,Sudden braking,3.3,3.3,12.3,6.9,1.0,2,1.4,1.0,604F0_Trip1042,1
2026-06-22 16:08:03+00:00,52.361219,4.886943,306.0,Sudden braking,2.0,2.0,18.71818181818182,18.0,1.0,2,4.9,1.0,604F0_Trip1042,1
2026-06-22 16:08:47+00:00,52.362664,4.883899,309.0,Sudden braking,2.0,2.0,12.381818181818181,12.3,1.0,2,2.5,1.0,604F0_Trip1042,1
2026-06-22 16:08:48+00:00,52.362677,4.88387,306.0,Sudden braking,2.2,2.2,11.10909090909091,10.1,1.0,2,2.0,1.0,604F0_Trip1042,1
2026-06-22 16:14:30+00:00,52.355021,4.856155,253.0,Sudden braking,2.0,2.0,19.027272727272727,21.2,1.0,2,5.2,1.0,604F0_Trip1042,1
2026-06-22 16:14:31+00:00,52.355008,4.856082,253.0,Sudden braking,2.6,2.6,17.9,18.6,1.0,2,3.7,1.0,604F0_Trip1042,1
2026-06-22 16:14:32+00:00,52.354998,4.85603,253.0,Sudden braking,2.7,2.7,16.654545454545456,15.9,1.0,2,2.9,1.0,604F0_Trip1042,1
2026-06-22 16:14:33+00:00,52.354989,4.855989,252.0,Sudden braking,2.4,2.4,15.309090909090909,13.5,1.0,2,2.9,1.0,604F0_Trip1042,1
2026-06-22 16:17:28+00:00,52.355719,4.844553,270.0,Sudden braking,2.1,2.1,18.90909090909091,17.5,1.0,2,4.1,1.0,604F0_Trip1042,1
2026-06-22 16:20:33+00:00,52.356333,4.827597,265.0,Sudden braking,2.2,2.2,14.909090909090908,16.4,1.0,2,3.7,1.0,604F0_Trip1042,1
2026-06-22 16:20:34+00:00,52.356352,4.827552,281.0,Sudden braking,2.7,2.7,14.03,13.7,1.0,2,3.3,1.0,604F0_Trip1042,1
2026-06-22 16:20:35+00:00,52.356375,4.827522,302.0,Sudden braking,3.2,3.2,13.044444444444444,10.5,1.0,2,2.2,1.0,604F0_Trip1042,1
2026-06-22 16:20:36+00:00,52.356391,4.827502,316.0,Sudden braking,3.2,3.2,11.95,7.3,1.0,2,1.2,1.0,604F0_Trip1042,1
2026-06-22 16:20:37+00:00,52.356385,4.827487,301.0,Sudden braking,2.3,2.3,10.742857142857142,5.0,1.0,2,1.6,1.0,604F0_Trip1042,1
2026-06-22 16:24:09+00:00,52.354362,4.810777,257.0,Sudden braking,2.5,2.5,18.6,19.2,1.0,2,4.5,1.0,604F0_Trip1042,1
2026-06-22 16:24:10+00:00,52.354357,4.810711,261.0,Sudden braking,2.9,2.9,17.788888888888888,16.3,1.0,2,3.5,1.0,604F0_Trip1042,1
2026-06-22 16:24:11+00:00,52.354364,4.810661,272.0,Sudden braking,3.6,3.6,16.8125,12.7,1.0,2,2.6,1.0,604F0_Trip1042,1
2026-06-22 16:24:12+00:00,52.354377,4.81063,286.0,Sudden braking,3.5,3.5,15.657142857142857,9.2,1.0,2,1.8,1.0,604F0_Trip1042,1
2026-06-22 16:25:12+00:00,52.353722,4.807406,248.0,Sudden braking,2.0,2.0,16.845454545454544,16.7,1.0,3,4.0,1.0,604F0_Trip1042,1
2026-06-22 16:25:13+00:00,52.353705,4.807354,247.0,Sudden braking,2.2,2.2,16.18181818181818,14.5,1.0,2,3.3,1.0,604F0_Trip1042,1
2026-06-23 07:19:32+00:00,52.356096,4.827065,103.0,Sudden braking,2.6,2.6,12.575,10.0,1.0,2,2.5,1.0,604F0_Trip1046,1
2026-06-23 07:19:33+00:00,52.356091,4.8271,104.0,Sudden braking,2.7,2.7,11.842857142857143,7.3,1.0,2,1.3,1.0,604F0_Trip1046,1
2026-06-23 07:25:13+00:00,52.354677,4.855236,94.0,Sudden braking,2.0,2.0,15.154545454545454,16.3,1.0,3,3.4,1.0,604F0_Trip1046,1
2026-06-23 07:25:14+00:00,52.354669,4.855284,99.0,Sudden braking,2.1,2.1,13.163636363636364,14.2,1.0,3,1.9,1.0,604F0_Trip1046,1
2026-06-23 07:25:15+00:00,52.354678,4.855309,91.0,Sudden braking,2.7,2.7,11.145454545454545,11.5,1.0,3,4.1,1.0,604F0_Trip1046,1
2026-06-23 07:25:16+00:00,52.354683,4.855369,87.0,Sudden braking,3.0,3.0,10.09,8.5,1.0,2,2.9,1.0,604F0_Trip1046,1
2026-06-23 07:25:17+00:00,52.354696,4.855405,84.0,Sudden braking,2.6,2.6,8.15,5.9,1.0,3,1.1,1.0,604F0_Trip1046,1
2026-06-23 07:25:18+00:00,52.354702,4.855392,90.0,Sudden braking,2.2,2.2,7.022222222222222,3.7,1.0,3,2.0,1.0,604F0_Trip1046,1
2026-06-23 07:25:19+00:00,52.354719,4.855381,90.0,Sudden braking,2.0,2.0,5.4,1.7,1.0,3,1.1,1.0,604F0_Trip1046,1
2026-06-23 07:30:18+00:00,52.361614,4.881633,54.0,Sudden braking,2.4,2.4,14.45,11.8,1.0,1,2.8,1.0,604F0_Trip1046,1
2026-06-23 07:30:19+00:00,52.361629,4.881666,51.0,Sudden braking,2.6,2.6,13.557142857142857,9.2,1.0,1,1.8,1.0,604F0_Trip1046,1
2026-06-23 07:37:42+00:00,52.366143,4.911551,28.0,Sudden braking,2.1,2.1,13.463636363636363,13.1,1.0,3,3.1,1.0,604F0_Trip1046,1
2026-06-23 07:37:43+00:00,52.36617,4.911564,24.0,Sudden braking,2.3,2.3,12.59090909090909,10.8,1.0,3,2.3,1.0,604F0_Trip1046,1
2026-06-23 07:39:07+00:00,52.369464,4.912326,299.0,Sudden braking,2.0,2.0,17.89090909090909,17.5,1.0,3,4.4,1.0,604F0_Trip1046,1
2026-06-23 07:39:08+00:00,52.369497,4.912292,299.0,Sudden braking,2.0,2.0,17.063636363636363,15.5,1.0,3,4.2,1.0,604F0_Trip1046,1
2026-06-23 07:39:26+00:00,52.370106,4.911964,319.0,Sudden braking,2.0,2.0,18.01818181818182,16.4,1.0,3,4.2,1.0,604F0_Trip1046,1
2026-06-23 07:40:57+00:00,52.372282,4.918166,41.0,Sudden braking,2.4,2.4,14.345454545454546,14.6,1.0,3,4.0,1.0,604F0_Trip1046,1
2026-06-23 07:40:58+00:00,52.372305,4.918211,41.0,Sudden braking,2.8,2.8,13.090909090909092,11.8,1.0,3,2.6,1.0,604F0_Trip1046,1
2026-06-23 07:40:59+00:00,52.372327,4.918226,27.0,Sudden braking,2.3,2.3,12.072727272727272,9.5,1.0,2,1.1,1.0,604F0_Trip1046,1
2026-08-04 06:56:28+00:00,52.353825,4.808945,72.0,Sudden braking,2.0,2.0,15.64,16.5,1.0,1,3.8,1.0,604F0_Trip1461,1
2026-08-04 06:56:29+00:00,52.353836,4.808998,72.0,Sudden braking,2.1,2.1,14.41,14.4,1.0,1,3.0,1.0,604F0_Trip1461,1
2026-08-04 07:04:18+00:00,52.354959,4.850044,89.0,Sudden braking,2.0,2.0,17.7,17.0,1.0,3,4.0,1.0,604F0_Trip1461,1
2026-08-04 07:04:19+00:00,52.354958,4.850103,89.0,Sudden braking,2.0,2.0,17.572727272727274,15.0,1.0,3,3.0,1.0,604F0_Trip1461,1
2026-08-04 07:10:06+00:00,52.361554,4.881439,59.0,Sudden braking,2.0,2.0,18.4,20.0,1.0,3,5.4,1.0,604F0_Trip1461,1
2026-08-04 07:10:07+00:00,52.361579,4.881508,56.0,Sudden braking,2.6,2.6,16.736363636363635,17.4,1.0,3,4.9,1.0,604F0_Trip1461,1
2026-08-04 07:10:08+00:00,52.361603,4.881569,58.0,Sudden braking,2.8,2.8,15.89,14.6,1.0,3,3.7,1.0,604F0_Trip1461,1
2026-08-04 07:10:09+00:00,52.361623,4.881612,55.0,Sudden braking,2.6,2.6,14.129999999999999,12.0,1.0,2,2.8,1.0,604F0_Trip1461,1
2026-08-04 07:10:10+00:00,52.361638,4.881645,54.0,Sudden braking,2.2,2.2,12.52,9.8,1.0,2,2.1,1.0,604F0_Trip1461,1
2026-08-04 07:12:10+00:00,52.359628,4.890215,112.0,Sudden braking,2.2,2.2,17.98181818181818,19.0,1.0,2,4.7,1.0,604F0_Trip1461,1
2026-08-04 07:12:11+00:00,52.359611,4.890279,113.0,Sudden braking,2.4,2.4,16.145454545454545,16.6,1.0,2,4.3,1.0,604F0_Trip1461,1
2026-08-04 07:12:12+00:00,52.359589,4.890331,121.0,Sudden braking,2.4,2.4,15.21,14.2,1.0,3,3.5,1.0,604F0_Trip1461,1
2026-08-04 07:12:13+00:00,52.359568,4.89037,124.0,Sudden braking,2.4,2.4,14.177777777777777,11.8,1.0,3,3.2,1.0,604F0_Trip1461,1
2026-08-04 07:12:14+00:00,52.359557,4.890413,115.0,Sudden braking,2.6,2.6,13.075,9.2,1.0,3,2.1,1.0,604F0_Trip1461,1
2026-08-04 07:12:15+00:00,52.359556,4.890444,105.0,Sudden braking,2.3,2.3,11.914285714285715,6.9,1.0,3,1.5,1.0,604F0_Trip1461,1
2026-08-04 07:15:27+00:00,52.361008,4.90759,71.0,Sudden braking,2.3,2.3,17.454545454545453,18.9,1.0,2,5.2,1.0,604F0_Trip1461,1
2026-08-04 07:15:28+00:00,52.361021,4.907664,71.0,Sudden braking,2.6,2.6,15.681818181818182,16.3,1.0,2,3.3,1.0,604F0_Trip1461,1
2026-08-04 07:15:29+00:00,52.36103,4.90771,72.0,Sudden braking,2.7,2.7,13.845454545454546,13.6,1.0,2,2.9,1.0,604F0_Trip1461,1
2026-08-04 07:15:30+00:00,52.361035,4.907752,77.0,Sudden braking,2.8,2.8,12.00909090909091,10.8,1.0,2,2.6,1.0,604F0_Trip1461,1
2026-08-04 07:15:31+00:00,52.361038,4.907791,79.0,Sudden braking,2.3,2.3,10.281818181818181,8.5,1.0,2,2.1,1.0,604F0_Trip1461,1
2026-08-04 07:18:07+00:00,52.366066,4.911485,30.0,Sudden braking,2.2,2.2,19.818181818181817,21.7,1.0,2,5.3,1.0,604F0_Trip1461,1
2026-08-04 07:18:08+00:00,52.366105,4.91153,30.0,Sudden braking,3.0,3.0,17.709090909090907,18.7,1.0,2,4.7,1.0,604F0_Trip1461,1
2026-08-04 07:18:09+00:00,52.366145,4.911556,30.0,Sudden braking,3.0,3.0,15.536363636363635,15.7,1.0,2,3.3,1.0,604F0_Trip1461,1
2026-08-04 07:18:10+00:00,52.366166,4.91159,30.0,Sudden braking,2.8,2.8,14.41,12.9,1.0,2,1.6,1.0,604F0_Trip1461,1
2026-08-04 07:18:11+00:00,52.36618,4.911598,30.0,Sudden braking,3.0,3.0,13.177777777777777,9.9,1.0,2,3.7,1.0,604F0_Trip1461,1
2026-08-04 07:18:12+00:00,52.3662,4.911641,30.0,Sudden braking,2.9,2.9,11.8375,7.0,1.0,2,1.1,1.0,604F0_Trip1461,1
2026-08-04 07:18:13+00:00,52.366203,4.911656,30.0,Sudden braking,2.0,2.0,9.5375,5.0,1.0,2,1.0,1.0,604F0_Trip1461,1
2026-08-09 08:49:23+00:00,52.353864,4.809135,72.0,Sudden braking,2.0,2.0,15.50909090909091,15.5,1.0,3,3.4,1.0,604F0_Trip1464,1
2026-08-09 08:49:24+00:00,52.353873,4.809183,72.0,Sudden braking,2.2,2.2,14.536363636363637,13.3,1.0,3,2.9,1.0,604F0_Trip1464,1
2026-08-09 08:49:25+00:00,52.353882,4.809223,71.0,Sudden braking,2.1,2.1,13.836363636363636,11.2,1.0,3,2.4,1.0,604F0_Trip1464,1
2026-08-09 08:51:36+00:00,52.357833,4.814896,354.0,Sudden braking,2.0,2.0,11.433333333333334,11.5,1.0,2,2.9,1.0,604F0_Trip1464,1
2026-08-09 08:51:37+00:00,52.357854,4.814922,16.0,Sudden braking,2.8,2.8,10.95,8.7,0.999,2,2.8,0.999,604F0_Trip1464,1
2026-08-09 08:51:37+00:00,52.357867,4.814957,42.0,Sudden braking,3.0,3.0,10.314285714285715,5.7,1.0,2,1.0,1.0,604F0_Trip1464,1
2026-08-09 08:54:11+00:00,52.355982,4.819006,193.0,Sudden braking,2.0,2.0,14.445454545454545,13.6,1.0,2,2.5,1.0,604F0_Trip1464,1
2026-08-10 08:20:42+00:00,52.356131,4.826993,98.0,Sudden braking,2.2,2.2,19.55,18.6,1.0,3,5.4,1.0,604F0_Trip1465,1
2026-08-10 08:20:43+00:00,52.356113,4.827068,107.0,Sudden braking,2.0,2.0,18.740000000000002,16.6,1.001,3,4.1,1.001,604F0_Trip1465,1
2026-08-10 08:25:47+00:00,52.354821,4.85324,99.0,Sudden braking,2.0,2.0,16.21818181818182,14.9,1.0,3,3.7,1.0,604F0_Trip1465,1
2026-08-10 08:26:11+00:00,52.35477,4.855087,72.0,Sudden braking,2.0,2.0,16.11111111111111,16.0,1.0,2,3.9,1.0,604F0_Trip1465,1
2026-08-10 08:26:12+00:00,52.354781,4.855142,72.0,Sudden braking,3.1,3.1,15.450000000000001,12.9,1.0,2,2.5,1.0,604F0_Trip1465,1
2026-08-10 08:26:13+00:00,52.35479,4.855176,69.0,Sudden braking,3.3,3.3,14.714285714285715,9.6,1.0,2,1.4,1.0,604F0_Trip1465,1
2026-08-10 08:31:46+00:00,52.361603,4.881558,52.0,Sudden braking,2.6,2.6,17.37272727272727,18.8,1.0,3,5.0,1.0,604F0_Trip1465,1
2026-08-10 08:31:47+00:00,52.361631,4.881615,50.0,Sudden braking,3.0,3.0,16.54,15.8,1.0,2,3.9,1.0,604F0_Trip1465,1
2026-08-10 08:31:48+00:00,52.361656,4.881657,47.0,Sudden braking,3.2,3.2,15.566666666666666,12.6,1.0,2,4.1,1.0,604F0_Trip1465,1
2026-08-10 08:31:49+00:00,52.361657,4.881717,38.0,Sudden braking,3.0,3.0,14.45,9.6,1.0,2,2.0,1.0,604F0_Trip1465,1
2026-08-10 08:31:50+00:00,52.361671,4.881737,39.0,Sudden braking,2.1,2.1,12.4125,7.5,1.0,2,1.2,1.0,604F0_Trip1465,1
2026-08-10 08:32:28+00:00,52.362535,4.883569,61.0,Sudden braking,2.2,2.2,18.3,15.9,1.0,3,4.8,1.0,604F0_Trip1465,1
2026-08-10 08:33:48+00:00,52.359639,4.890107,113.0,Sudden braking,2.2,2.2,18.59090909090909,19.4,1.0,1,4.8,1.0,604F0_Trip1465,1
2026-08-10 08:33:49+00:00,52.359624,4.890172,112.0,Sudden braking,2.4,2.4,17.072727272727274,17.0,1.0,1,3.9,1.0,604F0_Trip1465,1
2026-08-10 08:33:50+00:00,52.359613,4.890227,112.0,Sudden braking,2.2,2.2,15.436363636363637,14.8,1.0,1,3.4,1.0,604F0_Trip1465,1
2026-08-10 08:37:11+00:00,52.361039,4.907784,69.0,Sudden braking,3.0,3.0,17.9,16.9,1.0,2,4.8,1.0,604F0_Trip1465,1
2026-08-10 08:37:12+00:00,52.361048,4.907854,69.0,Sudden braking,3.8,3.8,17.47142857142857,13.1,1.0,2,2.0,1.0,604F0_Trip1465,1
2026-08-10 08:37:30+00:00,52.361055,4.907897,77.0,Sudden braking,2.7,2.7,10.8,6.5,1.0,3,1.7,1.0,604F0_Trip1465,1
2026-08-10 08:41:00+00:00,52.368519,4.913718,30.0,Sudden braking,2.0,2.0,18.536363636363635,18.6,1.0,3,3.9,1.0,604F0_Trip1465,1
2026-08-10 08:41:01+00:00,52.368549,4.913748,30.0,Sudden braking,2.0,2.0,17.636363636363637,16.6,0.999,2,3.9,0.999,604F0_Trip1465,1
2026-08-10 08:42:43+00:00,52.37103,4.915015,72.0,Sudden braking,2.0,2.0,14.422222222222222,13.1,1.0,2,3.3,1.0,604F0_Trip1465,1
2026-08-10 08:42:44+00:00,52.371031,4.915064,80.0,Sudden braking,2.1,2.1,13.775,11.0,1.0,3,2.4,1.0,604F0_Trip1465,1
2026-08-11 05:48:46+00:00,52.35387,4.809166,72.0,Sudden braking,2.1,2.1,14.618181818181817,15.1,1.0,2,3.7,1.0,604F0_Trip1466,1
2026-08-11 05:48:47+00:00,52.353881,4.809218,72.0,Sudden braking,2.2,2.2,13.84,12.9,1.0,2,3.1,1.0,604F0_Trip1466,1
2026-08-11 05:48:48+00:00,52.35389,4.809261,71.0,Sudden braking,2.2,2.2,12.966666666666667,10.7,1.0,2,2.5,1.0,604F0_Trip1466,1
2026-08-11 05:48:49+00:00,52.353898,4.809297,70.0,Sudden braking,2.2,2.2,12.025,8.5,1.0,2,1.8,1.0,604F0_Trip1466,1
2026-08-11 05:52:41+00:00,52.356155,4.826911,88.0,Sudden braking,2.0,2.0,17.363636363636363,17.5,1.0,3,4.5,1.0,604F0_Trip1466,1
2026-08-11 05:52:42+00:00,52.356157,4.826977,88.0,Sudden braking,2.3,2.3,16.454545454545453,15.2,1.0,3,3.8,1.0,604F0_Trip1466,1
2026-08-11 05:52:43+00:00,52.356158,4.827033,87.0,Sudden braking,2.2,2.2,15.836363636363636,13.0,1.0,3,2.8,1.0,604F0_Trip1466,1
2026-08-11 05:57:58+00:00,52.354728,4.855003,82.0,Sudden braking,2.1,2.1,17.118181818181817,18.7,1.0,2,4.4,1.0,604F0_Trip1466,1
2026-08-11 05:57:59+00:00,52.354735,4.855066,82.0,Sudden braking,2.4,2.4,15.327272727272726,16.3,1.0,2,3.1,1.0,604F0_Trip1466,1
2026-08-11 05:58:00+00:00,52.354753,4.855102,71.0,Sudden braking,2.8,2.8,13.50909090909091,13.5,1.0,3,2.6,1.0,604F0_Trip1466,1
2026-08-11 05:58:01+00:00,52.354766,4.855134,65.0,Sudden braking,2.8,2.8,12.54,10.7,1.0,3,2.5,1.0,604F0_Trip1466,1
2026-08-11 05:58:02+00:00,52.354768,4.85517,72.0,Sudden braking,2.3,2.3,11.444444444444445,8.4,1.0,2,1.6,1.0,604F0_Trip1466,1
2026-08-11 05:58:03+00:00,52.354774,4.855193,71.0,Sudden braking,2.1,2.1,10.275,6.3,1.0,2,1.7,1.0,604F0_Trip1466,1
2026-08-11 06:02:49+00:00,52.360718,4.879509,67.0,Sudden braking,2.3,2.3,24.266666666666666,22.5,1.0,2,7.2,1.0,604F0_Trip1466,1
2026-08-11 06:03:46+00:00,52.361759,4.881859,35.0,Sudden braking,2.1,2.1,15.583333333333334,18.2,1.0,2,4.4,1.0,604F0_Trip1466,1
2026-08-11 06:03:47+00:00,52.361788,4.881902,39.0,Sudden braking,2.2,2.2,15.457142857142857,16.0,1.0,2,4.1,1.0,604F0_Trip1466,1
2026-08-11 06:05:40+00:00,52.359612,4.890243,114.0,Sudden braking,2.0,2.0,15.381818181818181,15.8,1.0,2,3.8,1.0,604F0_Trip1466,1
2026-08-11 06:05:41+00:00,52.359594,4.89029,119.0,Sudden braking,2.2,2.2,13.681818181818182,13.6,1.0,2,3.3,1.0,604F0_Trip1466,1
2026-08-11 06:05:42+00:00,52.359573,4.890326,124.0,Sudden braking,2.2,2.2,12.77,11.4,1.0,2,2.9,1.0,604F0_Trip1466,1
2026-08-11 06:05:44+00:00,52.359549,4.890385,117.0,Sudden braking,2.0,2.0,10.244444444444445,7.5,1.0,2,1.9,1.0,604F0_Trip1466,1
2026-08-11 06:11:00+00:00,52.366159,4.911588,30.0,Sudden braking,2.5,2.5,18.255555555555556,18.1,1.0,2,5.0,1.0,604F0_Trip1466,1
2026-08-11 06:11:01+00:00,52.366202,4.91161,30.0,Sudden braking,3.8,3.8,17.475,14.3,1.0,2,3.9,1.0,604F0_Trip1466,1
2026-08-11 06:12:14+00:00,52.368463,4.913684,29.0,Sudden braking,2.0,2.0,16.19090909090909,16.5,1.0,3,3.8,1.0,604F0_Trip1466,1
2026-08-11 06:12:15+00:00,52.368493,4.91371,28.0,Sudden braking,2.1,2.1,15.4,14.4,1.0,3,3.0,1.0,604F0_Trip1466,1
2026-08-11 06:13:57+00:00,52.371029,4.914853,56.0,Sudden braking,2.1,2.1,14.027272727272727,14.5,1.0,3,3.6,1.0,604F0_Trip1466,1
2026-08-11 06:13:58+00:00,52.371047,4.914896,54.0,Sudden braking,2.2,2.2,12.581818181818182,12.3,1.0,3,3.2,1.0,604F0_Trip1466,1
2026-08-11 06:13:59+00:00,52.371063,4.914935,58.0,Sudden braking,2.0,2.0,11.780000000000001,10.3,1.0,3,2.2,1.0,604F0_Trip1466,1
2026-08-11 06:14:50+00:00,52.372347,4.918096,43.0,Sudden braking,2.0,2.0,12.700000000000001,12.3,1.0,2,3.0,1.0,604F0_Trip1466,1
2026-08-11 09:59:01+00:00,52.376122,4.910731,243.0,Sudden braking,2.3,2.3,20.236363636363638,19.3,1.0,2,4.3,1.0,604F0_Trip1467,1
2026-08-11 09:59:02+00:00,52.376105,4.910674,244.0,Sudden braking,2.2,2.2,19.763636363636365,17.1,1.0,2,3.7,1.0,604F0_Trip1467,1
2026-08-11 16:43:30+00:00,52.371002,4.913221,299.0,Sudden braking,2.4,2.4,13.088888888888889,13.8,1.0,3,3.0,1.0,604F0_Trip1471,1
2026-08-11 16:43:31+00:00,52.371012,4.91318,296.0,Sudden braking,3.0,3.0,12.1625,10.8,1.0,2,2.0,1.0,604F0_Trip1471,1
2026-08-11 16:43:32+00:00,52.37102,4.913153,296.0,Sudden braking,2.7,2.7,11.114285714285714,8.1,1.0,3,0.8,1.0,604F0_Trip1471,1
2026-08-11 16:43:33+00:00,52.371023,4.913143,296.0,Sudden braking,2.0,2.0,9.966666666666667,6.1,1.0,3,0,1.0,604F0_Trip1471,1
2026-08-11 16:44:47+00:00,52.368865,4.913857,119.0,Sudden braking,2.0,2.0,19.044444444444444,18.3,1.0,3,4.6,1.0,604F0_Trip1471,1
2026-08-11 16:44:48+00:00,52.368845,4.913917,119.0,Sudden braking,2.0,2.0,18.625,16.3,1.0,3,3.2,1.0,604F0_Trip1471,1
2026-08-11 16:45:33+00:00,52.366704,4.91197,212.0,Sudden braking,2.4,2.4,18.44,19.0,1.0,2,4.9,1.0,604F0_Trip1471,1
2026-08-11 16:45:34+00:00,52.366668,4.911929,214.0,Sudden braking,3.1,3.1,17.61111111111111,15.9,1.0,2,4.0,1.0,604F0_Trip1471,1
2026-08-11 16:45:35+00:00,52.366639,4.911893,214.0,Sudden braking,3.6,3.6,16.625,12.3,1.0,2,3.0,1.0,604F0_Trip1471,1
2026-08-11 16:45:36+00:00,52.366617,4.911866,219.0,Sudden braking,3.1,3.1,15.485714285714286,9.2,1.0,2,1.5,1.0,604F0_Trip1471,1
2026-08-11 16:47:19+00:00,52.364401,4.906577,258.0,Sudden braking,2.4,2.4,16.572727272727274,17.4,1.0,1,4.0,1.0,604F0_Trip1471,1
2026-08-11 16:47:20+00:00,52.364399,4.906519,252.0,Sudden braking,2.7,2.7,14.981818181818182,14.7,1.0,1,3.2,1.0,604F0_Trip1471,1
2026-08-11 16:47:21+00:00,52.364389,4.906474,252.0,Sudden braking,2.4,2.4,14.1,12.3,1.0,1,2.1,1.0,604F0_Trip1471,1
2026-08-11 16:48:24+00:00,52.363746,4.903241,254.0,Sudden braking,2.5,2.5,20.011111111111113,19.0,1.0,2,4.6,1.0,604F0_Trip1471,1
2026-08-11 16:48:25+00:00,52.363727,4.903181,250.0,Sudden braking,3.2,3.2,18.31111111111111,15.8,1.0,2,3.6,1.0,604F0_Trip1471,1
2026-08-11 16:48:26+00:00,52.363726,4.903128,259.0,Sudden braking,3.0,3.0,16.755555555555556,12.8,1.0,3,2.4,1.0,604F0_Trip1471,1
2026-08-11 16:49:24+00:00,52.362931,4.898803,252.0,Sudden braking,2.5,2.5,15.144444444444444,13.8,1.0,4,2.8,1.0,604F0_Trip1471,1
2026-08-11 16:49:25+00:00,52.362924,4.898764,250.0,Sudden braking,2.9,2.9,14.4,10.9,1.0,4,2.0,1.0,604F0_Trip1471,1
2026-08-11 16:50:30+00:00,52.359781,4.898748,199.0,Sudden braking,2.4,2.4,18.336363636363636,18.7,1.0,3,4.9,1.0,604F0_Trip1471,1
2026-08-11 16:50:31+00:00,52.359741,4.898717,203.0,Sudden braking,2.5,2.5,17.054545454545455,16.2,1.0,3,3.9,1.0,604F0_Trip1471,1
2026-08-11 16:50:32+00:00,52.359707,4.898702,199.0,Sudden braking,2.3,2.3,16.0,13.9,1.0,3,3.1,1.0,604F0_Trip1471,1
2026-08-11 16:50:33+00:00,52.359681,4.898685,200.0,Sudden braking,2.0,2.0,15.272727272727273,11.9,1.0,3,2.7,1.0,604F0_Trip1471,1
2026-08-11 16:51:45+00:00,52.359637,4.891575,279.0,Sudden braking,2.1,2.1,14.936363636363636,15.3,1.0,2,4.2,1.0,604F0_Trip1471,1
2026-08-11 16:51:46+00:00,52.35964,4.891513,278.0,Sudden braking,2.2,2.2,13.118181818181819,13.1,1.0,2,3.5,1.0,604F0_Trip1471,1
2026-08-11 16:51:47+00:00,52.359643,4.891462,277.0,Sudden braking,2.2,2.2,11.3,10.9,1.0,2,2.8,1.0,604F0_Trip1471,1
2026-08-11 16:51:48+00:00,52.359648,4.891422,277.0,Sudden braking,2.1,2.1,10.33,8.8,1.0,2,2.0,1.0,604F0_Trip1471,1
2026-08-11 16:53:57+00:00,52.362538,4.883893,311.0,Sudden braking,2.2,2.2,16.7,16.6,1.0,2,4.5,1.0,604F0_Trip1471,1
2026-08-11 16:53:58+00:00,52.362565,4.883845,315.0,Sudden braking,2.3,2.3,15.94,14.3,1.0,2,3.6,1.0,604F0_Trip1471,1
2026-08-11 16:53:59+00:00,52.362588,4.883807,319.0,Sudden braking,2.1,2.1,14.73,12.2,1.0,3,2.6,1.0,604F0_Trip1471,1
2026-08-11 16:54:34+00:00,52.361935,4.881969,234.0,Sudden braking,2.2,2.2,11.2875,8.6,1.0,1,1.9,1.0,604F0_Trip1471,1
2026-08-11 17:00:20+00:00,52.354975,4.855823,245.0,Sudden braking,2.0,2.0,15.063636363636364,15.6,1.0,2,4.2,1.0,604F0_Trip1471,1
2026-08-11 17:00:21+00:00,52.354958,4.855767,246.0,Sudden braking,2.2,2.2,14.18,13.4,1.0,2,3.4,1.0,604F0_Trip1471,1
2026-08-11 17:00:22+00:00,52.354946,4.855721,248.0,Sudden braking,2.5,2.5,12.44,10.9,1.0,2,2.6,1.0,604F0_Trip1471,1
2026-08-11 17:00:23+00:00,52.354942,4.855683,255.0,Sudden braking,2.3,2.3,10.85,8.6,1.0,2,1.8,1.0,604F0_Trip1471,1
2026-08-11 17:01:39+00:00,52.354902,4.8508,269.0,Sudden braking,2.0,2.0,19.554545454545455,21.8,1.0,3,5.9,1.0,604F0_Trip1471,1
2026-08-11 17:01:40+00:00,52.354901,4.850713,269.0,Sudden braking,2.6,2.6,17.900000000000002,19.2,1.0,3,4.7,1.0,604F0_Trip1471,1
2026-08-11 17:01:41+00:00,52.354901,4.850644,269.0,Sudden braking,2.9,2.9,16.245454545454546,16.3,1.0,3,3.4,1.0,604F0_Trip1471,1
2026-08-11 17:01:42+00:00,52.354901,4.850595,269.0,Sudden braking,3.0,3.0,15.31,13.3,1.0,3,2.9,1.0,604F0_Trip1471,1
2026-08-11 17:01:43+00:00,52.3549,4.850553,269.0,Sudden braking,2.8,2.8,13.71,10.5,1.0,4,2.3,1.0,604F0_Trip1471,1
2026-08-11 17:01:44+00:00,52.3549,4.850519,269.0,Sudden braking,2.2,2.2,12.48,8.3,1.0,4,1.8,1.0,604F0_Trip1471,1
2026-08-11 17:03:00+00:00,52.355714,4.844582,269.0,Sudden braking,2.4,2.4,20.227272727272727,19.7,1.0,2,5.0,1.0,604F0_Trip1471,1
2026-08-11 17:03:01+00:00,52.355713,4.844508,270.0,Sudden braking,2.4,2.4,19.5,17.3,1.0,2,4.2,1.0,604F0_Trip1471,1
2026-08-11 17:05:58+00:00,52.356269,4.827785,268.0,Sudden braking,2.2,2.2,18.69090909090909,20.0,1.0,2,5.3,1.0,604F0_Trip1471,1
2026-08-11 17:05:59+00:00,52.356267,4.827707,268.0,Sudden braking,2.5,2.5,17.027272727272727,17.5,1.0,2,4.3,1.0,604F0_Trip1471,1
2026-08-11 17:06:00+00:00,52.356265,4.827644,268.0,Sudden braking,2.6,2.6,16.17,14.9,1.0,2,3.1,1.0,604F0_Trip1471,1
2026-08-11 17:06:01+00:00,52.356264,4.827599,268.0,Sudden braking,2.6,2.6,15.188888888888888,12.3,1.0,2,2.9,1.0,604F0_Trip1471,1
2026-08-11 17:06:02+00:00,52.356263,4.827556,268.0,Sudden braking,2.3,2.3,14.1,10.0,1.0,2,1.8,1.0,604F0_Trip1471,1
2026-08-11 17:07:12+00:00,52.35622,4.821855,270.0,Sudden braking,3.1,3.1,19.136363636363637,19.8,1.0,4,5.6,1.0,604F0_Trip1471,1
2026-08-11 17:07:13+00:00,52.356223,4.821773,270.0,Sudden braking,3.6,3.6,18.2,16.2,1.0,3,3.2,1.0,604F0_Trip1471,1
2026-08-11 17:07:14+00:00,52.356223,4.821726,270.0,Sudden braking,2.9,2.9,17.490909090909092,13.3,1.0,3,1.5,1.0,604F0_Trip1471,1
2026-08-11 17:09:19+00:00,52.354187,4.809625,250.0,Sudden braking,2.0,2.0,21.40909090909091,20.2,1.0,4,4.5,1.0,604F0_Trip1471,1
2026-08-11 17:10:17+00:00,52.35477,4.806215,251.0,Sudden braking,2.2,2.2,10.4,8.7,1.0,2,2.4,1.0,604F0_Trip1471,1
2026-08-11 17:10:22+00:00,52.354797,4.80619,251.0,Sudden braking,2.4,2.4,3.683333333333333,3.9,1.0,2,1.6,1.0,604F0_Trip1471,1
2026-08-12 05:54:53+00:00,52.353695,4.807269,155.0,Sudden braking,2.4,2.4,13.0,11.2,1.001,2,1.3,1.001,604F0_Trip1474,1
2026-08-12 05:54:54+00:00,52.353688,4.807285,151.0,Sudden braking,2.4,2.4,12.216666666666667,8.8,1.0,2,2.4,1.0,604F0_Trip1474,1
2026-08-12 05:55:26+00:00,52.353775,4.808939,71.0,Sudden braking,2.2,2.2,18.7,19.0,1.0,3,4.6,1.0,604F0_Trip1474,1
2026-08-12 05:55:27+00:00,52.353787,4.809005,73.0,Sudden braking,2.5,2.5,17.14,16.5,1.0,3,4.0,1.0,604F0_Trip1474,1
2026-08-12 05:55:28+00:00,52.353798,4.809061,72.0,Sudden braking,2.5,2.5,15.48,14.0,1.001,3,3.4,1.001,604F0_Trip1474,1
2026-08-12 05:55:30+00:00,52.353808,4.809109,72.0,Sudden braking,2.3,2.3,12.31,11.7,1.0,3,2.4,1.0,604F0_Trip1474,1
2026-08-12 05:58:56+00:00,52.356158,4.827046,88.0,Sudden braking,2.5,2.5,16.122222222222224,14.4,1.0,3,3.6,1.0,604F0_Trip1474,1
2026-08-12 05:58:57+00:00,52.35616,4.827099,88.0,Sudden braking,2.7,2.7,15.2,11.7,1.0,4,2.2,1.0,604F0_Trip1474,1
2026-08-12 05:58:58+00:00,52.35616,4.827132,88.0,Sudden braking,2.3,2.3,14.2,9.4,1.0,3,1.3,1.0,604F0_Trip1474,1
2026-08-12 06:04:10+00:00,52.354819,4.853058,94.0,Sudden braking,2.3,2.3,20.181818181818183,19.8,1.0,3,4.8,1.0,604F0_Trip1474,1
2026-08-12 06:04:11+00:00,52.354816,4.853128,94.0,Sudden braking,2.1,2.1,19.28181818181818,17.7,1.0,3,4.2,1.0,604F0_Trip1474,1
2026-08-12 06:08:55+00:00,52.360644,4.879232,66.0,Sudden braking,2.6,2.6,23.05,22.0,1.0,1,7.3,1.0,604F0_Trip1474,1
2026-08-12 06:10:04+00:00,52.361749,4.881845,37.0,Sudden braking,2.4,2.4,14.4,17.2,1.0,4,4.2,1.0,604F0_Trip1474,1
2026-08-12 06:10:05+00:00,52.361779,4.881883,38.0,Sudden braking,2.6,2.6,14.471428571428572,14.6,1.0,4,3.9,1.0,604F0_Trip1474,1
2026-08-12 06:11:59+00:00,52.359599,4.890281,120.0,Sudden braking,2.1,2.1,17.82,19.5,1.0,2,4.9,1.0,604F0_Trip1474,1
2026-08-12 06:12:00+00:00,52.359575,4.89034,121.0,Sudden braking,3.0,3.0,17.355555555555554,16.5,1.0,2,3.8,1.0,604F0_Trip1474,1
2026-08-12 06:12:01+00:00,52.359556,4.890388,120.0,Sudden braking,3.6,3.6,16.725,12.9,1.0,2,2.9,1.0,604F0_Trip1474,1
2026-08-12 06:12:02+00:00,52.359548,4.890429,111.0,Sudden braking,3.1,3.1,15.871428571428572,9.8,1.0,3,1.7,1.0,604F0_Trip1474,1
2026-08-12 06:13:52+00:00,52.359395,4.898156,75.0,Sudden braking,2.1,2.1,13.627272727272727,12.9,1.0,4,3.2,1.0,604F0_Trip1474,1
2026-08-12 06:13:53+00:00,52.359402,4.898202,75.0,Sudden braking,2.2,2.2,12.845454545454546,10.7,1.0,3,2.6,1.0,604F0_Trip1474,1
2026-08-12 06:17:29+00:00,52.366029,4.911496,30.0,Sudden braking,2.1,2.1,18.327272727272728,18.5,1.0,2,4.7,1.0,604F0_Trip1474,1
2026-08-12 06:17:30+00:00,52.366067,4.911525,30.0,Sudden braking,2.1,2.1,16.790909090909093,16.4,1.0,2,4.2,1.0,604F0_Trip1474,1
2026-08-12 06:17:31+00:00,52.366099,4.91156,30.0,Sudden braking,2.0,2.0,15.427272727272728,14.4,1.0,2,4.2,1.0,604F0_Trip1474,1
2026-08-12 06:17:32+00:00,52.366134,4.911582,30.0,Sudden braking,2.0,2.0,14.336363636363636,12.4,1.0,2,4.0,1.0,604F0_Trip1474,1
2026-08-12 06:18:58+00:00,52.369486,4.912247,299.0,Sudden braking,2.1,2.1,16.227272727272727,14.9,1.0,3,1.7,1.0,604F0_Trip1474,1
2026-08-12 06:20:40+00:00,52.372412,4.918202,45.0,Sudden braking,2.0,2.0,15.381818181818181,14.4,1.0,2,3.0,1.0,604F0_Trip1474,1
2026-08-17 07:33:26+00:00,52.355721,4.818306,72.0,Sudden braking,2.1,2.1,20.5,20.5,1.0,2,5.5,1.0,604F0_Trip1482,1
2026-08-17 07:33:27+00:00,52.355735,4.818384,72.0,Sudden braking,2.4,2.4,20.054545454545455,18.1,1.0,2,4.2,1.0,604F0_Trip1482,1
2026-08-17 07:34:57+00:00,52.35609,4.826897,91.0,Sudden braking,2.4,2.4,17.04,16.7,1.0,2,4.3,1.0,604F0_Trip1482,1
2026-08-17 07:34:58+00:00,52.356096,4.826959,91.0,Sudden braking,2.4,2.4,15.35,14.3,1.0,2,3.0,1.0,604F0_Trip1482,1
2026-08-17 07:34:59+00:00,52.356089,4.827002,100.0,Sudden braking,2.2,2.2,13.59,12.1,1.0,2,2.3,1.0,604F0_Trip1482,1
2026-08-17 07:35:00+00:00,52.356081,4.827033,109.0,Sudden braking,2.1,2.1,11.85,10.0,1.001,2,1.9,1.001,604F0_Trip1482,1
2026-08-17 07:39:42+00:00,52.35495,4.850003,89.0,Sudden braking,2.0,2.0,15.063636363636363,14.0,1.0,2,2.7,1.0,604F0_Trip1482,1
2026-08-17 07:45:31+00:00,52.361597,4.881617,57.0,Sudden braking,2.0,2.0,14.33,15.9,1.0,2,3.8,1.0,604F0_Trip1482,1
2026-08-17 07:45:32+00:00,52.361615,4.881666,56.0,Sudden braking,2.2,2.2,13.466666666666667,13.7,1.0,2,3.1,1.0,604F0_Trip1482,1
2026-08-17 07:45:33+00:00,52.361632,4.881702,53.0,Sudden braking,2.2,2.2,11.633333333333333,11.5,1.0,2,2.4,1.0,604F0_Trip1482,1
2026-08-17 07:45:34+00:00,52.361647,4.881727,49.0,Sudden braking,2.3,2.3,10.6375,9.2,1.0,2,1.8,1.0,604F0_Trip1482,1
2026-08-17 07:45:35+00:00,52.361661,4.88174,40.0,Sudden braking,2.2,2.2,9.6,7.0,1.0,2,1.3,1.0,604F0_Trip1482,1
2026-08-17 07:47:54+00:00,52.359517,4.89047,106.0,Sudden braking,2.0,2.0,20.845454545454547,20.3,1.0,3,5.1,1.0,604F0_Trip1482,1
2026-08-17 07:49:06+00:00,52.359278,4.897752,77.0,Sudden braking,2.2,2.2,19.51818181818182,20.3,1.0,2,4.4,1.0,604F0_Trip1482,1
2026-08-17 07:49:07+00:00,52.359287,4.897816,77.0,Sudden braking,2.3,2.3,17.963636363636365,18.0,1.0,2,3.7,1.0,604F0_Trip1482,1
2026-08-17 07:49:08+00:00,52.359287,4.89787,77.0,Sudden braking,2.2,2.2,16.30909090909091,15.8,1.0,2,3.5,1.0,604F0_Trip1482,1
2026-08-17 07:49:09+00:00,52.359295,4.89792,77.0,Sudden braking,2.0,2.0,14.581818181818182,13.8,1.0,2,3.6,1.0,604F0_Trip1482,1
2026-08-17 07:51:38+00:00,52.360979,4.907617,73.0,Sudden braking,2.2,2.2,20.21818181818182,19.7,1.0,2,4.4,1.0,604F0_Trip1482,1
2026-08-17 07:51:39+00:00,52.36099,4.907679,73.0,Sudden braking,2.1,2.1,19.354545454545455,17.6,1.0,2,3.8,1.0,604F0_Trip1482,1
2026-08-17 07:52:24+00:00,52.361808,4.911383,66.0,Sudden braking,2.0,2.0,14.663636363636364,15.3,1.0,2,3.6,1.0,604F0_Trip1482,1
2026-08-17 07:52:25+00:00,52.361823,4.911431,61.0,Sudden braking,2.3,2.3,13.218181818181819,13.0,1.0,2,2.6,1.0,604F0_Trip1482,1
2026-08-17 07:52:26+00:00,52.36184,4.911457,48.0,Sudden braking,2.3,2.3,11.927272727272728,10.7,1.0,2,2.2,1.0,604F0_Trip1482,1
2026-08-17 07:52:27+00:00,52.361858,4.911468,30.0,Sudden braking,2.0,2.0,10.863636363636363,8.7,1.0,2,1.5,1.0,604F0_Trip1482,1
2026-08-17 07:52:45+00:00,52.36243,4.911134,341.0,Sudden braking,2.0,2.0,17.18181818181818,15.9,1.0,3,4.0,1.0,604F0_Trip1482,1
2026-08-17 07:53:50+00:00,52.366084,4.911595,30.0,Sudden braking,2.2,2.2,15.533333333333333,13.9,1.0,2,3.7,1.0,604F0_Trip1482,1
2026-08-17 07:53:51+00:00,52.366116,4.91161,30.0,Sudden braking,2.2,2.2,13.633333333333333,11.7,1.0,2,1.4,1.0,604F0_Trip1482,1
2026-08-17 07:53:52+00:00,52.366124,4.911626,30.0,Sudden braking,2.4,2.4,12.675,9.3,1.001,2,2.3,1.001,604F0_Trip1482,1
2026-08-17 07:55:22+00:00,52.369479,4.912401,298.0,Sudden braking,2.0,2.0,16.172727272727272,17.8,1.0,2,4.4,1.0,604F0_Trip1482,1
2026-08-17 07:55:23+00:00,52.3695,4.912347,300.0,Sudden braking,2.6,2.6,15.445454545454545,15.2,1.0,2,3.5,1.0,604F0_Trip1482,1
2026-08-17 07:55:24+00:00,52.369525,4.912317,313.0,Sudden braking,2.3,2.3,14.763636363636364,12.9,1.0,2,2.8,1.0,604F0_Trip1482,1
2026-08-19 12:50:26+00:00,52.367135,4.924994,212.0,Sudden braking,2.33,2.33,4.888888888888889,6.2,0.943,1,1.2,0.943,604F0_Trip1498,1
2026-08-19 12:50:27+00:00,52.367126,4.924986,202.0,Sudden braking,2.2,2.2,4.888888888888889,4.0,1.001,1,0.7,1.001,604F0_Trip1498,1
2026-08-19 12:51:33+00:00,52.366006,4.926529,144.0,Sudden braking,2.74,2.74,17.55,16.3,1.021,3,4.8,1.021,604F0_Trip1498,1
2026-08-19 12:51:34+00:00,52.36597,4.926569,147.0,Sudden braking,2.69,2.69,17.28,13.7,0.967,3,3.9,0.967,604F0_Trip1498,1
2026-08-19 12:52:59+00:00,52.363131,4.920514,261.0,Sudden braking,2.13,2.13,9.33,8.6,1.033,2,3.4,1.033,604F0_Trip1498,1
2026-08-19 12:53:00+00:00,52.363128,4.920464,262.0,Sudden braking,2.41,2.41,6.990909090909091,6.2,0.995,2,2.0,0.995,604F0_Trip1498,1
2026-08-19 12:53:01+00:00,52.363127,4.920435,258.0,Sudden braking,2.08,2.08,5.188888888888889,4.1,1.009,2,1.3,1.009,604F0_Trip1498,1
2026-08-19 12:53:40+00:00,52.362899,4.919901,212.0,Sudden braking,2.08,2.08,8.363636363636363,10.1,1.009,2,0.8,1.009,604F0_Trip1498,1
2026-08-19 12:53:41+00:00,52.362893,4.919896,0.0,Sudden braking,3.72,3.72,7.29,6.4,0.994,2,0.7,0.994,604F0_Trip1498,1
2026-08-19 12:53:42+00:00,52.362888,4.919904,0.0,Sudden braking,3.15,3.15,6.37,3.4,0.952,2,1.2,0.952,604F0_Trip1498,1
2026-08-19 12:54:59+00:00,52.361763,4.915503,245.0,Sudden braking,2.59,2.59,11.188888888888888,12.1,1.005,2,3.5,1.005,604F0_Trip1498,1
2026-08-19 12:55:00+00:00,52.361746,4.91546,238.0,Sudden braking,3.12,3.12,8.39,9.1,0.96,1,2.8,0.96,604F0_Trip1498,1
2026-08-19 12:55:01+00:00,52.361731,4.915427,234.0,Sudden braking,2.78,2.78,8.39,6.3,1.006,1,1.8,1.006,604F0_Trip1498,1
2026-08-19 12:55:02+00:00,52.36172,4.915407,230.0,Sudden braking,2.26,2.26,6.6499999999999995,4.0,1.017,1,1.4,1.017,604F0_Trip1498,1
2026-08-19 12:59:42+00:00,52.368034,4.90495,81.0,Sudden braking,2.25,2.25,18.227272727272727,17.0,0.978,2,4.7,0.978,604F0_Trip1498,1
2026-08-19 12:59:54+00:00,52.36839,4.904467,307.0,Sudden braking,2.85,2.85,17.033333333333335,16.0,1.019,2,6.3,1.019,604F0_Trip1498,1
2026-08-19 12:59:55+00:00,52.368431,4.904402,318.0,Sudden braking,2.17,2.17,17.52,13.9,0.966,2,2.9,0.966,604F0_Trip1498,1
2026-08-19 13:01:31+00:00,52.371306,4.911995,118.0,Sudden braking,2.46,2.46,8.075,8.3,0.934,2,2.9,0.934,604F0_Trip1498,1
2026-08-20 07:12:24+00:00,52.353822,4.809154,73.0,Sudden braking,2.1,2.1,16.4,17.4,1.0,2,4.1,1.0,604F0_Trip1501,1
2026-08-20 07:12:25+00:00,52.353833,4.809212,73.0,Sudden braking,2.4,2.4,14.827272727272728,15.0,1.0,2,3.3,1.0,604F0_Trip1501,1
2026-08-20 07:12:26+00:00,52.35384,4.809259,74.0,Sudden braking,2.4,2.4,14.0,12.6,1.0,2,2.6,1.0,604F0_Trip1501,1
2026-08-20 07:12:27+00:00,52.353848,4.809295,73.0,Sudden braking,2.2,2.2,13.077777777777778,10.4,1.0,2,2.2,1.0,604F0_Trip1501,1
2026-08-20 07:26:31+00:00,52.361562,4.881465,58.0,Sudden braking,2.2,2.2,18.01818181818182,18.8,1.0,2,5.1,1.0,604F0_Trip1501,1
2026-08-20 07:26:32+00:00,52.361588,4.881528,56.0,Sudden braking,2.3,2.3,16.28181818181818,16.5,1.0,2,4.2,1.0,604F0_Trip1501,1
2026-08-20 07:26:33+00:00,52.361611,4.881576,52.0,Sudden braking,2.3,2.3,14.472727272727273,14.2,1.0,2,3.4,1.0,604F0_Trip1501,1
2026-08-20 07:26:34+00:00,52.361631,4.881615,50.0,Sudden braking,2.2,2.2,12.672727272727272,12.0,1.0,2,3.7,1.0,604F0_Trip1501,1
2026-08-20 07:26:35+00:00,52.361635,4.881669,52.0,Sudden braking,2.0,2.0,11.66,10.0,1.0,2,2.6,1.0,604F0_Trip1501,1
2026-08-20 07:29:05+00:00,52.359647,4.890072,112.0,Sudden braking,2.1,2.1,16.2,16.3,1.0,2,4.3,1.0,604F0_Trip1501,1
2026-08-20 07:29:06+00:00,52.359631,4.890129,113.0,Sudden braking,2.1,2.1,14.727272727272727,14.2,1.0,2,3.4,1.0,604F0_Trip1501,1
2026-08-20 07:30:44+00:00,52.359375,4.898015,77.0,Sudden braking,2.3,2.3,16.954545454545453,18.1,1.0,2,4.8,1.0,604F0_Trip1501,1
2026-08-20 07:30:45+00:00,52.359383,4.898084,77.0,Sudden braking,2.7,2.7,15.209090909090909,15.4,1.0,2,3.7,1.0,604F0_Trip1501,1
2026-08-20 07:30:46+00:00,52.35939,4.898138,78.0,Sudden braking,2.8,2.8,14.25,12.6,1.0,2,3.0,1.0,604F0_Trip1501,1
2026-08-20 07:30:47+00:00,52.359395,4.89818,78.0,Sudden braking,2.7,2.7,13.188888888888888,9.9,1.0,2,2.2,1.0,604F0_Trip1501,1
2026-08-20 07:30:48+00:00,52.3594,4.898212,78.0,Sudden braking,2.3,2.3,12.05,7.6,1.0,2,1.7,1.0,604F0_Trip1501,1
2026-08-20 07:33:43+00:00,52.361849,4.911343,66.0,Sudden braking,2.2,2.2,13.85,14.0,1.0,2,3.7,1.0,604F0_Trip1501,1
2026-08-20 07:33:44+00:00,52.36186,4.911393,66.0,Sudden braking,2.5,2.5,13.133333333333333,11.5,1.0,2,2.7,1.0,604F0_Trip1501,1
2026-08-20 07:33:45+00:00,52.361868,4.911431,66.0,Sudden braking,2.5,2.5,12.3125,9.0,1.0,2,2.0,1.0,604F0_Trip1501,1
2026-08-20 07:33:46+00:00,52.361873,4.91146,72.0,Sudden braking,2.4,2.4,11.371428571428572,6.6,1.0,2,1.2,1.0,604F0_Trip1501,1
2026-08-20 07:35:16+00:00,52.365899,4.911349,29.0,Sudden braking,2.0,2.0,21.072727272727274,22.1,1.0,2,5.9,1.0,604F0_Trip1501,1
2026-08-20 07:35:17+00:00,52.365945,4.911389,29.0,Sudden braking,2.2,2.2,19.463636363636365,19.9,1.0,2,5.1,1.0,604F0_Trip1501,1
2026-08-20 07:35:18+00:00,52.365978,4.911442,29.0,Sudden braking,2.2,2.2,17.7,17.7,1.0,2,4.5,1.0,604F0_Trip1501,1
2026-08-20 07:35:19+00:00,52.366009,4.911484,30.0,Sudden braking,2.1,2.1,15.836363636363636,15.6,1.0,2,4.1,1.0,604F0_Trip1501,1
2026-08-20 07:35:20+00:00,52.36604,4.911518,30.0,Sudden braking,2.0,2.0,13.972727272727273,13.6,1.0,2,3.6,1.0,604F0_Trip1501,1
2026-08-20 07:35:23+00:00,52.36611,4.911586,30.0,Sudden braking,2.0,2.0,10.255555555555555,7.9,1.0,2,2.1,1.0,604F0_Trip1501,1
2026-08-20 07:36:36+00:00,52.368567,4.913762,29.0,Sudden braking,2.0,2.0,18.836363636363636,19.6,1.0,2,3.9,1.0,604F0_Trip1501,1
2026-08-20 07:38:05+00:00,52.370998,4.914896,56.0,Sudden braking,2.1,2.1,17.790909090909093,19.2,1.0,2,4.7,1.0,604F0_Trip1501,1
2026-08-20 07:38:06+00:00,52.371017,4.914958,62.0,Sudden braking,2.6,2.6,17.02,16.6,1.0,3,4.0,1.0,604F0_Trip1501,1
2026-08-20 07:38:07+00:00,52.371022,4.915016,75.0,Sudden braking,2.9,2.9,16.122222222222224,13.7,1.0,3,3.5,1.0,604F0_Trip1501,1
2026-08-20 07:38:08+00:00,52.371024,4.915068,81.0,Sudden braking,2.8,2.8,15.1,10.9,1.0,2,2.3,1.0,604F0_Trip1501,1
2026-08-20 07:38:09+00:00,52.371027,4.915101,83.0,Sudden braking,2.2,2.2,13.971428571428572,8.7,1.0,2,1.3,1.0,604F0_Trip1501,1
2026-08-24 07:54:34+00:00,52.353795,4.809098,68.0,Sudden braking,2.23,2.23,10.444444444444445,12.4,0.986,2,3.5,0.986,604F0_Trip1512,1
2026-08-24 07:54:35+00:00,52.353805,4.809147,71.0,Sudden braking,2.58,2.58,8.766666666666667,10.0,0.931,3,2.8,0.931,604F0_Trip1512,1
2026-08-24 07:54:36+00:00,52.353813,4.809187,74.0,Sudden braking,2.3,2.3,8.25,7.6,1.043,3,2.6,1.043,604F0_Trip1512,1
2026-08-24 07:58:05+00:00,52.356161,4.826119,83.0,Sudden braking,2.28,2.28,17.26,18.1,1.007,2,5.0,1.007,604F0_Trip1512,1
2026-08-24 07:58:06+00:00,52.356167,4.826192,80.0,Sudden braking,3.36,3.36,16.08,14.7,1.012,2,4.1,1.012,604F0_Trip1512,1
2026-08-24 07:58:07+00:00,52.356167,4.826253,85.0,Sudden braking,2.49,2.49,14.83,12.1,1.044,2,3.3,1.044,604F0_Trip1512,1
2026-08-24 07:58:19+00:00,52.356097,4.826944,95.0,Sudden braking,2.68,2.68,10.427272727272728,12.4,0.971,3,3.0,0.971,604F0_Trip1512,1
2026-08-24 07:58:20+00:00,52.356088,4.826986,114.0,Sudden braking,3.29,3.29,10.05,9.1,1.004,3,3.2,1.004,604F0_Trip1512,1
2026-08-24 07:58:21+00:00,52.356077,4.82703,115.0,Sudden braking,3.22,3.22,8.790000000000001,5.9,0.993,3,1.6,0.993,604F0_Trip1512,1
2026-08-24 07:58:22+00:00,52.356078,4.827054,0.0,Sudden braking,2.01,2.01,7.57,3.8,1.046,3,0.2,1.046,604F0_Trip1512,1
2026-08-24 08:02:32+00:00,52.355703,4.847771,110.0,Sudden braking,2.27,2.27,16.86,14.6,0.971,3,4.0,0.971,604F0_Trip1512,1
2026-08-24 08:02:47+00:00,52.355061,4.847981,180.0,Sudden braking,2.18,2.18,15.722222222222221,14.9,1.054,2,4.7,1.054,604F0_Trip1512,1
2026-08-24 08:04:08+00:00,52.354652,4.854613,103.0,Sudden braking,3.2,3.2,16.17,18.4,1.031,3,6.8,1.031,604F0_Trip1512,1
2026-08-24 08:04:09+00:00,52.354635,4.85471,107.0,Sudden braking,3.93,3.93,15.22,14.8,0.915,3,4.9,0.915,604F0_Trip1512,1
2026-08-24 08:04:10+00:00,52.354627,4.85478,105.0,Sudden braking,2.84,2.84,15.236363636363636,11.8,1.056,3,2.6,1.056,604F0_Trip1512,1
2026-08-24 08:04:11+00:00,52.354629,4.854818,91.0,Sudden braking,2.59,2.59,13.95,9.3,0.967,3,1.7,0.967,604F0_Trip1512,1
2026-08-24 08:05:52+00:00,52.356253,4.864998,87.0,Sudden braking,2.42,2.42,21.51111111111111,20.2,1.032,3,6.7,1.032,604F0_Trip1512,1
2026-08-24 08:09:15+00:00,52.361652,4.881693,45.0,Sudden braking,2.04,2.04,11.61,11.3,1.031,2,2.6,1.031,604F0_Trip1512,1
2026-08-24 08:09:16+00:00,52.361668,4.881722,47.0,Sudden braking,2.42,2.42,8.944444444444445,9.0,0.952,2,1.6,0.952,604F0_Trip1512,1
2026-08-24 08:09:17+00:00,52.36168,4.881734,34.0,Sudden braking,2.34,2.34,7.211111111111111,6.6,1.025,2,0.9,1.025,604F0_Trip1512,1
2026-08-24 08:09:18+00:00,52.361687,4.881742,28.0,Sudden braking,2.05,2.05,5.611111111111112,4.4,1.071,2,0.4,1.071,604F0_Trip1512,1
2026-08-24 08:10:33+00:00,52.362655,4.883744,34.0,Sudden braking,2.19,2.19,10.91,7.4,1.006,3,3.1,1.006,604F0_Trip1512,1
2026-08-24 08:11:47+00:00,52.365091,4.880402,326.0,Sudden braking,2.22,2.22,15.2,16.4,0.991,3,4.6,0.991,604F0_Trip1512,1
2026-08-24 08:11:48+00:00,52.365128,4.880371,329.0,Sudden braking,2.0,2.0,14.411111111111111,14.4,1.0,3,3.1,1.0,604F0_Trip1512,1
2026-08-24 08:11:49+00:00,52.365155,4.88036,339.0,Sudden braking,2.11,2.11,12.944444444444445,12.4,0.948,3,2.7,0.948,604F0_Trip1512,1
2026-08-24 08:11:50+00:00,52.365179,4.880354,342.0,Sudden braking,2.1,2.1,11.466666666666667,10.2,1.049,3,3.6,1.049,604F0_Trip1512,1
2026-08-24 08:12:28+00:00,52.366072,4.882006,57.0,Sudden braking,2.37,2.37,18.21,18.1,1.054,3,6.3,1.054,604F0_Trip1512,1
2026-08-24 08:12:29+00:00,52.366102,4.882086,59.0,Sudden braking,2.88,2.88,17.03,15.2,1.008,3,4.8,1.008,604F0_Trip1512,1
2026-08-24 08:12:30+00:00,52.366119,4.882151,61.0,Sudden braking,2.44,2.44,15.144444444444444,12.8,0.985,3,3.6,0.985,604F0_Trip1512,1
2026-08-24 08:13:06+00:00,52.366658,4.884581,47.0,Sudden braking,2.81,2.81,15.72,15.9,0.996,3,4.4,0.996,604F0_Trip1512,1
2026-08-24 08:13:07+00:00,52.366681,4.884634,54.0,Sudden braking,2.82,2.82,15.72,13.1,0.994,3,3.6,0.994,604F0_Trip1512,1
2026-08-24 08:13:34+00:00,52.365949,4.886004,128.0,Sudden braking,2.84,2.84,10.73,13.6,0.951,3,4.2,0.951,604F0_Trip1512,1
2026-08-24 08:13:35+00:00,52.365923,4.88605,130.0,Sudden braking,3.46,3.46,10.73,10.0,1.041,3,4.1,1.041,604F0_Trip1512,1
2026-08-24 08:13:36+00:00,52.365901,4.886099,126.0,Sudden braking,2.98,2.98,7.9222222222222225,6.9,1.042,4,1.1,1.042,604F0_Trip1512,1
2026-08-24 08:13:37+00:00,52.365899,4.886116,0.0,Sudden braking,2.83,2.83,6.122222222222223,4.1,0.99,4,0.3,0.99,604F0_Trip1512,1
2026-08-24 08:13:38+00:00,52.365901,4.886117,0.0,Sudden braking,2.49,2.49,4.555555555555555,1.7,0.965,4,1.0,0.965,604F0_Trip1512,1
2026-08-24 08:14:35+00:00,52.364262,4.888668,132.0,Sudden braking,2.29,2.29,14.98,14.3,1.046,2,4.5,1.046,604F0_Trip1512,1
2026-08-24 08:14:36+00:00,52.364235,4.888717,132.0,Sudden braking,2.41,2.41,12.11,11.9,0.994,3,4.1,0.994,604F0_Trip1512,1
2026-08-24 08:15:23+00:00,52.365506,4.890822,63.0,Sudden braking,2.08,2.08,15.63,16.3,0.963,3,3.4,0.963,604F0_Trip1512,1
2026-08-24 08:18:13+00:00,52.372217,4.89303,3.0,Sudden braking,2.16,2.16,12.95,14.0,0.973,3,3.4,0.973,604F0_Trip1512,1
2026-08-24 08:18:14+00:00,52.372247,4.893031,3.0,Sudden braking,2.42,2.42,12.545454545454545,11.6,0.991,4,3.2,0.991,604F0_Trip1512,1
2026-08-24 08:18:15+00:00,52.372276,4.893027,358.0,Sudden braking,2.63,2.63,11.572727272727272,9.1,0.95,4,2.5,0.95,604F0_Trip1512,1
2026-08-24 08:18:39+00:00,52.373185,4.893422,21.0,Sudden braking,2.0,2.0,19.56,20.1,0.951,3,5.7,0.951,604F0_Trip1512,1
2026-08-24 08:18:40+00:00,52.373233,4.893453,25.0,Sudden braking,2.28,2.28,19.14,17.7,1.052,3,5.4,1.052,604F0_Trip1512,1
2026-08-24 08:22:46+00:00,52.37265,4.907428,143.0,Sudden braking,2.26,2.26,16.145454545454545,11.9,0.974,4,4.8,0.974,604F0_Trip1512,1
2026-08-24 08:23:22+00:00,52.371579,4.909703,129.0,Sudden braking,2.97,2.97,11.8,14.7,0.976,2,5.0,0.976,604F0_Trip1512,1
2026-08-24 08:23:23+00:00,52.371556,4.909766,127.0,Sudden braking,3.92,3.92,10.35,10.9,0.969,2,3.4,0.969,604F0_Trip1512,1
2026-08-24 08:23:24+00:00,52.37154,4.909808,134.0,Sudden braking,3.22,3.22,10.35,7.5,1.055,2,2.0,1.055,604F0_Trip1512,1
2026-08-24 08:23:25+00:00,52.37153,4.909832,146.0,Sudden braking,2.21,2.21,7.21,5.3,0.997,2,1.0,0.997,604F0_Trip1512,1
2026-08-24 08:24:34+00:00,52.37126,4.911484,122.0,Sudden braking,2.0,2.0,20.02,20.2,0.999,3,6.1,0.999,604F0_Trip1512,1
2026-08-24 08:25:27+00:00,52.371071,4.915277,58.0,Sudden braking,2.2,2.2,15.459999999999999,14.3,1.044,2,4.5,1.044,604F0_Trip1512,1
2026-08-24 08:25:28+00:00,52.371094,4.915331,57.0,Sudden braking,2.01,2.01,14.99090909090909,12.2,1.045,2,4.2,1.045,604F0_Trip1512,1
2026-08-24 08:26:07+00:00,52.370121,4.918201,120.0,Sudden braking,2.26,2.26,20.85,20.4,1.018,3,6.8,1.018,604F0_Trip1512,1
2026-08-24 08:26:13+00:00,52.369972,4.918621,122.0,Sudden braking,2.06,2.06,16.0375,15.2,1.262,3,7.1,1.262,604F0_Trip1512,1
2026-08-24 15:46:20+00:00,52.37098,4.913287,299.0,Sudden braking,2.5,2.5,16.599999999999998,18.4,1.0,2,4.0,1.0,604F0_Trip1514,1
2026-08-24 15:46:21+00:00,52.370996,4.913234,296.0,Sudden braking,3.0,3.0,15.92,15.4,1.0,2,3.4,1.0,604F0_Trip1514,1
2026-08-24 15:46:22+00:00,52.37101,4.913189,296.0,Sudden braking,3.3,3.3,15.022222222222222,12.1,1.0,2,2.3,1.0,604F0_Trip1514,1
2026-08-24 15:46:23+00:00,52.371019,4.913158,296.0,Sudden braking,3.1,3.1,13.9125,9.0,1.0,2,1.4,1.0,604F0_Trip1514,1
2026-08-24 15:46:24+00:00,52.371024,4.91314,295.0,Sudden braking,2.2,2.2,12.642857142857142,6.8,1.0,2,0.5,1.0,604F0_Trip1514,1
2026-08-24 15:46:58+00:00,52.370232,4.911944,232.0,Sudden braking,2.0,2.0,19.345454545454544,18.0,1.0,2,4.2,1.0,604F0_Trip1514,1
2026-08-24 15:48:33+00:00,52.366734,4.911999,212.0,Sudden braking,2.1,2.1,17.009090909090908,18.5,1.0,2,4.5,1.0,604F0_Trip1514,1
2026-08-24 15:48:34+00:00,52.366698,4.911967,212.0,Sudden braking,2.5,2.5,16.27,16.0,1.0,2,3.9,1.0,604F0_Trip1514,1
2026-08-24 15:48:35+00:00,52.366668,4.911937,214.0,Sudden braking,2.8,2.8,14.44,13.2,1.0,2,3.3,1.0,604F0_Trip1514,1
2026-08-24 15:48:36+00:00,52.366644,4.911909,214.0,Sudden braking,2.8,2.8,13.433333333333334,10.4,1.0,2,2.4,1.0,604F0_Trip1514,1
2026-08-24 15:48:37+00:00,52.366626,4.911889,214.0,Sudden braking,2.5,2.5,12.3125,7.9,1.0,2,1.8,1.0,604F0_Trip1514,1
2026-08-24 15:50:20+00:00,52.36441,4.906644,265.0,Sudden braking,2.0,2.0,17.136363636363637,18.1,1.0,2,3.6,1.0,604F0_Trip1514,1
2026-08-24 15:50:21+00:00,52.364415,4.906592,262.0,Sudden braking,2.1,2.1,15.727272727272727,16.0,1.0,2,3.1,1.0,604F0_Trip1514,1
2026-08-24 15:50:22+00:00,52.364412,4.906546,258.0,Sudden braking,2.3,2.3,14.154545454545454,13.7,1.0,3,4.7,1.0,604F0_Trip1514,1
2026-08-24 15:50:23+00:00,52.364408,4.906477,250.0,Sudden braking,2.0,2.0,12.481818181818182,11.7,1.0,3,3.5,1.0,604F0_Trip1514,1
2026-08-24 15:52:20+00:00,52.362937,4.898838,252.0,Sudden braking,2.1,2.1,11.290909090909091,10.9,1.0,2,2.0,1.0,604F0_Trip1514,1
2026-08-24 15:52:21+00:00,52.362933,4.898809,252.0,Sudden braking,2.1,2.1,10.245454545454546,8.8,1.0,2,1.6,1.0,604F0_Trip1514,1
2026-08-24 15:53:30+00:00,52.360334,4.899198,211.0,Sudden braking,2.1,2.1,18.181818181818183,17.5,1.0,2,4.4,1.0,604F0_Trip1514,1
2026-08-24 15:53:31+00:00,52.3603,4.899164,210.0,Sudden braking,2.0,2.0,17.254545454545454,15.5,1.0,2,3.7,1.0,604F0_Trip1514,1
2026-08-24 15:55:02+00:00,52.359614,4.891742,278.0,Sudden braking,2.0,2.0,18.2,19.5,1.0,2,5.3,1.0,604F0_Trip1514,1
2026-08-24 15:55:03+00:00,52.359617,4.891665,276.0,Sudden braking,2.4,2.4,16.527272727272727,17.1,1.0,2,4.3,1.0,604F0_Trip1514,1
2026-08-24 15:55:04+00:00,52.359622,4.891601,276.0,Sudden braking,2.6,2.6,14.772727272727273,14.5,1.0,2,3.5,1.0,604F0_Trip1514,1
2026-08-24 15:55:05+00:00,52.359627,4.89155,277.0,Sudden braking,2.5,2.5,12.954545454545455,12.0,1.0,2,2.9,1.0,604F0_Trip1514,1
2026-08-24 15:55:06+00:00,52.35963,4.891508,277.0,Sudden braking,2.1,2.1,11.10909090909091,9.9,1.0,2,2.2,1.0,604F0_Trip1514,1
2026-08-24 15:57:13+00:00,52.362553,4.883866,311.0,Sudden braking,2.0,2.0,16.29,15.9,1.0,2,4.4,1.0,604F0_Trip1514,1
2026-08-24 15:57:14+00:00,52.362581,4.88382,319.0,Sudden braking,2.3,2.3,15.6,13.6,1.0,2,3.0,1.0,604F0_Trip1514,1
2026-08-24 15:57:15+00:00,52.362591,4.883779,319.0,Sudden braking,2.3,2.3,14.8625,11.3,1.0,2,2.5,1.0,604F0_Trip1514,1
2026-08-24 15:59:26+00:00,52.360297,4.875991,246.0,Sudden braking,2.3,2.3,18.51818181818182,17.0,1.0,2,4.3,1.0,604F0_Trip1514,1
2026-08-24 16:03:14+00:00,52.354974,4.855877,253.0,Sudden braking,2.5,2.5,18.71,18.4,1.0,3,4.8,1.0,604F0_Trip1514,1
2026-08-24 16:03:15+00:00,52.354958,4.855811,251.0,Sudden braking,2.5,2.5,17.42,15.9,1.001,2,3.6,1.001,604F0_Trip1514,1
2026-08-24 16:03:17+00:00,52.354945,4.855762,249.0,Sudden braking,2.1,2.1,15.33,13.8,1.0,2,2.9,1.0,604F0_Trip1514,1
2026-08-24 16:05:26+00:00,52.355683,4.844589,268.0,Sudden braking,2.1,2.1,17.27,17.8,1.0,2,3.9,1.0,604F0_Trip1514,1
2026-08-24 16:05:27+00:00,52.355686,4.844533,271.0,Sudden braking,2.4,2.4,16.5,15.4,1.0,2,3.6,1.0,604F0_Trip1514,1
2026-08-24 16:05:28+00:00,52.355694,4.844481,280.0,Sudden braking,2.1,2.1,16.60909090909091,13.3,1.0,2,3.1,1.0,604F0_Trip1514,1
2026-08-24 16:06:14+00:00,52.356378,4.841103,271.0,Sudden braking,2.4,2.4,19.881818181818183,21.3,1.0,2,6.0,1.0,604F0_Trip1514,1
2026-08-24 16:06:15+00:00,52.356376,4.841015,268.0,Sudden braking,3.2,3.2,18.863636363636363,18.1,1.0,2,7.9,1.0,604F0_Trip1514,1
2026-08-24 16:06:16+00:00,52.356436,4.840955,273.0,Sudden braking,3.0,3.0,18.01818181818182,15.1,1.0,2,1.4,1.0,604F0_Trip1514,1
2026-08-24 16:06:17+00:00,52.356445,4.840941,281.0,Sudden braking,2.1,2.1,17.29090909090909,13.0,1.0,2,1.5,1.0,604F0_Trip1514,1
2026-08-24 16:08:37+00:00,52.356268,4.827757,268.0,Sudden braking,2.0,2.0,17.62727272727273,17.6,1.0,2,4.4,1.0,604F0_Trip1514,1
2026-08-24 16:11:43+00:00,52.354342,4.810774,254.0,Sudden braking,2.0,2.0,15.72,16.3,1.0,1,4.3,1.0,604F0_Trip1514,1
2026-08-24 16:11:44+00:00,52.35432,4.810721,254.0,Sudden braking,2.5,2.5,15.033333333333333,13.8,1.0,1,3.7,1.0,604F0_Trip1514,1
2026-08-24 16:11:45+00:00,52.354309,4.81067,262.0,Sudden braking,3.2,3.2,14.2125,10.6,1.0,1,4.2,1.0,604F0_Trip1514,1
2026-08-24 16:11:46+00:00,52.354299,4.81061,280.0,Sudden braking,2.9,2.9,13.242857142857144,7.7,1.0,1,1.5,1.0,604F0_Trip1514,1
2026-08-24 16:12:45+00:00,52.353643,4.807452,249.0,Sudden braking,2.0,2.0,19.863636363636363,18.9,1.0,2,4.5,1.0,604F0_Trip1514,1
2026-08-24 16:12:46+00:00,52.353629,4.807389,251.0,Sudden braking,2.1,2.1,19.3,16.8,1.0,2,3.4,1.0,604F0_Trip1514,1
2026-08-30 18:38:08+00:00,52.354358,4.802242,251.0,Sudden braking,2.1,2.1,17.01818181818182,17.1,1.0,2,4.0,1.0,604F0_Trip1522,1
2026-08-30 18:38:09+00:00,52.354347,4.802186,253.0,Sudden braking,2.1,2.1,15.736363636363636,15.0,1.0,2,3.3,1.0,604F0_Trip1522,1
2026-08-30 18:38:10+00:00,52.354339,4.802139,253.0,Sudden braking,2.0,2.0,14.645454545454546,13.0,1.0,2,3.0,1.0,604F0_Trip1522,1
2026-09-03 14:10:15+00:00,52.373754,4.91585,314.0,Sudden braking,2.2,2.2,13.49090909090909,12.0,1.0,2,2.4,1.0,604F0_Trip1529,1
2026-09-09 13:35:14+00:00,52.374643,4.921895,290.0,Sudden braking,2.0,2.0,9.25,6.8,1.0,2,1.7,1.0,604F0_Trip1552,1
2026-09-09 13:35:15+00:00,52.374655,4.921879,294.0,Sudden braking,2.0,2.0,8.5,4.8,1.0,2,1.2,1.0,604F0_Trip1552,1
2026-09-09 13:36:19+00:00,52.373548,4.922505,229.0,Sudden braking,2.1,2.1,18.69090909090909,20.9,1.0,2,4.6,1.0,604F0_Trip1552,1
2026-09-09 13:36:20+00:00,52.373519,4.922456,227.0,Sudden braking,2.8,2.8,18.418181818181818,18.1,1.0,2,3.2,1.0,604F0_Trip1552,1
2026-09-09 13:36:21+00:00,52.373499,4.922422,227.0,Sudden braking,2.6,2.6,18.01818181818182,15.5,1.0,2,3.3,1.0,604F0_Trip1552,1
2026-09-09 13:36:36+00:00,52.373035,4.921693,226.0,Sudden braking,2.0,2.0,15.322222222222223,14.1,1.0,2,3.0,1.0,604F0_Trip1552,1
2026-09-09 13:36:37+00:00,52.373018,4.921657,229.0,Sudden braking,2.3,2.3,14.7375,11.8,1.0,2,2.6,1.0,604F0_Trip1552,1
2026-09-19 09:35:52+00:00,52.356352,4.827554,295.0,Sudden braking,2.7,2.7,15.4375,12.5,1.0,2,3.2,1.0,2B28A_Trip1582,1
2026-09-19 09:35:53+00:00,52.356373,4.827522,303.0,Sudden braking,2.9,2.9,14.457142857142857,9.6,1.0,2,2.1,1.0,2B28A_Trip1582,1
2026-09-19 09:37:59+00:00,52.355783,4.817996,252.0,Sudden braking,2.0,2.0,21.209090909090907,20.7,1.0,2,4.9,1.0,2B28A_Trip1582,1
2026-09-19 09:38:00+00:00,52.355764,4.81793,251.0,Sudden braking,2.0,2.0,20.763636363636362,18.7,1.0,2,4.2,1.0,2B28A_Trip1582,1
2026-09-19 09:39:17+00:00,52.354299,4.810612,280.0,Sudden braking,2.2,2.2,13.988888888888889,11.7,1.0,2,2.0,1.0,2B28A_Trip1582,1
2026-09-19 09:40:30+00:00,52.354775,4.806248,254.0,Sudden braking,2.5,2.5,11.133333333333333,10.9,1.0,2,1.8,1.0,2B28A_Trip1582,1
2026-09-19 09:40:31+00:00,52.35478,4.806223,267.0,Sudden braking,2.8,2.8,9.855555555555556,8.1,1.0,2,1.7,1.0,2B28A_Trip1582,1
2026-09-19 09:40:32+00:00,52.354793,4.806208,290.0,Sudden braking,2.5,2.5,8.455555555555556,5.6,1.0,2,1.0,1.0,2B28A_Trip1582,1
