{"type": "FeatureCollection", "features": [{"type": "Feature", "geometry": {"type": "LineString", "coordinates": [[4.80692639707443, 52.3542479583699], [4.80730834621789, 52.3536788844497]]}, "properties": {"Speed": 0.0, "Speed_display": 10.1, "road_quality": 2, "marker": 0, "trip_id": "604F0_Trip12", "hrot_diff": 0, "sample_diff": 1, "time_diff_s": 0.02, "gps_distance_m": 68.4, "original_speed": "", "wheel_diameter_mm": 711, "braking_intensity": 0.0, "is_braking": false, "is_crash": false, "crash_intensity_g": 0.0, "segment_start_sample": 2891, "segment_end_sample": 2892, "time_str": ""}}, {"type": "Feature", "geometry": {"type": "LineString", "coordinates": [[4.80730834621789, 52.3536788844497], [4.80732538154925, 52.3536586830693]]}, "properties": {"Speed": 0.0, "Speed_display": 8.6, "road_quality": 2, "marker": 0, "trip_id": "604F0_Trip12", "hrot_diff": 0, "sample_diff": 1, "time_diff_s": 0.02, "gps_distance_m": 2.5, "original_speed": "", "wheel_diameter_mm": 711, "braking_intensity": 0.0, "is_braking": false, "is_crash": false, "crash_intensity_g": 0.0, "segment_start_sample": 2917, "segment_end_sample": 2918, "time_str": ""}}, {"type": "Feature", "geometry": {"type": "LineString", "coordinates": [[4.80732538154925, 52.3536586830693], [4.8073215631925, 52.353633306344]]}, "properties": {"Speed": 0.0, "Speed_display": 7.9, "road_quality": 2, "marker": 0, "trip_id": "604F0_Trip12", "hrot_diff": 0, "sample_diff": 1, "time_diff_s": 0.02, "gps_distance_m": 2.8, "original_speed": "", "wheel_diameter_mm": 711, "braking_intensity": 0.0, "is_braking": false, "is_crash": false, "crash_intensity_g": 0.0, "segment_start_sample": 2953, "segment_end_sample": 2954, "time_str": ""}}, {"type": "Feature", "geometry": {"type": "LineString", "coordinates": [[4.8073215631925, 52.353633306344], [4.80732355114724, 52.3536199323756]]}, "properties": {"Speed": 0.0, "Speed_display": 7.9, "road_quality": 2, "marker": 0, "trip_id": "604F0_Trip12", "hrot_diff": 0, "sample_diff": 1, "time_diff_s": 0.02, "gps_distance_m": 1.5, "original_speed": "", "wheel_diameter_mm": 711, "braking_intensity": 0.0, "is_braking": false, "is_crash": false, "crash_intensity_g": 0.0, "segment_start_sample": 3002, "segment_end_sample": 3003, "time_str": ""}}, {"type": "Feature", "geometry": {"type": "LineString", "coordinates": [[4.80732355114724, 52.3536199323756], [4.807339641628, 52.3535991365422]]}, "properties": {"Speed": 0.0, "Speed_display": 7.2, "road_quality": 2, "marker": 0, "trip_id": "604F0_Trip12", "hrot_diff": 0, "sample_diff": 1, "time_diff_s": 0.02, "gps_distance_m": 2.6, "original_speed": "", "wheel_diameter_mm": 711, "braking_intensity": 0.0, "is_braking": false, "is_crash": false, "crash_intensity_g": 0.0, "segment_start_sample": 3064, "segment_end_sample": 3065, "time_str": ""}}, {"type": "Feature", "geometry": {"type": "LineString", "coordinates": [[4.807339641628, 52.3535991365422], [4.80736258040856, 52.3535760614126]]}, "properties": {"Speed": 0.0, "Speed_display": 7.2, "road_quality": 2, "marker": 0, "trip_id": "604F0_Trip12", "hrot_diff": 0, "sample_diff": 1, "time_diff_s": 0.02, "gps_distance_m": 3.0, "original_speed": "", "wheel_diameter_mm": 711, "braking_intensity": 0.0, "is_braking": false, "is_crash": false, "crash_intensity_g": 0.0, "segment_start_sample": 3100, "segment_end_sample": 3101, "time_str": ""}}, {"type": "Feature", "geometry": {"type": "LineString", "coordinates": [[4.80736258040856, 52.3535760614126], [4.80737737171101, 52.353554675062]]}, "properties": {"Speed": 0.0, "Speed_display": 7.2, "road_quality": 2, "marker": 0, "trip_id": "604F0_Trip12", "hrot_diff": 0, "sample_diff": 1, "time_diff_s": 0.02, "gps_distance_m": 2.6, "original_speed": "", "wheel_diameter_mm": 711, "braking_intensity": 0.0, "is_braking": false, "is_crash": false, "crash_intensity_g": 0.0, "segment_start_sample": 3158, "segment_end_sample": 3159, "time_str": ""}}, {"type": "Feature", "geometry": {"type": "LineString", "coordinates": [[4.80737737171101, 52.353554675062], [4.80738401971007, 52.3535330979036]]}, "properties": {"Speed": 0.0, "Speed_display": 6.5, "road_quality": 2, "marker": 0, "trip_id": "604F0_Trip12", "hrot_diff": 0, "sample_diff": 1, "time_diff_s": 0.02, "gps_distance_m": 2.4, "original_speed": "", "wheel_diameter_mm": 711, "braking_intensity": 0.0, "is_braking": false, "is_crash": false, "crash_intensity_g": 0.0, "segment_start_sample": 3219, "segment_end_sample": 3220, "time_str": ""}}, {"type": "Feature", "geometry": {"type": "LineString", "coordinates": [[4.80738401971007, 52.3535330979036], [4.80739069254011, 52.3535133357339]]}, "properties": {"Speed": 0.0, "Speed_display": 5.8, "road_quality": 2, "marker": 0, "trip_id": "604F0_Trip12", "hrot_diff": 0, "sample_diff": 1, "time_diff_s": 0.02, "gps_distance_m": 2.2, "original_speed": "", "wheel_diameter_mm": 711, "braking_intensity": 0.0, "is_braking": false, "is_crash": false, "crash_intensity_g": 0.0, "segment_start_sample": 3265, "segment_end_sample": 3266, "time_str": ""}}, {"type": "Feature", "geometry": {"type": "LineString", "coordinates": [[4.80739069254011, 52.3535133357339], [4.80739928994672, 52.3534966646556]]}, "properties": {"Speed": 0.0, "Speed_display": 5.8, "road_quality": 2, "marker": 0, "trip_id": "604F0_Trip12", "hrot_diff": 0, "sample_diff": 1, "time_diff_s": 0.02, "gps_distance_m": 1.9, "original_speed": "", "wheel_diameter_mm": 711, "braking_intensity": 0.0, "is_braking": false, "is_crash": false, "crash_intensity_g": 0.0, "segment_start_sample": 3311, "segment_end_sample": 3312, "time_str": ""}}, {"type": "Feature", "geometry": {"type": "LineString", "coordinates": [[4.80739928994672, 52.3534966646556], [4.80742571544631, 52.3534742455315]]}, "properties": {"Speed": 0.0, "Speed_display": 7.2, "road_quality": 2, "marker": 0, "trip_id": "604F0_Trip12", "hrot_diff": 0, "sample_diff": 1, "time_diff_s": 0.02, "gps_distance_m": 3.1, "original_speed": "", "wheel_diameter_mm": 711, "braking_intensity": 0.0, "is_braking": false, "is_crash": false, "crash_intensity_g": 0.0, "segment_start_sample": 3357, "segment_end_sample": 3358, "time_str": ""}}, {"type": "Feature", "geometry": {"type": "LineString", "coordinates": [[4.80742571544631, 52.3534742455315], [4.80747584980724, 52.3534614826572]]}, "properties": {"Speed": 0.0, "Speed_display": 7.9, "road_quality": 2, "marker": 0, "trip_id": "604F0_Trip12", "hrot_diff": 0, "sample_diff": 1, "time_diff_s": 0.02, "gps_distance_m": 3.7, "original_speed": "", "wheel_diameter_mm": 711, "braking_intensity": 0.0, "is_braking": false, "is_crash": false, "crash_intensity_g": 0.0, "segment_start_sample": 3403, "segment_end_sample": 3404, "time_str": ""}}, {"type": "Feature", "geometry": {"type": "LineString", "coordinates": [[4.80747584980724, 52.3534614826572], [4.80746535690127, 52.3534454735421]]}, "properties": {"Speed": 0.0, "Speed_display": 7.9, "road_quality": 2, "marker": 0, "trip_id": "604F0_Trip12", "hrot_diff": 0, "sample_diff": 1, "time_diff_s": 0.02, "gps_distance_m": 1.9, "original_speed": "", "wheel_diameter_mm": 711, "braking_intensity": 0.0, "is_braking": false, "is_crash": false, "crash_intensity_g": 0.0, "segment_start_sample": 3459, "segment_end_sample": 3460, "time_str": ""}}, {"type": "Feature", "geometry": {"type": "LineString", "coordinates": [[4.80746535690127, 52.3534454735421], [4.80749119726087, 52.3534354987416]]}, "properties": {"Speed": 0.0, "Speed_display": 10.8, "road_quality": 2, "marker": 0, "trip_id": "604F0_Trip12", "hrot_diff": 0, "sample_diff": 1, "time_diff_s": 0.02, "gps_distance_m": 2.1, "original_speed": "", "wheel_diameter_mm": 711, "braking_intensity": 0.0, "is_braking": false, "is_crash": false, "crash_intensity_g": 0.0, "segment_start_sample": 3531, "segment_end_sample": 3532, "time_str": ""}}, {"type": "Feature", "geometry": {"type": "LineString", "coordinates": [[4.80749119726087, 52.3534354987416], [4.80776219057, 52.3535732330981]]}, "properties": {"Speed": 0.0, "Speed_display": 14.4, "road_quality": 2, "marker": 0, "trip_id": "604F0_Trip12", "hrot_diff": 0, "sample_diff": 1, "time_diff_s": 0.02, "gps_distance_m": 23.9, "original_speed": "", "wheel_diameter_mm": 711, "braking_intensity": 0.0, "is_braking": false, "is_crash": false, "crash_intensity_g": 0.0, "segment_start_sample": 3661, "segment_end_sample": 3662, "time_str": ""}}, {"type": "Feature", "geometry": {"type": "LineString", "coordinates": [[4.80776219057, 52.3535732330981], [4.80926147601516, 52.3538900952808]]}, "properties": {"Speed": 0.0, "Speed_display": 8.6, "road_quality": 2, "marker": 0, "trip_id": "604F0_Trip12", "hrot_diff": 0, "sample_diff": 1, "time_diff_s": 0.02, "gps_distance_m": 107.7, "original_speed": "", "wheel_diameter_mm": 711, "braking_intensity": 0.0, "is_braking": false, "is_crash": false, "crash_intensity_g": 0.0, "segment_start_sample": 4587, "segment_end_sample": 4588, "time_str": ""}}, {"type": "Feature", "geometry": {"type": "LineString", "coordinates": [[4.80926147601516, 52.3538900952808], [4.80929666582176, 52.3538980537376]]}, "properties": {"Speed": 0.0, "Speed_display": 7.2, "road_quality": 2, "marker": 0, "trip_id": "604F0_Trip12", "hrot_diff": 0, "sample_diff": 1, "time_diff_s": 0.02, "gps_distance_m": 2.5, "original_speed": "", "wheel_diameter_mm": 711, "braking_intensity": 0.0, "is_braking": false, "is_crash": false, "crash_intensity_g": 0.0, "segment_start_sample": 4610, "segment_end_sample": 4611, "time_str": ""}}, {"type": "Feature", "geometry": {"type": "LineString", "coordinates": [[4.80929666582176, 52.3538980537376], [4.8093211681202, 52.3539035836349]]}, "properties": {"Speed": 0.0, "Speed_display": 5.0, "road_quality": 2, "marker": 0, "trip_id": "604F0_Trip12", "hrot_diff": 0, "sample_diff": 1, "time_diff_s": 0.02, "gps_distance_m": 1.8, "original_speed": "", "wheel_diameter_mm": 711, "braking_intensity": 0.0, "is_braking": false, "is_crash": false, "crash_intensity_g": 0.0, "segment_start_sample": 4657, "segment_end_sample": 4658, "time_str": ""}}, {"type": "Feature", "geometry": {"type": "LineString", "coordinates": [[4.8093211681202, 52.3539035836349], [4.80933632378385, 52.3539070040976]]}, "properties": {"Speed": 0.0, "Speed_display": 3.6, "road_quality": 2, "marker": 0, "trip_id": "604F0_Trip12", "hrot_diff": 0, "sample_diff": 1, "time_diff_s": 0.02, "gps_distance_m": 1.1, "original_speed": "", "wheel_diameter_mm": 711, "braking_intensity": 0.0, "is_braking": false, "is_crash": false, "crash_intensity_g": 0.0, "segment_start_sample": 4740, "segment_end_sample": 4741, "time_str": ""}}, {"type": "Feature", "geometry": {"type": "LineString", "coordinates": [[4.80933632378385, 52.3539070040976], [4.80937794777709, 52.353916398168]]}, "properties": {"Speed": 0.0, "Speed_display": 4.3, "road_quality": 3, "marker": 0, "trip_id": "604F0_Trip12", "hrot_diff": 0, "sample_diff": 1, "time_diff_s": 0.02, "gps_distance_m": 3.0, "original_speed": "", "wheel_diameter_mm": 711, "braking_intensity": 0.0, "is_braking": false, "is_crash": false, "crash_intensity_g": 0.0, "segment_start_sample": 7195, "segment_end_sample": 7196, "time_str": ""}}, {"type": "Feature", "geometry": {"type": "LineString", "coordinates": [[4.80937794777709, 52.353916398168], [4.80941365008127, 52.3539244557795]]}, "properties": {"Speed": 0.0, "Speed_display": 5.8, "road_quality": 3, "marker": 0, "trip_id": "604F0_Trip12", "hrot_diff": 0, "sample_diff": 1, "time_diff_s": 0.02, "gps_distance_m": 2.6, "original_speed": "", "wheel_diameter_mm": 711, "braking_intensity": 0.0, "is_braking": false, "is_crash": false, "crash_intensity_g": 0.0, "segment_start_sample": 7244, "segment_end_sample": 7245, "time_str": ""}}, {"type": "Feature", "geometry": {"type": "LineString", "coordinates": [[4.80941365008127, 52.3539244557795], [4.80946496398989, 52.3539360367472]]}, "properties": {"Speed": 0.0, "Speed_display": 8.6, "road_quality": 3, "marker": 0, "trip_id": "604F0_Trip12", "hrot_diff": 0, "sample_diff": 1, "time_diff_s": 0.02, "gps_distance_m": 3.7, "original_speed": "", "wheel_diameter_mm": 711, "braking_intensity": 0.0, "is_braking": false, "is_crash": false, "crash_intensity_g": 0.0, "segment_start_sample": 7292, "segment_end_sample": 7293, "time_str": ""}}, {"type": "Feature", "geometry": {"type": "LineString", "coordinates": [[4.80946496398989, 52.3539360367472], [4.80952001486051, 52.353948461141]]}, "properties": {"Speed": 0.0, "Speed_display": 10.1, "road_quality": 3, "marker": 0, "trip_id": "604F0_Trip12", "hrot_diff": 0, "sample_diff": 1, "time_diff_s": 0.02, "gps_distance_m": 4.0, "original_speed": "", "wheel_diameter_mm": 711, "braking_intensity": 0.0, "is_braking": false, "is_crash": false, "crash_intensity_g": 0.0, "segment_start_sample": 7347, "segment_end_sample": 7348, "time_str": ""}}, {"type": "Feature", "geometry": {"type": "LineString", "coordinates": [[4.80952001486051, 52.353948461141], [4.80959102469749, 52.3539644873465]]}, "properties": {"Speed": 0.0, "Speed_display": 12.2, "road_quality": 3, "marker": 0, "trip_id": "604F0_Trip12", "hrot_diff": 0, "sample_diff": 1, "time_diff_s": 0.02, "gps_distance_m": 5.1, "original_speed": "", "wheel_diameter_mm": 711, "braking_intensity": 0.0, "is_braking": false, "is_crash": false, "crash_intensity_g": 0.0, "segment_start_sample": 7391, "segment_end_sample": 7392, "time_str": ""}}, {"type": "Feature", "geometry": {"type": "LineString", "coordinates": [[4.80959102469749, 52.3539644873465], [4.80980270841733, 52.3539373153409]]}, "properties": {"Speed": 0.0, "Speed_display": 16.6, "road_quality": 3, "marker": 0, "trip_id": "604F0_Trip12", "hrot_diff": 0, "sample_diff": 1, "time_diff_s": 0.02, "gps_distance_m": 14.7, "original_speed": "", "wheel_diameter_mm": 711, "braking_intensity": 0.0, "is_braking": false, "is_crash": false, "crash_intensity_g": 0.0, "segment_start_sample": 7506, "segment_end_sample": 7507, "time_str": ""}}, {"type": "Feature", "geometry": {"type": "LineString", "coordinates": [[4.82703310176075, 52.3561578174138], [4.82707403419558, 52.3561589334992]]}, "properties": {"Speed": 0.0, "Speed_display": 7.9, "road_quality": 3, "marker": 0, "trip_id": "604F0_Trip12", "hrot_diff": 0, "sample_diff": 1, "time_diff_s": 0.02, "gps_distance_m": 2.8, "original_speed": "", "wheel_diameter_mm": 711, "braking_intensity": 0.0, "is_braking": false, "is_crash": false, "crash_intensity_g": 0.0, "segment_start_sample": 16345, "segment_end_sample": 16346, "time_str": ""}}, {"type": "Feature", "geometry": {"type": "LineString", "coordinates": [[4.82707403419558, 52.3561589334992], [4.82710563778467, 52.3561596669151]]}, "properties": {"Speed": 0.0, "Speed_display": 6.5, "road_quality": 3, "marker": 0, "trip_id": "604F0_Trip12", "hrot_diff": 0, "sample_diff": 1, "time_diff_s": 0.02, "gps_distance_m": 2.1, "original_speed": "", "wheel_diameter_mm": 711, "braking_intensity": 0.0, "is_braking": false, "is_crash": false, "crash_intensity_g": 0.0, "segment_start_sample": 16384, "segment_end_sample": 16385, "time_str": ""}}, {"type": "Feature", "geometry": {"type": "LineString", "coordinates": [[4.82710563778467, 52.3561596669151], [4.82714001071845, 52.3561604645989]]}, "properties": {"Speed": 0.0, "Speed_display": 6.5, "road_quality": 3, "marker": 0, "trip_id": "604F0_Trip12", "hrot_diff": 0, "sample_diff": 1, "time_diff_s": 0.02, "gps_distance_m": 2.3, "original_speed": "", "wheel_diameter_mm": 711, "braking_intensity": 0.0, "is_braking": false, "is_crash": false, "crash_intensity_g": 0.0, "segment_start_sample": 16442, "segment_end_sample": 16443, "time_str": ""}}, {"type": "Feature", "geometry": {"type": "LineString", "coordinates": [[4.82714001071845, 52.3561604645989], [4.82719274201728, 52.3561616883204]]}, "properties": {"Speed": 0.0, "Speed_display": 8.6, "road_quality": 3, "marker": 0, "trip_id": "604F0_Trip12", "hrot_diff": 0, "sample_diff": 1, "time_diff_s": 0.02, "gps_distance_m": 3.6, "original_speed": "", "wheel_diameter_mm": 711, "braking_intensity": 0.0, "is_braking": false, "is_crash": false, "crash_intensity_g": 0.0, "segment_start_sample": 16487, "segment_end_sample": 16488, "time_str": ""}}, {"type": "Feature", "geometry": {"type": "LineString", "coordinates": [[4.82719274201728, 52.3561616883204], [4.82726566841023, 52.3561633807137]]}, "properties": {"Speed": 0.0, "Speed_display": 11.5, "road_quality": 3, "marker": 0, "trip_id": "604F0_Trip12", "hrot_diff": 0, "sample_diff": 1, "time_diff_s": 0.02, "gps_distance_m": 5.0, "original_speed": "", "wheel_diameter_mm": 711, "braking_intensity": 0.0, "is_braking": false, "is_crash": false, "crash_intensity_g": 0.0, "segment_start_sample": 16534, "segment_end_sample": 16535, "time_str": ""}}, {"type": "Feature", "geometry": {"type": "LineString", "coordinates": [[4.82726566841023, 52.3561633807137], [4.82734384222969, 52.3561657031756]]}, "properties": {"Speed": 0.0, "Speed_display": 13.7, "road_quality": 3, "marker": 0, "trip_id": "604F0_Trip12", "hrot_diff": 0, "sample_diff": 1, "time_diff_s": 0.02, "gps_distance_m": 5.3, "original_speed": "", "wheel_diameter_mm": 711, "braking_intensity": 0.0, "is_braking": false, "is_crash": false, "crash_intensity_g": 0.0, "segment_start_sample": 16578, "segment_end_sample": 16579, "time_str": ""}}, {"type": "Feature", "geometry": {"type": "LineString", "coordinates": [[4.82734384222969, 52.3561657031756], [4.82742969224516, 52.3561679990124]]}, "properties": {"Speed": 0.0, "Speed_display": 15.1, "road_quality": 3, "marker": 0, "trip_id": "604F0_Trip12", "hrot_diff": 0, "sample_diff": 1, "time_diff_s": 0.02, "gps_distance_m": 5.8, "original_speed": "", "wheel_diameter_mm": 711, "braking_intensity": 0.0, "is_braking": false, "is_crash": false, "crash_intensity_g": 0.0, "segment_start_sample": 16635, "segment_end_sample": 16636, "time_str": ""}}, {"type": "Feature", "geometry": {"type": "LineString", "coordinates": [[4.82742969224516, 52.3561679990124], [4.82751166200949, 52.356169834208]]}, "properties": {"Speed": 0.0, "Speed_display": 14.4, "road_quality": 3, "marker": 0, "trip_id": "604F0_Trip12", "hrot_diff": 0, "sample_diff": 1, "time_diff_s": 0.02, "gps_distance_m": 5.6, "original_speed": "", "wheel_diameter_mm": 711, "braking_intensity": 0.0, "is_braking": false, "is_crash": false, "crash_intensity_g": 0.0, "segment_start_sample": 16678, "segment_end_sample": 16679, "time_str": ""}}, {"type": "Feature", "geometry": {"type": "LineString", "coordinates": [[4.82751166200949, 52.356169834208], [4.82758101796035, 52.3561975080634]]}, "properties": {"Speed": 0.0, "Speed_display": 13.7, "road_quality": 3, "marker": 0, "trip_id": "604F0_Trip12", "hrot_diff": 0, "sample_diff": 1, "time_diff_s": 0.02, "gps_distance_m": 5.6, "original_speed": "", "wheel_diameter_mm": 711, "braking_intensity": 0.0, "is_braking": false, "is_crash": false, "crash_intensity_g": 0.0, "segment_start_sample": 16728, "segment_end_sample": 16729, "time_str": ""}}, {"type": "Feature", "geometry": {"type": "LineString", "coordinates": [[4.82758101796035, 52.3561975080634], [4.82764334067894, 52.3561988586131]]}, "properties": {"Speed": 0.0, "Speed_display": 13.0, "road_quality": 3, "marker": 0, "trip_id": "604F0_Trip12", "hrot_diff": 0, "sample_diff": 1, "time_diff_s": 0.02, "gps_distance_m": 4.2, "original_speed": "", "wheel_diameter_mm": 711, "braking_intensity": 0.0, "is_braking": false, "is_crash": false, "crash_intensity_g": 0.0, "segment_start_sample": 16785, "segment_end_sample": 16786, "time_str": ""}}, {"type": "Feature", "geometry": {"type": "LineString", "coordinates": [[4.82764334067894, 52.3561988586131], [4.82770716750759, 52.356200414287]]}, "properties": {"Speed": 0.0, "Speed_display": 12.2, "road_quality": 3, "marker": 0, "trip_id": "604F0_Trip12", "hrot_diff": 0, "sample_diff": 1, "time_diff_s": 0.02, "gps_distance_m": 4.3, "original_speed": "", "wheel_diameter_mm": 711, "braking_intensity": 0.0, "is_braking": false, "is_crash": false, "crash_intensity_g": 0.0, "segment_start_sample": 16830, "segment_end_sample": 16831, "time_str": ""}}, {"type": "Feature", "geometry": {"type": "LineString", "coordinates": [[4.82770716750759, 52.356200414287], [4.8278848723424, 52.3562048126549]]}, "properties": {"Speed": 0.0, "Speed_display": 15.8, "road_quality": 3, "marker": 0, "trip_id": "604F0_Trip12", "hrot_diff": 0, "sample_diff": 1, "time_diff_s": 0.02, "gps_distance_m": 12.1, "original_speed": "", "wheel_diameter_mm": 711, "braking_intensity": 0.0, "is_braking": false, "is_crash": false, "crash_intensity_g": 0.0, "segment_start_sample": 16933, "segment_end_sample": 16934, "time_str": ""}}, {"type": "Feature", "geometry": {"type": "LineString", "coordinates": [[4.8278848723424, 52.3562048126549], [4.84114196186431, 52.3562949492688]]}, "properties": {"Speed": 0.0, "Speed_display": 14.4, "road_quality": 2, "marker": 0, "trip_id": "604F0_Trip12", "hrot_diff": 0, "sample_diff": 1, "time_diff_s": 0.02, "gps_distance_m": 900.4, "original_speed": "", "wheel_diameter_mm": 711, "braking_intensity": 0.0, "is_braking": false, "is_crash": false, "crash_intensity_g": 0.0, "segment_start_sample": 23506, "segment_end_sample": 23507, "time_str": ""}}, {"type": "Feature", "geometry": {"type": "LineString", "coordinates": [[4.84114196186431, 52.3562949492688], [4.84133750515379, 52.356307347117]]}, "properties": {"Speed": 0.0, "Speed_display": 17.3, "road_quality": 2, "marker": 0, "trip_id": "604F0_Trip12", "hrot_diff": 0, "sample_diff": 1, "time_diff_s": 0.02, "gps_distance_m": 13.4, "original_speed": "", "wheel_diameter_mm": 711, "braking_intensity": 0.0, "is_braking": false, "is_crash": false, "crash_intensity_g": 0.0, "segment_start_sample": 23582, "segment_end_sample": 23583, "time_str": ""}}, {"type": "Feature", "geometry": {"type": "LineString", "coordinates": [[4.84133750515379, 52.356307347117], [4.85329154129083, 52.3547928419924]]}, "properties": {"Speed": 0.0, "Speed_display": 13.0, "road_quality": 2, "marker": 0, "trip_id": "604F0_Trip12", "hrot_diff": 0, "sample_diff": 1, "time_diff_s": 0.02, "gps_distance_m": 829.1, "original_speed": "", "wheel_diameter_mm": 711, "braking_intensity": 0.0, "is_braking": false, "is_crash": false, "crash_intensity_g": 0.0, "segment_start_sample": 31129, "segment_end_sample": 31130, "time_str": ""}}, {"type": "Feature", "geometry": {"type": "LineString", "coordinates": [[4.85329154129083, 52.3547928419924], [4.8534272126677, 52.3547752373703]]}, "properties": {"Speed": 0.0, "Speed_display": 12.2, "road_quality": 2, "marker": 0, "trip_id": "604F0_Trip12", "hrot_diff": 0, "sample_diff": 1, "time_diff_s": 0.02, "gps_distance_m": 9.4, "original_speed": "", "wheel_diameter_mm": 711, "braking_intensity": 0.0, "is_braking": false, "is_crash": false, "crash_intensity_g": 0.0, "segment_start_sample": 31214, "segment_end_sample": 31215, "time_str": ""}}, {"type": "Feature", "geometry": {"type": "LineString", "coordinates": [[4.8534272126677, 52.3547752373703], [4.85349331770198, 52.3547932914353]]}, "properties": {"Speed": 0.0, "Speed_display": 12.2, "road_quality": 2, "marker": 0, "trip_id": "604F0_Trip12", "hrot_diff": 0, "sample_diff": 1, "time_diff_s": 0.02, "gps_distance_m": 4.9, "original_speed": "", "wheel_diameter_mm": 711, "braking_intensity": 0.0, "is_braking": false, "is_crash": false, "crash_intensity_g": 0.0, "segment_start_sample": 31263, "segment_end_sample": 31264, "time_str": ""}}, {"type": "Feature", "geometry": {"type": "LineString", "coordinates": [[4.85349331770198, 52.3547932914353], [4.85356374414259, 52.3547951980839]]}, "properties": {"Speed": 0.0, "Speed_display": 13.0, "road_quality": 2, "marker": 0, "trip_id": "604F0_Trip12", "hrot_diff": 0, "sample_diff": 1, "time_diff_s": 0.02, "gps_distance_m": 4.8, "original_speed": "", "wheel_diameter_mm": 711, "braking_intensity": 0.0, "is_braking": false, "is_crash": false, "crash_intensity_g": 0.0, "segment_start_sample": 31318, "segment_end_sample": 31319, "time_str": ""}}, {"type": "Feature", "geometry": {"type": "LineString", "coordinates": [[4.85356374414259, 52.3547951980839], [4.85364748089868, 52.3547974650806]]}, "properties": {"Speed": 0.0, "Speed_display": 13.7, "road_quality": 1, "marker": 0, "trip_id": "604F0_Trip12", "hrot_diff": 0, "sample_diff": 1, "time_diff_s": 0.02, "gps_distance_m": 5.7, "original_speed": "", "wheel_diameter_mm": 711, "braking_intensity": 0.0, "is_braking": false, "is_crash": false, "crash_intensity_g": 0.0, "segment_start_sample": 31359, "segment_end_sample": 31360, "time_str": ""}}, {"type": "Feature", "geometry": {"type": "LineString", "coordinates": [[4.85364748089868, 52.3547974650806], [4.85374362908304, 52.3547432735833]]}, "properties": {"Speed": 0.0, "Speed_display": 15.1, "road_quality": 1, "marker": 0, "trip_id": "604F0_Trip12", "hrot_diff": 0, "sample_diff": 1, "time_diff_s": 0.02, "gps_distance_m": 8.9, "original_speed": "", "wheel_diameter_mm": 711, "braking_intensity": 0.0, "is_braking": false, "is_crash": false, "crash_intensity_g": 0.0, "segment_start_sample": 31435, "segment_end_sample": 31436, "time_str": ""}}, {"type": "Feature", "geometry": {"type": "LineString", "coordinates": [[4.85374362908304, 52.3547432735833], [4.85517040766655, 52.3547676567531]]}, "properties": {"Speed": 0.0, "Speed_display": 6.5, "road_quality": 3, "marker": 0, "trip_id": "604F0_Trip12", "hrot_diff": 0, "sample_diff": 1, "time_diff_s": 0.02, "gps_distance_m": 96.9, "original_speed": "", "wheel_diameter_mm": 711, "braking_intensity": 0.0, "is_braking": false, "is_crash": false, "crash_intensity_g": 0.0, "segment_start_sample": 32259, "segment_end_sample": 32260, "time_str": ""}}, {"type": "Feature", "geometry": {"type": "LineString", "coordinates": [[4.85517040766655, 52.3547676567531], [4.85519256822761, 52.3547736153643]]}, "properties": {"Speed": 0.0, "Speed_display": 5.0, "road_quality": 2, "marker": 0, "trip_id": "604F0_Trip12", "hrot_diff": 0, "sample_diff": 1, "time_diff_s": 0.02, "gps_distance_m": 1.6, "original_speed": "", "wheel_diameter_mm": 711, "braking_intensity": 0.0, "is_braking": false, "is_crash": false, "crash_intensity_g": 0.0, "segment_start_sample": 32338, "segment_end_sample": 32339, "time_str": ""}}, {"type": "Feature", "geometry": {"type": "LineString", "coordinates": [[4.85519256822761, 52.3547736153643], [4.85521360054653, 52.3547825863633]]}, "properties": {"Speed": 0.0, "Speed_display": 4.3, "road_quality": 2, "marker": 0, "trip_id": "604F0_Trip12", "hrot_diff": 0, "sample_diff": 1, "time_diff_s": 0.02, "gps_distance_m": 1.7, "original_speed": "", "wheel_diameter_mm": 711, "braking_intensity": 0.0, "is_braking": false, "is_crash": false, "crash_intensity_g": 0.0, "segment_start_sample": 32373, "segment_end_sample": 32374, "time_str": ""}}, {"type": "Feature", "geometry": {"type": "LineString", "coordinates": [[4.85521360054653, 52.3547825863633], [4.85522530496409, 52.3547886914911]]}, "properties": {"Speed": 0.0, "Speed_display": 2.9, "road_quality": 3, "marker": 0, "trip_id": "604F0_Trip12", "hrot_diff": 0, "sample_diff": 1, "time_diff_s": 0.02, "gps_distance_m": 1.0, "original_speed": "", "wheel_diameter_mm": 711, "braking_intensity": 0.0, "is_braking": false, "is_crash": false, "crash_intensity_g": 0.0, "segment_start_sample": 32411, "segment_end_sample": 32412, "time_str": ""}}, {"type": "Feature", "geometry": {"type": "LineString", "coordinates": [[4.85522530496409, 52.3547886914911], [4.85526749245187, 52.3548054076835]]}, "properties": {"Speed": 0.0, "Speed_display": 2.9, "road_quality": 3, "marker": 0, "trip_id": "604F0_Trip12", "hrot_diff": 0, "sample_diff": 1, "time_diff_s": 0.02, "gps_distance_m": 3.4, "original_speed": "", "wheel_diameter_mm": 711, "braking_intensity": 0.0, "is_braking": false, "is_crash": false, "crash_intensity_g": 0.0, "segment_start_sample": 33168, "segment_end_sample": 33169, "time_str": ""}}, {"type": "Feature", "geometry": {"type": "LineString", "coordinates": [[4.85526749245187, 52.3548054076835], [4.85529865108384, 52.3548213447168]]}, "properties": {"Speed": 0.0, "Speed_display": 5.8, "road_quality": 3, "marker": 0, "trip_id": "604F0_Trip12", "hrot_diff": 0, "sample_diff": 1, "time_diff_s": 0.02, "gps_distance_m": 2.8, "original_speed": "", "wheel_diameter_mm": 711, "braking_intensity": 0.0, "is_braking": false, "is_crash": false, "crash_intensity_g": 0.0, "segment_start_sample": 33220, "segment_end_sample": 33221, "time_str": ""}}, {"type": "Feature", "geometry": {"type": "LineString", "coordinates": [[4.85529865108384, 52.3548213447168], [4.85533510714373, 52.3548401123044]]}, "properties": {"Speed": 0.0, "Speed_display": 7.9, "road_quality": 3, "marker": 0, "trip_id": "604F0_Trip12", "hrot_diff": 0, "sample_diff": 1, "time_diff_s": 0.02, "gps_distance_m": 3.2, "original_speed": "", "wheel_diameter_mm": 711, "braking_intensity": 0.0, "is_braking": false, "is_crash": false, "crash_intensity_g": 0.0, "segment_start_sample": 33270, "segment_end_sample": 33271, "time_str": ""}}, {"type": "Feature", "geometry": {"type": "LineString", "coordinates": [[4.85533510714373, 52.3548401123044], [4.85537609654311, 52.3548516493942]]}, "properties": {"Speed": 0.0, "Speed_display": 7.9, "road_quality": 3, "marker": 0, "trip_id": "604F0_Trip12", "hrot_diff": 0, "sample_diff": 1, "time_diff_s": 0.02, "gps_distance_m": 3.1, "original_speed": "", "wheel_diameter_mm": 711, "braking_intensity": 0.0, "is_braking": false, "is_crash": false, "crash_intensity_g": 0.0, "segment_start_sample": 33308, "segment_end_sample": 33309, "time_str": ""}}, {"type": "Feature", "geometry": {"type": "LineString", "coordinates": [[4.85537609654311, 52.3548516493942], [4.85542772283045, 52.354865441439]]}, "properties": {"Speed": 0.0, "Speed_display": 9.4, "road_quality": 3, "marker": 0, "trip_id": "604F0_Trip12", "hrot_diff": 0, "sample_diff": 1, "time_diff_s": 0.02, "gps_distance_m": 3.8, "original_speed": "", "wheel_diameter_mm": 711, "braking_intensity": 0.0, "is_braking": false, "is_crash": false, "crash_intensity_g": 0.0, "segment_start_sample": 33365, "segment_end_sample": 33366, "time_str": ""}}, {"type": "Feature", "geometry": {"type": "LineString", "coordinates": [[4.85542772283045, 52.354865441439], [4.85549207972879, 52.3548827100163]]}, "properties": {"Speed": 0.0, "Speed_display": 11.5, "road_quality": 3, "marker": 0, "trip_id": "604F0_Trip12", "hrot_diff": 0, "sample_diff": 1, "time_diff_s": 0.02, "gps_distance_m": 4.8, "original_speed": "", "wheel_diameter_mm": 711, "braking_intensity": 0.0, "is_braking": false, "is_crash": false, "crash_intensity_g": 0.0, "segment_start_sample": 33414, "segment_end_sample": 33415, "time_str": ""}}, {"type": "Feature", "geometry": {"type": "LineString", "coordinates": [[4.85549207972879, 52.3548827100163], [4.85555801654265, 52.3548982782364]]}, "properties": {"Speed": 0.0, "Speed_display": 12.2, "road_quality": 3, "marker": 0, "trip_id": "604F0_Trip12", "hrot_diff": 0, "sample_diff": 1, "time_diff_s": 0.02, "gps_distance_m": 4.8, "original_speed": "", "wheel_diameter_mm": 711, "braking_intensity": 0.0, "is_braking": false, "is_crash": false, "crash_intensity_g": 0.0, "segment_start_sample": 33458, "segment_end_sample": 33459, "time_str": ""}}, {"type": "Feature", "geometry": {"type": "LineString", "coordinates": [[4.85555801654265, 52.3548982782364], [4.85562251621824, 52.3549089803327]]}, "properties": {"Speed": 0.0, "Speed_display": 11.5, "road_quality": 3, "marker": 0, "trip_id": "604F0_Trip12", "hrot_diff": 0, "sample_diff": 1, "time_diff_s": 0.02, "gps_distance_m": 4.5, "original_speed": "", "wheel_diameter_mm": 711, "braking_intensity": 0.0, "is_braking": false, "is_crash": false, "crash_intensity_g": 0.0, "segment_start_sample": 33516, "segment_end_sample": 33517, "time_str": ""}}, {"type": "Feature", "geometry": {"type": "LineString", "coordinates": [[4.85562251621824, 52.3549089803327], [4.85568779205907, 52.3549208112827]]}, "properties": {"Speed": 0.0, "Speed_display": 12.2, "road_quality": 3, "marker": 0, "trip_id": "604F0_Trip12", "hrot_diff": 0, "sample_diff": 1, "time_diff_s": 0.02, "gps_distance_m": 4.6, "original_speed": "", "wheel_diameter_mm": 711, "braking_intensity": 0.0, "is_braking": false, "is_crash": false, "crash_intensity_g": 0.0, "segment_start_sample": 33560, "segment_end_sample": 33561, "time_str": ""}}, {"type": "Feature", "geometry": {"type": "LineString", "coordinates": [[4.85568779205907, 52.3549208112827], [4.85575779815301, 52.3549372490155]]}, "properties": {"Speed": 0.0, "Speed_display": 12.2, "road_quality": 3, "marker": 0, "trip_id": "604F0_Trip12", "hrot_diff": 0, "sample_diff": 1, "time_diff_s": 0.02, "gps_distance_m": 5.1, "original_speed": "", "wheel_diameter_mm": 711, "braking_intensity": 0.0, "is_braking": false, "is_crash": false, "crash_intensity_g": 0.0, "segment_start_sample": 33613, "segment_end_sample": 33614, "time_str": ""}}, {"type": "Feature", "geometry": {"type": "LineString", "coordinates": [[4.85575779815301, 52.3549372490155], [4.85581519415256, 52.3549511078245]]}, "properties": {"Speed": 0.0, "Speed_display": 11.5, "road_quality": 2, "marker": 0, "trip_id": "604F0_Trip12", "hrot_diff": 0, "sample_diff": 1, "time_diff_s": 0.02, "gps_distance_m": 4.2, "original_speed": "", "wheel_diameter_mm": 711, "braking_intensity": 0.0, "is_braking": false, "is_crash": false, "crash_intensity_g": 0.0, "segment_start_sample": 33660, "segment_end_sample": 33661, "time_str": ""}}, {"type": "Feature", "geometry": {"type": "LineString", "coordinates": [[4.85581519415256, 52.3549511078245], [4.85588184943565, 52.354965125715]]}, "properties": {"Speed": 0.0, "Speed_display": 12.2, "road_quality": 2, "marker": 0, "trip_id": "604F0_Trip12", "hrot_diff": 0, "sample_diff": 1, "time_diff_s": 0.02, "gps_distance_m": 4.8, "original_speed": "", "wheel_diameter_mm": 711, "braking_intensity": 0.0, "is_braking": false, "is_crash": false, "crash_intensity_g": 0.0, "segment_start_sample": 33703, "segment_end_sample": 33704, "time_str": ""}}, {"type": "Feature", "geometry": {"type": "LineString", "coordinates": [[4.85588184943565, 52.354965125715], [4.85603969728064, 52.3549941004809]]}, "properties": {"Speed": 0.0, "Speed_display": 14.4, "road_quality": 2, "marker": 0, "trip_id": "604F0_Trip12", "hrot_diff": 0, "sample_diff": 1, "time_diff_s": 0.02, "gps_distance_m": 11.2, "original_speed": "", "wheel_diameter_mm": 711, "braking_intensity": 0.0, "is_braking": false, "is_crash": false, "crash_intensity_g": 0.0, "segment_start_sample": 33821, "segment_end_sample": 33822, "time_str": ""}}, {"type": "Feature", "geometry": {"type": "LineString", "coordinates": [[4.87960574276429, 52.3607436139454], [4.88185906996337, 52.3617585166618]]}, "properties": {"Speed": 0.0, "Speed_display": 10.1, "road_quality": 2, "marker": 0, "trip_id": "604F0_Trip12", "hrot_diff": 0, "sample_diff": 1, "time_diff_s": 0.02, "gps_distance_m": 190.1, "original_speed": "", "wheel_diameter_mm": 711, "braking_intensity": 0.0, "is_braking": false, "is_crash": false, "crash_intensity_g": 0.0, "segment_start_sample": 48021, "segment_end_sample": 48022, "time_str": ""}}, {"type": "Feature", "geometry": {"type": "LineString", "coordinates": [[4.88185906996337, 52.3617585166618], [4.88190180754643, 52.3617884607588]]}, "properties": {"Speed": 0.0, "Speed_display": 10.8, "road_quality": 2, "marker": 0, "trip_id": "604F0_Trip12", "hrot_diff": 0, "sample_diff": 1, "time_diff_s": 0.02, "gps_distance_m": 4.4, "original_speed": "", "wheel_diameter_mm": 711, "braking_intensity": 0.0, "is_braking": false, "is_crash": false, "crash_intensity_g": 0.0, "segment_start_sample": 49431, "segment_end_sample": 49432, "time_str": ""}}, {"type": "Feature", "geometry": {"type": "LineString", "coordinates": [[4.88190180754643, 52.3617884607588], [4.88194412147443, 52.3618151701261]]}, "properties": {"Speed": 0.0, "Speed_display": 10.8, "road_quality": 2, "marker": 0, "trip_id": "604F0_Trip12", "hrot_diff": 0, "sample_diff": 1, "time_diff_s": 0.02, "gps_distance_m": 4.1, "original_speed": "", "wheel_diameter_mm": 711, "braking_intensity": 0.0, "is_braking": false, "is_crash": false, "crash_intensity_g": 0.0, "segment_start_sample": 49479, "segment_end_sample": 49480, "time_str": ""}}, {"type": "Feature", "geometry": {"type": "LineString", "coordinates": [[4.88194412147443, 52.3618151701261], [4.88198622430748, 52.361846448961]]}, "properties": {"Speed": 0.0, "Speed_display": 11.5, "road_quality": 2, "marker": 0, "trip_id": "604F0_Trip12", "hrot_diff": 0, "sample_diff": 1, "time_diff_s": 0.02, "gps_distance_m": 4.5, "original_speed": "", "wheel_diameter_mm": 711, "braking_intensity": 0.0, "is_braking": false, "is_crash": false, "crash_intensity_g": 0.0, "segment_start_sample": 49532, "segment_end_sample": 49533, "time_str": ""}}, {"type": "Feature", "geometry": {"type": "LineString", "coordinates": [[4.88198622430748, 52.361846448961], [4.88202010167445, 52.3618744238312]]}, "properties": {"Speed": 0.0, "Speed_display": 10.1, "road_quality": 2, "marker": 0, "trip_id": "604F0_Trip12", "hrot_diff": 0, "sample_diff": 1, "time_diff_s": 0.02, "gps_distance_m": 3.9, "original_speed": "", "wheel_diameter_mm": 711, "braking_intensity": 0.0, "is_braking": false, "is_crash": false, "crash_intensity_g": 0.0, "segment_start_sample": 49586, "segment_end_sample": 49587, "time_str": ""}}, {"type": "Feature", "geometry": {"type": "LineString", "coordinates": [[4.88202010167445, 52.3618744238312], [4.88205576659202, 52.3619020051068]]}, "properties": {"Speed": 0.0, "Speed_display": 10.1, "road_quality": 2, "marker": 0, "trip_id": "604F0_Trip12", "hrot_diff": 0, "sample_diff": 1, "time_diff_s": 0.02, "gps_distance_m": 3.9, "original_speed": "", "wheel_diameter_mm": 711, "braking_intensity": 0.0, "is_braking": false, "is_crash": false, "crash_intensity_g": 0.0, "segment_start_sample": 49631, "segment_end_sample": 49632, "time_str": ""}}, {"type": "Feature", "geometry": {"type": "LineString", "coordinates": [[4.88205576659202, 52.3619020051068], [4.88208274452222, 52.3619329872718]]}, "properties": {"Speed": 0.0, "Speed_display": 10.8, "road_quality": 2, "marker": 0, "trip_id": "604F0_Trip12", "hrot_diff": 0, "sample_diff": 1, "time_diff_s": 0.02, "gps_distance_m": 3.9, "original_speed": "", "wheel_diameter_mm": 711, "braking_intensity": 0.0, "is_braking": false, "is_crash": false, "crash_intensity_g": 0.0, "segment_start_sample": 49681, "segment_end_sample": 49682, "time_str": ""}}, {"type": "Feature", "geometry": {"type": "LineString", "coordinates": [[4.88208274452222, 52.3619329872718], [4.88212082299772, 52.3619688947898]]}, "properties": {"Speed": 0.0, "Speed_display": 11.5, "road_quality": 2, "marker": 0, "trip_id": "604F0_Trip12", "hrot_diff": 0, "sample_diff": 1, "time_diff_s": 0.02, "gps_distance_m": 4.8, "original_speed": "", "wheel_diameter_mm": 711, "braking_intensity": 0.0, "is_braking": false, "is_crash": false, "crash_intensity_g": 0.0, "segment_start_sample": 49730, "segment_end_sample": 49731, "time_str": ""}}, {"type": "Feature", "geometry": {"type": "LineString", "coordinates": [[4.88212082299772, 52.3619688947898], [4.88215186911863, 52.3619941312275]]}, "properties": {"Speed": 0.0, "Speed_display": 10.1, "road_quality": 2, "marker": 0, "trip_id": "604F0_Trip12", "hrot_diff": 0, "sample_diff": 1, "time_diff_s": 0.02, "gps_distance_m": 3.5, "original_speed": "", "wheel_diameter_mm": 711, "braking_intensity": 0.0, "is_braking": false, "is_crash": false, "crash_intensity_g": 0.0, "segment_start_sample": 49778, "segment_end_sample": 49779, "time_str": ""}}, {"type": "Feature", "geometry": {"type": "LineString", "coordinates": [[4.88215186911863, 52.3619941312275], [4.88219129334995, 52.3620230963213]]}, "properties": {"Speed": 0.0, "Speed_display": 10.8, "road_quality": 2, "marker": 0, "trip_id": "604F0_Trip12", "hrot_diff": 0, "sample_diff": 1, "time_diff_s": 0.02, "gps_distance_m": 4.2, "original_speed": "", "wheel_diameter_mm": 711, "braking_intensity": 0.0, "is_braking": false, "is_crash": false, "crash_intensity_g": 0.0, "segment_start_sample": 49829, "segment_end_sample": 49830, "time_str": ""}}, {"type": "Feature", "geometry": {"type": "LineString", "coordinates": [[4.88219129334995, 52.3620230963213], [4.88221688433627, 52.3620496907365]]}, "properties": {"Speed": 0.0, "Speed_display": 9.4, "road_quality": 2, "marker": 0, "trip_id": "604F0_Trip12", "hrot_diff": 0, "sample_diff": 1, "time_diff_s": 0.02, "gps_distance_m": 3.4, "original_speed": "", "wheel_diameter_mm": 711, "braking_intensity": 0.0, "is_braking": false, "is_crash": false, "crash_intensity_g": 0.0, "segment_start_sample": 49888, "segment_end_sample": 49889, "time_str": ""}}, {"type": "Feature", "geometry": {"type": "LineString", "coordinates": [[4.88221688433627, 52.3620496907365], [4.88225213002551, 52.3620795669353]]}, "properties": {"Speed": 0.0, "Speed_display": 10.1, "road_quality": 2, "marker": 0, "trip_id": "604F0_Trip12", "hrot_diff": 0, "sample_diff": 1, "time_diff_s": 0.02, "gps_distance_m": 4.1, "original_speed": "", "wheel_diameter_mm": 711, "braking_intensity": 0.0, "is_braking": false, "is_crash": false, "crash_intensity_g": 0.0, "segment_start_sample": 49938, "segment_end_sample": 49939, "time_str": ""}}, {"type": "Feature", "geometry": {"type": "LineString", "coordinates": [[4.88225213002551, 52.3620795669353], [4.88229774895879, 52.3621131227124]]}, "properties": {"Speed": 0.0, "Speed_display": 11.5, "road_quality": 2, "marker": 0, "trip_id": "604F0_Trip12", "hrot_diff": 0, "sample_diff": 1, "time_diff_s": 0.02, "gps_distance_m": 4.8, "original_speed": "", "wheel_diameter_mm": 711, "braking_intensity": 0.0, "is_braking": false, "is_crash": false, "crash_intensity_g": 0.0, "segment_start_sample": 49981, "segment_end_sample": 49982, "time_str": ""}}, {"type": "Feature", "geometry": {"type": "LineString", "coordinates": [[4.88229774895879, 52.3621131227124], [4.8823583542503, 52.3621497070885]]}, "properties": {"Speed": 0.0, "Speed_display": 13.7, "road_quality": 2, "marker": 0, "trip_id": "604F0_Trip12", "hrot_diff": 0, "sample_diff": 1, "time_diff_s": 0.02, "gps_distance_m": 5.8, "original_speed": "", "wheel_diameter_mm": 711, "braking_intensity": 0.0, "is_braking": false, "is_crash": false, "crash_intensity_g": 0.0, "segment_start_sample": 50033, "segment_end_sample": 50034, "time_str": ""}}, {"type": "Feature", "geometry": {"type": "LineString", "coordinates": [[4.8823583542503, 52.3621497070885], [4.88242043225507, 52.3621841615287]]}, "properties": {"Speed": 0.0, "Speed_display": 14.4, "road_quality": 2, "marker": 0, "trip_id": "604F0_Trip12", "hrot_diff": 0, "sample_diff": 1, "time_diff_s": 0.02, "gps_distance_m": 5.7, "original_speed": "", "wheel_diameter_mm": 711, "braking_intensity": 0.0, "is_braking": false, "is_crash": false, "crash_intensity_g": 0.0, "segment_start_sample": 50079, "segment_end_sample": 50080, "time_str": ""}}, {"type": "Feature", "geometry": {"type": "LineString", "coordinates": [[4.88242043225507, 52.3621841615287], [4.88248545945716, 52.3622068451]]}, "properties": {"Speed": 0.0, "Speed_display": 13.7, "road_quality": 2, "marker": 0, "trip_id": "604F0_Trip12", "hrot_diff": 0, "sample_diff": 1, "time_diff_s": 0.02, "gps_distance_m": 5.1, "original_speed": "", "wheel_diameter_mm": 711, "braking_intensity": 0.0, "is_braking": false, "is_crash": false, "crash_intensity_g": 0.0, "segment_start_sample": 50131, "segment_end_sample": 50132, "time_str": ""}}, {"type": "Feature", "geometry": {"type": "LineString", "coordinates": [[4.88248545945716, 52.3622068451], [4.88255586585507, 52.3622290704276]]}, "properties": {"Speed": 0.0, "Speed_display": 13.7, "road_quality": 2, "marker": 0, "trip_id": "604F0_Trip12", "hrot_diff": 0, "sample_diff": 1, "time_diff_s": 0.02, "gps_distance_m": 5.4, "original_speed": "", "wheel_diameter_mm": 711, "braking_intensity": 0.0, "is_braking": false, "is_crash": false, "crash_intensity_g": 0.0, "segment_start_sample": 50189, "segment_end_sample": 50190, "time_str": ""}}, {"type": "Feature", "geometry": {"type": "LineString", "coordinates": [[4.88255586585507, 52.3622290704276], [4.88262428007311, 52.3622481454615]]}, "properties": {"Speed": 0.0, "Speed_display": 13.7, "road_quality": 2, "marker": 0, "trip_id": "604F0_Trip12", "hrot_diff": 0, "sample_diff": 1, "time_diff_s": 0.02, "gps_distance_m": 5.1, "original_speed": "", "wheel_diameter_mm": 711, "braking_intensity": 0.0, "is_braking": false, "is_crash": false, "crash_intensity_g": 0.0, "segment_start_sample": 50231, "segment_end_sample": 50232, "time_str": ""}}, {"type": "Feature", "geometry": {"type": "LineString", "coordinates": [[4.88262428007311, 52.3622481454615], [4.88269634305325, 52.362264252045]]}, "properties": {"Speed": 0.0, "Speed_display": 13.7, "road_quality": 2, "marker": 0, "trip_id": "604F0_Trip12", "hrot_diff": 0, "sample_diff": 1, "time_diff_s": 0.02, "gps_distance_m": 5.2, "original_speed": "", "wheel_diameter_mm": 711, "braking_intensity": 0.0, "is_braking": false, "is_crash": false, "crash_intensity_g": 0.0, "segment_start_sample": 50278, "segment_end_sample": 50279, "time_str": ""}}, {"type": "Feature", "geometry": {"type": "LineString", "coordinates": [[4.88269634305325, 52.362264252045], [4.88277980801406, 52.3622699682378]]}, "properties": {"Speed": 0.0, "Speed_display": 14.4, "road_quality": 2, "marker": 0, "trip_id": "604F0_Trip12", "hrot_diff": 0, "sample_diff": 1, "time_diff_s": 0.02, "gps_distance_m": 5.7, "original_speed": "", "wheel_diameter_mm": 711, "braking_intensity": 0.0, "is_braking": false, "is_crash": false, "crash_intensity_g": 0.0, "segment_start_sample": 50365, "segment_end_sample": 50366, "time_str": ""}}, {"type": "Feature", "geometry": {"type": "LineString", "coordinates": [[4.88277980801406, 52.3622699682378], [4.88286296164201, 52.3622599214196]]}, "properties": {"Speed": 0.0, "Speed_display": 14.4, "road_quality": 2, "marker": 0, "trip_id": "604F0_Trip12", "hrot_diff": 0, "sample_diff": 1, "time_diff_s": 0.02, "gps_distance_m": 5.8, "original_speed": "", "wheel_diameter_mm": 711, "braking_intensity": 0.0, "is_braking": false, "is_crash": false, "crash_intensity_g": 0.0, "segment_start_sample": 50384, "segment_end_sample": 50385, "time_str": ""}}, {"type": "Feature", "geometry": {"type": "LineString", "coordinates": [[4.88286296164201, 52.3622599214196], [4.88294217525437, 52.3622469860262]]}, "properties": {"Speed": 0.0, "Speed_display": 14.4, "road_quality": 2, "marker": 0, "trip_id": "604F0_Trip12", "hrot_diff": 0, "sample_diff": 1, "time_diff_s": 0.02, "gps_distance_m": 5.6, "original_speed": "", "wheel_diameter_mm": 711, "braking_intensity": 0.0, "is_braking": false, "is_crash": false, "crash_intensity_g": 0.0, "segment_start_sample": 50429, "segment_end_sample": 50430, "time_str": ""}}, {"type": "Feature", "geometry": {"type": "LineString", "coordinates": [[4.88294217525437, 52.3622469860262], [4.8830152819841, 52.362241107494]]}, "properties": {"Speed": 0.0, "Speed_display": 13.7, "road_quality": 2, "marker": 0, "trip_id": "604F0_Trip12", "hrot_diff": 0, "sample_diff": 1, "time_diff_s": 0.02, "gps_distance_m": 5.0, "original_speed": "", "wheel_diameter_mm": 711, "braking_intensity": 0.0, "is_braking": false, "is_crash": false, "crash_intensity_g": 0.0, "segment_start_sample": 50469, "segment_end_sample": 50470, "time_str": ""}}, {"type": "Feature", "geometry": {"type": "LineString", "coordinates": [[4.8830152819841, 52.362241107494], [4.8831004377054, 52.3622410375805]]}, "properties": {"Speed": 0.0, "Speed_display": 14.4, "road_quality": 3, "marker": 0, "trip_id": "604F0_Trip12", "hrot_diff": 0, "sample_diff": 1, "time_diff_s": 0.02, "gps_distance_m": 5.8, "original_speed": "", "wheel_diameter_mm": 711, "braking_intensity": 0.0, "is_braking": false, "is_crash": false, "crash_intensity_g": 0.0, "segment_start_sample": 50565, "segment_end_sample": 50566, "time_str": ""}}, {"type": "Feature", "geometry": {"type": "LineString", "coordinates": [[4.8831004377054, 52.3622410375805], [4.88372064194071, 52.3625113728751]]}, "properties": {"Speed": 0.0, "Speed_display": 9.4, "road_quality": 3, "marker": 0, "trip_id": "604F0_Trip12", "hrot_diff": 0, "sample_diff": 1, "time_diff_s": 0.02, "gps_distance_m": 51.7, "original_speed": "", "wheel_diameter_mm": 711, "braking_intensity": 0.0, "is_braking": false, "is_crash": false, "crash_intensity_g": 0.0, "segment_start_sample": 51118, "segment_end_sample": 51119, "time_str": ""}}, {"type": "Feature", "geometry": {"type": "LineString", "coordinates": [[4.88372064194071, 52.3625113728751], [4.88382007649601, 52.3624609272501]]}, "properties": {"Speed": 0.0, "Speed_display": 12.2, "road_quality": 3, "marker": 0, "trip_id": "604F0_Trip12", "hrot_diff": 0, "sample_diff": 1, "time_diff_s": 0.02, "gps_distance_m": 8.8, "original_speed": "", "wheel_diameter_mm": 711, "braking_intensity": 0.0, "is_braking": false, "is_crash": false, "crash_intensity_g": 0.0, "segment_start_sample": 51194, "segment_end_sample": 51195, "time_str": ""}}, {"type": "Feature", "geometry": {"type": "LineString", "coordinates": [[4.88382007649601, 52.3624609272501], [4.89038521278558, 52.3595485136836]]}, "properties": {"Speed": 0.0, "Speed_display": 5.0, "road_quality": 2, "marker": 0, "trip_id": "604F0_Trip12", "hrot_diff": 0, "sample_diff": 1, "time_diff_s": 0.02, "gps_distance_m": 551.0, "original_speed": "", "wheel_diameter_mm": 711, "braking_intensity": 0.0, "is_braking": false, "is_crash": false, "crash_intensity_g": 0.0, "segment_start_sample": 55299, "segment_end_sample": 55300, "time_str": ""}}, {"type": "Feature", "geometry": {"type": "LineString", "coordinates": [[4.89038521278558, 52.3595485136836], [4.8904129203029, 52.3595448619294]]}, "properties": {"Speed": 0.0, "Speed_display": 5.0, "road_quality": 2, "marker": 0, "trip_id": "604F0_Trip12", "hrot_diff": 0, "sample_diff": 1, "time_diff_s": 0.02, "gps_distance_m": 1.9, "original_speed": "", "wheel_diameter_mm": 711, "braking_intensity": 0.0, "is_braking": false, "is_crash": false, "crash_intensity_g": 0.0, "segment_start_sample": 55329, "segment_end_sample": 55330, "time_str": ""}}, {"type": "Feature", "geometry": {"type": "LineString", "coordinates": [[4.8904129203029, 52.3595448619294], [4.89043589183175, 52.3595383250126]]}, "properties": {"Speed": 0.0, "Speed_display": 4.3, "road_quality": 2, "marker": 0, "trip_id": "604F0_Trip12", "hrot_diff": 0, "sample_diff": 1, "time_diff_s": 0.02, "gps_distance_m": 1.7, "original_speed": "", "wheel_diameter_mm": 711, "braking_intensity": 0.0, "is_braking": false, "is_crash": false, "crash_intensity_g": 0.0, "segment_start_sample": 55386, "segment_end_sample": 55387, "time_str": ""}}, {"type": "Feature", "geometry": {"type": "LineString", "coordinates": [[4.89043589183175, 52.3595383250126], [4.89045203382433, 52.3595377646294]]}, "properties": {"Speed": 0.0, "Speed_display": 0.7, "road_quality": 2, "marker": 0, "trip_id": "604F0_Trip12", "hrot_diff": 0, "sample_diff": 1, "time_diff_s": 0.02, "gps_distance_m": 1.1, "original_speed": "", "wheel_diameter_mm": 711, "braking_intensity": 0.0, "is_braking": false, "is_crash": false, "crash_intensity_g": 0.0, "segment_start_sample": 55501, "segment_end_sample": 55502, "time_str": ""}}, {"type": "Feature", "geometry": {"type": "LineString", "coordinates": [[4.89045203382433, 52.3595377646294], [4.89047838279279, 52.3595321552519]]}, "properties": {"Speed": 0.0, "Speed_display": 3.6, "road_quality": 3, "marker": 0, "trip_id": "604F0_Trip12", "hrot_diff": 0, "sample_diff": 1, "time_diff_s": 0.02, "gps_distance_m": 1.9, "original_speed": "", "wheel_diameter_mm": 711, "braking_intensity": 0.0, "is_braking": false, "is_crash": false, "crash_intensity_g": 0.0, "segment_start_sample": 56280, "segment_end_sample": 56281, "time_str": ""}}, {"type": "Feature", "geometry": {"type": "LineString", "coordinates": [[4.89047838279279, 52.3595321552519], [4.89051005290723, 52.3595309114531]]}, "properties": {"Speed": 0.0, "Speed_display": 5.0, "road_quality": 3, "marker": 0, "trip_id": "604F0_Trip12", "hrot_diff": 0, "sample_diff": 1, "time_diff_s": 0.02, "gps_distance_m": 2.2, "original_speed": "", "wheel_diameter_mm": 711, "braking_intensity": 0.0, "is_braking": false, "is_crash": false, "crash_intensity_g": 0.0, "segment_start_sample": 56335, "segment_end_sample": 56336, "time_str": ""}}, {"type": "Feature", "geometry": {"type": "LineString", "coordinates": [[4.89051005290723, 52.3595309114531], [4.89055834355328, 52.3595330259119]]}, "properties": {"Speed": 0.0, "Speed_display": 7.9, "road_quality": 3, "marker": 0, "trip_id": "604F0_Trip12", "hrot_diff": 0, "sample_diff": 1, "time_diff_s": 0.02, "gps_distance_m": 3.3, "original_speed": "", "wheel_diameter_mm": 711, "braking_intensity": 0.0, "is_braking": false, "is_crash": false, "crash_intensity_g": 0.0, "segment_start_sample": 56372, "segment_end_sample": 56373, "time_str": ""}}, {"type": "Feature", "geometry": {"type": "LineString", "coordinates": [[4.89055834355328, 52.3595330259119], [4.89060790926621, 52.3595342242083]]}, "properties": {"Speed": 0.0, "Speed_display": 8.6, "road_quality": 3, "marker": 0, "trip_id": "604F0_Trip12", "hrot_diff": 0, "sample_diff": 1, "time_diff_s": 0.02, "gps_distance_m": 3.4, "original_speed": "", "wheel_diameter_mm": 711, "braking_intensity": 0.0, "is_braking": false, "is_crash": false, "crash_intensity_g": 0.0, "segment_start_sample": 56423, "segment_end_sample": 56424, "time_str": ""}}, {"type": "Feature", "geometry": {"type": "LineString", "coordinates": [[4.89060790926621, 52.3595342242083], [4.89065667226541, 52.3595368058521]]}, "properties": {"Speed": 0.0, "Speed_display": 8.6, "road_quality": 3, "marker": 0, "trip_id": "604F0_Trip12", "hrot_diff": 0, "sample_diff": 1, "time_diff_s": 0.02, "gps_distance_m": 3.3, "original_speed": "", "wheel_diameter_mm": 711, "braking_intensity": 0.0, "is_braking": false, "is_crash": false, "crash_intensity_g": 0.0, "segment_start_sample": 56470, "segment_end_sample": 56471, "time_str": ""}}, {"type": "Feature", "geometry": {"type": "LineString", "coordinates": [[4.89065667226541, 52.3595368058521], [4.89070894962173, 52.3595395972232]]}, "properties": {"Speed": 0.0, "Speed_display": 8.6, "road_quality": 3, "marker": 0, "trip_id": "604F0_Trip12", "hrot_diff": 0, "sample_diff": 1, "time_diff_s": 0.02, "gps_distance_m": 3.6, "original_speed": "", "wheel_diameter_mm": 711, "braking_intensity": 0.0, "is_braking": false, "is_crash": false, "crash_intensity_g": 0.0, "segment_start_sample": 56519, "segment_end_sample": 56520, "time_str": ""}}, {"type": "Feature", "geometry": {"type": "LineString", "coordinates": [[4.89070894962173, 52.3595395972232], [4.89076790776154, 52.3595386280232]]}, "properties": {"Speed": 0.0, "Speed_display": 10.1, "road_quality": 3, "marker": 0, "trip_id": "604F0_Trip12", "hrot_diff": 0, "sample_diff": 1, "time_diff_s": 0.02, "gps_distance_m": 4.0, "original_speed": "", "wheel_diameter_mm": 711, "braking_intensity": 0.0, "is_braking": false, "is_crash": false, "crash_intensity_g": 0.0, "segment_start_sample": 56578, "segment_end_sample": 56579, "time_str": ""}}, {"type": "Feature", "geometry": {"type": "LineString", "coordinates": [[4.89076790776154, 52.3595386280232], [4.8908345079422, 52.3595332558688]]}, "properties": {"Speed": 0.0, "Speed_display": 12.2, "road_quality": 3, "marker": 0, "trip_id": "604F0_Trip12", "hrot_diff": 0, "sample_diff": 1, "time_diff_s": 0.02, "gps_distance_m": 4.6, "original_speed": "", "wheel_diameter_mm": 711, "braking_intensity": 0.0, "is_braking": false, "is_crash": false, "crash_intensity_g": 0.0, "segment_start_sample": 56627, "segment_end_sample": 56628, "time_str": ""}}, {"type": "Feature", "geometry": {"type": "LineString", "coordinates": [[4.8908345079422, 52.3595332558688], [4.89090524915436, 52.3595286008622]]}, "properties": {"Speed": 0.0, "Speed_display": 12.2, "road_quality": 3, "marker": 0, "trip_id": "604F0_Trip12", "hrot_diff": 0, "sample_diff": 1, "time_diff_s": 0.02, "gps_distance_m": 4.8, "original_speed": "", "wheel_diameter_mm": 711, "braking_intensity": 0.0, "is_braking": false, "is_crash": false, "crash_intensity_g": 0.0, "segment_start_sample": 56670, "segment_end_sample": 56671, "time_str": ""}}, {"type": "Feature", "geometry": {"type": "LineString", "coordinates": [[4.89090524915436, 52.3595286008622], [4.89097346251921, 52.3595245209974]]}, "properties": {"Speed": 0.0, "Speed_display": 12.2, "road_quality": 3, "marker": 0, "trip_id": "604F0_Trip12", "hrot_diff": 0, "sample_diff": 1, "time_diff_s": 0.02, "gps_distance_m": 4.7, "original_speed": "", "wheel_diameter_mm": 711, "braking_intensity": 0.0, "is_braking": false, "is_crash": false, "crash_intensity_g": 0.0, "segment_start_sample": 56723, "segment_end_sample": 56724, "time_str": ""}}, {"type": "Feature", "geometry": {"type": "LineString", "coordinates": [[4.89097346251921, 52.3595245209974], [4.89104017550258, 52.3595198881524]]}, "properties": {"Speed": 0.0, "Speed_display": 12.2, "road_quality": 3, "marker": 0, "trip_id": "604F0_Trip12", "hrot_diff": 0, "sample_diff": 1, "time_diff_s": 0.02, "gps_distance_m": 4.6, "original_speed": "", "wheel_diameter_mm": 711, "braking_intensity": 0.0, "is_braking": false, "is_crash": false, "crash_intensity_g": 0.0, "segment_start_sample": 56768, "segment_end_sample": 56769, "time_str": ""}}, {"type": "Feature", "geometry": {"type": "LineString", "coordinates": [[4.89104017550258, 52.3595198881524], [4.89110308438528, 52.3595136778812]]}, "properties": {"Speed": 0.0, "Speed_display": 11.5, "road_quality": 3, "marker": 0, "trip_id": "604F0_Trip12", "hrot_diff": 0, "sample_diff": 1, "time_diff_s": 0.02, "gps_distance_m": 4.3, "original_speed": "", "wheel_diameter_mm": 711, "braking_intensity": 0.0, "is_braking": false, "is_crash": false, "crash_intensity_g": 0.0, "segment_start_sample": 56827, "segment_end_sample": 56828, "time_str": ""}}, {"type": "Feature", "geometry": {"type": "LineString", "coordinates": [[4.89110308438528, 52.3595136778812], [4.89116484996556, 52.3595059638041]]}, "properties": {"Speed": 0.0, "Speed_display": 11.5, "road_quality": 3, "marker": 0, "trip_id": "604F0_Trip12", "hrot_diff": 0, "sample_diff": 1, "time_diff_s": 0.02, "gps_distance_m": 4.3, "original_speed": "", "wheel_diameter_mm": 711, "braking_intensity": 0.0, "is_braking": false, "is_crash": false, "crash_intensity_g": 0.0, "segment_start_sample": 56874, "segment_end_sample": 56875, "time_str": ""}}, {"type": "Feature", "geometry": {"type": "LineString", "coordinates": [[4.89116484996556, 52.3595059638041], [4.89122623383699, 52.3594970095831]]}, "properties": {"Speed": 0.0, "Speed_display": 10.8, "road_quality": 3, "marker": 0, "trip_id": "604F0_Trip12", "hrot_diff": 0, "sample_diff": 1, "time_diff_s": 0.02, "gps_distance_m": 4.3, "original_speed": "", "wheel_diameter_mm": 711, "braking_intensity": 0.0, "is_braking": false, "is_crash": false, "crash_intensity_g": 0.0, "segment_start_sample": 56923, "segment_end_sample": 56924, "time_str": ""}}, {"type": "Feature", "geometry": {"type": "LineString", "coordinates": [[4.89122623383699, 52.3594970095831], [4.89129161373755, 52.3595131622365]]}, "properties": {"Speed": 0.0, "Speed_display": 11.5, "road_quality": 3, "marker": 0, "trip_id": "604F0_Trip12", "hrot_diff": 0, "sample_diff": 1, "time_diff_s": 0.02, "gps_distance_m": 4.8, "original_speed": "", "wheel_diameter_mm": 711, "braking_intensity": 0.0, "is_braking": false, "is_crash": false, "crash_intensity_g": 0.0, "segment_start_sample": 56972, "segment_end_sample": 56973, "time_str": ""}}, {"type": "Feature", "geometry": {"type": "LineString", "coordinates": [[4.89129161373755, 52.3595131622365], [4.89135622374835, 52.3595092199334]]}, "properties": {"Speed": 0.0, "Speed_display": 11.5, "road_quality": 3, "marker": 0, "trip_id": "604F0_Trip12", "hrot_diff": 0, "sample_diff": 1, "time_diff_s": 0.02, "gps_distance_m": 4.4, "original_speed": "", "wheel_diameter_mm": 711, "braking_intensity": 0.0, "is_braking": false, "is_crash": false, "crash_intensity_g": 0.0, "segment_start_sample": 57020, "segment_end_sample": 57021, "time_str": ""}}, {"type": "Feature", "geometry": {"type": "LineString", "coordinates": [[4.89135622374835, 52.3595092199334], [4.89141779754781, 52.3595052474388]]}, "properties": {"Speed": 0.0, "Speed_display": 11.5, "road_quality": 3, "marker": 0, "trip_id": "604F0_Trip12", "hrot_diff": 0, "sample_diff": 1, "time_diff_s": 0.02, "gps_distance_m": 4.2, "original_speed": "", "wheel_diameter_mm": 711, "braking_intensity": 0.0, "is_braking": false, "is_crash": false, "crash_intensity_g": 0.0, "segment_start_sample": 57069, "segment_end_sample": 57070, "time_str": ""}}, {"type": "Feature", "geometry": {"type": "LineString", "coordinates": [[4.89141779754781, 52.3595052474388], [4.89148160363125, 52.3595010801884]]}, "properties": {"Speed": 0.0, "Speed_display": 11.5, "road_quality": 3, "marker": 0, "trip_id": "604F0_Trip12", "hrot_diff": 0, "sample_diff": 1, "time_diff_s": 0.02, "gps_distance_m": 4.4, "original_speed": "", "wheel_diameter_mm": 711, "braking_intensity": 0.0, "is_braking": false, "is_crash": false, "crash_intensity_g": 0.0, "segment_start_sample": 57128, "segment_end_sample": 57129, "time_str": ""}}, {"type": "Feature", "geometry": {"type": "LineString", "coordinates": [[4.89148160363125, 52.3595010801884], [4.89154979953056, 52.3594966262194]]}, "properties": {"Speed": 0.0, "Speed_display": 12.2, "road_quality": 3, "marker": 0, "trip_id": "604F0_Trip12", "hrot_diff": 0, "sample_diff": 1, "time_diff_s": 0.02, "gps_distance_m": 4.7, "original_speed": "", "wheel_diameter_mm": 711, "braking_intensity": 0.0, "is_braking": false, "is_crash": false, "crash_intensity_g": 0.0, "segment_start_sample": 57171, "segment_end_sample": 57172, "time_str": ""}}, {"type": "Feature", "geometry": {"type": "LineString", "coordinates": [[4.89154979953056, 52.3594966262194], [4.89171745863335, 52.3594870211242]]}, "properties": {"Speed": 0.0, "Speed_display": 15.1, "road_quality": 3, "marker": 0, "trip_id": "604F0_Trip12", "hrot_diff": 0, "sample_diff": 1, "time_diff_s": 0.02, "gps_distance_m": 11.4, "original_speed": "", "wheel_diameter_mm": 711, "braking_intensity": 0.0, "is_braking": false, "is_crash": false, "crash_intensity_g": 0.0, "segment_start_sample": 57287, "segment_end_sample": 57288, "time_str": ""}}, {"type": "Feature", "geometry": {"type": "LineString", "coordinates": [[4.91141698475076, 52.3618731903043], [4.91143265246164, 52.3618783490876]]}, "properties": {"Speed": 0.0, "Speed_display": 8.6, "road_quality": 3, "marker": 0, "trip_id": "604F0_Trip12", "hrot_diff": 0, "sample_diff": 1, "time_diff_s": 0.02, "gps_distance_m": 1.2, "original_speed": "", "wheel_diameter_mm": 711, "braking_intensity": 0.0, "is_braking": false, "is_crash": false, "crash_intensity_g": 0.0, "segment_start_sample": 67363, "segment_end_sample": 67364, "time_str": ""}}, {"type": "Feature", "geometry": {"type": "LineString", "coordinates": [[4.91143265246164, 52.3618783490876], [4.91140582839935, 52.3619738887393]]}, "properties": {"Speed": 0.0, "Speed_display": 9.4, "road_quality": 3, "marker": 0, "trip_id": "604F0_Trip12", "hrot_diff": 0, "sample_diff": 1, "time_diff_s": 0.02, "gps_distance_m": 10.8, "original_speed": "", "wheel_diameter_mm": 711, "braking_intensity": 0.0, "is_braking": false, "is_crash": false, "crash_intensity_g": 0.0, "segment_start_sample": 67411, "segment_end_sample": 67412, "time_str": ""}}, {"type": "Feature", "geometry": {"type": "LineString", "coordinates": [[4.91140582839935, 52.3619738887393], [4.91139680052948, 52.3620106612776]]}, "properties": {"Speed": 0.0, "Speed_display": 10.8, "road_quality": 3, "marker": 0, "trip_id": "604F0_Trip12", "hrot_diff": 0, "sample_diff": 1, "time_diff_s": 0.02, "gps_distance_m": 4.1, "original_speed": "", "wheel_diameter_mm": 711, "braking_intensity": 0.0, "is_braking": false, "is_crash": false, "crash_intensity_g": 0.0, "segment_start_sample": 67464, "segment_end_sample": 67465, "time_str": ""}}, {"type": "Feature", "geometry": {"type": "LineString", "coordinates": [[4.91139680052948, 52.3620106612776], [4.91138925679057, 52.3620569100514]]}, "properties": {"Speed": 0.0, "Speed_display": 13.0, "road_quality": 3, "marker": 0, "trip_id": "604F0_Trip12", "hrot_diff": 0, "sample_diff": 1, "time_diff_s": 0.02, "gps_distance_m": 5.2, "original_speed": "", "wheel_diameter_mm": 711, "braking_intensity": 0.0, "is_braking": false, "is_crash": false, "crash_intensity_g": 0.0, "segment_start_sample": 67510, "segment_end_sample": 67511, "time_str": ""}}, {"type": "Feature", "geometry": {"type": "LineString", "coordinates": [[4.91138925679057, 52.3620569100514], [4.91133828288041, 52.3621692717609]]}, "properties": {"Speed": 0.0, "Speed_display": 18.0, "road_quality": 2, "marker": 0, "trip_id": "604F0_Trip12", "hrot_diff": 0, "sample_diff": 1, "time_diff_s": 0.02, "gps_distance_m": 13.0, "original_speed": "", "wheel_diameter_mm": 711, "braking_intensity": 0.0, "is_braking": false, "is_crash": false, "crash_intensity_g": 0.0, "segment_start_sample": 67628, "segment_end_sample": 67629, "time_str": ""}}, {"type": "Feature", "geometry": {"type": "LineString", "coordinates": [[4.91133828288041, 52.3621692717609], [4.9116350275488, 52.3662331426647]]}, "properties": {"Speed": 0.0, "Speed_display": 10.8, "road_quality": 2, "marker": 0, "trip_id": "604F0_Trip12", "hrot_diff": 0, "sample_diff": 1, "time_diff_s": 0.02, "gps_distance_m": 452.3, "original_speed": "", "wheel_diameter_mm": 711, "braking_intensity": 0.0, "is_braking": false, "is_crash": false, "crash_intensity_g": 0.0, "segment_start_sample": 71173, "segment_end_sample": 71174, "time_str": ""}}, {"type": "Feature", "geometry": {"type": "LineString", "coordinates": [[4.9116350275488, 52.3662331426647], [4.91164790075174, 52.3662404024053]]}, "properties": {"Speed": 0.0, "Speed_display": 3.6, "road_quality": 2, "marker": 0, "trip_id": "604F0_Trip12", "hrot_diff": 0, "sample_diff": 1, "time_diff_s": 0.02, "gps_distance_m": 1.2, "original_speed": "", "wheel_diameter_mm": 711, "braking_intensity": 0.0, "is_braking": false, "is_crash": false, "crash_intensity_g": 0.0, "segment_start_sample": 71221, "segment_end_sample": 71222, "time_str": ""}}, {"type": "Feature", "geometry": {"type": "LineString", "coordinates": [[4.91164790075174, 52.3662404024053], [4.91166609382361, 52.3662651630368]]}, "properties": {"Speed": 0.0, "Speed_display": 3.6, "road_quality": 2, "marker": 0, "trip_id": "604F0_Trip12", "hrot_diff": 0, "sample_diff": 1, "time_diff_s": 0.02, "gps_distance_m": 3.0, "original_speed": "", "wheel_diameter_mm": 711, "braking_intensity": 0.0, "is_braking": false, "is_crash": false, "crash_intensity_g": 0.0, "segment_start_sample": 72468, "segment_end_sample": 72469, "time_str": ""}}, {"type": "Feature", "geometry": {"type": "LineString", "coordinates": [[4.91166609382361, 52.3662651630368], [4.91167736784106, 52.3662883185674]]}, "properties": {"Speed": 0.0, "Speed_display": 5.8, "road_quality": 2, "marker": 0, "trip_id": "604F0_Trip12", "hrot_diff": 0, "sample_diff": 1, "time_diff_s": 0.02, "gps_distance_m": 2.7, "original_speed": "", "wheel_diameter_mm": 711, "braking_intensity": 0.0, "is_braking": false, "is_crash": false, "crash_intensity_g": 0.0, "segment_start_sample": 72512, "segment_end_sample": 72513, "time_str": ""}}, {"type": "Feature", "geometry": {"type": "LineString", "coordinates": [[4.91167736784106, 52.3662883185674], [4.91170229050688, 52.3663109456722]]}, "properties": {"Speed": 0.0, "Speed_display": 7.9, "road_quality": 2, "marker": 0, "trip_id": "604F0_Trip12", "hrot_diff": 0, "sample_diff": 1, "time_diff_s": 0.02, "gps_distance_m": 3.0, "original_speed": "", "wheel_diameter_mm": 711, "braking_intensity": 0.0, "is_braking": false, "is_crash": false, "crash_intensity_g": 0.0, "segment_start_sample": 72548, "segment_end_sample": 72549, "time_str": ""}}, {"type": "Feature", "geometry": {"type": "LineString", "coordinates": [[4.91170229050688, 52.3663109456722], [4.91173804451528, 52.3663455083277]]}, "properties": {"Speed": 0.0, "Speed_display": 11.5, "road_quality": 2, "marker": 0, "trip_id": "604F0_Trip12", "hrot_diff": 0, "sample_diff": 1, "time_diff_s": 0.02, "gps_distance_m": 4.5, "original_speed": "", "wheel_diameter_mm": 711, "braking_intensity": 0.0, "is_braking": false, "is_crash": false, "crash_intensity_g": 0.0, "segment_start_sample": 72607, "segment_end_sample": 72608, "time_str": ""}}, {"type": "Feature", "geometry": {"type": "LineString", "coordinates": [[4.91173804451528, 52.3663455083277], [4.91177089421777, 52.3663745996967]]}, "properties": {"Speed": 0.0, "Speed_display": 11.5, "road_quality": 2, "marker": 0, "trip_id": "604F0_Trip12", "hrot_diff": 0, "sample_diff": 1, "time_diff_s": 0.02, "gps_distance_m": 3.9, "original_speed": "", "wheel_diameter_mm": 711, "braking_intensity": 0.0, "is_braking": false, "is_crash": false, "crash_intensity_g": 0.0, "segment_start_sample": 72656, "segment_end_sample": 72657, "time_str": ""}}, {"type": "Feature", "geometry": {"type": "LineString", "coordinates": [[4.91177089421777, 52.3663745996967], [4.91181593694915, 52.3664155961244]]}, "properties": {"Speed": 0.0, "Speed_display": 13.7, "road_quality": 2, "marker": 0, "trip_id": "604F0_Trip12", "hrot_diff": 0, "sample_diff": 1, "time_diff_s": 0.02, "gps_distance_m": 5.5, "original_speed": "", "wheel_diameter_mm": 711, "braking_intensity": 0.0, "is_braking": false, "is_crash": false, "crash_intensity_g": 0.0, "segment_start_sample": 72698, "segment_end_sample": 72699, "time_str": ""}}, {"type": "Feature", "geometry": {"type": "LineString", "coordinates": [[4.91181593694915, 52.3664155961244], [4.91185528842489, 52.3664620894492]]}, "properties": {"Speed": 0.0, "Speed_display": 15.1, "road_quality": 2, "marker": 0, "trip_id": "604F0_Trip12", "hrot_diff": 0, "sample_diff": 1, "time_diff_s": 0.02, "gps_distance_m": 5.8, "original_speed": "", "wheel_diameter_mm": 711, "braking_intensity": 0.0, "is_braking": false, "is_crash": false, "crash_intensity_g": 0.0, "segment_start_sample": 72753, "segment_end_sample": 72754, "time_str": ""}}, {"type": "Feature", "geometry": {"type": "LineString", "coordinates": [[4.91185528842489, 52.3664620894492], [4.91194464685491, 52.366566688685]]}, "properties": {"Speed": 0.0, "Speed_display": 17.3, "road_quality": 2, "marker": 0, "trip_id": "604F0_Trip12", "hrot_diff": 0, "sample_diff": 1, "time_diff_s": 0.02, "gps_distance_m": 13.1, "original_speed": "", "wheel_diameter_mm": 711, "braking_intensity": 0.0, "is_braking": false, "is_crash": false, "crash_intensity_g": 0.0, "segment_start_sample": 72863, "segment_end_sample": 72864, "time_str": ""}}, {"type": "Feature", "geometry": {"type": "LineString", "coordinates": [[4.91194464685491, 52.366566688685], [4.91370982029445, 52.3684930398059]]}, "properties": {"Speed": 0.0, "Speed_display": 10.8, "road_quality": 3, "marker": 0, "trip_id": "604F0_Trip12", "hrot_diff": 0, "sample_diff": 1, "time_diff_s": 0.02, "gps_distance_m": 245.4, "original_speed": "", "wheel_diameter_mm": 711, "braking_intensity": 0.0, "is_braking": false, "is_crash": false, "crash_intensity_g": 0.0, "segment_start_sample": 74806, "segment_end_sample": 74807, "time_str": ""}}, {"type": "Feature", "geometry": {"type": "LineString", "coordinates": [[4.91370982029445, 52.3684930398059], [4.91373553234547, 52.3685148463267]]}, "properties": {"Speed": 0.0, "Speed_display": 9.4, "road_quality": 3, "marker": 0, "trip_id": "604F0_Trip12", "hrot_diff": 0, "sample_diff": 1, "time_diff_s": 0.02, "gps_distance_m": 3.0, "original_speed": "", "wheel_diameter_mm": 711, "braking_intensity": 0.0, "is_braking": false, "is_crash": false, "crash_intensity_g": 0.0, "segment_start_sample": 74837, "segment_end_sample": 74838, "time_str": ""}}, {"type": "Feature", "geometry": {"type": "LineString", "coordinates": [[4.91373553234547, 52.3685148463267], [4.91375352505071, 52.3685387221866]]}, "properties": {"Speed": 0.0, "Speed_display": 7.9, "road_quality": 3, "marker": 0, "trip_id": "604F0_Trip12", "hrot_diff": 0, "sample_diff": 1, "time_diff_s": 0.02, "gps_distance_m": 2.9, "original_speed": "", "wheel_diameter_mm": 711, "braking_intensity": 0.0, "is_braking": false, "is_crash": false, "crash_intensity_g": 0.0, "segment_start_sample": 74904, "segment_end_sample": 74905, "time_str": ""}}, {"type": "Feature", "geometry": {"type": "LineString", "coordinates": [[4.91375352505071, 52.3685387221866], [4.9137737189481, 52.3685647755413]]}, "properties": {"Speed": 0.0, "Speed_display": 7.9, "road_quality": 3, "marker": 0, "trip_id": "604F0_Trip12", "hrot_diff": 0, "sample_diff": 1, "time_diff_s": 0.02, "gps_distance_m": 3.2, "original_speed": "", "wheel_diameter_mm": 711, "braking_intensity": 0.0, "is_braking": false, "is_crash": false, "crash_intensity_g": 0.0, "segment_start_sample": 74950, "segment_end_sample": 74951, "time_str": ""}}, {"type": "Feature", "geometry": {"type": "LineString", "coordinates": [[4.9137737189481, 52.3685647755413], [4.91379563751356, 52.3685903972595]]}, "properties": {"Speed": 0.0, "Speed_display": 8.6, "road_quality": 3, "marker": 0, "trip_id": "604F0_Trip12", "hrot_diff": 0, "sample_diff": 1, "time_diff_s": 0.02, "gps_distance_m": 3.2, "original_speed": "", "wheel_diameter_mm": 711, "braking_intensity": 0.0, "is_braking": false, "is_crash": false, "crash_intensity_g": 0.0, "segment_start_sample": 75000, "segment_end_sample": 75001, "time_str": ""}}, {"type": "Feature", "geometry": {"type": "LineString", "coordinates": [[4.91379563751356, 52.3685903972595], [4.91382081156915, 52.3686135117772]]}, "properties": {"Speed": 0.0, "Speed_display": 7.9, "road_quality": 3, "marker": 0, "trip_id": "604F0_Trip12", "hrot_diff": 0, "sample_diff": 1, "time_diff_s": 0.02, "gps_distance_m": 3.1, "original_speed": "", "wheel_diameter_mm": 711, "braking_intensity": 0.0, "is_braking": false, "is_crash": false, "crash_intensity_g": 0.0, "segment_start_sample": 75049, "segment_end_sample": 75050, "time_str": ""}}, {"type": "Feature", "geometry": {"type": "LineString", "coordinates": [[4.91382081156915, 52.3686135117772], [4.9138461132093, 52.3686374956051]]}, "properties": {"Speed": 0.0, "Speed_display": 7.9, "road_quality": 3, "marker": 0, "trip_id": "604F0_Trip12", "hrot_diff": 0, "sample_diff": 1, "time_diff_s": 0.02, "gps_distance_m": 3.2, "original_speed": "", "wheel_diameter_mm": 711, "braking_intensity": 0.0, "is_braking": false, "is_crash": false, "crash_intensity_g": 0.0, "segment_start_sample": 75098, "segment_end_sample": 75099, "time_str": ""}}, {"type": "Feature", "geometry": {"type": "LineString", "coordinates": [[4.9138461132093, 52.3686374956051], [4.91387020909703, 52.3686612520117]]}, "properties": {"Speed": 0.0, "Speed_display": 7.9, "road_quality": 3, "marker": 0, "trip_id": "604F0_Trip12", "hrot_diff": 0, "sample_diff": 1, "time_diff_s": 0.02, "gps_distance_m": 3.1, "original_speed": "", "wheel_diameter_mm": 711, "braking_intensity": 0.0, "is_braking": false, "is_crash": false, "crash_intensity_g": 0.0, "segment_start_sample": 75148, "segment_end_sample": 75149, "time_str": ""}}, {"type": "Feature", "geometry": {"type": "LineString", "coordinates": [[4.91387020909703, 52.3686612520117], [4.91388780439052, 52.3686832273238]]}, "properties": {"Speed": 0.0, "Speed_display": 7.9, "road_quality": 3, "marker": 0, "trip_id": "604F0_Trip12", "hrot_diff": 0, "sample_diff": 1, "time_diff_s": 0.02, "gps_distance_m": 2.7, "original_speed": "", "wheel_diameter_mm": 711, "braking_intensity": 0.0, "is_braking": false, "is_crash": false, "crash_intensity_g": 0.0, "segment_start_sample": 75201, "segment_end_sample": 75202, "time_str": ""}}, {"type": "Feature", "geometry": {"type": "LineString", "coordinates": [[4.91388780439052, 52.3686832273238], [4.91390974681131, 52.368708730515]]}, "properties": {"Speed": 0.0, "Speed_display": 7.9, "road_quality": 2, "marker": 0, "trip_id": "604F0_Trip12", "hrot_diff": 0, "sample_diff": 1, "time_diff_s": 0.02, "gps_distance_m": 3.2, "original_speed": "", "wheel_diameter_mm": 711, "braking_intensity": 0.0, "is_braking": false, "is_crash": false, "crash_intensity_g": 0.0, "segment_start_sample": 75246, "segment_end_sample": 75247, "time_str": ""}}, {"type": "Feature", "geometry": {"type": "LineString", "coordinates": [[4.91390974681131, 52.368708730515], [4.91394261037223, 52.3687483299134]]}, "properties": {"Speed": 0.0, "Speed_display": 10.8, "road_quality": 2, "marker": 0, "trip_id": "604F0_Trip12", "hrot_diff": 0, "sample_diff": 1, "time_diff_s": 0.02, "gps_distance_m": 4.9, "original_speed": "", "wheel_diameter_mm": 711, "braking_intensity": 0.0, "is_braking": false, "is_crash": false, "crash_intensity_g": 0.0, "segment_start_sample": 75292, "segment_end_sample": 75293, "time_str": ""}}, {"type": "Feature", "geometry": {"type": "LineString", "coordinates": [[4.91394261037223, 52.3687483299134], [4.91397887904963, 52.3687882489322]]}, "properties": {"Speed": 0.0, "Speed_display": 12.2, "road_quality": 2, "marker": 0, "trip_id": "604F0_Trip12", "hrot_diff": 0, "sample_diff": 1, "time_diff_s": 0.02, "gps_distance_m": 5.1, "original_speed": "", "wheel_diameter_mm": 711, "braking_intensity": 0.0, "is_braking": false, "is_crash": false, "crash_intensity_g": 0.0, "segment_start_sample": 75348, "segment_end_sample": 75349, "time_str": ""}}, {"type": "Feature", "geometry": {"type": "LineString", "coordinates": [[4.91397887904963, 52.3687882489322], [4.91400522705543, 52.3688228509549]]}, "properties": {"Speed": 0.0, "Speed_display": 11.5, "road_quality": 2, "marker": 0, "trip_id": "604F0_Trip12", "hrot_diff": 0, "sample_diff": 1, "time_diff_s": 0.02, "gps_distance_m": 4.2, "original_speed": "", "wheel_diameter_mm": 711, "braking_intensity": 0.0, "is_braking": false, "is_crash": false, "crash_intensity_g": 0.0, "segment_start_sample": 75400, "segment_end_sample": 75401, "time_str": ""}}, {"type": "Feature", "geometry": {"type": "LineString", "coordinates": [[4.91400522705543, 52.3688228509549], [4.91399579197728, 52.3688545583062]]}, "properties": {"Speed": 0.0, "Speed_display": 9.4, "road_quality": 2, "marker": 0, "trip_id": "604F0_Trip12", "hrot_diff": 0, "sample_diff": 1, "time_diff_s": 0.02, "gps_distance_m": 3.6, "original_speed": "", "wheel_diameter_mm": 711, "braking_intensity": 0.0, "is_braking": false, "is_crash": false, "crash_intensity_g": 0.0, "segment_start_sample": 75447, "segment_end_sample": 75448, "time_str": ""}}, {"type": "Feature", "geometry": {"type": "LineString", "coordinates": [[4.91399579197728, 52.3688545583062], [4.9139477129898, 52.3688824084044]]}, "properties": {"Speed": 0.0, "Speed_display": 9.4, "road_quality": 2, "marker": 0, "trip_id": "604F0_Trip12", "hrot_diff": 0, "sample_diff": 1, "time_diff_s": 0.02, "gps_distance_m": 4.5, "original_speed": "", "wheel_diameter_mm": 711, "braking_intensity": 0.0, "is_braking": false, "is_crash": false, "crash_intensity_g": 0.0, "segment_start_sample": 75496, "segment_end_sample": 75497, "time_str": ""}}, {"type": "Feature", "geometry": {"type": "LineString", "coordinates": [[4.9139477129898, 52.3688824084044], [4.91387731670692, 52.3688990521663]]}, "properties": {"Speed": 0.0, "Speed_display": 10.8, "road_quality": 3, "marker": 0, "trip_id": "604F0_Trip12", "hrot_diff": 0, "sample_diff": 1, "time_diff_s": 0.02, "gps_distance_m": 5.1, "original_speed": "", "wheel_diameter_mm": 711, "braking_intensity": 0.0, "is_braking": false, "is_crash": false, "crash_intensity_g": 0.0, "segment_start_sample": 75543, "segment_end_sample": 75544, "time_str": ""}}, {"type": "Feature", "geometry": {"type": "LineString", "coordinates": [[4.91387731670692, 52.3688990521663], [4.91381008049333, 52.368922665542]]}, "properties": {"Speed": 0.0, "Speed_display": 12.2, "road_quality": 2, "marker": 0, "trip_id": "604F0_Trip12", "hrot_diff": 0, "sample_diff": 1, "time_diff_s": 0.02, "gps_distance_m": 5.3, "original_speed": "", "wheel_diameter_mm": 711, "braking_intensity": 0.0, "is_braking": false, "is_crash": false, "crash_intensity_g": 0.0, "segment_start_sample": 75597, "segment_end_sample": 75598, "time_str": ""}}, {"type": "Feature", "geometry": {"type": "LineString", "coordinates": [[4.91381008049333, 52.368922665542], [4.91372149733662, 52.3689487424215]]}, "properties": {"Speed": 0.0, "Speed_display": 15.1, "road_quality": 2, "marker": 0, "trip_id": "604F0_Trip12", "hrot_diff": 0, "sample_diff": 1, "time_diff_s": 0.02, "gps_distance_m": 6.7, "original_speed": "", "wheel_diameter_mm": 711, "braking_intensity": 0.0, "is_braking": false, "is_crash": false, "crash_intensity_g": 0.0, "segment_start_sample": 75679, "segment_end_sample": 75680, "time_str": ""}}, {"type": "Feature", "geometry": {"type": "LineString", "coordinates": [[4.91372149733662, 52.3689487424215], [4.91228441829282, 52.3695276899147]]}, "properties": {"Speed": 0.0, "Speed_display": 9.4, "road_quality": 2, "marker": 0, "trip_id": "604F0_Trip12", "hrot_diff": 0, "sample_diff": 1, "time_diff_s": 0.02, "gps_distance_m": 116.9, "original_speed": "", "wheel_diameter_mm": 711, "braking_intensity": 0.0, "is_braking": false, "is_crash": false, "crash_intensity_g": 0.0, "segment_start_sample": 76744, "segment_end_sample": 76745, "time_str": ""}}, {"type": "Feature", "geometry": {"type": "LineString", "coordinates": [[4.91228441829282, 52.3695276899147], [4.91232192290842, 52.3695512576586]]}, "properties": {"Speed": 0.0, "Speed_display": 8.6, "road_quality": 2, "marker": 0, "trip_id": "604F0_Trip12", "hrot_diff": 0, "sample_diff": 1, "time_diff_s": 0.02, "gps_distance_m": 3.7, "original_speed": "", "wheel_diameter_mm": 711, "braking_intensity": 0.0, "is_braking": false, "is_crash": false, "crash_intensity_g": 0.0, "segment_start_sample": 76793, "segment_end_sample": 76794, "time_str": ""}}, {"type": "Feature", "geometry": {"type": "LineString", "coordinates": [[4.91232192290842, 52.3695512576586], [4.91235200490036, 52.3695628567777]]}, "properties": {"Speed": 0.0, "Speed_display": 7.2, "road_quality": 3, "marker": 0, "trip_id": "604F0_Trip12", "hrot_diff": 0, "sample_diff": 1, "time_diff_s": 0.02, "gps_distance_m": 2.4, "original_speed": "", "wheel_diameter_mm": 711, "braking_intensity": 0.0, "is_braking": false, "is_crash": false, "crash_intensity_g": 0.0, "segment_start_sample": 76842, "segment_end_sample": 76843, "time_str": ""}}, {"type": "Feature", "geometry": {"type": "LineString", "coordinates": [[4.91235200490036, 52.3695628567777], [4.91237925666699, 52.3695752343314]]}, "properties": {"Speed": 0.0, "Speed_display": 6.5, "road_quality": 3, "marker": 0, "trip_id": "604F0_Trip12", "hrot_diff": 0, "sample_diff": 1, "time_diff_s": 0.02, "gps_distance_m": 2.3, "original_speed": "", "wheel_diameter_mm": 711, "braking_intensity": 0.0, "is_braking": false, "is_crash": false, "crash_intensity_g": 0.0, "segment_start_sample": 76892, "segment_end_sample": 76893, "time_str": ""}}, {"type": "Feature", "geometry": {"type": "LineString", "coordinates": [[4.91237925666699, 52.3695752343314], [4.91239861937351, 52.3695982705015]]}, "properties": {"Speed": 0.0, "Speed_display": 5.8, "road_quality": 3, "marker": 0, "trip_id": "604F0_Trip12", "hrot_diff": 0, "sample_diff": 1, "time_diff_s": 0.02, "gps_distance_m": 2.9, "original_speed": "", "wheel_diameter_mm": 711, "braking_intensity": 0.0, "is_braking": false, "is_crash": false, "crash_intensity_g": 0.0, "segment_start_sample": 76942, "segment_end_sample": 76943, "time_str": ""}}, {"type": "Feature", "geometry": {"type": "LineString", "coordinates": [[4.91239861937351, 52.3695982705015], [4.91242940085009, 52.3696350559105]]}, "properties": {"Speed": 0.0, "Speed_display": 8.6, "road_quality": 3, "marker": 0, "trip_id": "604F0_Trip12", "hrot_diff": 0, "sample_diff": 1, "time_diff_s": 0.02, "gps_distance_m": 4.6, "original_speed": "", "wheel_diameter_mm": 711, "braking_intensity": 0.0, "is_braking": false, "is_crash": false, "crash_intensity_g": 0.0, "segment_start_sample": 76988, "segment_end_sample": 76989, "time_str": ""}}, {"type": "Feature", "geometry": {"type": "LineString", "coordinates": [[4.91242940085009, 52.3696350559105], [4.912458830026, 52.3696773983872]]}, "properties": {"Speed": 0.0, "Speed_display": 11.5, "road_quality": 3, "marker": 0, "trip_id": "604F0_Trip12", "hrot_diff": 0, "sample_diff": 1, "time_diff_s": 0.02, "gps_distance_m": 5.1, "original_speed": "", "wheel_diameter_mm": 711, "braking_intensity": 0.0, "is_braking": false, "is_crash": false, "crash_intensity_g": 0.0, "segment_start_sample": 77037, "segment_end_sample": 77038, "time_str": ""}}, {"type": "Feature", "geometry": {"type": "LineString", "coordinates": [[4.912458830026, 52.3696773983872], [4.91249304035807, 52.3697236284943]]}, "properties": {"Speed": 0.0, "Speed_display": 13.0, "road_quality": 3, "marker": 0, "trip_id": "604F0_Trip12", "hrot_diff": 0, "sample_diff": 1, "time_diff_s": 0.02, "gps_distance_m": 5.6, "original_speed": "", "wheel_diameter_mm": 711, "braking_intensity": 0.0, "is_braking": false, "is_crash": false, "crash_intensity_g": 0.0, "segment_start_sample": 77099, "segment_end_sample": 77100, "time_str": ""}}, {"type": "Feature", "geometry": {"type": "LineString", "coordinates": [[4.91249304035807, 52.3697236284943], [4.91250556829498, 52.3697608883061]]}, "properties": {"Speed": 0.0, "Speed_display": 11.5, "road_quality": 3, "marker": 0, "trip_id": "604F0_Trip12", "hrot_diff": 0, "sample_diff": 1, "time_diff_s": 0.02, "gps_distance_m": 4.2, "original_speed": "", "wheel_diameter_mm": 711, "braking_intensity": 0.0, "is_braking": false, "is_crash": false, "crash_intensity_g": 0.0, "segment_start_sample": 77138, "segment_end_sample": 77139, "time_str": ""}}, {"type": "Feature", "geometry": {"type": "LineString", "coordinates": [[4.91250556829498, 52.3697608883061], [4.91252172933631, 52.3697831937432]]}, "properties": {"Speed": 0.0, "Speed_display": 8.6, "road_quality": 3, "marker": 0, "trip_id": "604F0_Trip12", "hrot_diff": 0, "sample_diff": 1, "time_diff_s": 0.02, "gps_distance_m": 2.7, "original_speed": "", "wheel_diameter_mm": 711, "braking_intensity": 0.0, "is_braking": false, "is_crash": false, "crash_intensity_g": 0.0, "segment_start_sample": 77194, "segment_end_sample": 77195, "time_str": ""}}, {"type": "Feature", "geometry": {"type": "LineString", "coordinates": [[4.91252172933631, 52.3697831937432], [4.91250286879376, 52.3698152181339]]}, "properties": {"Speed": 0.0, "Speed_display": 8.6, "road_quality": 3, "marker": 0, "trip_id": "604F0_Trip12", "hrot_diff": 0, "sample_diff": 1, "time_diff_s": 0.02, "gps_distance_m": 3.8, "original_speed": "", "wheel_diameter_mm": 711, "braking_intensity": 0.0, "is_braking": false, "is_crash": false, "crash_intensity_g": 0.0, "segment_start_sample": 77248, "segment_end_sample": 77249, "time_str": ""}}, {"type": "Feature", "geometry": {"type": "LineString", "coordinates": [[4.91250286879376, 52.3698152181339], [4.91245864183643, 52.3698512273811]]}, "properties": {"Speed": 0.0, "Speed_display": 10.8, "road_quality": 3, "marker": 0, "trip_id": "604F0_Trip12", "hrot_diff": 0, "sample_diff": 1, "time_diff_s": 0.02, "gps_distance_m": 5.0, "original_speed": "", "wheel_diameter_mm": 711, "braking_intensity": 0.0, "is_braking": false, "is_crash": false, "crash_intensity_g": 0.0, "segment_start_sample": 77296, "segment_end_sample": 77297, "time_str": ""}}, {"type": "Feature", "geometry": {"type": "LineString", "coordinates": [[4.91245864183643, 52.3698512273811], [4.91240279970301, 52.3698845467741]]}, "properties": {"Speed": 0.0, "Speed_display": 12.2, "road_quality": 2, "marker": 0, "trip_id": "604F0_Trip12", "hrot_diff": 0, "sample_diff": 1, "time_diff_s": 0.02, "gps_distance_m": 5.3, "original_speed": "", "wheel_diameter_mm": 711, "braking_intensity": 0.0, "is_braking": false, "is_crash": false, "crash_intensity_g": 0.0, "segment_start_sample": 77342, "segment_end_sample": 77343, "time_str": ""}}, {"type": "Feature", "geometry": {"type": "LineString", "coordinates": [[4.91240279970301, 52.3698845467741], [4.91234949470529, 52.369922728238]]}, "properties": {"Speed": 0.0, "Speed_display": 13.7, "road_quality": 2, "marker": 0, "trip_id": "604F0_Trip12", "hrot_diff": 0, "sample_diff": 1, "time_diff_s": 0.02, "gps_distance_m": 5.6, "original_speed": "", "wheel_diameter_mm": 711, "braking_intensity": 0.0, "is_braking": false, "is_crash": false, "crash_intensity_g": 0.0, "segment_start_sample": 77431, "segment_end_sample": 77432, "time_str": ""}}, {"type": "Feature", "geometry": {"type": "LineString", "coordinates": [[4.91234949470529, 52.369922728238], [4.91229721248255, 52.3699635419338]]}, "properties": {"Speed": 0.0, "Speed_display": 14.4, "road_quality": 2, "marker": 0, "trip_id": "604F0_Trip12", "hrot_diff": 0, "sample_diff": 1, "time_diff_s": 0.02, "gps_distance_m": 5.8, "original_speed": "", "wheel_diameter_mm": 711, "braking_intensity": 0.0, "is_braking": false, "is_crash": false, "crash_intensity_g": 0.0, "segment_start_sample": 77439, "segment_end_sample": 77440, "time_str": ""}}, {"type": "Feature", "geometry": {"type": "LineString", "coordinates": [[4.91229721248255, 52.3699635419338], [4.91225556782738, 52.3699959936008]]}, "properties": {"Speed": 0.0, "Speed_display": 13.0, "road_quality": 2, "marker": 0, "trip_id": "604F0_Trip12", "hrot_diff": 0, "sample_diff": 1, "time_diff_s": 0.02, "gps_distance_m": 4.6, "original_speed": "", "wheel_diameter_mm": 711, "braking_intensity": 0.0, "is_braking": false, "is_crash": false, "crash_intensity_g": 0.0, "segment_start_sample": 77492, "segment_end_sample": 77493, "time_str": ""}}, {"type": "Feature", "geometry": {"type": "LineString", "coordinates": [[4.91225556782738, 52.3699959936008], [4.91221394843061, 52.3700248694036]]}, "properties": {"Speed": 0.0, "Speed_display": 11.5, "road_quality": 2, "marker": 0, "trip_id": "604F0_Trip12", "hrot_diff": 0, "sample_diff": 1, "time_diff_s": 0.02, "gps_distance_m": 4.3, "original_speed": "", "wheel_diameter_mm": 711, "braking_intensity": 0.0, "is_braking": false, "is_crash": false, "crash_intensity_g": 0.0, "segment_start_sample": 77552, "segment_end_sample": 77553, "time_str": ""}}, {"type": "Feature", "geometry": {"type": "LineString", "coordinates": [[4.91221394843061, 52.3700248694036], [4.912167290583, 52.3700468401423]]}, "properties": {"Speed": 0.0, "Speed_display": 10.8, "road_quality": 2, "marker": 0, "trip_id": "604F0_Trip12", "hrot_diff": 0, "sample_diff": 1, "time_diff_s": 0.02, "gps_distance_m": 4.0, "original_speed": "", "wheel_diameter_mm": 711, "braking_intensity": 0.0, "is_braking": false, "is_crash": false, "crash_intensity_g": 0.0, "segment_start_sample": 77589, "segment_end_sample": 77590, "time_str": ""}}, {"type": "Feature", "geometry": {"type": "LineString", "coordinates": [[4.912167290583, 52.3700468401423], [4.91212173799124, 52.3700635199582]]}, "properties": {"Speed": 0.0, "Speed_display": 10.1, "road_quality": 2, "marker": 0, "trip_id": "604F0_Trip12", "hrot_diff": 0, "sample_diff": 1, "time_diff_s": 0.02, "gps_distance_m": 3.6, "original_speed": "", "wheel_diameter_mm": 711, "braking_intensity": 0.0, "is_braking": false, "is_crash": false, "crash_intensity_g": 0.0, "segment_start_sample": 77646, "segment_end_sample": 77647, "time_str": ""}}, {"type": "Feature", "geometry": {"type": "LineString", "coordinates": [[4.91212173799124, 52.3700635199582], [4.9120708086176, 52.3700754363535]]}, "properties": {"Speed": 0.0, "Speed_display": 9.4, "road_quality": 3, "marker": 0, "trip_id": "604F0_Trip12", "hrot_diff": 0, "sample_diff": 1, "time_diff_s": 0.02, "gps_distance_m": 3.7, "original_speed": "", "wheel_diameter_mm": 711, "braking_intensity": 0.0, "is_braking": false, "is_crash": false, "crash_intensity_g": 0.0, "segment_start_sample": 77696, "segment_end_sample": 77697, "time_str": ""}}, {"type": "Feature", "geometry": {"type": "LineString", "coordinates": [[4.9120708086176, 52.3700754363535], [4.9120057185779, 52.370092968099]]}, "properties": {"Speed": 0.0, "Speed_display": 11.5, "road_quality": 3, "marker": 0, "trip_id": "604F0_Trip12", "hrot_diff": 0, "sample_diff": 1, "time_diff_s": 0.02, "gps_distance_m": 4.8, "original_speed": "", "wheel_diameter_mm": 711, "braking_intensity": 0.0, "is_braking": false, "is_crash": false, "crash_intensity_g": 0.0, "segment_start_sample": 77744, "segment_end_sample": 77745, "time_str": ""}}, {"type": "Feature", "geometry": {"type": "LineString", "coordinates": [[4.9120057185779, 52.370092968099], [4.91195464107095, 52.3701206350369]]}, "properties": {"Speed": 0.0, "Speed_display": 11.5, "road_quality": 2, "marker": 0, "trip_id": "604F0_Trip12", "hrot_diff": 0, "sample_diff": 1, "time_diff_s": 0.02, "gps_distance_m": 4.6, "original_speed": "", "wheel_diameter_mm": 711, "braking_intensity": 0.0, "is_braking": false, "is_crash": false, "crash_intensity_g": 0.0, "segment_start_sample": 77789, "segment_end_sample": 77790, "time_str": ""}}, {"type": "Feature", "geometry": {"type": "LineString", "coordinates": [[4.91195464107095, 52.3701206350369], [4.91192161072112, 52.3701494797683]]}, "properties": {"Speed": 0.0, "Speed_display": 10.8, "road_quality": 3, "marker": 0, "trip_id": "604F0_Trip12", "hrot_diff": 0, "sample_diff": 1, "time_diff_s": 0.02, "gps_distance_m": 3.9, "original_speed": "", "wheel_diameter_mm": 711, "braking_intensity": 0.0, "is_braking": false, "is_crash": false, "crash_intensity_g": 0.0, "segment_start_sample": 77839, "segment_end_sample": 77840, "time_str": ""}}, {"type": "Feature", "geometry": {"type": "LineString", "coordinates": [[4.91192161072112, 52.3701494797683], [4.91192800385325, 52.3701867270635]]}, "properties": {"Speed": 0.0, "Speed_display": 9.4, "road_quality": 3, "marker": 0, "trip_id": "604F0_Trip12", "hrot_diff": 0, "sample_diff": 1, "time_diff_s": 0.02, "gps_distance_m": 4.2, "original_speed": "", "wheel_diameter_mm": 711, "braking_intensity": 0.0, "is_braking": false, "is_crash": false, "crash_intensity_g": 0.0, "segment_start_sample": 77893, "segment_end_sample": 77894, "time_str": ""}}, {"type": "Feature", "geometry": {"type": "LineString", "coordinates": [[4.91192800385325, 52.3701867270635], [4.91195982860999, 52.3702144420539]]}, "properties": {"Speed": 0.0, "Speed_display": 8.6, "road_quality": 3, "marker": 0, "trip_id": "604F0_Trip12", "hrot_diff": 0, "sample_diff": 1, "time_diff_s": 0.02, "gps_distance_m": 3.8, "original_speed": "", "wheel_diameter_mm": 711, "braking_intensity": 0.0, "is_braking": false, "is_crash": false, "crash_intensity_g": 0.0, "segment_start_sample": 77949, "segment_end_sample": 77950, "time_str": ""}}, {"type": "Feature", "geometry": {"type": "LineString", "coordinates": [[4.91195982860999, 52.3702144420539], [4.91201935610508, 52.3702428201277]]}, "properties": {"Speed": 0.0, "Speed_display": 10.8, "road_quality": 3, "marker": 0, "trip_id": "604F0_Trip12", "hrot_diff": 0, "sample_diff": 1, "time_diff_s": 0.02, "gps_distance_m": 5.1, "original_speed": "", "wheel_diameter_mm": 711, "braking_intensity": 0.0, "is_braking": false, "is_crash": false, "crash_intensity_g": 0.0, "segment_start_sample": 77997, "segment_end_sample": 77998, "time_str": ""}}, {"type": "Feature", "geometry": {"type": "LineString", "coordinates": [[4.91201935610508, 52.3702428201277], [4.9120878151522, 52.3702708502955]]}, "properties": {"Speed": 0.0, "Speed_display": 13.0, "road_quality": 3, "marker": 0, "trip_id": "604F0_Trip12", "hrot_diff": 0, "sample_diff": 1, "time_diff_s": 0.02, "gps_distance_m": 5.6, "original_speed": "", "wheel_diameter_mm": 711, "braking_intensity": 0.0, "is_braking": false, "is_crash": false, "crash_intensity_g": 0.0, "segment_start_sample": 78044, "segment_end_sample": 78045, "time_str": ""}}, {"type": "Feature", "geometry": {"type": "LineString", "coordinates": [[4.9120878151522, 52.3702708502955], [4.91215499352223, 52.3703102974029]]}, "properties": {"Speed": 0.0, "Speed_display": 14.4, "road_quality": 3, "marker": 0, "trip_id": "604F0_Trip12", "hrot_diff": 0, "sample_diff": 1, "time_diff_s": 0.02, "gps_distance_m": 6.3, "original_speed": "", "wheel_diameter_mm": 711, "braking_intensity": 0.0, "is_braking": false, "is_crash": false, "crash_intensity_g": 0.0, "segment_start_sample": 78094, "segment_end_sample": 78095, "time_str": ""}}, {"type": "Feature", "geometry": {"type": "LineString", "coordinates": [[4.91215499352223, 52.3703102974029], [4.91221847219804, 52.3703542254043]]}, "properties": {"Speed": 0.0, "Speed_display": 15.8, "road_quality": 3, "marker": 0, "trip_id": "604F0_Trip12", "hrot_diff": 0, "sample_diff": 1, "time_diff_s": 0.02, "gps_distance_m": 6.5, "original_speed": "", "wheel_diameter_mm": 711, "braking_intensity": 0.0, "is_braking": false, "is_crash": false, "crash_intensity_g": 0.0, "segment_start_sample": 78174, "segment_end_sample": 78175, "time_str": ""}}, {"type": "Feature", "geometry": {"type": "LineString", "coordinates": [[4.91221847219804, 52.3703542254043], [4.91493530577686, 52.3710626060581]]}, "properties": {"Speed": 0.0, "Speed_display": 7.9, "road_quality": 3, "marker": 0, "trip_id": "604F0_Trip12", "hrot_diff": 0, "sample_diff": 1, "time_diff_s": 0.02, "gps_distance_m": 200.6, "original_speed": "", "wheel_diameter_mm": 711, "braking_intensity": 0.0, "is_braking": false, "is_crash": false, "crash_intensity_g": 0.0, "segment_start_sample": 79989, "segment_end_sample": 79990, "time_str": ""}}, {"type": "Feature", "geometry": {"type": "LineString", "coordinates": [[4.91493530577686, 52.3710626060581], [4.91496239773203, 52.371073036774]]}, "properties": {"Speed": 0.0, "Speed_display": 6.5, "road_quality": 3, "marker": 0, "trip_id": "604F0_Trip12", "hrot_diff": 0, "sample_diff": 1, "time_diff_s": 0.02, "gps_distance_m": 2.2, "original_speed": "", "wheel_diameter_mm": 711, "braking_intensity": 0.0, "is_braking": false, "is_crash": false, "crash_intensity_g": 0.0, "segment_start_sample": 80051, "segment_end_sample": 80052, "time_str": ""}}, {"type": "Feature", "geometry": {"type": "LineString", "coordinates": [[4.91496239773203, 52.371073036774], [4.9149831663146, 52.3710809064263]]}, "properties": {"Speed": 0.0, "Speed_display": 5.0, "road_quality": 3, "marker": 0, "trip_id": "604F0_Trip12", "hrot_diff": 0, "sample_diff": 1, "time_diff_s": 0.02, "gps_distance_m": 1.7, "original_speed": "", "wheel_diameter_mm": 711, "braking_intensity": 0.0, "is_braking": false, "is_crash": false, "crash_intensity_g": 0.0, "segment_start_sample": 80100, "segment_end_sample": 80101, "time_str": ""}}, {"type": "Feature", "geometry": {"type": "LineString", "coordinates": [[4.9149831663146, 52.3710809064263], [4.91500172470211, 52.3710879385876]]}, "properties": {"Speed": 0.0, "Speed_display": 4.3, "road_quality": 2, "marker": 0, "trip_id": "604F0_Trip12", "hrot_diff": 0, "sample_diff": 1, "time_diff_s": 0.02, "gps_distance_m": 1.5, "original_speed": "", "wheel_diameter_mm": 711, "braking_intensity": 0.0, "is_braking": false, "is_crash": false, "crash_intensity_g": 0.0, "segment_start_sample": 80164, "segment_end_sample": 80165, "time_str": ""}}, {"type": "Feature", "geometry": {"type": "LineString", "coordinates": [[4.91500172470211, 52.3710879385876], [4.91501728430243, 52.3710938344535]]}, "properties": {"Speed": 0.0, "Speed_display": 3.6, "road_quality": 3, "marker": 0, "trip_id": "604F0_Trip12", "hrot_diff": 0, "sample_diff": 1, "time_diff_s": 0.02, "gps_distance_m": 1.2, "original_speed": "", "wheel_diameter_mm": 711, "braking_intensity": 0.0, "is_braking": false, "is_crash": false, "crash_intensity_g": 0.0, "segment_start_sample": 80213, "segment_end_sample": 80214, "time_str": ""}}, {"type": "Feature", "geometry": {"type": "LineString", "coordinates": [[4.91501728430243, 52.3710938344535], [4.91503608425811, 52.3711009581145]]}, "properties": {"Speed": 0.0, "Speed_display": 1.4, "road_quality": 3, "marker": 0, "trip_id": "604F0_Trip12", "hrot_diff": 0, "sample_diff": 1, "time_diff_s": 0.02, "gps_distance_m": 1.5, "original_speed": "", "wheel_diameter_mm": 711, "braking_intensity": 0.0, "is_braking": false, "is_crash": false, "crash_intensity_g": 0.0, "segment_start_sample": 80327, "segment_end_sample": 80328, "time_str": ""}}, {"type": "Feature", "geometry": {"type": "LineString", "coordinates": [[4.91503608425811, 52.3711009581145], [4.91506590822498, 52.3711122590073]]}, "properties": {"Speed": 0.0, "Speed_display": 4.3, "road_quality": 3, "marker": 0, "trip_id": "604F0_Trip12", "hrot_diff": 0, "sample_diff": 1, "time_diff_s": 0.02, "gps_distance_m": 2.4, "original_speed": "", "wheel_diameter_mm": 711, "braking_intensity": 0.0, "is_braking": false, "is_crash": false, "crash_intensity_g": 0.0, "segment_start_sample": 80443, "segment_end_sample": 80444, "time_str": ""}}, {"type": "Feature", "geometry": {"type": "LineString", "coordinates": [[4.91506590822498, 52.3711122590073], [4.91510480378855, 52.3711269973336]]}, "properties": {"Speed": 0.0, "Speed_display": 7.2, "road_quality": 3, "marker": 0, "trip_id": "604F0_Trip12", "hrot_diff": 0, "sample_diff": 1, "time_diff_s": 0.02, "gps_distance_m": 3.1, "original_speed": "", "wheel_diameter_mm": 711, "braking_intensity": 0.0, "is_braking": false, "is_crash": false, "crash_intensity_g": 0.0, "segment_start_sample": 80498, "segment_end_sample": 80499, "time_str": ""}}, {"type": "Feature", "geometry": {"type": "LineString", "coordinates": [[4.91510480378855, 52.3711269973336], [4.91515549218703, 52.371146204306]]}, "properties": {"Speed": 0.0, "Speed_display": 10.1, "road_quality": 3, "marker": 0, "trip_id": "604F0_Trip12", "hrot_diff": 0, "sample_diff": 1, "time_diff_s": 0.02, "gps_distance_m": 4.1, "original_speed": "", "wheel_diameter_mm": 711, "braking_intensity": 0.0, "is_braking": false, "is_crash": false, "crash_intensity_g": 0.0, "segment_start_sample": 80546, "segment_end_sample": 80547, "time_str": ""}}, {"type": "Feature", "geometry": {"type": "LineString", "coordinates": [[4.91515549218703, 52.371146204306], [4.91521637832977, 52.3711692760997]]}, "properties": {"Speed": 0.0, "Speed_display": 12.2, "road_quality": 3, "marker": 0, "trip_id": "604F0_Trip12", "hrot_diff": 0, "sample_diff": 1, "time_diff_s": 0.02, "gps_distance_m": 4.9, "original_speed": "", "wheel_diameter_mm": 711, "braking_intensity": 0.0, "is_braking": false, "is_crash": false, "crash_intensity_g": 0.0, "segment_start_sample": 80592, "segment_end_sample": 80593, "time_str": ""}}, {"type": "Feature", "geometry": {"type": "LineString", "coordinates": [[4.91521637832977, 52.3711692760997], [4.91527393676443, 52.3711914546527]]}, "properties": {"Speed": 0.0, "Speed_display": 12.2, "road_quality": 3, "marker": 0, "trip_id": "604F0_Trip12", "hrot_diff": 0, "sample_diff": 1, "time_diff_s": 0.02, "gps_distance_m": 4.6, "original_speed": "", "wheel_diameter_mm": 711, "braking_intensity": 0.0, "is_braking": false, "is_crash": false, "crash_intensity_g": 0.0, "segment_start_sample": 80649, "segment_end_sample": 80650, "time_str": ""}}, {"type": "Feature", "geometry": {"type": "LineString", "coordinates": [[4.91527393676443, 52.3711914546527], [4.91533066131477, 52.3712131146738]]}, "properties": {"Speed": 0.0, "Speed_display": 11.5, "road_quality": 3, "marker": 0, "trip_id": "604F0_Trip12", "hrot_diff": 0, "sample_diff": 1, "time_diff_s": 0.02, "gps_distance_m": 4.5, "original_speed": "", "wheel_diameter_mm": 711, "braking_intensity": 0.0, "is_braking": false, "is_crash": false, "crash_intensity_g": 0.0, "segment_start_sample": 80693, "segment_end_sample": 80694, "time_str": ""}}, {"type": "Feature", "geometry": {"type": "LineString", "coordinates": [[4.91533066131477, 52.3712131146738], [4.91547907866665, 52.3712679370364]]}, "properties": {"Speed": 0.0, "Speed_display": 15.8, "road_quality": 3, "marker": 0, "trip_id": "604F0_Trip12", "hrot_diff": 0, "sample_diff": 1, "time_diff_s": 0.02, "gps_distance_m": 11.8, "original_speed": "", "wheel_diameter_mm": 711, "braking_intensity": 0.0, "is_braking": false, "is_crash": false, "crash_intensity_g": 0.0, "segment_start_sample": 80810, "segment_end_sample": 80811, "time_str": ""}}, {"type": "Feature", "geometry": {"type": "LineString", "coordinates": [[4.91547907866665, 52.3712679370364], [4.91809647788462, 52.3723466138564]]}, "properties": {"Speed": 0.0, "Speed_display": 9.4, "road_quality": 2, "marker": 0, "trip_id": "604F0_Trip12", "hrot_diff": 0, "sample_diff": 1, "time_diff_s": 0.02, "gps_distance_m": 214.4, "original_speed": "", "wheel_diameter_mm": 711, "braking_intensity": 0.0, "is_braking": false, "is_crash": false, "crash_intensity_g": 0.0, "segment_start_sample": 82623, "segment_end_sample": 82624, "time_str": ""}}, {"type": "Feature", "geometry": {"type": "LineString", "coordinates": [[4.91809647788462, 52.3723466138564], [4.9181263704181, 52.3723658966653]]}, "properties": {"Speed": 0.0, "Speed_display": 8.6, "road_quality": 2, "marker": 0, "trip_id": "604F0_Trip12", "hrot_diff": 0, "sample_diff": 1, "time_diff_s": 0.02, "gps_distance_m": 3.0, "original_speed": "", "wheel_diameter_mm": 711, "braking_intensity": 0.0, "is_braking": false, "is_crash": false, "crash_intensity_g": 0.0, "segment_start_sample": 82643, "segment_end_sample": 82644, "time_str": ""}}, {"type": "Feature", "geometry": {"type": "LineString", "coordinates": [[4.9181263704181, 52.3723658966653], [4.91813677762269, 52.3723726101283]]}, "properties": {"Speed": 0.0, "Speed_display": 5.8, "road_quality": 2, "marker": 0, "trip_id": "604F0_Trip12", "hrot_diff": 0, "sample_diff": 1, "time_diff_s": 0.02, "gps_distance_m": 1.0, "original_speed": "", "wheel_diameter_mm": 711, "braking_intensity": 0.0, "is_braking": false, "is_crash": false, "crash_intensity_g": 0.0, "segment_start_sample": 82678, "segment_end_sample": 82679, "time_str": ""}}, {"type": "Feature", "geometry": {"type": "LineString", "coordinates": [[4.91813677762269, 52.3723726101283], [4.91813080056132, 52.372381869385]]}, "properties": {"Speed": 0.0, "Speed_display": 5.8, "road_quality": 2, "marker": 0, "trip_id": "604F0_Trip12", "hrot_diff": 0, "sample_diff": 1, "time_diff_s": 0.02, "gps_distance_m": 1.1, "original_speed": "", "wheel_diameter_mm": 711, "braking_intensity": 0.0, "is_braking": false, "is_crash": false, "crash_intensity_g": 0.0, "segment_start_sample": 82744, "segment_end_sample": 82745, "time_str": ""}}, {"type": "Feature", "geometry": {"type": "LineString", "coordinates": [[4.91813080056132, 52.372381869385], [4.9181085807149, 52.3723979333576]]}, "properties": {"Speed": 0.0, "Speed_display": 5.8, "road_quality": 2, "marker": 0, "trip_id": "604F0_Trip12", "hrot_diff": 0, "sample_diff": 1, "time_diff_s": 0.02, "gps_distance_m": 2.3, "original_speed": "", "wheel_diameter_mm": 711, "braking_intensity": 0.0, "is_braking": false, "is_crash": false, "crash_intensity_g": 0.0, "segment_start_sample": 82791, "segment_end_sample": 82792, "time_str": ""}}, {"type": "Feature", "geometry": {"type": "LineString", "coordinates": [[4.9181085807149, 52.3723979333576], [4.91811405844948, 52.3724086655894]]}, "properties": {"Speed": 0.0, "Speed_display": 3.6, "road_quality": 2, "marker": 0, "trip_id": "604F0_Trip12", "hrot_diff": 0, "sample_diff": 1, "time_diff_s": 0.02, "gps_distance_m": 1.2, "original_speed": "", "wheel_diameter_mm": 711, "braking_intensity": 0.0, "is_braking": false, "is_crash": false, "crash_intensity_g": 0.0, "segment_start_sample": 82846, "segment_end_sample": 82847, "time_str": ""}}, {"type": "Feature", "geometry": {"type": "LineString", "coordinates": [[4.91811405844948, 52.3724086655894], [4.91812928296134, 52.3724224220119]]}, "properties": {"Speed": 0.0, "Speed_display": 3.6, "road_quality": 2, "marker": 0, "trip_id": "604F0_Trip12", "hrot_diff": 0, "sample_diff": 1, "time_diff_s": 0.02, "gps_distance_m": 1.8, "original_speed": "", "wheel_diameter_mm": 711, "braking_intensity": 0.0, "is_braking": false, "is_crash": false, "crash_intensity_g": 0.0, "segment_start_sample": 82905, "segment_end_sample": 82906, "time_str": ""}}, {"type": "Feature", "geometry": {"type": "LineString", "coordinates": [[4.91812928296134, 52.3724224220119], [4.91814538765486, 52.3724416588221]]}, "properties": {"Speed": 0.0, "Speed_display": 5.0, "road_quality": 2, "marker": 0, "trip_id": "604F0_Trip12", "hrot_diff": 0, "sample_diff": 1, "time_diff_s": 0.02, "gps_distance_m": 2.4, "original_speed": "", "wheel_diameter_mm": 711, "braking_intensity": 0.0, "is_braking": false, "is_crash": false, "crash_intensity_g": 0.0, "segment_start_sample": 82954, "segment_end_sample": 82955, "time_str": ""}}, {"type": "Feature", "geometry": {"type": "LineString", "coordinates": [[4.91814538765486, 52.3724416588221], [4.91816298348087, 52.3724616498255]]}, "properties": {"Speed": 0.0, "Speed_display": 5.8, "road_quality": 2, "marker": 0, "trip_id": "604F0_Trip12", "hrot_diff": 0, "sample_diff": 1, "time_diff_s": 0.02, "gps_distance_m": 2.5, "original_speed": "", "wheel_diameter_mm": 711, "braking_intensity": 0.0, "is_braking": false, "is_crash": false, "crash_intensity_g": 0.0, "segment_start_sample": 82978, "segment_end_sample": 82979, "time_str": ""}}, {"type": "Feature", "geometry": {"type": "LineString", "coordinates": [[4.91816298348087, 52.3724616498255], [4.91817147221043, 52.3724738746012]]}, "properties": {"Speed": 0.0, "Speed_display": 3.6, "road_quality": 2, "marker": 0, "trip_id": "604F0_Trip12", "hrot_diff": 0, "sample_diff": 1, "time_diff_s": 0.02, "gps_distance_m": 1.5, "original_speed": "", "wheel_diameter_mm": 711, "braking_intensity": 0.0, "is_braking": false, "is_crash": false, "crash_intensity_g": 0.0, "segment_start_sample": 83063, "segment_end_sample": 83064, "time_str": ""}}, {"type": "Feature", "geometry": {"type": "LineString", "coordinates": [[4.91817147221043, 52.3724738746012], [4.91820381144401, 52.3724744123352]]}, "properties": {"Speed": 0.0, "Speed_display": 4.3, "road_quality": 2, "marker": 0, "trip_id": "604F0_Trip12", "hrot_diff": 0, "sample_diff": 1, "time_diff_s": 0.02, "gps_distance_m": 2.2, "original_speed": "", "wheel_diameter_mm": 711, "braking_intensity": 0.0, "is_braking": false, "is_crash": false, "crash_intensity_g": 0.0, "segment_start_sample": 83092, "segment_end_sample": 83093, "time_str": ""}}, {"type": "Feature", "geometry": {"type": "LineString", "coordinates": [[4.91820381144401, 52.3724744123352], [4.91818454001417, 52.3724620274134]]}, "properties": {"Speed": 0.0, "Speed_display": 4.3, "road_quality": 2, "marker": 0, "trip_id": "604F0_Trip12", "hrot_diff": 0, "sample_diff": 1, "time_diff_s": 0.02, "gps_distance_m": 1.9, "original_speed": "", "wheel_diameter_mm": 711, "braking_intensity": 0.0, "is_braking": false, "is_crash": false, "crash_intensity_g": 0.0, "segment_start_sample": 83188, "segment_end_sample": 83189, "time_str": ""}}]}