{"type": "FeatureCollection", "features": [{"type": "Feature", "geometry": {"type": "LineString", "coordinates": [[4.9153107, 52.3712625], [4.9153244, 52.3712388]]}, "properties": {"Speed": 3.5, "road_quality": 2, "marker": 7, "trip_id": "604F0_Trip2", "hrot_diff": 1, "sample_diff": 57, "time_diff_s": 1.14, "gps_distance_m": 2.8, "original_speed": "649", "wheel_diameter_mm": 711.1999999999999, "braking_intensity": 0.0, "is_braking": false}}, {"type": "Feature", "geometry": {"type": "LineString", "coordinates": [[4.9153244, 52.3712388], [4.9153299, 52.3712266]]}, "properties": {"Speed": 5.2, "road_quality": 2, "marker": 7, "trip_id": "604F0_Trip2", "hrot_diff": 1, "sample_diff": 39, "time_diff_s": 0.78, "gps_distance_m": 1.4, "original_speed": "490", "wheel_diameter_mm": 711.1999999999999, "braking_intensity": 0.0, "is_braking": false}}, {"type": "Feature", "geometry": {"type": "LineString", "coordinates": [[4.9153299, 52.3712266], [4.9153349, 52.3712098]]}, "properties": {"Speed": 7.2, "road_quality": 2, "marker": 7, "trip_id": "604F0_Trip2", "hrot_diff": 1, "sample_diff": 28, "time_diff_s": 0.56, "gps_distance_m": 1.9, "original_speed": "609", "wheel_diameter_mm": 711.1999999999999, "braking_intensity": 0.0, "is_braking": false}}, {"type": "Feature", "geometry": {"type": "LineString", "coordinates": [[4.9153349, 52.3712098], [4.9153492, 52.3711832]]}, "properties": {"Speed": 10.1, "road_quality": 2, "marker": 7, "trip_id": "604F0_Trip2", "hrot_diff": 1, "sample_diff": 20, "time_diff_s": 0.4, "gps_distance_m": 3.1, "original_speed": "961", "wheel_diameter_mm": 711.1999999999999, "braking_intensity": 0.0, "is_braking": false}}, {"type": "Feature", "geometry": {"type": "LineString", "coordinates": [[4.9153492, 52.3711832], [4.915362, 52.3711598]]}, "properties": {"Speed": 11.8, "road_quality": 2, "marker": 7, "trip_id": "604F0_Trip2", "hrot_diff": 1, "sample_diff": 17, "time_diff_s": 0.34, "gps_distance_m": 2.7, "original_speed": "1376", "wheel_diameter_mm": 711.1999999999999, "braking_intensity": 0.0, "is_braking": false}}, {"type": "Feature", "geometry": {"type": "LineString", "coordinates": [[4.915362, 52.3711598], [4.9153897, 52.3711275]]}, "properties": {"Speed": 14.4, "road_quality": 2, "marker": 7, "trip_id": "604F0_Trip2", "hrot_diff": 1, "sample_diff": 14, "time_diff_s": 0.28, "gps_distance_m": 4.1, "original_speed": "1626", "wheel_diameter_mm": 711.1999999999999, "braking_intensity": 0.0, "is_braking": false}}, {"type": "Feature", "geometry": {"type": "LineString", "coordinates": [[4.9153897, 52.3711275], [4.9154213, 52.3710953]]}, "properties": {"Speed": 15.5, "road_quality": 2, "marker": 7, "trip_id": "604F0_Trip2", "hrot_diff": 1, "sample_diff": 13, "time_diff_s": 0.26, "gps_distance_m": 4.2, "original_speed": "1968", "wheel_diameter_mm": 711.1999999999999, "braking_intensity": 0.0, "is_braking": false}}, {"type": "Feature", "geometry": {"type": "LineString", "coordinates": [[4.9154213, 52.3710953], [4.9154755, 52.3710462]]}, "properties": {"Speed": 20.0, "road_quality": 2, "marker": 7, "trip_id": "604F0_Trip2", "hrot_diff": 1, "sample_diff": 10, "time_diff_s": 0.201, "gps_distance_m": 6.6, "original_speed": "2100", "wheel_diameter_mm": 711.1999999999999, "braking_intensity": 0.0, "is_braking": false}}, {"type": "Feature", "geometry": {"type": "LineString", "coordinates": [[4.9154755, 52.3710462], [4.915538, 52.3710082]]}, "properties": {"Speed": 18.3, "road_quality": 2, "marker": 7, "trip_id": "604F0_Trip2", "hrot_diff": 1, "sample_diff": 11, "time_diff_s": 0.22, "gps_distance_m": 6.0, "original_speed": "2427", "wheel_diameter_mm": 711.1999999999999, "braking_intensity": 0.0, "is_braking": false}}, {"type": "Feature", "geometry": {"type": "LineString", "coordinates": [[4.915538, 52.3710082], [4.915598, 52.3709858]]}, "properties": {"Speed": 20.8, "road_quality": 2, "marker": 7, "trip_id": "604F0_Trip2", "hrot_diff": 1, "sample_diff": 10, "time_diff_s": 0.193, "gps_distance_m": 4.8, "original_speed": "2521", "wheel_diameter_mm": 711.1999999999999, "braking_intensity": 0.0, "is_braking": false}}, {"type": "Feature", "geometry": {"type": "LineString", "coordinates": [[4.915598, 52.3709858], [4.915745, 52.3709301]]}, "properties": {"Speed": 21.3, "road_quality": 2, "marker": 7, "trip_id": "604F0_Trip2", "hrot_diff": 1, "sample_diff": 10, "time_diff_s": 0.189, "gps_distance_m": 11.7, "original_speed": "2777", "wheel_diameter_mm": 711.1999999999999, "braking_intensity": 0.0, "is_braking": false}}, {"type": "Feature", "geometry": {"type": "LineString", "coordinates": [[4.915745, 52.3709301], [4.9158309, 52.370903]]}, "properties": {"Speed": 25.1, "road_quality": 2, "marker": 7, "trip_id": "604F0_Trip2", "hrot_diff": 1, "sample_diff": 8, "time_diff_s": 0.16, "gps_distance_m": 6.6, "original_speed": "2912", "wheel_diameter_mm": 711.1999999999999, "braking_intensity": 0.0, "is_braking": false}}, {"type": "Feature", "geometry": {"type": "LineString", "coordinates": [[4.9158309, 52.370903], [4.9159123, 52.3708761]]}, "properties": {"Speed": 28.7, "road_quality": 2, "marker": 7, "trip_id": "604F0_Trip2", "hrot_diff": 1, "sample_diff": 7, "time_diff_s": 0.14, "gps_distance_m": 6.3, "original_speed": "2941", "wheel_diameter_mm": 711.1999999999999, "braking_intensity": 0.0, "is_braking": false}}, {"type": "Feature", "geometry": {"type": "LineString", "coordinates": [[4.9159123, 52.3708761], [4.9159909, 52.3708514]]}, "properties": {"Speed": 25.1, "road_quality": 2, "marker": 7, "trip_id": "604F0_Trip2", "hrot_diff": 1, "sample_diff": 8, "time_diff_s": 0.16, "gps_distance_m": 6.0, "original_speed": "3017", "wheel_diameter_mm": 711.1999999999999, "braking_intensity": 0.0, "is_braking": false}}, {"type": "Feature", "geometry": {"type": "LineString", "coordinates": [[4.9159909, 52.3708514], [4.9160673, 52.3708288]]}, "properties": {"Speed": 40, "road_quality": 2, "marker": 7, "trip_id": "604F0_Trip2", "hrot_diff": 1, "sample_diff": 5, "time_diff_s": 0.1, "gps_distance_m": 5.8, "original_speed": "3000", "wheel_diameter_mm": 711.1999999999999, "braking_intensity": 0.0, "is_braking": false}}, {"type": "Feature", "geometry": {"type": "LineString", "coordinates": [[4.9160673, 52.3708288], [4.9161522, 52.3707963]]}, "properties": {"Speed": 25.1, "road_quality": 2, "marker": 7, "trip_id": "604F0_Trip2", "hrot_diff": 1, "sample_diff": 8, "time_diff_s": 0.16, "gps_distance_m": 6.8, "original_speed": "3181", "wheel_diameter_mm": 711.1999999999999, "braking_intensity": 0.0, "is_braking": false}}, {"type": "Feature", "geometry": {"type": "LineString", "coordinates": [[4.9161522, 52.3707963], [4.916233, 52.3707584]]}, "properties": {"Speed": 25.1, "road_quality": 2, "marker": 7, "trip_id": "604F0_Trip2", "hrot_diff": 1, "sample_diff": 8, "time_diff_s": 0.16, "gps_distance_m": 6.9, "original_speed": "3271", "wheel_diameter_mm": 711.1999999999999, "braking_intensity": 0.0, "is_braking": false}}, {"type": "Feature", "geometry": {"type": "LineString", "coordinates": [[4.916233, 52.3707584], [4.9163131, 52.3707256]]}, "properties": {"Speed": 20.1, "road_quality": 2, "marker": 7, "trip_id": "604F0_Trip2", "hrot_diff": 1, "sample_diff": 10, "time_diff_s": 0.2, "gps_distance_m": 6.5, "original_speed": "3333", "wheel_diameter_mm": 711.1999999999999, "braking_intensity": 0.0, "is_braking": false}}, {"type": "Feature", "geometry": {"type": "LineString", "coordinates": [[4.9163131, 52.3707256], [4.916405, 52.3706948]]}, "properties": {"Speed": 28.7, "road_quality": 2, "marker": 7, "trip_id": "604F0_Trip2", "hrot_diff": 1, "sample_diff": 7, "time_diff_s": 0.14, "gps_distance_m": 7.1, "original_speed": "3301", "wheel_diameter_mm": 711.1999999999999, "braking_intensity": 0.0, "is_braking": false}}, {"type": "Feature", "geometry": {"type": "LineString", "coordinates": [[4.916405, 52.3706948], [4.9164916, 52.3706677]]}, "properties": {"Speed": 28.7, "road_quality": 2, "marker": 7, "trip_id": "604F0_Trip2", "hrot_diff": 1, "sample_diff": 7, "time_diff_s": 0.14, "gps_distance_m": 6.6, "original_speed": "3365", "wheel_diameter_mm": 711.1999999999999, "braking_intensity": 0.0, "is_braking": false}}, {"type": "Feature", "geometry": {"type": "LineString", "coordinates": [[4.9164916, 52.3706677], [4.9165961, 52.3706399]]}, "properties": {"Speed": 25.1, "road_quality": 2, "marker": 7, "trip_id": "604F0_Trip2", "hrot_diff": 1, "sample_diff": 8, "time_diff_s": 0.16, "gps_distance_m": 7.7, "original_speed": "3500", "wheel_diameter_mm": 711.1999999999999, "braking_intensity": 0.0, "is_braking": false}}, {"type": "Feature", "geometry": {"type": "LineString", "coordinates": [[4.9165961, 52.3706399], [4.9166918, 52.370612]]}, "properties": {"Speed": 22.3, "road_quality": 2, "marker": 7, "trip_id": "604F0_Trip2", "hrot_diff": 1, "sample_diff": 9, "time_diff_s": 0.18, "gps_distance_m": 7.2, "original_speed": "3398", "wheel_diameter_mm": 711.1999999999999, "braking_intensity": 0.0, "is_braking": false}}, {"type": "Feature", "geometry": {"type": "LineString", "coordinates": [[4.9166918, 52.370612], [4.9167819, 52.3705856]]}, "properties": {"Speed": 25.1, "road_quality": 2, "marker": 7, "trip_id": "604F0_Trip2", "hrot_diff": 1, "sample_diff": 8, "time_diff_s": 0.16, "gps_distance_m": 6.8, "original_speed": "3333", "wheel_diameter_mm": 711.1999999999999, "braking_intensity": 0.0, "is_braking": false}}, {"type": "Feature", "geometry": {"type": "LineString", "coordinates": [[4.9167819, 52.3705856], [4.9168682, 52.3705538]]}, "properties": {"Speed": 28.7, "road_quality": 2, "marker": 7, "trip_id": "604F0_Trip2", "hrot_diff": 1, "sample_diff": 7, "time_diff_s": 0.14, "gps_distance_m": 6.8, "original_speed": "3301", "wheel_diameter_mm": 711.1999999999999, "braking_intensity": 0.0, "is_braking": false}}, {"type": "Feature", "geometry": {"type": "LineString", "coordinates": [[4.9168682, 52.3705538], [4.9169514, 52.3705233]]}, "properties": {"Speed": 22.3, "road_quality": 2, "marker": 7, "trip_id": "604F0_Trip2", "hrot_diff": 1, "sample_diff": 9, "time_diff_s": 0.18, "gps_distance_m": 6.6, "original_speed": "3365", "wheel_diameter_mm": 711.1999999999999, "braking_intensity": 0.0, "is_braking": false}}, {"type": "Feature", "geometry": {"type": "LineString", "coordinates": [[4.9169514, 52.3705233], [4.9170545, 52.370487]]}, "properties": {"Speed": 28.7, "road_quality": 2, "marker": 7, "trip_id": "604F0_Trip2", "hrot_diff": 1, "sample_diff": 7, "time_diff_s": 0.14, "gps_distance_m": 8.1, "original_speed": "3301", "wheel_diameter_mm": 711.1999999999999, "braking_intensity": 0.0, "is_braking": false}}, {"type": "Feature", "geometry": {"type": "LineString", "coordinates": [[4.9170545, 52.370487], [4.9171558, 52.3704584]]}, "properties": {"Speed": 28.7, "road_quality": 2, "marker": 7, "trip_id": "604F0_Trip2", "hrot_diff": 1, "sample_diff": 7, "time_diff_s": 0.14, "gps_distance_m": 7.6, "original_speed": "3508", "wheel_diameter_mm": 711.1999999999999, "braking_intensity": 0.0, "is_braking": false}}, {"type": "Feature", "geometry": {"type": "LineString", "coordinates": [[4.9171558, 52.3704584], [4.9172592, 52.37043]]}, "properties": {"Speed": 33.5, "road_quality": 2, "marker": 7, "trip_id": "604F0_Trip2", "hrot_diff": 1, "sample_diff": 6, "time_diff_s": 0.12, "gps_distance_m": 7.7, "original_speed": "3431", "wheel_diameter_mm": 711.1999999999999, "braking_intensity": 0.0, "is_braking": false}}, {"type": "Feature", "geometry": {"type": "LineString", "coordinates": [[4.9172592, 52.37043], [4.9173448, 52.3703929]]}, "properties": {"Speed": 40, "road_quality": 2, "marker": 7, "trip_id": "604F0_Trip2", "hrot_diff": 1, "sample_diff": 4, "time_diff_s": 0.08, "gps_distance_m": 7.1, "original_speed": "3448", "wheel_diameter_mm": 711.1999999999999, "braking_intensity": 0.0, "is_braking": false}}, {"type": "Feature", "geometry": {"type": "LineString", "coordinates": [[4.9173448, 52.3703929], [4.9174478, 52.3703512]]}, "properties": {"Speed": 28.7, "road_quality": 2, "marker": 7, "trip_id": "604F0_Trip2", "hrot_diff": 1, "sample_diff": 7, "time_diff_s": 0.14, "gps_distance_m": 8.4, "original_speed": "3738", "wheel_diameter_mm": 711.1999999999999, "braking_intensity": 0.0, "is_braking": false}}, {"type": "Feature", "geometry": {"type": "LineString", "coordinates": [[4.9174478, 52.3703512], [4.9175351, 52.3703119]]}, "properties": {"Speed": 10.6, "road_quality": 2, "marker": 7, "trip_id": "604F0_Trip2", "hrot_diff": 1, "sample_diff": 19, "time_diff_s": 0.38, "gps_distance_m": 7.4, "original_speed": "3703", "wheel_diameter_mm": 711.1999999999999, "braking_intensity": 0.0, "is_braking": false}}, {"type": "Feature", "geometry": {"type": "LineString", "coordinates": [[4.9175351, 52.3703119], [4.9176316, 52.3702762]]}, "properties": {"Speed": 25.1, "road_quality": 2, "marker": 6, "trip_id": "604F0_Trip2", "hrot_diff": 1, "sample_diff": 8, "time_diff_s": 0.16, "gps_distance_m": 7.7, "original_speed": "-1", "wheel_diameter_mm": 711.1999999999999, "braking_intensity": 0.0, "is_braking": false}}, {"type": "Feature", "geometry": {"type": "LineString", "coordinates": [[4.9176316, 52.3702762], [4.917727, 52.3702366]]}, "properties": {"Speed": 33.5, "road_quality": 2, "marker": 6, "trip_id": "604F0_Trip2", "hrot_diff": 1, "sample_diff": 6, "time_diff_s": 0.12, "gps_distance_m": 7.8, "original_speed": "-1", "wheel_diameter_mm": 711.1999999999999, "braking_intensity": 0.0, "is_braking": false}}, {"type": "Feature", "geometry": {"type": "LineString", "coordinates": [[4.917727, 52.3702366], [4.9178162, 52.3701946]]}, "properties": {"Speed": 28.7, "road_quality": 2, "marker": 7, "trip_id": "604F0_Trip2", "hrot_diff": 1, "sample_diff": 7, "time_diff_s": 0.14, "gps_distance_m": 7.6, "original_speed": "3669", "wheel_diameter_mm": 711.1999999999999, "braking_intensity": 0.0, "is_braking": false}}, {"type": "Feature", "geometry": {"type": "LineString", "coordinates": [[4.9178162, 52.3701946], [4.9178948, 52.3701587]]}, "properties": {"Speed": 40, "road_quality": 2, "marker": 7, "trip_id": "604F0_Trip2", "hrot_diff": 1, "sample_diff": 5, "time_diff_s": 0.1, "gps_distance_m": 6.7, "original_speed": "3636", "wheel_diameter_mm": 711.1999999999999, "braking_intensity": 0.0, "is_braking": false}}, {"type": "Feature", "geometry": {"type": "LineString", "coordinates": [[4.9178948, 52.3701587], [4.9179753, 52.3701184]]}, "properties": {"Speed": 33.5, "road_quality": 2, "marker": 7, "trip_id": "604F0_Trip2", "hrot_diff": 1, "sample_diff": 6, "time_diff_s": 0.12, "gps_distance_m": 7.1, "original_speed": "3703", "wheel_diameter_mm": 711.1999999999999, "braking_intensity": 0.0, "is_braking": false}}, {"type": "Feature", "geometry": {"type": "LineString", "coordinates": [[4.9179753, 52.3701184], [4.9180544, 52.370082]]}, "properties": {"Speed": 25.1, "road_quality": 2, "marker": 7, "trip_id": "604F0_Trip2", "hrot_diff": 1, "sample_diff": 8, "time_diff_s": 0.16, "gps_distance_m": 6.7, "original_speed": "3703", "wheel_diameter_mm": 711.1999999999999, "braking_intensity": 0.0, "is_braking": false}}, {"type": "Feature", "geometry": {"type": "LineString", "coordinates": [[4.9180544, 52.370082], [4.9181249, 52.3700538]]}, "properties": {"Speed": 22.3, "road_quality": 2, "marker": 7, "trip_id": "604F0_Trip2", "hrot_diff": 1, "sample_diff": 9, "time_diff_s": 0.18, "gps_distance_m": 5.7, "original_speed": "3703", "wheel_diameter_mm": 711.1999999999999, "braking_intensity": 0.0, "is_braking": false}}, {"type": "Feature", "geometry": {"type": "LineString", "coordinates": [[4.9181249, 52.3700538], [4.9182208, 52.3700223]]}, "properties": {"Speed": 40, "road_quality": 2, "marker": 7, "trip_id": "604F0_Trip2", "hrot_diff": 1, "sample_diff": 4, "time_diff_s": 0.08, "gps_distance_m": 7.4, "original_speed": "3703", "wheel_diameter_mm": 711.1999999999999, "braking_intensity": 0.0, "is_braking": false}}, {"type": "Feature", "geometry": {"type": "LineString", "coordinates": [[4.9183169, 52.3699848], [4.9184143, 52.3699478]]}, "properties": {"Speed": 28.7, "road_quality": 3, "marker": 6, "trip_id": "604F0_Trip2", "hrot_diff": 1, "sample_diff": 7, "time_diff_s": 0.14, "gps_distance_m": 7.8, "original_speed": "-1", "wheel_diameter_mm": 711.1999999999999, "braking_intensity": 0.0, "is_braking": false}}, {"type": "Feature", "geometry": {"type": "LineString", "coordinates": [[4.9184143, 52.3699478], [4.9184974, 52.3699148]]}, "properties": {"Speed": 20.1, "road_quality": 3, "marker": 6, "trip_id": "604F0_Trip2", "hrot_diff": 1, "sample_diff": 10, "time_diff_s": 0.2, "gps_distance_m": 6.7, "original_speed": "-1", "wheel_diameter_mm": 711.1999999999999, "braking_intensity": 0.0, "is_braking": false}}, {"type": "Feature", "geometry": {"type": "LineString", "coordinates": [[4.9184974, 52.3699148], [4.9185933, 52.3698821]]}, "properties": {"Speed": 22.3, "road_quality": 3, "marker": 7, "trip_id": "604F0_Trip2", "hrot_diff": 1, "sample_diff": 9, "time_diff_s": 0.18, "gps_distance_m": 7.5, "original_speed": "3773", "wheel_diameter_mm": 711.1999999999999, "braking_intensity": 0.0, "is_braking": false}}, {"type": "Feature", "geometry": {"type": "LineString", "coordinates": [[4.9185933, 52.3698821], [4.9186947, 52.3698549]]}, "properties": {"Speed": 25.1, "road_quality": 3, "marker": 7, "trip_id": "604F0_Trip2", "hrot_diff": 1, "sample_diff": 8, "time_diff_s": 0.16, "gps_distance_m": 7.5, "original_speed": "3431", "wheel_diameter_mm": 711.1999999999999, "braking_intensity": 0.0, "is_braking": false}}, {"type": "Feature", "geometry": {"type": "LineString", "coordinates": [[4.9186947, 52.3698549], [4.9187877, 52.3698257]]}, "properties": {"Speed": 22.3, "road_quality": 3, "marker": 7, "trip_id": "604F0_Trip2", "hrot_diff": 1, "sample_diff": 9, "time_diff_s": 0.18, "gps_distance_m": 7.1, "original_speed": "2830", "wheel_diameter_mm": 711.1999999999999, "braking_intensity": 0.0, "is_braking": false}}, {"type": "Feature", "geometry": {"type": "LineString", "coordinates": [[4.9187877, 52.3698257], [4.9188781, 52.3697966]]}, "properties": {"Speed": 40, "road_quality": 3, "marker": 6, "trip_id": "604F0_Trip2", "hrot_diff": 1, "sample_diff": 5, "time_diff_s": 0.1, "gps_distance_m": 6.9, "original_speed": "-1", "wheel_diameter_mm": 711.1999999999999, "braking_intensity": 0.0, "is_braking": false}}, {"type": "Feature", "geometry": {"type": "LineString", "coordinates": [[4.9190695, 52.36973], [4.9191837, 52.369692]]}, "properties": {"Speed": 25.1, "road_quality": 3, "marker": 6, "trip_id": "604F0_Trip2", "hrot_diff": 1, "sample_diff": 8, "time_diff_s": 0.16, "gps_distance_m": 8.8, "original_speed": "-1", "wheel_diameter_mm": 711.1999999999999, "braking_intensity": 0.0, "is_braking": false}}, {"type": "Feature", "geometry": {"type": "LineString", "coordinates": [[4.9191837, 52.369692], [4.9192878, 52.3696564]]}, "properties": {"Speed": 28.7, "road_quality": 3, "marker": 7, "trip_id": "604F0_Trip2", "hrot_diff": 1, "sample_diff": 7, "time_diff_s": 0.14, "gps_distance_m": 8.1, "original_speed": "2336", "wheel_diameter_mm": 711.1999999999999, "braking_intensity": 0.0, "is_braking": false}}, {"type": "Feature", "geometry": {"type": "LineString", "coordinates": [[4.9193854, 52.3696212], [4.9194933, 52.3695808]]}, "properties": {"Speed": 28.7, "road_quality": 2, "marker": 6, "trip_id": "604F0_Trip2", "hrot_diff": 1, "sample_diff": 7, "time_diff_s": 0.14, "gps_distance_m": 8.6, "original_speed": "-1", "wheel_diameter_mm": 711.1999999999999, "braking_intensity": 0.0, "is_braking": false}}, {"type": "Feature", "geometry": {"type": "LineString", "coordinates": [[4.9194933, 52.3695808], [4.9195862, 52.3695501]]}, "properties": {"Speed": 28.7, "road_quality": 2, "marker": 7, "trip_id": "604F0_Trip2", "hrot_diff": 1, "sample_diff": 7, "time_diff_s": 0.14, "gps_distance_m": 7.2, "original_speed": "3809", "wheel_diameter_mm": 711.1999999999999, "braking_intensity": 0.0, "is_braking": false}}, {"type": "Feature", "geometry": {"type": "LineString", "coordinates": [[4.9196806, 52.3695195], [4.9197744, 52.3694843]]}, "properties": {"Speed": 25.1, "road_quality": 2, "marker": 6, "trip_id": "604F0_Trip2", "hrot_diff": 1, "sample_diff": 8, "time_diff_s": 0.16, "gps_distance_m": 7.5, "original_speed": "-1", "wheel_diameter_mm": 711.1999999999999, "braking_intensity": 0.0, "is_braking": false}}, {"type": "Feature", "geometry": {"type": "LineString", "coordinates": [[4.9197744, 52.3694843], [4.9198845, 52.3694417]]}, "properties": {"Speed": 25.1, "road_quality": 2, "marker": 6, "trip_id": "604F0_Trip2", "hrot_diff": 1, "sample_diff": 8, "time_diff_s": 0.16, "gps_distance_m": 8.8, "original_speed": "-1", "wheel_diameter_mm": 711.1999999999999, "braking_intensity": 0.0, "is_braking": false}}, {"type": "Feature", "geometry": {"type": "LineString", "coordinates": [[4.9198845, 52.3694417], [4.919983, 52.3694087]]}, "properties": {"Speed": 28.7, "road_quality": 2, "marker": 7, "trip_id": "604F0_Trip2", "hrot_diff": 1, "sample_diff": 7, "time_diff_s": 0.14, "gps_distance_m": 7.6, "original_speed": "3669", "wheel_diameter_mm": 711.1999999999999, "braking_intensity": 0.0, "is_braking": false}}, {"type": "Feature", "geometry": {"type": "LineString", "coordinates": [[4.920219, 52.3693392], [4.920319, 52.3693127]]}, "properties": {"Speed": 5.7, "road_quality": 3, "marker": 6, "trip_id": "604F0_Trip2", "hrot_diff": 1, "sample_diff": 35, "time_diff_s": 0.7, "gps_distance_m": 7.4, "original_speed": "-1", "wheel_diameter_mm": 711.1999999999999, "braking_intensity": 0.0, "is_braking": false}}, {"type": "Feature", "geometry": {"type": "LineString", "coordinates": [[4.920319, 52.3693127], [4.9204141, 52.3692783]]}, "properties": {"Speed": 11.8, "road_quality": 2, "marker": 6, "trip_id": "604F0_Trip2", "hrot_diff": 1, "sample_diff": 17, "time_diff_s": 0.34, "gps_distance_m": 7.5, "original_speed": "-1", "wheel_diameter_mm": 711.1999999999999, "braking_intensity": 0.0, "is_braking": false}}, {"type": "Feature", "geometry": {"type": "LineString", "coordinates": [[4.9204141, 52.3692783], [4.920502, 52.3692477]]}, "properties": {"Speed": 33.5, "road_quality": 2, "marker": 6, "trip_id": "604F0_Trip2", "hrot_diff": 1, "sample_diff": 6, "time_diff_s": 0.12, "gps_distance_m": 6.9, "original_speed": "-1", "wheel_diameter_mm": 711.1999999999999, "braking_intensity": 0.0, "is_braking": false}}, {"type": "Feature", "geometry": {"type": "LineString", "coordinates": [[4.920502, 52.3692477], [4.9206046, 52.3692188]]}, "properties": {"Speed": 33.5, "road_quality": 2, "marker": 7, "trip_id": "604F0_Trip2", "hrot_diff": 1, "sample_diff": 6, "time_diff_s": 0.12, "gps_distance_m": 7.7, "original_speed": "3603", "wheel_diameter_mm": 711.1999999999999, "braking_intensity": 0.0, "is_braking": false}}, {"type": "Feature", "geometry": {"type": "LineString", "coordinates": [[4.9206046, 52.3692188], [4.9207054, 52.3691878]]}, "properties": {"Speed": 25.1, "road_quality": 3, "marker": 7, "trip_id": "604F0_Trip2", "hrot_diff": 1, "sample_diff": 8, "time_diff_s": 0.16, "gps_distance_m": 7.7, "original_speed": "3636", "wheel_diameter_mm": 711.1999999999999, "braking_intensity": 0.0, "is_braking": false}}, {"type": "Feature", "geometry": {"type": "LineString", "coordinates": [[4.9207054, 52.3691878], [4.9208073, 52.3691539]]}, "properties": {"Speed": 28.7, "road_quality": 3, "marker": 7, "trip_id": "604F0_Trip2", "hrot_diff": 1, "sample_diff": 7, "time_diff_s": 0.14, "gps_distance_m": 7.9, "original_speed": "3738", "wheel_diameter_mm": 711.1999999999999, "braking_intensity": 0.0, "is_braking": false}}, {"type": "Feature", "geometry": {"type": "LineString", "coordinates": [[4.9208073, 52.3691539], [4.9209066, 52.36912]]}, "properties": {"Speed": 33.5, "road_quality": 3, "marker": 7, "trip_id": "604F0_Trip2", "hrot_diff": 1, "sample_diff": 6, "time_diff_s": 0.12, "gps_distance_m": 7.7, "original_speed": "3773", "wheel_diameter_mm": 711.1999999999999, "braking_intensity": 0.0, "is_braking": false}}, {"type": "Feature", "geometry": {"type": "LineString", "coordinates": [[4.9209066, 52.36912], [4.9210161, 52.3690872]]}, "properties": {"Speed": 33.5, "road_quality": 2, "marker": 7, "trip_id": "604F0_Trip2", "hrot_diff": 1, "sample_diff": 6, "time_diff_s": 0.12, "gps_distance_m": 8.3, "original_speed": "3921", "wheel_diameter_mm": 711.1999999999999, "braking_intensity": 0.0, "is_braking": false}}, {"type": "Feature", "geometry": {"type": "LineString", "coordinates": [[4.9210161, 52.3690872], [4.9211182, 52.3690638]]}, "properties": {"Speed": 33.5, "road_quality": 2, "marker": 7, "trip_id": "604F0_Trip2", "hrot_diff": 1, "sample_diff": 6, "time_diff_s": 0.12, "gps_distance_m": 7.4, "original_speed": "3846", "wheel_diameter_mm": 711.1999999999999, "braking_intensity": 0.0, "is_braking": false}}, {"type": "Feature", "geometry": {"type": "LineString", "coordinates": [[4.9211182, 52.3690638], [4.9212148, 52.3690311]]}, "properties": {"Speed": 28.7, "road_quality": 2, "marker": 7, "trip_id": "604F0_Trip2", "hrot_diff": 1, "sample_diff": 7, "time_diff_s": 0.14, "gps_distance_m": 7.5, "original_speed": "3773", "wheel_diameter_mm": 711.1999999999999, "braking_intensity": 0.0, "is_braking": false}}, {"type": "Feature", "geometry": {"type": "LineString", "coordinates": [[4.9212148, 52.3690311], [4.9213199, 52.3690006]]}, "properties": {"Speed": 10.6, "road_quality": 2, "marker": 7, "trip_id": "604F0_Trip2", "hrot_diff": 1, "sample_diff": 19, "time_diff_s": 0.38, "gps_distance_m": 7.9, "original_speed": "3960", "wheel_diameter_mm": 711.1999999999999, "braking_intensity": 0.0, "is_braking": false}}, {"type": "Feature", "geometry": {"type": "LineString", "coordinates": [[4.9213199, 52.3690006], [4.9214132, 52.3689678]]}, "properties": {"Speed": 28.7, "road_quality": 2, "marker": 6, "trip_id": "604F0_Trip2", "hrot_diff": 1, "sample_diff": 7, "time_diff_s": 0.14, "gps_distance_m": 7.3, "original_speed": "-1", "wheel_diameter_mm": 711.1999999999999, "braking_intensity": 0.0, "is_braking": false}}, {"type": "Feature", "geometry": {"type": "LineString", "coordinates": [[4.9215205, 52.3689368], [4.9216133, 52.3689026]]}, "properties": {"Speed": 25.1, "road_quality": 2, "marker": 7, "trip_id": "604F0_Trip2", "hrot_diff": 1, "sample_diff": 8, "time_diff_s": 0.16, "gps_distance_m": 7.4, "original_speed": "3738", "wheel_diameter_mm": 711.1999999999999, "braking_intensity": 0.0, "is_braking": false}}, {"type": "Feature", "geometry": {"type": "LineString", "coordinates": [[4.9216133, 52.3689026], [4.9217097, 52.3688712]]}, "properties": {"Speed": 25.1, "road_quality": 2, "marker": 7, "trip_id": "604F0_Trip2", "hrot_diff": 1, "sample_diff": 8, "time_diff_s": 0.16, "gps_distance_m": 7.4, "original_speed": "3773", "wheel_diameter_mm": 711.1999999999999, "braking_intensity": 0.0, "is_braking": false}}, {"type": "Feature", "geometry": {"type": "LineString", "coordinates": [[4.9217097, 52.3688712], [4.921818, 52.3688346]]}, "properties": {"Speed": 28.7, "road_quality": 3, "marker": 7, "trip_id": "604F0_Trip2", "hrot_diff": 1, "sample_diff": 7, "time_diff_s": 0.14, "gps_distance_m": 8.4, "original_speed": "3603", "wheel_diameter_mm": 711.1999999999999, "braking_intensity": 0.0, "is_braking": false}}, {"type": "Feature", "geometry": {"type": "LineString", "coordinates": [[4.921818, 52.3688346], [4.9219144, 52.3688055]]}, "properties": {"Speed": 9.6, "road_quality": 3, "marker": 7, "trip_id": "604F0_Trip2", "hrot_diff": 1, "sample_diff": 21, "time_diff_s": 0.42, "gps_distance_m": 7.3, "original_speed": "2702", "wheel_diameter_mm": 711.1999999999999, "braking_intensity": 0.0, "is_braking": false}}, {"type": "Feature", "geometry": {"type": "LineString", "coordinates": [[4.9219144, 52.3688055], [4.9220125, 52.3687686]]}, "properties": {"Speed": 25.1, "road_quality": 2, "marker": 6, "trip_id": "604F0_Trip2", "hrot_diff": 1, "sample_diff": 8, "time_diff_s": 0.16, "gps_distance_m": 7.8, "original_speed": "-1", "wheel_diameter_mm": 711.1999999999999, "braking_intensity": 0.0, "is_braking": false}}, {"type": "Feature", "geometry": {"type": "LineString", "coordinates": [[4.9220125, 52.3687686], [4.9221166, 52.3687377]]}, "properties": {"Speed": 28.7, "road_quality": 2, "marker": 6, "trip_id": "604F0_Trip2", "hrot_diff": 1, "sample_diff": 7, "time_diff_s": 0.14, "gps_distance_m": 7.9, "original_speed": "-1", "wheel_diameter_mm": 711.1999999999999, "braking_intensity": 0.0, "is_braking": false}}, {"type": "Feature", "geometry": {"type": "LineString", "coordinates": [[4.9221166, 52.3687377], [4.9222204, 52.368704]]}, "properties": {"Speed": 33.5, "road_quality": 2, "marker": 7, "trip_id": "604F0_Trip2", "hrot_diff": 1, "sample_diff": 6, "time_diff_s": 0.12, "gps_distance_m": 8.0, "original_speed": "3603", "wheel_diameter_mm": 711.1999999999999, "braking_intensity": 0.0, "is_braking": false}}, {"type": "Feature", "geometry": {"type": "LineString", "coordinates": [[4.9222204, 52.368704], [4.9223192, 52.3686737]]}, "properties": {"Speed": 33.5, "road_quality": 2, "marker": 7, "trip_id": "604F0_Trip2", "hrot_diff": 1, "sample_diff": 6, "time_diff_s": 0.12, "gps_distance_m": 7.5, "original_speed": "3603", "wheel_diameter_mm": 711.1999999999999, "braking_intensity": 0.0, "is_braking": false}}, {"type": "Feature", "geometry": {"type": "LineString", "coordinates": [[4.9223192, 52.3686737], [4.922411, 52.3686412]]}, "properties": {"Speed": 25.1, "road_quality": 3, "marker": 7, "trip_id": "604F0_Trip2", "hrot_diff": 1, "sample_diff": 8, "time_diff_s": 0.16, "gps_distance_m": 7.2, "original_speed": "3636", "wheel_diameter_mm": 711.1999999999999, "braking_intensity": 0.0, "is_braking": false}}, {"type": "Feature", "geometry": {"type": "LineString", "coordinates": [[4.922411, 52.3686412], [4.9225047, 52.368609]]}, "properties": {"Speed": 22.3, "road_quality": 2, "marker": 7, "trip_id": "604F0_Trip2", "hrot_diff": 1, "sample_diff": 9, "time_diff_s": 0.18, "gps_distance_m": 7.3, "original_speed": "3603", "wheel_diameter_mm": 711.1999999999999, "braking_intensity": 0.0, "is_braking": false}}, {"type": "Feature", "geometry": {"type": "LineString", "coordinates": [[4.9225047, 52.368609], [4.9225979, 52.3685804]]}, "properties": {"Speed": 25.1, "road_quality": 2, "marker": 7, "trip_id": "604F0_Trip2", "hrot_diff": 1, "sample_diff": 8, "time_diff_s": 0.16, "gps_distance_m": 7.1, "original_speed": "3508", "wheel_diameter_mm": 711.1999999999999, "braking_intensity": 0.0, "is_braking": false}}, {"type": "Feature", "geometry": {"type": "LineString", "coordinates": [[4.9225979, 52.3685804], [4.9226909, 52.368553]]}, "properties": {"Speed": 25.1, "road_quality": 2, "marker": 7, "trip_id": "604F0_Trip2", "hrot_diff": 1, "sample_diff": 8, "time_diff_s": 0.16, "gps_distance_m": 7.0, "original_speed": "3571", "wheel_diameter_mm": 711.1999999999999, "braking_intensity": 0.0, "is_braking": false}}, {"type": "Feature", "geometry": {"type": "LineString", "coordinates": [[4.9227732, 52.3685261], [4.9228769, 52.3684927]]}, "properties": {"Speed": 33.5, "road_quality": 3, "marker": 6, "trip_id": "604F0_Trip2", "hrot_diff": 1, "sample_diff": 6, "time_diff_s": 0.12, "gps_distance_m": 8.0, "original_speed": "-1", "wheel_diameter_mm": 711.1999999999999, "braking_intensity": 0.0, "is_braking": false}}, {"type": "Feature", "geometry": {"type": "LineString", "coordinates": [[4.9228769, 52.3684927], [4.9229771, 52.3684585]]}, "properties": {"Speed": 33.5, "road_quality": 2, "marker": 6, "trip_id": "604F0_Trip2", "hrot_diff": 1, "sample_diff": 6, "time_diff_s": 0.12, "gps_distance_m": 7.8, "original_speed": "-1", "wheel_diameter_mm": 711.1999999999999, "braking_intensity": 0.0, "is_braking": false}}, {"type": "Feature", "geometry": {"type": "LineString", "coordinates": [[4.9229771, 52.3684585], [4.9230682, 52.368428]]}, "properties": {"Speed": 40, "road_quality": 2, "marker": 7, "trip_id": "604F0_Trip2", "hrot_diff": 1, "sample_diff": 4, "time_diff_s": 0.08, "gps_distance_m": 7.1, "original_speed": "2752", "wheel_diameter_mm": 711.1999999999999, "braking_intensity": 0.0, "is_braking": false}}, {"type": "Feature", "geometry": {"type": "LineString", "coordinates": [[4.9230682, 52.368428], [4.9231737, 52.3683922]]}, "properties": {"Speed": 25.1, "road_quality": 2, "marker": 7, "trip_id": "604F0_Trip2", "hrot_diff": 1, "sample_diff": 8, "time_diff_s": 0.16, "gps_distance_m": 8.2, "original_speed": "3846", "wheel_diameter_mm": 711.1999999999999, "braking_intensity": 0.0, "is_braking": false}}, {"type": "Feature", "geometry": {"type": "LineString", "coordinates": [[4.9231737, 52.3683922], [4.9232743, 52.368358]]}, "properties": {"Speed": 28.7, "road_quality": 2, "marker": 7, "trip_id": "604F0_Trip2", "hrot_diff": 1, "sample_diff": 7, "time_diff_s": 0.14, "gps_distance_m": 7.8, "original_speed": "3846", "wheel_diameter_mm": 711.1999999999999, "braking_intensity": 0.0, "is_braking": false}}, {"type": "Feature", "geometry": {"type": "LineString", "coordinates": [[4.9232743, 52.368358], [4.9233634, 52.3683283]]}, "properties": {"Speed": 40, "road_quality": 2, "marker": 7, "trip_id": "604F0_Trip2", "hrot_diff": 1, "sample_diff": 3, "time_diff_s": 0.06, "gps_distance_m": 6.9, "original_speed": "3636", "wheel_diameter_mm": 711.1999999999999, "braking_intensity": 0.0, "is_braking": false}}, {"type": "Feature", "geometry": {"type": "LineString", "coordinates": [[4.9233634, 52.3683283], [4.9234663, 52.3682941]]}, "properties": {"Speed": 40, "road_quality": 2, "marker": 7, "trip_id": "604F0_Trip2", "hrot_diff": 1, "sample_diff": 5, "time_diff_s": 0.1, "gps_distance_m": 8.0, "original_speed": "3669", "wheel_diameter_mm": 711.1999999999999, "braking_intensity": 0.0, "is_braking": false}}, {"type": "Feature", "geometry": {"type": "LineString", "coordinates": [[4.9234663, 52.3682941], [4.9236586, 52.3682283]]}, "properties": {"Speed": 25.1, "road_quality": 2, "marker": 6, "trip_id": "604F0_Trip2", "hrot_diff": 1, "sample_diff": 8, "time_diff_s": 0.16, "gps_distance_m": 15.0, "original_speed": "-1", "wheel_diameter_mm": 711.1999999999999, "braking_intensity": 0.0, "is_braking": false}}, {"type": "Feature", "geometry": {"type": "LineString", "coordinates": [[4.9236586, 52.3682283], [4.9237489, 52.3681927]]}, "properties": {"Speed": 33.5, "road_quality": 2, "marker": 6, "trip_id": "604F0_Trip2", "hrot_diff": 1, "sample_diff": 6, "time_diff_s": 0.12, "gps_distance_m": 7.3, "original_speed": "-1", "wheel_diameter_mm": 711.1999999999999, "braking_intensity": 0.0, "is_braking": false}}, {"type": "Feature", "geometry": {"type": "LineString", "coordinates": [[4.9238494, 52.3681537], [4.9239359, 52.3681192]]}, "properties": {"Speed": 10.6, "road_quality": 2, "marker": 6, "trip_id": "604F0_Trip2", "hrot_diff": 1, "sample_diff": 19, "time_diff_s": 0.38, "gps_distance_m": 7.0, "original_speed": "-1", "wheel_diameter_mm": 711.1999999999999, "braking_intensity": 0.0, "is_braking": false}}, {"type": "Feature", "geometry": {"type": "LineString", "coordinates": [[4.9239359, 52.3681192], [4.9240312, 52.3680858]]}, "properties": {"Speed": 22.3, "road_quality": 2, "marker": 6, "trip_id": "604F0_Trip2", "hrot_diff": 1, "sample_diff": 9, "time_diff_s": 0.18, "gps_distance_m": 7.5, "original_speed": "-1", "wheel_diameter_mm": 711.1999999999999, "braking_intensity": 0.0, "is_braking": false}}, {"type": "Feature", "geometry": {"type": "LineString", "coordinates": [[4.9240312, 52.3680858], [4.9241427, 52.3680519]]}, "properties": {"Speed": 28.7, "road_quality": 2, "marker": 7, "trip_id": "604F0_Trip2", "hrot_diff": 1, "sample_diff": 7, "time_diff_s": 0.14, "gps_distance_m": 8.5, "original_speed": "3809", "wheel_diameter_mm": 711.1999999999999, "braking_intensity": 0.0, "is_braking": false}}, {"type": "Feature", "geometry": {"type": "LineString", "coordinates": [[4.9242461, 52.3680186], [4.9243394, 52.3679848]]}, "properties": {"Speed": 22.3, "road_quality": 3, "marker": 6, "trip_id": "604F0_Trip2", "hrot_diff": 1, "sample_diff": 9, "time_diff_s": 0.18, "gps_distance_m": 7.4, "original_speed": "-1", "wheel_diameter_mm": 711.1999999999999, "braking_intensity": 0.0, "is_braking": false}}, {"type": "Feature", "geometry": {"type": "LineString", "coordinates": [[4.9243394, 52.3679848], [4.924428, 52.3679576]]}, "properties": {"Speed": 22.3, "road_quality": 3, "marker": 6, "trip_id": "604F0_Trip2", "hrot_diff": 1, "sample_diff": 9, "time_diff_s": 0.18, "gps_distance_m": 6.7, "original_speed": "-1", "wheel_diameter_mm": 711.1999999999999, "braking_intensity": 0.0, "is_braking": false}}, {"type": "Feature", "geometry": {"type": "LineString", "coordinates": [[4.924428, 52.3679576], [4.924517, 52.3679279]]}, "properties": {"Speed": 28.7, "road_quality": 2, "marker": 7, "trip_id": "604F0_Trip2", "hrot_diff": 1, "sample_diff": 7, "time_diff_s": 0.14, "gps_distance_m": 6.9, "original_speed": "3571", "wheel_diameter_mm": 711.1999999999999, "braking_intensity": 0.0, "is_braking": false}}, {"type": "Feature", "geometry": {"type": "LineString", "coordinates": [[4.924517, 52.3679279], [4.9246117, 52.3678953]]}, "properties": {"Speed": 25.1, "road_quality": 2, "marker": 7, "trip_id": "604F0_Trip2", "hrot_diff": 1, "sample_diff": 8, "time_diff_s": 0.16, "gps_distance_m": 7.4, "original_speed": "3500", "wheel_diameter_mm": 711.1999999999999, "braking_intensity": 0.0, "is_braking": false}}, {"type": "Feature", "geometry": {"type": "LineString", "coordinates": [[4.9246117, 52.3678953], [4.9247074, 52.3678619]]}, "properties": {"Speed": 25.1, "road_quality": 2, "marker": 7, "trip_id": "604F0_Trip2", "hrot_diff": 1, "sample_diff": 8, "time_diff_s": 0.16, "gps_distance_m": 7.5, "original_speed": "3333", "wheel_diameter_mm": 711.1999999999999, "braking_intensity": 0.0, "is_braking": false}}, {"type": "Feature", "geometry": {"type": "LineString", "coordinates": [[4.9247074, 52.3678619], [4.9248113, 52.3678301]]}, "properties": {"Speed": 18.3, "road_quality": 2, "marker": 7, "trip_id": "604F0_Trip2", "hrot_diff": 1, "sample_diff": 11, "time_diff_s": 0.22, "gps_distance_m": 7.9, "original_speed": "3211", "wheel_diameter_mm": 711.1999999999999, "braking_intensity": 0.0, "is_braking": false}}, {"type": "Feature", "geometry": {"type": "LineString", "coordinates": [[4.9248113, 52.3678301], [4.9248986, 52.3678072]]}, "properties": {"Speed": 28.7, "road_quality": 2, "marker": 7, "trip_id": "604F0_Trip2", "hrot_diff": 1, "sample_diff": 7, "time_diff_s": 0.14, "gps_distance_m": 6.5, "original_speed": "2777", "wheel_diameter_mm": 711.1999999999999, "braking_intensity": 0.0, "is_braking": false}}, {"type": "Feature", "geometry": {"type": "LineString", "coordinates": [[4.9248986, 52.3678072], [4.9249666, 52.3677824]]}, "properties": {"Speed": 18.3, "road_quality": 2, "marker": 7, "trip_id": "604F0_Trip2", "hrot_diff": 1, "sample_diff": 11, "time_diff_s": 0.22, "gps_distance_m": 5.4, "original_speed": "2608", "wheel_diameter_mm": 711.1999999999999, "braking_intensity": 0.0, "is_braking": false}}, {"type": "Feature", "geometry": {"type": "LineString", "coordinates": [[4.9249666, 52.3677824], [4.9250354, 52.3677615]]}, "properties": {"Speed": 18.3, "road_quality": 2, "marker": 7, "trip_id": "604F0_Trip2", "hrot_diff": 1, "sample_diff": 11, "time_diff_s": 0.22, "gps_distance_m": 5.2, "original_speed": "2427", "wheel_diameter_mm": 711.1999999999999, "braking_intensity": 0.0, "is_braking": false}}, {"type": "Feature", "geometry": {"type": "LineString", "coordinates": [[4.9250354, 52.3677615], [4.9250907, 52.3677461]]}, "properties": {"Speed": 15.5, "road_quality": 2, "marker": 7, "trip_id": "604F0_Trip2", "hrot_diff": 1, "sample_diff": 13, "time_diff_s": 0.26, "gps_distance_m": 4.1, "original_speed": "2358", "wheel_diameter_mm": 711.1999999999999, "braking_intensity": 0.0, "is_braking": false}}, {"type": "Feature", "geometry": {"type": "LineString", "coordinates": [[4.9250907, 52.3677461], [4.9251559, 52.3677271]]}, "properties": {"Speed": 14.4, "road_quality": 2, "marker": 7, "trip_id": "604F0_Trip2", "hrot_diff": 1, "sample_diff": 14, "time_diff_s": 0.28, "gps_distance_m": 4.9, "original_speed": "2212", "wheel_diameter_mm": 711.1999999999999, "braking_intensity": 0.0, "is_braking": false}}, {"type": "Feature", "geometry": {"type": "LineString", "coordinates": [[4.9251559, 52.3677271], [4.9252418, 52.3677069]]}, "properties": {"Speed": 11.8, "road_quality": 2, "marker": 7, "trip_id": "604F0_Trip2", "hrot_diff": 1, "sample_diff": 17, "time_diff_s": 0.34, "gps_distance_m": 6.2, "original_speed": "1574", "wheel_diameter_mm": 711.1999999999999, "braking_intensity": 0.0, "is_braking": false}}, {"type": "Feature", "geometry": {"type": "LineString", "coordinates": [[4.9252418, 52.3677069], [4.9253007, 52.3676785]]}, "properties": {"Speed": 11.2, "road_quality": 2, "marker": 7, "trip_id": "604F0_Trip2", "hrot_diff": 1, "sample_diff": 18, "time_diff_s": 0.36, "gps_distance_m": 5.1, "original_speed": "1526", "wheel_diameter_mm": 711.1999999999999, "braking_intensity": 0.0, "is_braking": false}}, {"type": "Feature", "geometry": {"type": "LineString", "coordinates": [[4.9253007, 52.3676785], [4.9253416, 52.3676661]]}, "properties": {"Speed": 10.2, "road_quality": 2, "marker": 7, "trip_id": "604F0_Trip2", "hrot_diff": 1, "sample_diff": 20, "time_diff_s": 0.396, "gps_distance_m": 3.1, "original_speed": "1376", "wheel_diameter_mm": 711.1999999999999, "braking_intensity": 0.0, "is_braking": false}}, {"type": "Feature", "geometry": {"type": "LineString", "coordinates": [[4.9253416, 52.3676661], [4.9253731, 52.3676524]]}, "properties": {"Speed": 8.7, "road_quality": 2, "marker": 7, "trip_id": "604F0_Trip2", "hrot_diff": 1, "sample_diff": 23, "time_diff_s": 0.46, "gps_distance_m": 2.6, "original_speed": "1250", "wheel_diameter_mm": 711.1999999999999, "braking_intensity": 0.0, "is_braking": false}}, {"type": "Feature", "geometry": {"type": "LineString", "coordinates": [[4.9253731, 52.3676524], [4.9253891, 52.3676411]]}, "properties": {"Speed": 6.9, "road_quality": 2, "marker": 7, "trip_id": "604F0_Trip2", "hrot_diff": 1, "sample_diff": 29, "time_diff_s": 0.58, "gps_distance_m": 1.7, "original_speed": "1086", "wheel_diameter_mm": 711.1999999999999, "braking_intensity": 0.0, "is_braking": false}}, {"type": "Feature", "geometry": {"type": "LineString", "coordinates": [[4.9253891, 52.3676411], [4.9253762, 52.3676394]]}, "properties": {"Speed": 0.1, "road_quality": 1, "marker": 7, "trip_id": "604F0_Trip2", "hrot_diff": 1, "sample_diff": 2564, "time_diff_s": 51.28, "gps_distance_m": 0.9, "original_speed": "961", "wheel_diameter_mm": 711.1999999999999, "braking_intensity": 0.0, "is_braking": false}}, {"type": "Feature", "geometry": {"type": "LineString", "coordinates": [[4.9253762, 52.3676394], [4.9253745, 52.3676322]]}, "properties": {"Speed": 3.2, "road_quality": 2, "marker": 3, "trip_id": "604F0_Trip2", "hrot_diff": 1, "sample_diff": 62, "time_diff_s": 1.24, "gps_distance_m": 0.8, "original_speed": "0", "wheel_diameter_mm": 711.1999999999999, "braking_intensity": 0.0, "is_braking": false}}, {"type": "Feature", "geometry": {"type": "LineString", "coordinates": [[4.9253745, 52.3676322], [4.9253773, 52.3676222]]}, "properties": {"Speed": 6.7, "road_quality": 2, "marker": 7, "trip_id": "604F0_Trip2", "hrot_diff": 1, "sample_diff": 30, "time_diff_s": 0.6, "gps_distance_m": 1.1, "original_speed": "19", "wheel_diameter_mm": 711.1999999999999, "braking_intensity": 0.0, "is_braking": false}}, {"type": "Feature", "geometry": {"type": "LineString", "coordinates": [[4.9253773, 52.3676222], [4.925381, 52.3676154]]}, "properties": {"Speed": 6.7, "road_quality": 2, "marker": 7, "trip_id": "604F0_Trip2", "hrot_diff": 1, "sample_diff": 30, "time_diff_s": 0.6, "gps_distance_m": 0.8, "original_speed": "657", "wheel_diameter_mm": 711.1999999999999, "braking_intensity": 0.0, "is_braking": false}}, {"type": "Feature", "geometry": {"type": "LineString", "coordinates": [[4.925381, 52.3676154], [4.9253907, 52.3676035]]}, "properties": {"Speed": 7.7, "road_quality": 2, "marker": 7, "trip_id": "604F0_Trip2", "hrot_diff": 1, "sample_diff": 26, "time_diff_s": 0.52, "gps_distance_m": 1.5, "original_speed": "833", "wheel_diameter_mm": 711.1999999999999, "braking_intensity": 0.0, "is_braking": false}}, {"type": "Feature", "geometry": {"type": "LineString", "coordinates": [[4.9253907, 52.3676035], [4.9253863, 52.3675919]]}, "properties": {"Speed": 8.0, "road_quality": 2, "marker": 7, "trip_id": "604F0_Trip2", "hrot_diff": 1, "sample_diff": 25, "time_diff_s": 0.5, "gps_distance_m": 1.3, "original_speed": "943", "wheel_diameter_mm": 711.1999999999999, "braking_intensity": 0.0, "is_braking": false}}, {"type": "Feature", "geometry": {"type": "LineString", "coordinates": [[4.9253863, 52.3675919], [4.925376, 52.3675821]]}, "properties": {"Speed": 9.6, "road_quality": 2, "marker": 7, "trip_id": "604F0_Trip2", "hrot_diff": 1, "sample_diff": 21, "time_diff_s": 0.42, "gps_distance_m": 1.3, "original_speed": "970", "wheel_diameter_mm": 711.1999999999999, "braking_intensity": 0.0, "is_braking": false}}, {"type": "Feature", "geometry": {"type": "LineString", "coordinates": [[4.925376, 52.3675821], [4.9253534, 52.3675639]]}, "properties": {"Speed": 8.4, "road_quality": 2, "marker": 7, "trip_id": "604F0_Trip2", "hrot_diff": 1, "sample_diff": 24, "time_diff_s": 0.48, "gps_distance_m": 2.5, "original_speed": "1102", "wheel_diameter_mm": 711.1999999999999, "braking_intensity": 0.0, "is_braking": false}}, {"type": "Feature", "geometry": {"type": "LineString", "coordinates": [[4.9253534, 52.3675639], [4.9253441, 52.3675426]]}, "properties": {"Speed": 8.4, "road_quality": 2, "marker": 7, "trip_id": "604F0_Trip2", "hrot_diff": 1, "sample_diff": 24, "time_diff_s": 0.48, "gps_distance_m": 2.5, "original_speed": "1162", "wheel_diameter_mm": 711.1999999999999, "braking_intensity": 0.0, "is_braking": false}}, {"type": "Feature", "geometry": {"type": "LineString", "coordinates": [[4.9253441, 52.3675426], [4.9253284, 52.3675184]]}, "properties": {"Speed": 14.4, "road_quality": 2, "marker": 7, "trip_id": "604F0_Trip2", "hrot_diff": 1, "sample_diff": 14, "time_diff_s": 0.28, "gps_distance_m": 2.9, "original_speed": "1239", "wheel_diameter_mm": 711.1999999999999, "braking_intensity": 0.0, "is_braking": false}}, {"type": "Feature", "geometry": {"type": "LineString", "coordinates": [[4.9253284, 52.3675184], [4.9253072, 52.367493]]}, "properties": {"Speed": 7.7, "road_quality": 2, "marker": 7, "trip_id": "604F0_Trip2", "hrot_diff": 1, "sample_diff": 26, "time_diff_s": 0.52, "gps_distance_m": 3.2, "original_speed": "1456", "wheel_diameter_mm": 711.1999999999999, "braking_intensity": 0.0, "is_braking": false}}, {"type": "Feature", "geometry": {"type": "LineString", "coordinates": [[4.9253072, 52.367493], [4.9252904, 52.3674712]]}, "properties": {"Speed": 10.1, "road_quality": 2, "marker": 7, "trip_id": "604F0_Trip2", "hrot_diff": 1, "sample_diff": 20, "time_diff_s": 0.4, "gps_distance_m": 2.7, "original_speed": "1200", "wheel_diameter_mm": 711.1999999999999, "braking_intensity": 0.0, "is_braking": false}}, {"type": "Feature", "geometry": {"type": "LineString", "coordinates": [[4.9252904, 52.3674712], [4.9252649, 52.3674264]]}, "properties": {"Speed": 0.2, "road_quality": 1, "marker": 7, "trip_id": "604F0_Trip2", "hrot_diff": 1, "sample_diff": 980, "time_diff_s": 19.618, "gps_distance_m": 5.3, "original_speed": "1111", "wheel_diameter_mm": 711.1999999999999, "braking_intensity": 0.0, "is_braking": false}}, {"type": "Feature", "geometry": {"type": "LineString", "coordinates": [[4.9252649, 52.3674264], [4.9252693, 52.3674114]]}, "properties": {"Speed": 6.7, "road_quality": 2, "marker": 3, "trip_id": "604F0_Trip2", "hrot_diff": 1, "sample_diff": 30, "time_diff_s": 0.596, "gps_distance_m": 1.7, "original_speed": "0", "wheel_diameter_mm": 711.1999999999999, "braking_intensity": 0.0, "is_braking": false}}, {"type": "Feature", "geometry": {"type": "LineString", "coordinates": [[4.9252693, 52.3674114], [4.9252689, 52.3674047]]}, "properties": {"Speed": 8.7, "road_quality": 2, "marker": 7, "trip_id": "604F0_Trip2", "hrot_diff": 1, "sample_diff": 23, "time_diff_s": 0.46, "gps_distance_m": 0.7, "original_speed": "93", "wheel_diameter_mm": 711.1999999999999, "braking_intensity": 0.0, "is_braking": false}}, {"type": "Feature", "geometry": {"type": "LineString", "coordinates": [[4.9252689, 52.3674047], [4.9252625, 52.3673958]]}, "properties": {"Speed": 11.2, "road_quality": 2, "marker": 7, "trip_id": "604F0_Trip2", "hrot_diff": 1, "sample_diff": 18, "time_diff_s": 0.36, "gps_distance_m": 1.1, "original_speed": "1102", "wheel_diameter_mm": 711.1999999999999, "braking_intensity": 0.0, "is_braking": false}}, {"type": "Feature", "geometry": {"type": "LineString", "coordinates": [[4.9252625, 52.3673958], [4.9252478, 52.3673758]]}, "properties": {"Speed": 14.4, "road_quality": 2, "marker": 7, "trip_id": "604F0_Trip2", "hrot_diff": 1, "sample_diff": 14, "time_diff_s": 0.28, "gps_distance_m": 2.4, "original_speed": "1442", "wheel_diameter_mm": 711.1999999999999, "braking_intensity": 0.0, "is_braking": false}}, {"type": "Feature", "geometry": {"type": "LineString", "coordinates": [[4.9252478, 52.3673758], [4.9252158, 52.3673176]]}, "properties": {"Speed": 16.8, "road_quality": 2, "marker": 7, "trip_id": "604F0_Trip2", "hrot_diff": 1, "sample_diff": 12, "time_diff_s": 0.24, "gps_distance_m": 6.8, "original_speed": "1562", "wheel_diameter_mm": 711.1999999999999, "braking_intensity": 0.0, "is_braking": false}}, {"type": "Feature", "geometry": {"type": "LineString", "coordinates": [[4.9252158, 52.3673176], [4.9251913, 52.3673029]]}, "properties": {"Speed": 13.4, "road_quality": 2, "marker": 7, "trip_id": "604F0_Trip2", "hrot_diff": 1, "sample_diff": 15, "time_diff_s": 0.3, "gps_distance_m": 2.3, "original_speed": "1694", "wheel_diameter_mm": 711.1999999999999, "braking_intensity": 0.0, "is_braking": false}}, {"type": "Feature", "geometry": {"type": "LineString", "coordinates": [[4.9251913, 52.3673029], [4.9251711, 52.3672791]]}, "properties": {"Speed": 12.6, "road_quality": 2, "marker": 7, "trip_id": "604F0_Trip2", "hrot_diff": 1, "sample_diff": 16, "time_diff_s": 0.32, "gps_distance_m": 3.0, "original_speed": "1801", "wheel_diameter_mm": 711.1999999999999, "braking_intensity": 0.0, "is_braking": false}}, {"type": "Feature", "geometry": {"type": "LineString", "coordinates": [[4.9251711, 52.3672791], [4.9251372, 52.3672541]]}, "properties": {"Speed": 13.4, "road_quality": 2, "marker": 7, "trip_id": "604F0_Trip2", "hrot_diff": 1, "sample_diff": 15, "time_diff_s": 0.3, "gps_distance_m": 3.6, "original_speed": "1754", "wheel_diameter_mm": 711.1999999999999, "braking_intensity": 0.0, "is_braking": false}}, {"type": "Feature", "geometry": {"type": "LineString", "coordinates": [[4.9251372, 52.3672541], [4.925099, 52.3672243]]}, "properties": {"Speed": 16.8, "road_quality": 2, "marker": 7, "trip_id": "604F0_Trip2", "hrot_diff": 1, "sample_diff": 12, "time_diff_s": 0.24, "gps_distance_m": 4.2, "original_speed": "1739", "wheel_diameter_mm": 711.1999999999999, "braking_intensity": 0.0, "is_braking": false}}, {"type": "Feature", "geometry": {"type": "LineString", "coordinates": [[4.925099, 52.3672243], [4.9250376, 52.3671774]]}, "properties": {"Speed": 12.6, "road_quality": 2, "marker": 7, "trip_id": "604F0_Trip2", "hrot_diff": 1, "sample_diff": 16, "time_diff_s": 0.32, "gps_distance_m": 6.7, "original_speed": "1652", "wheel_diameter_mm": 711.1999999999999, "braking_intensity": 0.0, "is_braking": false}}, {"type": "Feature", "geometry": {"type": "LineString", "coordinates": [[4.9250376, 52.3671774], [4.9250104, 52.3671518]]}, "properties": {"Speed": 9.6, "road_quality": 2, "marker": 7, "trip_id": "604F0_Trip2", "hrot_diff": 1, "sample_diff": 21, "time_diff_s": 0.42, "gps_distance_m": 3.4, "original_speed": "1574", "wheel_diameter_mm": 711.1999999999999, "braking_intensity": 0.0, "is_braking": false}}, {"type": "Feature", "geometry": {"type": "LineString", "coordinates": [[4.9250104, 52.3671518], [4.9249939, 52.3671351]]}, "properties": {"Speed": 6.5, "road_quality": 2, "marker": 7, "trip_id": "604F0_Trip2", "hrot_diff": 1, "sample_diff": 31, "time_diff_s": 0.62, "gps_distance_m": 2.2, "original_speed": "1293", "wheel_diameter_mm": 711.1999999999999, "braking_intensity": 0.0, "is_braking": false}}, {"type": "Feature", "geometry": {"type": "LineString", "coordinates": [[4.9249939, 52.3671351], [4.9249863, 52.3671255]]}, "properties": {"Speed": 5.6, "road_quality": 2, "marker": 7, "trip_id": "604F0_Trip2", "hrot_diff": 1, "sample_diff": 36, "time_diff_s": 0.72, "gps_distance_m": 1.2, "original_speed": "1119", "wheel_diameter_mm": 711.1999999999999, "braking_intensity": 0.0, "is_braking": false}}, {"type": "Feature", "geometry": {"type": "LineString", "coordinates": [[4.9249863, 52.3671255], [4.9249758, 52.3670961]]}, "properties": {"Speed": 0.1, "road_quality": 1, "marker": 7, "trip_id": "604F0_Trip2", "hrot_diff": 1, "sample_diff": 1765, "time_diff_s": 35.3, "gps_distance_m": 3.3, "original_speed": "833", "wheel_diameter_mm": 711.1999999999999, "braking_intensity": 0.0, "is_braking": false}}, {"type": "Feature", "geometry": {"type": "LineString", "coordinates": [[4.9249758, 52.3670961], [4.9249746, 52.3670904]]}, "properties": {"Speed": 5.4, "road_quality": 2, "marker": 3, "trip_id": "604F0_Trip2", "hrot_diff": 1, "sample_diff": 37, "time_diff_s": 0.74, "gps_distance_m": 0.6, "original_speed": "0", "wheel_diameter_mm": 711.1999999999999, "braking_intensity": 0.0, "is_braking": false}}, {"type": "Feature", "geometry": {"type": "LineString", "coordinates": [[4.9249746, 52.3670904], [4.9249778, 52.367078]]}, "properties": {"Speed": 7.7, "road_quality": 2, "marker": 7, "trip_id": "604F0_Trip2", "hrot_diff": 1, "sample_diff": 26, "time_diff_s": 0.52, "gps_distance_m": 1.4, "original_speed": "53", "wheel_diameter_mm": 711.1999999999999, "braking_intensity": 0.0, "is_braking": false}}, {"type": "Feature", "geometry": {"type": "LineString", "coordinates": [[4.9249778, 52.367078], [4.9249902, 52.367058]]}, "properties": {"Speed": 10.6, "road_quality": 2, "marker": 7, "trip_id": "604F0_Trip2", "hrot_diff": 1, "sample_diff": 19, "time_diff_s": 0.38, "gps_distance_m": 2.4, "original_speed": "917", "wheel_diameter_mm": 711.1999999999999, "braking_intensity": 0.0, "is_braking": false}}, {"type": "Feature", "geometry": {"type": "LineString", "coordinates": [[4.9249902, 52.367058], [4.9250064, 52.3670289]]}, "properties": {"Speed": 11.8, "road_quality": 2, "marker": 7, "trip_id": "604F0_Trip2", "hrot_diff": 1, "sample_diff": 17, "time_diff_s": 0.34, "gps_distance_m": 3.4, "original_speed": "1327", "wheel_diameter_mm": 711.1999999999999, "braking_intensity": 0.0, "is_braking": false}}, {"type": "Feature", "geometry": {"type": "LineString", "coordinates": [[4.9250064, 52.3670289], [4.9250274, 52.3669985]]}, "properties": {"Speed": 15.5, "road_quality": 3, "marker": 7, "trip_id": "604F0_Trip2", "hrot_diff": 1, "sample_diff": 13, "time_diff_s": 0.26, "gps_distance_m": 3.7, "original_speed": "1639", "wheel_diameter_mm": 711.1999999999999, "braking_intensity": 0.0, "is_braking": false}}, {"type": "Feature", "geometry": {"type": "LineString", "coordinates": [[4.9250546, 52.3669674], [4.9250838, 52.3669362]]}, "properties": {"Speed": 13.4, "road_quality": 3, "marker": 7, "trip_id": "604F0_Trip2", "hrot_diff": 1, "sample_diff": 15, "time_diff_s": 0.3, "gps_distance_m": 4.0, "original_speed": "2118", "wheel_diameter_mm": 711.1999999999999, "braking_intensity": 0.0, "is_braking": false}}, {"type": "Feature", "geometry": {"type": "LineString", "coordinates": [[4.9250838, 52.3669362], [4.925118, 52.3669067]]}, "properties": {"Speed": 16.8, "road_quality": 2, "marker": 7, "trip_id": "604F0_Trip2", "hrot_diff": 1, "sample_diff": 12, "time_diff_s": 0.24, "gps_distance_m": 4.0, "original_speed": "2118", "wheel_diameter_mm": 711.1999999999999, "braking_intensity": 0.0, "is_braking": false}}, {"type": "Feature", "geometry": {"type": "LineString", "coordinates": [[4.925118, 52.3669067], [4.9251601, 52.3668726]]}, "properties": {"Speed": 20.1, "road_quality": 2, "marker": 7, "trip_id": "604F0_Trip2", "hrot_diff": 1, "sample_diff": 10, "time_diff_s": 0.2, "gps_distance_m": 4.7, "original_speed": "2403", "wheel_diameter_mm": 711.1999999999999, "braking_intensity": 0.0, "is_braking": false}}, {"type": "Feature", "geometry": {"type": "LineString", "coordinates": [[4.9251601, 52.3668726], [4.9252173, 52.36683]]}, "properties": {"Speed": 22.3, "road_quality": 2, "marker": 7, "trip_id": "604F0_Trip2", "hrot_diff": 1, "sample_diff": 9, "time_diff_s": 0.18, "gps_distance_m": 6.1, "original_speed": "2727", "wheel_diameter_mm": 711.1999999999999, "braking_intensity": 0.0, "is_braking": false}}, {"type": "Feature", "geometry": {"type": "LineString", "coordinates": [[4.9252173, 52.36683], [4.9252826, 52.3667872]]}, "properties": {"Speed": 22.3, "road_quality": 2, "marker": 7, "trip_id": "604F0_Trip2", "hrot_diff": 1, "sample_diff": 9, "time_diff_s": 0.18, "gps_distance_m": 6.5, "original_speed": "2884", "wheel_diameter_mm": 711.1999999999999, "braking_intensity": 0.0, "is_braking": false}}, {"type": "Feature", "geometry": {"type": "LineString", "coordinates": [[4.9252826, 52.3667872], [4.9253434, 52.3667481]]}, "properties": {"Speed": 22.3, "road_quality": 3, "marker": 7, "trip_id": "604F0_Trip2", "hrot_diff": 1, "sample_diff": 9, "time_diff_s": 0.18, "gps_distance_m": 6.0, "original_speed": "2777", "wheel_diameter_mm": 711.1999999999999, "braking_intensity": 0.0, "is_braking": false}}, {"type": "Feature", "geometry": {"type": "LineString", "coordinates": [[4.9254238, 52.3666977], [4.9254812, 52.3666566]]}, "properties": {"Speed": 20.1, "road_quality": 3, "marker": 7, "trip_id": "604F0_Trip2", "hrot_diff": 1, "sample_diff": 10, "time_diff_s": 0.2, "gps_distance_m": 6.0, "original_speed": "3097", "wheel_diameter_mm": 711.1999999999999, "braking_intensity": 0.0, "is_braking": false}}, {"type": "Feature", "geometry": {"type": "LineString", "coordinates": [[4.9254812, 52.3666566], [4.9255347, 52.3666089]]}, "properties": {"Speed": 25.1, "road_quality": 3, "marker": 7, "trip_id": "604F0_Trip2", "hrot_diff": 1, "sample_diff": 8, "time_diff_s": 0.16, "gps_distance_m": 6.4, "original_speed": "2427", "wheel_diameter_mm": 711.1999999999999, "braking_intensity": 0.0, "is_braking": false}}, {"type": "Feature", "geometry": {"type": "LineString", "coordinates": [[4.9255347, 52.3666089], [4.9255928, 52.3665626]]}, "properties": {"Speed": 40, "road_quality": 2, "marker": 6, "trip_id": "604F0_Trip2", "hrot_diff": 1, "sample_diff": 5, "time_diff_s": 0.1, "gps_distance_m": 6.5, "original_speed": "-1", "wheel_diameter_mm": 711.1999999999999, "braking_intensity": 0.0, "is_braking": false}}, {"type": "Feature", "geometry": {"type": "LineString", "coordinates": [[4.9255928, 52.3665626], [4.9256503, 52.3665145]]}, "properties": {"Speed": 33.5, "road_quality": 2, "marker": 6, "trip_id": "604F0_Trip2", "hrot_diff": 1, "sample_diff": 6, "time_diff_s": 0.12, "gps_distance_m": 6.6, "original_speed": "-1", "wheel_diameter_mm": 711.1999999999999, "braking_intensity": 0.0, "is_braking": false}}, {"type": "Feature", "geometry": {"type": "LineString", "coordinates": [[4.9256503, 52.3665145], [4.9257092, 52.366473]]}, "properties": {"Speed": 20.0, "road_quality": 2, "marker": 7, "trip_id": "604F0_Trip2", "hrot_diff": 1, "sample_diff": 10, "time_diff_s": 0.201, "gps_distance_m": 6.1, "original_speed": "3017", "wheel_diameter_mm": 711.1999999999999, "braking_intensity": 0.0, "is_braking": false}}, {"type": "Feature", "geometry": {"type": "LineString", "coordinates": [[4.9257092, 52.366473], [4.9257644, 52.3664324]]}, "properties": {"Speed": 25.1, "road_quality": 3, "marker": 7, "trip_id": "604F0_Trip2", "hrot_diff": 1, "sample_diff": 8, "time_diff_s": 0.16, "gps_distance_m": 5.9, "original_speed": "2857", "wheel_diameter_mm": 711.1999999999999, "braking_intensity": 0.0, "is_braking": false}}, {"type": "Feature", "geometry": {"type": "LineString", "coordinates": [[4.9257644, 52.3664324], [4.9258295, 52.3663923]]}, "properties": {"Speed": 20.1, "road_quality": 3, "marker": 7, "trip_id": "604F0_Trip2", "hrot_diff": 1, "sample_diff": 10, "time_diff_s": 0.2, "gps_distance_m": 6.3, "original_speed": "2884", "wheel_diameter_mm": 711.1999999999999, "braking_intensity": 0.0, "is_braking": false}}, {"type": "Feature", "geometry": {"type": "LineString", "coordinates": [[4.9258295, 52.3663923], [4.9258852, 52.3663582]]}, "properties": {"Speed": 20.1, "road_quality": 2, "marker": 7, "trip_id": "604F0_Trip2", "hrot_diff": 1, "sample_diff": 10, "time_diff_s": 0.2, "gps_distance_m": 5.4, "original_speed": "2727", "wheel_diameter_mm": 711.1999999999999, "braking_intensity": 0.0, "is_braking": false}}, {"type": "Feature", "geometry": {"type": "LineString", "coordinates": [[4.9258852, 52.3663582], [4.9259397, 52.3663269]]}, "properties": {"Speed": 22.3, "road_quality": 2, "marker": 7, "trip_id": "604F0_Trip2", "hrot_diff": 1, "sample_diff": 9, "time_diff_s": 0.18, "gps_distance_m": 5.1, "original_speed": "2654", "wheel_diameter_mm": 711.1999999999999, "braking_intensity": 0.0, "is_braking": false}}, {"type": "Feature", "geometry": {"type": "LineString", "coordinates": [[4.9259397, 52.3663269], [4.9260133, 52.3662905]]}, "properties": {"Speed": 20.5, "road_quality": 2, "marker": 7, "trip_id": "604F0_Trip2", "hrot_diff": 1, "sample_diff": 10, "time_diff_s": 0.196, "gps_distance_m": 6.4, "original_speed": "2941", "wheel_diameter_mm": 711.1999999999999, "braking_intensity": 0.0, "is_braking": false}}, {"type": "Feature", "geometry": {"type": "LineString", "coordinates": [[4.9260133, 52.3662905], [4.9260814, 52.366262]]}, "properties": {"Speed": 25.1, "road_quality": 2, "marker": 7, "trip_id": "604F0_Trip2", "hrot_diff": 1, "sample_diff": 8, "time_diff_s": 0.16, "gps_distance_m": 5.6, "original_speed": "2830", "wheel_diameter_mm": 711.1999999999999, "braking_intensity": 0.0, "is_braking": false}}, {"type": "Feature", "geometry": {"type": "LineString", "coordinates": [[4.9260814, 52.366262], [4.9261503, 52.3662303]]}, "properties": {"Speed": 25.1, "road_quality": 2, "marker": 7, "trip_id": "604F0_Trip2", "hrot_diff": 1, "sample_diff": 8, "time_diff_s": 0.16, "gps_distance_m": 5.9, "original_speed": "3017", "wheel_diameter_mm": 711.1999999999999, "braking_intensity": 0.0, "is_braking": false}}, {"type": "Feature", "geometry": {"type": "LineString", "coordinates": [[4.9261503, 52.3662303], [4.9262265, 52.3661958]]}, "properties": {"Speed": 25.1, "road_quality": 2, "marker": 7, "trip_id": "604F0_Trip2", "hrot_diff": 1, "sample_diff": 8, "time_diff_s": 0.16, "gps_distance_m": 6.4, "original_speed": "3070", "wheel_diameter_mm": 711.1999999999999, "braking_intensity": 0.0, "is_braking": false}}, {"type": "Feature", "geometry": {"type": "LineString", "coordinates": [[4.9262265, 52.3661958], [4.9262945, 52.3661518]]}, "properties": {"Speed": 28.7, "road_quality": 2, "marker": 7, "trip_id": "604F0_Trip2", "hrot_diff": 1, "sample_diff": 7, "time_diff_s": 0.14, "gps_distance_m": 6.7, "original_speed": "3070", "wheel_diameter_mm": 711.1999999999999, "braking_intensity": 0.0, "is_braking": false}}, {"type": "Feature", "geometry": {"type": "LineString", "coordinates": [[4.9262945, 52.3661518], [4.9263616, 52.3661185]]}, "properties": {"Speed": 8.0, "road_quality": 2, "marker": 7, "trip_id": "604F0_Trip2", "hrot_diff": 1, "sample_diff": 25, "time_diff_s": 0.5, "gps_distance_m": 5.9, "original_speed": "2966", "wheel_diameter_mm": 711.1999999999999, "braking_intensity": 0.0, "is_braking": false}}, {"type": "Feature", "geometry": {"type": "LineString", "coordinates": [[4.9263616, 52.3661185], [4.9264278, 52.3660819]]}, "properties": {"Speed": 25.1, "road_quality": 2, "marker": 6, "trip_id": "604F0_Trip2", "hrot_diff": 1, "sample_diff": 8, "time_diff_s": 0.16, "gps_distance_m": 6.1, "original_speed": "-1", "wheel_diameter_mm": 711.1999999999999, "braking_intensity": 0.0, "is_braking": false}}, {"type": "Feature", "geometry": {"type": "LineString", "coordinates": [[4.9264278, 52.3660819], [4.9264836, 52.3660441]]}, "properties": {"Speed": 20.1, "road_quality": 2, "marker": 6, "trip_id": "604F0_Trip2", "hrot_diff": 1, "sample_diff": 10, "time_diff_s": 0.2, "gps_distance_m": 5.7, "original_speed": "-1", "wheel_diameter_mm": 711.1999999999999, "braking_intensity": 0.0, "is_braking": false}}, {"type": "Feature", "geometry": {"type": "LineString", "coordinates": [[4.9264836, 52.3660441], [4.9265291, 52.3660059]]}, "properties": {"Speed": 20.1, "road_quality": 2, "marker": 7, "trip_id": "604F0_Trip2", "hrot_diff": 1, "sample_diff": 10, "time_diff_s": 0.2, "gps_distance_m": 5.3, "original_speed": "2631", "wheel_diameter_mm": 711.1999999999999, "braking_intensity": 0.0, "is_braking": false}}, {"type": "Feature", "geometry": {"type": "LineString", "coordinates": [[4.9265291, 52.3660059], [4.9265688, 52.3659704]]}, "properties": {"Speed": 14.4, "road_quality": 2, "marker": 7, "trip_id": "604F0_Trip2", "hrot_diff": 1, "sample_diff": 14, "time_diff_s": 0.28, "gps_distance_m": 4.8, "original_speed": "2427", "wheel_diameter_mm": 711.1999999999999, "braking_intensity": 0.0, "is_braking": false}}, {"type": "Feature", "geometry": {"type": "LineString", "coordinates": [[4.9265688, 52.3659704], [4.9265981, 52.3659402]]}, "properties": {"Speed": 20.1, "road_quality": 2, "marker": 7, "trip_id": "604F0_Trip2", "hrot_diff": 1, "sample_diff": 10, "time_diff_s": 0.2, "gps_distance_m": 3.9, "original_speed": "2136", "wheel_diameter_mm": 711.1999999999999, "braking_intensity": 0.0, "is_braking": false}}, {"type": "Feature", "geometry": {"type": "LineString", "coordinates": [[4.9265981, 52.3659402], [4.9265922, 52.3659309]]}, "properties": {"Speed": 20.1, "road_quality": 2, "marker": 7, "trip_id": "604F0_Trip2", "hrot_diff": 1, "sample_diff": 10, "time_diff_s": 0.2, "gps_distance_m": 1.1, "original_speed": "2427", "wheel_diameter_mm": 711.1999999999999, "braking_intensity": 0.0, "is_braking": false}}, {"type": "Feature", "geometry": {"type": "LineString", "coordinates": [[4.9265922, 52.3659309], [4.9265491, 52.3659105]]}, "properties": {"Speed": 22.3, "road_quality": 3, "marker": 7, "trip_id": "604F0_Trip2", "hrot_diff": 1, "sample_diff": 9, "time_diff_s": 0.18, "gps_distance_m": 3.7, "original_speed": "2803", "wheel_diameter_mm": 711.1999999999999, "braking_intensity": 0.0, "is_braking": false}}, {"type": "Feature", "geometry": {"type": "LineString", "coordinates": [[4.9265491, 52.3659105], [4.926481, 52.3658906]]}, "properties": {"Speed": 18.3, "road_quality": 3, "marker": 7, "trip_id": "604F0_Trip2", "hrot_diff": 1, "sample_diff": 11, "time_diff_s": 0.22, "gps_distance_m": 5.1, "original_speed": "2941", "wheel_diameter_mm": 711.1999999999999, "braking_intensity": 0.0, "is_braking": false}}, {"type": "Feature", "geometry": {"type": "LineString", "coordinates": [[4.926481, 52.3658906], [4.9264099, 52.3658577]]}, "properties": {"Speed": 18.3, "road_quality": 3, "marker": 7, "trip_id": "604F0_Trip2", "hrot_diff": 1, "sample_diff": 11, "time_diff_s": 0.22, "gps_distance_m": 6.1, "original_speed": "2970", "wheel_diameter_mm": 711.1999999999999, "braking_intensity": 0.0, "is_braking": false}}, {"type": "Feature", "geometry": {"type": "LineString", "coordinates": [[4.9264099, 52.3658577], [4.9263255, 52.3658211]]}, "properties": {"Speed": 33.5, "road_quality": 3, "marker": 7, "trip_id": "604F0_Trip2", "hrot_diff": 1, "sample_diff": 6, "time_diff_s": 0.12, "gps_distance_m": 7.0, "original_speed": "3125", "wheel_diameter_mm": 711.1999999999999, "braking_intensity": 0.0, "is_braking": false}}, {"type": "Feature", "geometry": {"type": "LineString", "coordinates": [[4.9263255, 52.3658211], [4.9262485, 52.3657894]]}, "properties": {"Speed": 22.3, "road_quality": 3, "marker": 7, "trip_id": "604F0_Trip2", "hrot_diff": 1, "sample_diff": 9, "time_diff_s": 0.18, "gps_distance_m": 6.3, "original_speed": "3301", "wheel_diameter_mm": 711.1999999999999, "braking_intensity": 0.0, "is_braking": false}}, {"type": "Feature", "geometry": {"type": "LineString", "coordinates": [[4.9262485, 52.3657894], [4.9261964, 52.3657651]]}, "properties": {"Speed": 8.7, "road_quality": 3, "marker": 7, "trip_id": "604F0_Trip2", "hrot_diff": 1, "sample_diff": 23, "time_diff_s": 0.46, "gps_distance_m": 4.5, "original_speed": "2336", "wheel_diameter_mm": 711.1999999999999, "braking_intensity": 0.0, "is_braking": false}}, {"type": "Feature", "geometry": {"type": "LineString", "coordinates": [[4.9261964, 52.3657651], [4.9261162, 52.3657236]]}, "properties": {"Speed": 25.1, "road_quality": 3, "marker": 6, "trip_id": "604F0_Trip2", "hrot_diff": 1, "sample_diff": 8, "time_diff_s": 0.16, "gps_distance_m": 7.1, "original_speed": "-1", "wheel_diameter_mm": 711.1999999999999, "braking_intensity": 0.0, "is_braking": false}}, {"type": "Feature", "geometry": {"type": "LineString", "coordinates": [[4.9261162, 52.3657236], [4.9260372, 52.3656821]]}, "properties": {"Speed": 28.7, "road_quality": 3, "marker": 6, "trip_id": "604F0_Trip2", "hrot_diff": 1, "sample_diff": 7, "time_diff_s": 0.14, "gps_distance_m": 7.1, "original_speed": "-1", "wheel_diameter_mm": 711.1999999999999, "braking_intensity": 0.0, "is_braking": false}}, {"type": "Feature", "geometry": {"type": "LineString", "coordinates": [[4.9260372, 52.3656821], [4.925969, 52.3656408]]}, "properties": {"Speed": 10.1, "road_quality": 3, "marker": 7, "trip_id": "604F0_Trip2", "hrot_diff": 1, "sample_diff": 20, "time_diff_s": 0.4, "gps_distance_m": 6.5, "original_speed": "2450", "wheel_diameter_mm": 711.1999999999999, "braking_intensity": 0.0, "is_braking": false}}, {"type": "Feature", "geometry": {"type": "LineString", "coordinates": [[4.925969, 52.3656408], [4.9258914, 52.365599]]}, "properties": {"Speed": 9.1, "road_quality": 3, "marker": 6, "trip_id": "604F0_Trip2", "hrot_diff": 1, "sample_diff": 22, "time_diff_s": 0.44, "gps_distance_m": 7.0, "original_speed": "-1", "wheel_diameter_mm": 711.1999999999999, "braking_intensity": 0.0, "is_braking": false}}, {"type": "Feature", "geometry": {"type": "LineString", "coordinates": [[4.9258914, 52.365599], [4.9257935, 52.3655418]]}, "properties": {"Speed": 25.1, "road_quality": 3, "marker": 6, "trip_id": "604F0_Trip2", "hrot_diff": 1, "sample_diff": 8, "time_diff_s": 0.16, "gps_distance_m": 9.2, "original_speed": "-1", "wheel_diameter_mm": 711.1999999999999, "braking_intensity": 0.0, "is_braking": false}}, {"type": "Feature", "geometry": {"type": "LineString", "coordinates": [[4.9257935, 52.3655418], [4.9257031, 52.3654907]]}, "properties": {"Speed": 25.1, "road_quality": 3, "marker": 7, "trip_id": "604F0_Trip2", "hrot_diff": 1, "sample_diff": 8, "time_diff_s": 0.16, "gps_distance_m": 8.4, "original_speed": "3365", "wheel_diameter_mm": 711.1999999999999, "braking_intensity": 0.0, "is_braking": false}}, {"type": "Feature", "geometry": {"type": "LineString", "coordinates": [[4.9257031, 52.3654907], [4.9256208, 52.365447]]}, "properties": {"Speed": 9.6, "road_quality": 3, "marker": 7, "trip_id": "604F0_Trip2", "hrot_diff": 1, "sample_diff": 21, "time_diff_s": 0.42, "gps_distance_m": 7.4, "original_speed": "2475", "wheel_diameter_mm": 711.1999999999999, "braking_intensity": 0.0, "is_braking": false}}, {"type": "Feature", "geometry": {"type": "LineString", "coordinates": [[4.9256208, 52.365447], [4.9255483, 52.3654065]]}, "properties": {"Speed": 40, "road_quality": 3, "marker": 6, "trip_id": "604F0_Trip2", "hrot_diff": 1, "sample_diff": 5, "time_diff_s": 0.1, "gps_distance_m": 6.7, "original_speed": "-1", "wheel_diameter_mm": 711.1999999999999, "braking_intensity": 0.0, "is_braking": false}}, {"type": "Feature", "geometry": {"type": "LineString", "coordinates": [[4.9255483, 52.3654065], [4.9254743, 52.3653659]]}, "properties": {"Speed": 9.1, "road_quality": 3, "marker": 6, "trip_id": "604F0_Trip2", "hrot_diff": 1, "sample_diff": 22, "time_diff_s": 0.44, "gps_distance_m": 6.8, "original_speed": "-1", "wheel_diameter_mm": 711.1999999999999, "braking_intensity": 0.0, "is_braking": false}}, {"type": "Feature", "geometry": {"type": "LineString", "coordinates": [[4.9254743, 52.3653659], [4.9253978, 52.3653214]]}, "properties": {"Speed": 28.7, "road_quality": 3, "marker": 6, "trip_id": "604F0_Trip2", "hrot_diff": 1, "sample_diff": 7, "time_diff_s": 0.14, "gps_distance_m": 7.2, "original_speed": "-1", "wheel_diameter_mm": 711.1999999999999, "braking_intensity": 0.0, "is_braking": false}}, {"type": "Feature", "geometry": {"type": "LineString", "coordinates": [[4.9253978, 52.3653214], [4.9252513, 52.3652439]]}, "properties": {"Speed": 20.1, "road_quality": 2, "marker": 7, "trip_id": "604F0_Trip2", "hrot_diff": 1, "sample_diff": 10, "time_diff_s": 0.2, "gps_distance_m": 13.2, "original_speed": "3398", "wheel_diameter_mm": 711.1999999999999, "braking_intensity": 0.0, "is_braking": false}}, {"type": "Feature", "geometry": {"type": "LineString", "coordinates": [[4.9252513, 52.3652439], [4.9251654, 52.3651997]]}, "properties": {"Speed": 33.5, "road_quality": 3, "marker": 7, "trip_id": "604F0_Trip2", "hrot_diff": 1, "sample_diff": 6, "time_diff_s": 0.12, "gps_distance_m": 7.6, "original_speed": "3271", "wheel_diameter_mm": 711.1999999999999, "braking_intensity": 0.0, "is_braking": false}}, {"type": "Feature", "geometry": {"type": "LineString", "coordinates": [[4.9250937, 52.3651633], [4.9250109, 52.3651245]]}, "properties": {"Speed": 25.1, "road_quality": 3, "marker": 7, "trip_id": "604F0_Trip2", "hrot_diff": 1, "sample_diff": 8, "time_diff_s": 0.16, "gps_distance_m": 7.1, "original_speed": "3301", "wheel_diameter_mm": 711.1999999999999, "braking_intensity": 0.0, "is_braking": false}}, {"type": "Feature", "geometry": {"type": "LineString", "coordinates": [[4.9250109, 52.3651245], [4.9249262, 52.3650816]]}, "properties": {"Speed": 25.1, "road_quality": 3, "marker": 7, "trip_id": "604F0_Trip2", "hrot_diff": 1, "sample_diff": 8, "time_diff_s": 0.16, "gps_distance_m": 7.5, "original_speed": "3365", "wheel_diameter_mm": 711.1999999999999, "braking_intensity": 0.0, "is_braking": false}}, {"type": "Feature", "geometry": {"type": "LineString", "coordinates": [[4.9249262, 52.3650816], [4.9248507, 52.3650387]]}, "properties": {"Speed": 20.1, "road_quality": 3, "marker": 7, "trip_id": "604F0_Trip2", "hrot_diff": 1, "sample_diff": 10, "time_diff_s": 0.2, "gps_distance_m": 7.0, "original_speed": "3211", "wheel_diameter_mm": 711.1999999999999, "braking_intensity": 0.0, "is_braking": false}}, {"type": "Feature", "geometry": {"type": "LineString", "coordinates": [[4.9247737, 52.3649979], [4.9247088, 52.3649651]]}, "properties": {"Speed": 28.7, "road_quality": 3, "marker": 6, "trip_id": "604F0_Trip2", "hrot_diff": 1, "sample_diff": 7, "time_diff_s": 0.14, "gps_distance_m": 5.7, "original_speed": "-1", "wheel_diameter_mm": 711.1999999999999, "braking_intensity": 0.0, "is_braking": false}}, {"type": "Feature", "geometry": {"type": "LineString", "coordinates": [[4.9247088, 52.3649651], [4.9246241, 52.3649286]]}, "properties": {"Speed": 28.7, "road_quality": 3, "marker": 7, "trip_id": "604F0_Trip2", "hrot_diff": 1, "sample_diff": 7, "time_diff_s": 0.14, "gps_distance_m": 7.0, "original_speed": "3181", "wheel_diameter_mm": 711.1999999999999, "braking_intensity": 0.0, "is_braking": false}}, {"type": "Feature", "geometry": {"type": "LineString", "coordinates": [[4.9246241, 52.3649286], [4.9245457, 52.3648927]]}, "properties": {"Speed": 20.1, "road_quality": 3, "marker": 7, "trip_id": "604F0_Trip2", "hrot_diff": 1, "sample_diff": 10, "time_diff_s": 0.2, "gps_distance_m": 6.7, "original_speed": "3240", "wheel_diameter_mm": 711.1999999999999, "braking_intensity": 0.0, "is_braking": false}}, {"type": "Feature", "geometry": {"type": "LineString", "coordinates": [[4.9245457, 52.3648927], [4.9244613, 52.3648497]]}, "properties": {"Speed": 33.5, "road_quality": 3, "marker": 7, "trip_id": "604F0_Trip2", "hrot_diff": 1, "sample_diff": 6, "time_diff_s": 0.12, "gps_distance_m": 7.5, "original_speed": "3240", "wheel_diameter_mm": 711.1999999999999, "braking_intensity": 0.0, "is_braking": false}}, {"type": "Feature", "geometry": {"type": "LineString", "coordinates": [[4.9244613, 52.3648497], [4.9243971, 52.3648013]]}, "properties": {"Speed": 20.1, "road_quality": 3, "marker": 7, "trip_id": "604F0_Trip2", "hrot_diff": 1, "sample_diff": 10, "time_diff_s": 0.2, "gps_distance_m": 6.9, "original_speed": "3211", "wheel_diameter_mm": 711.1999999999999, "braking_intensity": 0.0, "is_braking": false}}, {"type": "Feature", "geometry": {"type": "LineString", "coordinates": [[4.9243971, 52.3648013], [4.9243255, 52.3647589]]}, "properties": {"Speed": 22.3, "road_quality": 3, "marker": 7, "trip_id": "604F0_Trip2", "hrot_diff": 1, "sample_diff": 9, "time_diff_s": 0.18, "gps_distance_m": 6.8, "original_speed": "3365", "wheel_diameter_mm": 711.1999999999999, "braking_intensity": 0.0, "is_braking": false}}, {"type": "Feature", "geometry": {"type": "LineString", "coordinates": [[4.9243255, 52.3647589], [4.9242499, 52.3647116]]}, "properties": {"Speed": 28.7, "road_quality": 3, "marker": 7, "trip_id": "604F0_Trip2", "hrot_diff": 1, "sample_diff": 7, "time_diff_s": 0.14, "gps_distance_m": 7.3, "original_speed": "3181", "wheel_diameter_mm": 711.1999999999999, "braking_intensity": 0.0, "is_braking": false}}, {"type": "Feature", "geometry": {"type": "LineString", "coordinates": [[4.9242499, 52.3647116], [4.9241825, 52.3646699]]}, "properties": {"Speed": 22.3, "road_quality": 3, "marker": 7, "trip_id": "604F0_Trip2", "hrot_diff": 1, "sample_diff": 9, "time_diff_s": 0.18, "gps_distance_m": 6.5, "original_speed": "2727", "wheel_diameter_mm": 711.1999999999999, "braking_intensity": 0.0, "is_braking": false}}, {"type": "Feature", "geometry": {"type": "LineString", "coordinates": [[4.9241825, 52.3646699], [4.9241215, 52.3646305]]}, "properties": {"Speed": 33.5, "road_quality": 3, "marker": 6, "trip_id": "604F0_Trip2", "hrot_diff": 1, "sample_diff": 6, "time_diff_s": 0.12, "gps_distance_m": 6.0, "original_speed": "-1", "wheel_diameter_mm": 711.1999999999999, "braking_intensity": 0.0, "is_braking": false}}, {"type": "Feature", "geometry": {"type": "LineString", "coordinates": [[4.9241215, 52.3646305], [4.9240543, 52.3645876]]}, "properties": {"Speed": 6.9, "road_quality": 2, "marker": 6, "trip_id": "604F0_Trip2", "hrot_diff": 1, "sample_diff": 29, "time_diff_s": 0.58, "gps_distance_m": 6.6, "original_speed": "-1", "wheel_diameter_mm": 711.1999999999999, "braking_intensity": 0.0, "is_braking": false}}, {"type": "Feature", "geometry": {"type": "LineString", "coordinates": [[4.9239989, 52.3645493], [4.9239328, 52.3645029]]}, "properties": {"Speed": 40, "road_quality": 3, "marker": 6, "trip_id": "604F0_Trip2", "hrot_diff": 1, "sample_diff": 5, "time_diff_s": 0.1, "gps_distance_m": 6.8, "original_speed": "-1", "wheel_diameter_mm": 711.1999999999999, "braking_intensity": 0.0, "is_braking": false}}, {"type": "Feature", "geometry": {"type": "LineString", "coordinates": [[4.9239328, 52.3645029], [4.9238678, 52.3644643]]}, "properties": {"Speed": 33.5, "road_quality": 3, "marker": 7, "trip_id": "604F0_Trip2", "hrot_diff": 1, "sample_diff": 6, "time_diff_s": 0.12, "gps_distance_m": 6.2, "original_speed": "3153", "wheel_diameter_mm": 711.1999999999999, "braking_intensity": 0.0, "is_braking": false}}, {"type": "Feature", "geometry": {"type": "LineString", "coordinates": [[4.9238678, 52.3644643], [4.9238032, 52.3644237]]}, "properties": {"Speed": 22.3, "road_quality": 3, "marker": 7, "trip_id": "604F0_Trip2", "hrot_diff": 1, "sample_diff": 9, "time_diff_s": 0.18, "gps_distance_m": 6.3, "original_speed": "3070", "wheel_diameter_mm": 711.1999999999999, "braking_intensity": 0.0, "is_braking": false}}, {"type": "Feature", "geometry": {"type": "LineString", "coordinates": [[4.9238032, 52.3644237], [4.9237318, 52.3643815]]}, "properties": {"Speed": 28.7, "road_quality": 3, "marker": 7, "trip_id": "604F0_Trip2", "hrot_diff": 1, "sample_diff": 7, "time_diff_s": 0.14, "gps_distance_m": 6.7, "original_speed": "3153", "wheel_diameter_mm": 711.1999999999999, "braking_intensity": 0.0, "is_braking": false}}, {"type": "Feature", "geometry": {"type": "LineString", "coordinates": [[4.9237318, 52.3643815], [4.9236643, 52.3643425]]}, "properties": {"Speed": 33.5, "road_quality": 3, "marker": 7, "trip_id": "604F0_Trip2", "hrot_diff": 1, "sample_diff": 6, "time_diff_s": 0.12, "gps_distance_m": 6.3, "original_speed": "3240", "wheel_diameter_mm": 711.1999999999999, "braking_intensity": 0.0, "is_braking": false}}, {"type": "Feature", "geometry": {"type": "LineString", "coordinates": [[4.9236643, 52.3643425], [4.9235872, 52.3643046]]}, "properties": {"Speed": 25.1, "road_quality": 3, "marker": 7, "trip_id": "604F0_Trip2", "hrot_diff": 1, "sample_diff": 8, "time_diff_s": 0.16, "gps_distance_m": 6.7, "original_speed": "3240", "wheel_diameter_mm": 711.1999999999999, "braking_intensity": 0.0, "is_braking": false}}, {"type": "Feature", "geometry": {"type": "LineString", "coordinates": [[4.9235872, 52.3643046], [4.9235216, 52.3642669]]}, "properties": {"Speed": 22.3, "road_quality": 3, "marker": 7, "trip_id": "604F0_Trip2", "hrot_diff": 1, "sample_diff": 9, "time_diff_s": 0.18, "gps_distance_m": 6.1, "original_speed": "3271", "wheel_diameter_mm": 711.1999999999999, "braking_intensity": 0.0, "is_braking": false}}, {"type": "Feature", "geometry": {"type": "LineString", "coordinates": [[4.9235216, 52.3642669], [4.923471, 52.3642256]]}, "properties": {"Speed": 20.1, "road_quality": 3, "marker": 7, "trip_id": "604F0_Trip2", "hrot_diff": 1, "sample_diff": 10, "time_diff_s": 0.2, "gps_distance_m": 5.7, "original_speed": "3333", "wheel_diameter_mm": 711.1999999999999, "braking_intensity": 0.0, "is_braking": false}}, {"type": "Feature", "geometry": {"type": "LineString", "coordinates": [[4.923471, 52.3642256], [4.9233977, 52.3641725]]}, "properties": {"Speed": 15.5, "road_quality": 2, "marker": 7, "trip_id": "604F0_Trip2", "hrot_diff": 1, "sample_diff": 13, "time_diff_s": 0.26, "gps_distance_m": 7.7, "original_speed": "3301", "wheel_diameter_mm": 711.1999999999999, "braking_intensity": 0.0, "is_braking": false}}, {"type": "Feature", "geometry": {"type": "LineString", "coordinates": [[4.9233977, 52.3641725], [4.9233284, 52.3641316]]}, "properties": {"Speed": 28.7, "road_quality": 2, "marker": 7, "trip_id": "604F0_Trip2", "hrot_diff": 1, "sample_diff": 7, "time_diff_s": 0.14, "gps_distance_m": 6.5, "original_speed": "3211", "wheel_diameter_mm": 711.1999999999999, "braking_intensity": 0.0, "is_braking": false}}, {"type": "Feature", "geometry": {"type": "LineString", "coordinates": [[4.9233284, 52.3641316], [4.9232586, 52.3640954]]}, "properties": {"Speed": 25.1, "road_quality": 3, "marker": 7, "trip_id": "604F0_Trip2", "hrot_diff": 1, "sample_diff": 8, "time_diff_s": 0.16, "gps_distance_m": 6.2, "original_speed": "3181", "wheel_diameter_mm": 711.1999999999999, "braking_intensity": 0.0, "is_braking": false}}, {"type": "Feature", "geometry": {"type": "LineString", "coordinates": [[4.9232586, 52.3640954], [4.9231821, 52.3640598]]}, "properties": {"Speed": 28.7, "road_quality": 3, "marker": 7, "trip_id": "604F0_Trip2", "hrot_diff": 1, "sample_diff": 7, "time_diff_s": 0.14, "gps_distance_m": 6.5, "original_speed": "3333", "wheel_diameter_mm": 711.1999999999999, "braking_intensity": 0.0, "is_braking": false}}, {"type": "Feature", "geometry": {"type": "LineString", "coordinates": [[4.9231821, 52.3640598], [4.9231107, 52.3640192]]}, "properties": {"Speed": 25.1, "road_quality": 3, "marker": 7, "trip_id": "604F0_Trip2", "hrot_diff": 1, "sample_diff": 8, "time_diff_s": 0.16, "gps_distance_m": 6.6, "original_speed": "3240", "wheel_diameter_mm": 711.1999999999999, "braking_intensity": 0.0, "is_braking": false}}, {"type": "Feature", "geometry": {"type": "LineString", "coordinates": [[4.9231107, 52.3640192], [4.9230439, 52.3639811]]}, "properties": {"Speed": 25.1, "road_quality": 3, "marker": 7, "trip_id": "604F0_Trip2", "hrot_diff": 1, "sample_diff": 8, "time_diff_s": 0.16, "gps_distance_m": 6.2, "original_speed": "3365", "wheel_diameter_mm": 711.1999999999999, "braking_intensity": 0.0, "is_braking": false}}, {"type": "Feature", "geometry": {"type": "LineString", "coordinates": [[4.9230439, 52.3639811], [4.922972, 52.3639395]]}, "properties": {"Speed": 25.1, "road_quality": 3, "marker": 7, "trip_id": "604F0_Trip2", "hrot_diff": 1, "sample_diff": 8, "time_diff_s": 0.16, "gps_distance_m": 6.7, "original_speed": "3125", "wheel_diameter_mm": 711.1999999999999, "braking_intensity": 0.0, "is_braking": false}}, {"type": "Feature", "geometry": {"type": "LineString", "coordinates": [[4.922972, 52.3639395], [4.9229084, 52.3639056]]}, "properties": {"Speed": 25.1, "road_quality": 3, "marker": 7, "trip_id": "604F0_Trip2", "hrot_diff": 1, "sample_diff": 8, "time_diff_s": 0.16, "gps_distance_m": 5.7, "original_speed": "3181", "wheel_diameter_mm": 711.1999999999999, "braking_intensity": 0.0, "is_braking": false}}, {"type": "Feature", "geometry": {"type": "LineString", "coordinates": [[4.9229084, 52.3639056], [4.9228458, 52.3638701]]}, "properties": {"Speed": 22.3, "road_quality": 3, "marker": 7, "trip_id": "604F0_Trip2", "hrot_diff": 1, "sample_diff": 9, "time_diff_s": 0.18, "gps_distance_m": 5.8, "original_speed": "3043", "wheel_diameter_mm": 711.1999999999999, "braking_intensity": 0.0, "is_braking": false}}, {"type": "Feature", "geometry": {"type": "LineString", "coordinates": [[4.9228458, 52.3638701], [4.9227797, 52.3638368]]}, "properties": {"Speed": 18.3, "road_quality": 2, "marker": 7, "trip_id": "604F0_Trip2", "hrot_diff": 1, "sample_diff": 11, "time_diff_s": 0.22, "gps_distance_m": 5.8, "original_speed": "3181", "wheel_diameter_mm": 711.1999999999999, "braking_intensity": 0.0, "is_braking": false}}, {"type": "Feature", "geometry": {"type": "LineString", "coordinates": [[4.9227797, 52.3638368], [4.9226982, 52.3638001]]}, "properties": {"Speed": 28.7, "road_quality": 2, "marker": 7, "trip_id": "604F0_Trip2", "hrot_diff": 1, "sample_diff": 7, "time_diff_s": 0.14, "gps_distance_m": 6.9, "original_speed": "3125", "wheel_diameter_mm": 711.1999999999999, "braking_intensity": 0.0, "is_braking": false}}, {"type": "Feature", "geometry": {"type": "LineString", "coordinates": [[4.9226982, 52.3638001], [4.9226493, 52.3637693]]}, "properties": {"Speed": 33.5, "road_quality": 3, "marker": 7, "trip_id": "604F0_Trip2", "hrot_diff": 1, "sample_diff": 6, "time_diff_s": 0.12, "gps_distance_m": 4.8, "original_speed": "3125", "wheel_diameter_mm": 711.1999999999999, "braking_intensity": 0.0, "is_braking": false}}, {"type": "Feature", "geometry": {"type": "LineString", "coordinates": [[4.9226493, 52.3637693], [4.9225944, 52.3637412]]}, "properties": {"Speed": 33.5, "road_quality": 3, "marker": 7, "trip_id": "604F0_Trip2", "hrot_diff": 1, "sample_diff": 6, "time_diff_s": 0.12, "gps_distance_m": 4.9, "original_speed": "3211", "wheel_diameter_mm": 711.1999999999999, "braking_intensity": 0.0, "is_braking": false}}, {"type": "Feature", "geometry": {"type": "LineString", "coordinates": [[4.9225944, 52.3637412], [4.9225348, 52.3637027]]}, "properties": {"Speed": 20.1, "road_quality": 2, "marker": 7, "trip_id": "604F0_Trip2", "hrot_diff": 1, "sample_diff": 10, "time_diff_s": 0.2, "gps_distance_m": 5.9, "original_speed": "3211", "wheel_diameter_mm": 711.1999999999999, "braking_intensity": 0.0, "is_braking": false}}, {"type": "Feature", "geometry": {"type": "LineString", "coordinates": [[4.9225348, 52.3637027], [4.9224607, 52.3636561]]}, "properties": {"Speed": 28.7, "road_quality": 2, "marker": 7, "trip_id": "604F0_Trip2", "hrot_diff": 1, "sample_diff": 7, "time_diff_s": 0.14, "gps_distance_m": 7.2, "original_speed": "3181", "wheel_diameter_mm": 711.1999999999999, "braking_intensity": 0.0, "is_braking": false}}, {"type": "Feature", "geometry": {"type": "LineString", "coordinates": [[4.9224607, 52.3636561], [4.9223984, 52.3636195]]}, "properties": {"Speed": 25.1, "road_quality": 2, "marker": 7, "trip_id": "604F0_Trip2", "hrot_diff": 1, "sample_diff": 8, "time_diff_s": 0.16, "gps_distance_m": 5.9, "original_speed": "3240", "wheel_diameter_mm": 711.1999999999999, "braking_intensity": 0.0, "is_braking": false}}, {"type": "Feature", "geometry": {"type": "LineString", "coordinates": [[4.9223984, 52.3636195], [4.9223409, 52.3635891]]}, "properties": {"Speed": 20.1, "road_quality": 3, "marker": 7, "trip_id": "604F0_Trip2", "hrot_diff": 1, "sample_diff": 10, "time_diff_s": 0.2, "gps_distance_m": 5.2, "original_speed": "3181", "wheel_diameter_mm": 711.1999999999999, "braking_intensity": 0.0, "is_braking": false}}, {"type": "Feature", "geometry": {"type": "LineString", "coordinates": [[4.9223409, 52.3635891], [4.9222677, 52.3635493]]}, "properties": {"Speed": 22.3, "road_quality": 2, "marker": 7, "trip_id": "604F0_Trip2", "hrot_diff": 1, "sample_diff": 9, "time_diff_s": 0.18, "gps_distance_m": 6.7, "original_speed": "2941", "wheel_diameter_mm": 711.1999999999999, "braking_intensity": 0.0, "is_braking": false}}, {"type": "Feature", "geometry": {"type": "LineString", "coordinates": [[4.9222677, 52.3635493], [4.9221612, 52.3634982]]}, "properties": {"Speed": 25.1, "road_quality": 2, "marker": 7, "trip_id": "604F0_Trip2", "hrot_diff": 1, "sample_diff": 8, "time_diff_s": 0.16, "gps_distance_m": 9.2, "original_speed": "3017", "wheel_diameter_mm": 711.1999999999999, "braking_intensity": 0.0, "is_braking": false}}, {"type": "Feature", "geometry": {"type": "LineString", "coordinates": [[4.9221612, 52.3634982], [4.9220954, 52.3634664]]}, "properties": {"Speed": 25.1, "road_quality": 2, "marker": 7, "trip_id": "604F0_Trip2", "hrot_diff": 1, "sample_diff": 8, "time_diff_s": 0.16, "gps_distance_m": 5.7, "original_speed": "2912", "wheel_diameter_mm": 711.1999999999999, "braking_intensity": 0.0, "is_braking": false}}, {"type": "Feature", "geometry": {"type": "LineString", "coordinates": [[4.9220954, 52.3634664], [4.9220158, 52.3634328]]}, "properties": {"Speed": 28.7, "road_quality": 2, "marker": 7, "trip_id": "604F0_Trip2", "hrot_diff": 1, "sample_diff": 7, "time_diff_s": 0.14, "gps_distance_m": 6.6, "original_speed": "2941", "wheel_diameter_mm": 711.1999999999999, "braking_intensity": 0.0, "is_braking": false}}, {"type": "Feature", "geometry": {"type": "LineString", "coordinates": [[4.9220158, 52.3634328], [4.9219287, 52.3633987]]}, "properties": {"Speed": 22.3, "road_quality": 3, "marker": 7, "trip_id": "604F0_Trip2", "hrot_diff": 1, "sample_diff": 9, "time_diff_s": 0.18, "gps_distance_m": 7.0, "original_speed": "3097", "wheel_diameter_mm": 711.1999999999999, "braking_intensity": 0.0, "is_braking": false}}, {"type": "Feature", "geometry": {"type": "LineString", "coordinates": [[4.9219287, 52.3633987], [4.9218559, 52.3633627]]}, "properties": {"Speed": 18.3, "road_quality": 3, "marker": 7, "trip_id": "604F0_Trip2", "hrot_diff": 1, "sample_diff": 11, "time_diff_s": 0.22, "gps_distance_m": 6.4, "original_speed": "3000", "wheel_diameter_mm": 711.1999999999999, "braking_intensity": 0.0, "is_braking": false}}, {"type": "Feature", "geometry": {"type": "LineString", "coordinates": [[4.9218559, 52.3633627], [4.9217857, 52.3633349]]}, "properties": {"Speed": 22.3, "road_quality": 3, "marker": 7, "trip_id": "604F0_Trip2", "hrot_diff": 1, "sample_diff": 9, "time_diff_s": 0.18, "gps_distance_m": 5.7, "original_speed": "3043", "wheel_diameter_mm": 711.1999999999999, "braking_intensity": 0.0, "is_braking": false}}, {"type": "Feature", "geometry": {"type": "LineString", "coordinates": [[4.9217857, 52.3633349], [4.9217081, 52.3633073]]}, "properties": {"Speed": 22.3, "road_quality": 2, "marker": 7, "trip_id": "604F0_Trip2", "hrot_diff": 1, "sample_diff": 9, "time_diff_s": 0.18, "gps_distance_m": 6.1, "original_speed": "3000", "wheel_diameter_mm": 711.1999999999999, "braking_intensity": 0.0, "is_braking": false}}, {"type": "Feature", "geometry": {"type": "LineString", "coordinates": [[4.9215075, 52.3632526], [4.9214039, 52.3632361]]}, "properties": {"Speed": 22.3, "road_quality": 2, "marker": 6, "trip_id": "604F0_Trip2", "hrot_diff": 1, "sample_diff": 9, "time_diff_s": 0.18, "gps_distance_m": 7.3, "original_speed": "-1", "wheel_diameter_mm": 711.1999999999999, "braking_intensity": 0.0, "is_braking": false}}, {"type": "Feature", "geometry": {"type": "LineString", "coordinates": [[4.9214039, 52.3632361], [4.921234, 52.3632066]]}, "properties": {"Speed": 28.7, "road_quality": 2, "marker": 7, "trip_id": "604F0_Trip2", "hrot_diff": 1, "sample_diff": 7, "time_diff_s": 0.14, "gps_distance_m": 12.0, "original_speed": "3398", "wheel_diameter_mm": 711.1999999999999, "braking_intensity": 0.0, "is_braking": false}}, {"type": "Feature", "geometry": {"type": "LineString", "coordinates": [[4.921234, 52.3632066], [4.9211469, 52.3631969]]}, "properties": {"Speed": 20.1, "road_quality": 2, "marker": 7, "trip_id": "604F0_Trip2", "hrot_diff": 1, "sample_diff": 10, "time_diff_s": 0.2, "gps_distance_m": 6.0, "original_speed": "3365", "wheel_diameter_mm": 711.1999999999999, "braking_intensity": 0.0, "is_braking": false}}, {"type": "Feature", "geometry": {"type": "LineString", "coordinates": [[4.9211469, 52.3631969], [4.921072, 52.3631943]]}, "properties": {"Speed": 22.3, "road_quality": 2, "marker": 7, "trip_id": "604F0_Trip2", "hrot_diff": 1, "sample_diff": 9, "time_diff_s": 0.18, "gps_distance_m": 5.1, "original_speed": "3301", "wheel_diameter_mm": 711.1999999999999, "braking_intensity": 0.0, "is_braking": false}}, {"type": "Feature", "geometry": {"type": "LineString", "coordinates": [[4.920986, 52.3631868], [4.9209053, 52.3631742]]}, "properties": {"Speed": 22.3, "road_quality": 2, "marker": 7, "trip_id": "604F0_Trip2", "hrot_diff": 1, "sample_diff": 9, "time_diff_s": 0.18, "gps_distance_m": 5.7, "original_speed": "3097", "wheel_diameter_mm": 711.1999999999999, "braking_intensity": 0.0, "is_braking": false}}, {"type": "Feature", "geometry": {"type": "LineString", "coordinates": [[4.9209053, 52.3631742], [4.9208303, 52.3631622]]}, "properties": {"Speed": 25.1, "road_quality": 2, "marker": 7, "trip_id": "604F0_Trip2", "hrot_diff": 1, "sample_diff": 8, "time_diff_s": 0.16, "gps_distance_m": 5.3, "original_speed": "2857", "wheel_diameter_mm": 711.1999999999999, "braking_intensity": 0.0, "is_braking": false}}, {"type": "Feature", "geometry": {"type": "LineString", "coordinates": [[4.9208303, 52.3631622], [4.920753, 52.3631515]]}, "properties": {"Speed": 16.8, "road_quality": 2, "marker": 7, "trip_id": "604F0_Trip2", "hrot_diff": 1, "sample_diff": 12, "time_diff_s": 0.24, "gps_distance_m": 5.4, "original_speed": "2752", "wheel_diameter_mm": 711.1999999999999, "braking_intensity": 0.0, "is_braking": false}}, {"type": "Feature", "geometry": {"type": "LineString", "coordinates": [[4.920753, 52.3631515], [4.9206834, 52.3631427]]}, "properties": {"Speed": 16.8, "road_quality": 2, "marker": 7, "trip_id": "604F0_Trip2", "hrot_diff": 1, "sample_diff": 12, "time_diff_s": 0.24, "gps_distance_m": 4.8, "original_speed": "2450", "wheel_diameter_mm": 711.1999999999999, "braking_intensity": 0.0, "is_braking": false}}, {"type": "Feature", "geometry": {"type": "LineString", "coordinates": [[4.9206834, 52.3631427], [4.9206224, 52.3631388]]}, "properties": {"Speed": 18.3, "road_quality": 2, "marker": 7, "trip_id": "604F0_Trip2", "hrot_diff": 1, "sample_diff": 11, "time_diff_s": 0.22, "gps_distance_m": 4.2, "original_speed": "2192", "wheel_diameter_mm": 711.1999999999999, "braking_intensity": 0.0, "is_braking": false}}, {"type": "Feature", "geometry": {"type": "LineString", "coordinates": [[4.9206224, 52.3631388], [4.9205623, 52.3631344]]}, "properties": {"Speed": 14.4, "road_quality": 2, "marker": 7, "trip_id": "604F0_Trip2", "hrot_diff": 1, "sample_diff": 14, "time_diff_s": 0.28, "gps_distance_m": 4.1, "original_speed": "1923", "wheel_diameter_mm": 711.1999999999999, "braking_intensity": 0.0, "is_braking": false}}, {"type": "Feature", "geometry": {"type": "LineString", "coordinates": [[4.9205623, 52.3631344], [4.920514, 52.3631311]]}, "properties": {"Speed": 11.2, "road_quality": 2, "marker": 7, "trip_id": "604F0_Trip2", "hrot_diff": 1, "sample_diff": 18, "time_diff_s": 0.36, "gps_distance_m": 3.3, "original_speed": "1639", "wheel_diameter_mm": 711.1999999999999, "braking_intensity": 0.0, "is_braking": false}}, {"type": "Feature", "geometry": {"type": "LineString", "coordinates": [[4.920514, 52.3631311], [4.9204637, 52.3631278]]}, "properties": {"Speed": 7.7, "road_quality": 2, "marker": 7, "trip_id": "604F0_Trip2", "hrot_diff": 1, "sample_diff": 26, "time_diff_s": 0.52, "gps_distance_m": 3.4, "original_speed": "1293", "wheel_diameter_mm": 711.1999999999999, "braking_intensity": 0.0, "is_braking": false}}, {"type": "Feature", "geometry": {"type": "LineString", "coordinates": [[4.9204637, 52.3631278], [4.9204346, 52.3631268]]}, "properties": {"Speed": 5.9, "road_quality": 2, "marker": 7, "trip_id": "604F0_Trip2", "hrot_diff": 1, "sample_diff": 34, "time_diff_s": 0.68, "gps_distance_m": 2.0, "original_speed": "1171", "wheel_diameter_mm": 711.1999999999999, "braking_intensity": 0.0, "is_braking": false}}, {"type": "Feature", "geometry": {"type": "LineString", "coordinates": [[4.9204346, 52.3631268], [4.9203671, 52.3631225]]}, "properties": {"Speed": 0.2, "road_quality": 2, "marker": 7, "trip_id": "604F0_Trip2", "hrot_diff": 1, "sample_diff": 1301, "time_diff_s": 26.02, "gps_distance_m": 4.6, "original_speed": "934", "wheel_diameter_mm": 711.1999999999999, "braking_intensity": 0.0, "is_braking": false}}, {"type": "Feature", "geometry": {"type": "LineString", "coordinates": [[4.9203671, 52.3631225], [4.9203449, 52.3631233]]}, "properties": {"Speed": 6.7, "road_quality": 2, "marker": 7, "trip_id": "604F0_Trip2", "hrot_diff": 1, "sample_diff": 30, "time_diff_s": 0.6, "gps_distance_m": 1.5, "original_speed": "37", "wheel_diameter_mm": 711.1999999999999, "braking_intensity": 0.0, "is_braking": false}}, {"type": "Feature", "geometry": {"type": "LineString", "coordinates": [[4.9203449, 52.3631233], [4.9203177, 52.3631171]]}, "properties": {"Speed": 6.3, "road_quality": 2, "marker": 7, "trip_id": "604F0_Trip2", "hrot_diff": 1, "sample_diff": 32, "time_diff_s": 0.64, "gps_distance_m": 2.0, "original_speed": "72", "wheel_diameter_mm": 711.1999999999999, "braking_intensity": 0.0, "is_braking": false}}, {"type": "Feature", "geometry": {"type": "LineString", "coordinates": [[4.9203177, 52.3631171], [4.9202904, 52.3631084]]}, "properties": {"Speed": 7.4, "road_quality": 2, "marker": 7, "trip_id": "604F0_Trip2", "hrot_diff": 1, "sample_diff": 27, "time_diff_s": 0.54, "gps_distance_m": 2.1, "original_speed": "869", "wheel_diameter_mm": 711.1999999999999, "braking_intensity": 0.0, "is_braking": false}}, {"type": "Feature", "geometry": {"type": "LineString", "coordinates": [[4.9202904, 52.3631084], [4.9202601, 52.3630986]]}, "properties": {"Speed": 11.8, "road_quality": 2, "marker": 7, "trip_id": "604F0_Trip2", "hrot_diff": 1, "sample_diff": 17, "time_diff_s": 0.34, "gps_distance_m": 2.3, "original_speed": "1094", "wheel_diameter_mm": 711.1999999999999, "braking_intensity": 0.0, "is_braking": false}}, {"type": "Feature", "geometry": {"type": "LineString", "coordinates": [[4.9202601, 52.3630986], [4.9202202, 52.363087]]}, "properties": {"Speed": 10.6, "road_quality": 2, "marker": 7, "trip_id": "604F0_Trip2", "hrot_diff": 1, "sample_diff": 19, "time_diff_s": 0.38, "gps_distance_m": 3.0, "original_speed": "1260", "wheel_diameter_mm": 711.1999999999999, "braking_intensity": 0.0, "is_braking": false}}, {"type": "Feature", "geometry": {"type": "LineString", "coordinates": [[4.9202202, 52.363087], [4.920181, 52.3630769]]}, "properties": {"Speed": 9.6, "road_quality": 2, "marker": 7, "trip_id": "604F0_Trip2", "hrot_diff": 1, "sample_diff": 21, "time_diff_s": 0.42, "gps_distance_m": 2.9, "original_speed": "1315", "wheel_diameter_mm": 711.1999999999999, "braking_intensity": 0.0, "is_braking": false}}, {"type": "Feature", "geometry": {"type": "LineString", "coordinates": [[4.920181, 52.3630769], [4.9201337, 52.3630636]]}, "properties": {"Speed": 13.4, "road_quality": 2, "marker": 7, "trip_id": "604F0_Trip2", "hrot_diff": 1, "sample_diff": 15, "time_diff_s": 0.3, "gps_distance_m": 3.5, "original_speed": "1526", "wheel_diameter_mm": 711.1999999999999, "braking_intensity": 0.0, "is_braking": false}}, {"type": "Feature", "geometry": {"type": "LineString", "coordinates": [[4.9201337, 52.3630636], [4.9200823, 52.363044]]}, "properties": {"Speed": 15.5, "road_quality": 2, "marker": 7, "trip_id": "604F0_Trip2", "hrot_diff": 1, "sample_diff": 13, "time_diff_s": 0.26, "gps_distance_m": 4.1, "original_speed": "1818", "wheel_diameter_mm": 711.1999999999999, "braking_intensity": 0.0, "is_braking": false}}, {"type": "Feature", "geometry": {"type": "LineString", "coordinates": [[4.9200823, 52.363044], [4.9200604, 52.3630293]]}, "properties": {"Speed": 20.1, "road_quality": 2, "marker": 7, "trip_id": "604F0_Trip2", "hrot_diff": 1, "sample_diff": 10, "time_diff_s": 0.2, "gps_distance_m": 2.2, "original_speed": "2000", "wheel_diameter_mm": 711.1999999999999, "braking_intensity": 0.0, "is_braking": false}}, {"type": "Feature", "geometry": {"type": "LineString", "coordinates": [[4.9200604, 52.3630293], [4.9200395, 52.3630112]]}, "properties": {"Speed": 20.1, "road_quality": 2, "marker": 7, "trip_id": "604F0_Trip2", "hrot_diff": 1, "sample_diff": 10, "time_diff_s": 0.2, "gps_distance_m": 2.5, "original_speed": "2314", "wheel_diameter_mm": 711.1999999999999, "braking_intensity": 0.0, "is_braking": false}}, {"type": "Feature", "geometry": {"type": "LineString", "coordinates": [[4.9200395, 52.3630112], [4.9199986, 52.3629784]]}, "properties": {"Speed": 22.3, "road_quality": 2, "marker": 7, "trip_id": "604F0_Trip2", "hrot_diff": 1, "sample_diff": 9, "time_diff_s": 0.18, "gps_distance_m": 4.6, "original_speed": "2608", "wheel_diameter_mm": 711.1999999999999, "braking_intensity": 0.0, "is_braking": false}}, {"type": "Feature", "geometry": {"type": "LineString", "coordinates": [[4.9199986, 52.3629784], [4.9199331, 52.362928]]}, "properties": {"Speed": 22.3, "road_quality": 2, "marker": 7, "trip_id": "604F0_Trip2", "hrot_diff": 1, "sample_diff": 9, "time_diff_s": 0.18, "gps_distance_m": 7.2, "original_speed": "2752", "wheel_diameter_mm": 711.1999999999999, "braking_intensity": 0.0, "is_braking": false}}, {"type": "Feature", "geometry": {"type": "LineString", "coordinates": [[4.9199331, 52.362928], [4.9199013, 52.3628994]]}, "properties": {"Speed": 11.2, "road_quality": 2, "marker": 7, "trip_id": "604F0_Trip2", "hrot_diff": 1, "sample_diff": 18, "time_diff_s": 0.36, "gps_distance_m": 3.8, "original_speed": "2173", "wheel_diameter_mm": 711.1999999999999, "braking_intensity": 0.0, "is_braking": false}}, {"type": "Feature", "geometry": {"type": "LineString", "coordinates": [[4.9199013, 52.3628994], [4.9199149, 52.3628976]]}, "properties": {"Speed": 0.9, "road_quality": 2, "marker": 7, "trip_id": "604F0_Trip2", "hrot_diff": 1, "sample_diff": 231, "time_diff_s": 4.62, "gps_distance_m": 0.9, "original_speed": "1769", "wheel_diameter_mm": 711.1999999999999, "braking_intensity": 0.0, "is_braking": false}}, {"type": "Feature", "geometry": {"type": "LineString", "coordinates": [[4.9199149, 52.3628976], [4.919934, 52.3628905]]}, "properties": {"Speed": 2.0, "road_quality": 2, "marker": 3, "trip_id": "604F0_Trip2", "hrot_diff": 1, "sample_diff": 99, "time_diff_s": 1.98, "gps_distance_m": 1.5, "original_speed": "0", "wheel_diameter_mm": 711.1999999999999, "braking_intensity": 0.0, "is_braking": false}}, {"type": "Feature", "geometry": {"type": "LineString", "coordinates": [[4.919934, 52.3628905], [4.919948, 52.3628891]]}, "properties": {"Speed": 7.2, "road_quality": 2, "marker": 3, "trip_id": "604F0_Trip2", "hrot_diff": 1, "sample_diff": 28, "time_diff_s": 0.56, "gps_distance_m": 1.0, "original_speed": "0", "wheel_diameter_mm": 711.1999999999999, "braking_intensity": 0.0, "is_braking": false}}, {"type": "Feature", "geometry": {"type": "LineString", "coordinates": [[4.919948, 52.3628891], [4.9199709, 52.3628977]]}, "properties": {"Speed": 8.7, "road_quality": 2, "marker": 7, "trip_id": "604F0_Trip2", "hrot_diff": 1, "sample_diff": 23, "time_diff_s": 0.46, "gps_distance_m": 1.8, "original_speed": "526", "wheel_diameter_mm": 711.1999999999999, "braking_intensity": 0.0, "is_braking": false}}, {"type": "Feature", "geometry": {"type": "LineString", "coordinates": [[4.9199709, 52.3628977], [4.9199807, 52.362901]]}, "properties": {"Speed": 5.7, "road_quality": 4, "marker": 7, "trip_id": "604F0_Trip2", "hrot_diff": 1, "sample_diff": 35, "time_diff_s": 0.7, "gps_distance_m": 0.8, "original_speed": "826", "wheel_diameter_mm": 711.1999999999999, "braking_intensity": 0.0, "is_braking": false}}, {"type": "Feature", "geometry": {"type": "LineString", "coordinates": [[4.9199807, 52.362901], [4.9199571, 52.3629087]]}, "properties": {"Speed": 0.4, "road_quality": 2, "marker": 7, "trip_id": "604F0_Trip2", "hrot_diff": 1, "sample_diff": 485, "time_diff_s": 9.7, "gps_distance_m": 1.8, "original_speed": "862", "wheel_diameter_mm": 711.1999999999999, "braking_intensity": 0.0, "is_braking": false}}, {"type": "Feature", "geometry": {"type": "LineString", "coordinates": [[4.9199571, 52.3629087], [4.919957, 52.3629034]]}, "properties": {"Speed": 14.4, "road_quality": 2, "marker": 3, "trip_id": "604F0_Trip2", "hrot_diff": 1, "sample_diff": 14, "time_diff_s": 0.28, "gps_distance_m": 0.6, "original_speed": "0", "wheel_diameter_mm": 711.1999999999999, "braking_intensity": 0.0, "is_braking": false}}, {"type": "Feature", "geometry": {"type": "LineString", "coordinates": [[4.919957, 52.3629034], [4.9199548, 52.3629012]]}, "properties": {"Speed": 3.8, "road_quality": 2, "marker": 7, "trip_id": "604F0_Trip2", "hrot_diff": 1, "sample_diff": 53, "time_diff_s": 1.06, "gps_distance_m": 0.3, "original_speed": "100", "wheel_diameter_mm": 711.1999999999999, "braking_intensity": 0.0, "is_braking": false}}, {"type": "Feature", "geometry": {"type": "LineString", "coordinates": [[4.9199548, 52.3629012], [4.9199406, 52.3628995]]}, "properties": {"Speed": 7.7, "road_quality": 2, "marker": 7, "trip_id": "604F0_Trip2", "hrot_diff": 1, "sample_diff": 26, "time_diff_s": 0.52, "gps_distance_m": 1.0, "original_speed": "632", "wheel_diameter_mm": 711.1999999999999, "braking_intensity": 0.0, "is_braking": false}}, {"type": "Feature", "geometry": {"type": "LineString", "coordinates": [[4.9199406, 52.3628995], [4.919929, 52.3628996]]}, "properties": {"Speed": 10.6, "road_quality": 2, "marker": 7, "trip_id": "604F0_Trip2", "hrot_diff": 1, "sample_diff": 19, "time_diff_s": 0.38, "gps_distance_m": 0.8, "original_speed": "869", "wheel_diameter_mm": 711.1999999999999, "braking_intensity": 0.0, "is_braking": false}}, {"type": "Feature", "geometry": {"type": "LineString", "coordinates": [[4.919929, 52.3628996], [4.9199, 52.3628902]]}, "properties": {"Speed": 11.2, "road_quality": 2, "marker": 7, "trip_id": "604F0_Trip2", "hrot_diff": 1, "sample_diff": 18, "time_diff_s": 0.36, "gps_distance_m": 2.2, "original_speed": "1351", "wheel_diameter_mm": 711.1999999999999, "braking_intensity": 0.0, "is_braking": false}}, {"type": "Feature", "geometry": {"type": "LineString", "coordinates": [[4.9199, 52.3628902], [4.9198674, 52.3628769]]}, "properties": {"Speed": 15.5, "road_quality": 2, "marker": 7, "trip_id": "604F0_Trip2", "hrot_diff": 1, "sample_diff": 13, "time_diff_s": 0.26, "gps_distance_m": 2.7, "original_speed": "1639", "wheel_diameter_mm": 711.1999999999999, "braking_intensity": 0.0, "is_braking": false}}, {"type": "Feature", "geometry": {"type": "LineString", "coordinates": [[4.9198674, 52.3628769], [4.9198326, 52.362868]]}, "properties": {"Speed": 18.3, "road_quality": 2, "marker": 7, "trip_id": "604F0_Trip2", "hrot_diff": 1, "sample_diff": 11, "time_diff_s": 0.22, "gps_distance_m": 2.6, "original_speed": "1923", "wheel_diameter_mm": 711.1999999999999, "braking_intensity": 0.0, "is_braking": false}}, {"type": "Feature", "geometry": {"type": "LineString", "coordinates": [[4.9198326, 52.362868], [4.919797, 52.3628559]]}, "properties": {"Speed": 20.1, "road_quality": 2, "marker": 7, "trip_id": "604F0_Trip2", "hrot_diff": 1, "sample_diff": 10, "time_diff_s": 0.2, "gps_distance_m": 2.8, "original_speed": "2136", "wheel_diameter_mm": 711.1999999999999, "braking_intensity": 0.0, "is_braking": false}}, {"type": "Feature", "geometry": {"type": "LineString", "coordinates": [[4.919797, 52.3628559], [4.9197475, 52.3628371]]}, "properties": {"Speed": 15.5, "road_quality": 2, "marker": 7, "trip_id": "604F0_Trip2", "hrot_diff": 1, "sample_diff": 13, "time_diff_s": 0.26, "gps_distance_m": 4.0, "original_speed": "2427", "wheel_diameter_mm": 711.1999999999999, "braking_intensity": 0.0, "is_braking": false}}, {"type": "Feature", "geometry": {"type": "LineString", "coordinates": [[4.9197475, 52.3628371], [4.9197024, 52.3628219]]}, "properties": {"Speed": 20.1, "road_quality": 2, "marker": 7, "trip_id": "604F0_Trip2", "hrot_diff": 1, "sample_diff": 10, "time_diff_s": 0.2, "gps_distance_m": 3.5, "original_speed": "2586", "wheel_diameter_mm": 711.1999999999999, "braking_intensity": 0.0, "is_braking": false}}, {"type": "Feature", "geometry": {"type": "LineString", "coordinates": [[4.9197024, 52.3628219], [4.9196574, 52.3627958]]}, "properties": {"Speed": 20.1, "road_quality": 2, "marker": 7, "trip_id": "604F0_Trip2", "hrot_diff": 1, "sample_diff": 10, "time_diff_s": 0.2, "gps_distance_m": 4.2, "original_speed": "2678", "wheel_diameter_mm": 711.1999999999999, "braking_intensity": 0.0, "is_braking": false}}, {"type": "Feature", "geometry": {"type": "LineString", "coordinates": [[4.9196574, 52.3627958], [4.9195989, 52.3627636]]}, "properties": {"Speed": 28.7, "road_quality": 2, "marker": 7, "trip_id": "604F0_Trip2", "hrot_diff": 1, "sample_diff": 7, "time_diff_s": 0.14, "gps_distance_m": 5.3, "original_speed": "2803", "wheel_diameter_mm": 711.1999999999999, "braking_intensity": 0.0, "is_braking": false}}, {"type": "Feature", "geometry": {"type": "LineString", "coordinates": [[4.9195989, 52.3627636], [4.919542, 52.3627227]]}, "properties": {"Speed": 25.1, "road_quality": 2, "marker": 7, "trip_id": "604F0_Trip2", "hrot_diff": 1, "sample_diff": 8, "time_diff_s": 0.16, "gps_distance_m": 6.0, "original_speed": "3000", "wheel_diameter_mm": 711.1999999999999, "braking_intensity": 0.0, "is_braking": false}}, {"type": "Feature", "geometry": {"type": "LineString", "coordinates": [[4.919542, 52.3627227], [4.919478, 52.3626782]]}, "properties": {"Speed": 22.3, "road_quality": 2, "marker": 7, "trip_id": "604F0_Trip2", "hrot_diff": 1, "sample_diff": 9, "time_diff_s": 0.18, "gps_distance_m": 6.6, "original_speed": "3000", "wheel_diameter_mm": 711.1999999999999, "braking_intensity": 0.0, "is_braking": false}}, {"type": "Feature", "geometry": {"type": "LineString", "coordinates": [[4.919478, 52.3626782], [4.9194188, 52.3626301]]}, "properties": {"Speed": 20.1, "road_quality": 2, "marker": 7, "trip_id": "604F0_Trip2", "hrot_diff": 1, "sample_diff": 10, "time_diff_s": 0.2, "gps_distance_m": 6.7, "original_speed": "3070", "wheel_diameter_mm": 711.1999999999999, "braking_intensity": 0.0, "is_braking": false}}, {"type": "Feature", "geometry": {"type": "LineString", "coordinates": [[4.9194188, 52.3626301], [4.9193577, 52.3625772]]}, "properties": {"Speed": 33.5, "road_quality": 2, "marker": 7, "trip_id": "604F0_Trip2", "hrot_diff": 1, "sample_diff": 6, "time_diff_s": 0.12, "gps_distance_m": 7.2, "original_speed": "2941", "wheel_diameter_mm": 711.1999999999999, "braking_intensity": 0.0, "is_braking": false}}, {"type": "Feature", "geometry": {"type": "LineString", "coordinates": [[4.9193577, 52.3625772], [4.9192994, 52.3625335]]}, "properties": {"Speed": 25.1, "road_quality": 2, "marker": 7, "trip_id": "604F0_Trip2", "hrot_diff": 1, "sample_diff": 8, "time_diff_s": 0.16, "gps_distance_m": 6.3, "original_speed": "3125", "wheel_diameter_mm": 711.1999999999999, "braking_intensity": 0.0, "is_braking": false}}, {"type": "Feature", "geometry": {"type": "LineString", "coordinates": [[4.9192994, 52.3625335], [4.9192483, 52.3624787]]}, "properties": {"Speed": 18.3, "road_quality": 2, "marker": 7, "trip_id": "604F0_Trip2", "hrot_diff": 1, "sample_diff": 11, "time_diff_s": 0.22, "gps_distance_m": 7.0, "original_speed": "3153", "wheel_diameter_mm": 711.1999999999999, "braking_intensity": 0.0, "is_braking": false}}, {"type": "Feature", "geometry": {"type": "LineString", "coordinates": [[4.9192483, 52.3624787], [4.9191816, 52.362425]]}, "properties": {"Speed": 22.3, "road_quality": 2, "marker": 7, "trip_id": "604F0_Trip2", "hrot_diff": 1, "sample_diff": 9, "time_diff_s": 0.18, "gps_distance_m": 7.5, "original_speed": "3181", "wheel_diameter_mm": 711.1999999999999, "braking_intensity": 0.0, "is_braking": false}}, {"type": "Feature", "geometry": {"type": "LineString", "coordinates": [[4.9191816, 52.362425], [4.9191027, 52.3623771]]}, "properties": {"Speed": 25.1, "road_quality": 2, "marker": 7, "trip_id": "604F0_Trip2", "hrot_diff": 1, "sample_diff": 8, "time_diff_s": 0.16, "gps_distance_m": 7.6, "original_speed": "3301", "wheel_diameter_mm": 711.1999999999999, "braking_intensity": 0.0, "is_braking": false}}, {"type": "Feature", "geometry": {"type": "LineString", "coordinates": [[4.9191027, 52.3623771], [4.9190042, 52.3623154]]}, "properties": {"Speed": 22.3, "road_quality": 2, "marker": 7, "trip_id": "604F0_Trip2", "hrot_diff": 1, "sample_diff": 9, "time_diff_s": 0.18, "gps_distance_m": 9.6, "original_speed": "3211", "wheel_diameter_mm": 711.1999999999999, "braking_intensity": 0.0, "is_braking": false}}, {"type": "Feature", "geometry": {"type": "LineString", "coordinates": [[4.9190042, 52.3623154], [4.9189313, 52.3622685]]}, "properties": {"Speed": 28.7, "road_quality": 2, "marker": 7, "trip_id": "604F0_Trip2", "hrot_diff": 1, "sample_diff": 7, "time_diff_s": 0.14, "gps_distance_m": 7.2, "original_speed": "3181", "wheel_diameter_mm": 711.1999999999999, "braking_intensity": 0.0, "is_braking": false}}, {"type": "Feature", "geometry": {"type": "LineString", "coordinates": [[4.9189313, 52.3622685], [4.9188485, 52.362219]]}, "properties": {"Speed": 18.3, "road_quality": 2, "marker": 7, "trip_id": "604F0_Trip2", "hrot_diff": 1, "sample_diff": 11, "time_diff_s": 0.22, "gps_distance_m": 7.9, "original_speed": "3301", "wheel_diameter_mm": 711.1999999999999, "braking_intensity": 0.0, "is_braking": false}}, {"type": "Feature", "geometry": {"type": "LineString", "coordinates": [[4.9188485, 52.362219], [4.9187903, 52.3622011]]}, "properties": {"Speed": 33.5, "road_quality": 2, "marker": 7, "trip_id": "604F0_Trip2", "hrot_diff": 1, "sample_diff": 6, "time_diff_s": 0.12, "gps_distance_m": 4.4, "original_speed": "3125", "wheel_diameter_mm": 711.1999999999999, "braking_intensity": 0.0, "is_braking": false}}, {"type": "Feature", "geometry": {"type": "LineString", "coordinates": [[4.9187903, 52.3622011], [4.918697, 52.3621676]]}, "properties": {"Speed": 28.7, "road_quality": 2, "marker": 7, "trip_id": "604F0_Trip2", "hrot_diff": 1, "sample_diff": 7, "time_diff_s": 0.14, "gps_distance_m": 7.3, "original_speed": "3181", "wheel_diameter_mm": 711.1999999999999, "braking_intensity": 0.0, "is_braking": false}}, {"type": "Feature", "geometry": {"type": "LineString", "coordinates": [[4.918697, 52.3621676], [4.9186097, 52.362135]]}, "properties": {"Speed": 28.7, "road_quality": 2, "marker": 7, "trip_id": "604F0_Trip2", "hrot_diff": 1, "sample_diff": 7, "time_diff_s": 0.14, "gps_distance_m": 6.9, "original_speed": "3181", "wheel_diameter_mm": 711.1999999999999, "braking_intensity": 0.0, "is_braking": false}}, {"type": "Feature", "geometry": {"type": "LineString", "coordinates": [[4.9186097, 52.362135], [4.9185455, 52.3621079]]}, "properties": {"Speed": 8.4, "road_quality": 2, "marker": 7, "trip_id": "604F0_Trip2", "hrot_diff": 1, "sample_diff": 24, "time_diff_s": 0.48, "gps_distance_m": 5.3, "original_speed": "2272", "wheel_diameter_mm": 711.1999999999999, "braking_intensity": 0.0, "is_braking": false}}, {"type": "Feature", "geometry": {"type": "LineString", "coordinates": [[4.9185455, 52.3621079], [4.918453, 52.3620796]]}, "properties": {"Speed": 25.1, "road_quality": 2, "marker": 6, "trip_id": "604F0_Trip2", "hrot_diff": 1, "sample_diff": 8, "time_diff_s": 0.16, "gps_distance_m": 7.0, "original_speed": "-1", "wheel_diameter_mm": 711.1999999999999, "braking_intensity": 0.0, "is_braking": false}}, {"type": "Feature", "geometry": {"type": "LineString", "coordinates": [[4.918453, 52.3620796], [4.9183647, 52.3620552]]}, "properties": {"Speed": 22.3, "road_quality": 2, "marker": 6, "trip_id": "604F0_Trip2", "hrot_diff": 1, "sample_diff": 9, "time_diff_s": 0.18, "gps_distance_m": 6.6, "original_speed": "-1", "wheel_diameter_mm": 711.1999999999999, "braking_intensity": 0.0, "is_braking": false}}, {"type": "Feature", "geometry": {"type": "LineString", "coordinates": [[4.9183647, 52.3620552], [4.9182621, 52.362033]]}, "properties": {"Speed": 22.3, "road_quality": 2, "marker": 7, "trip_id": "604F0_Trip2", "hrot_diff": 1, "sample_diff": 9, "time_diff_s": 0.18, "gps_distance_m": 7.4, "original_speed": "3153", "wheel_diameter_mm": 711.1999999999999, "braking_intensity": 0.0, "is_braking": false}}, {"type": "Feature", "geometry": {"type": "LineString", "coordinates": [[4.9182621, 52.362033], [4.9181892, 52.3620112]]}, "properties": {"Speed": 28.7, "road_quality": 2, "marker": 7, "trip_id": "604F0_Trip2", "hrot_diff": 1, "sample_diff": 7, "time_diff_s": 0.14, "gps_distance_m": 5.5, "original_speed": "3097", "wheel_diameter_mm": 711.1999999999999, "braking_intensity": 0.0, "is_braking": false}}, {"type": "Feature", "geometry": {"type": "LineString", "coordinates": [[4.9181892, 52.3620112], [4.9181106, 52.3619952]]}, "properties": {"Speed": 22.3, "road_quality": 2, "marker": 7, "trip_id": "604F0_Trip2", "hrot_diff": 1, "sample_diff": 9, "time_diff_s": 0.18, "gps_distance_m": 5.6, "original_speed": "3125", "wheel_diameter_mm": 711.1999999999999, "braking_intensity": 0.0, "is_braking": false}}, {"type": "Feature", "geometry": {"type": "LineString", "coordinates": [[4.9181106, 52.3619952], [4.9180119, 52.3619784]]}, "properties": {"Speed": 22.3, "road_quality": 2, "marker": 7, "trip_id": "604F0_Trip2", "hrot_diff": 1, "sample_diff": 9, "time_diff_s": 0.18, "gps_distance_m": 7.0, "original_speed": "3211", "wheel_diameter_mm": 711.1999999999999, "braking_intensity": 0.0, "is_braking": false}}, {"type": "Feature", "geometry": {"type": "LineString", "coordinates": [[4.9180119, 52.3619784], [4.9179266, 52.3619638]]}, "properties": {"Speed": 25.1, "road_quality": 2, "marker": 7, "trip_id": "604F0_Trip2", "hrot_diff": 1, "sample_diff": 8, "time_diff_s": 0.16, "gps_distance_m": 6.0, "original_speed": "3097", "wheel_diameter_mm": 711.1999999999999, "braking_intensity": 0.0, "is_braking": false}}, {"type": "Feature", "geometry": {"type": "LineString", "coordinates": [[4.9179266, 52.3619638], [4.9178276, 52.3619501]]}, "properties": {"Speed": 25.1, "road_quality": 2, "marker": 7, "trip_id": "604F0_Trip2", "hrot_diff": 1, "sample_diff": 8, "time_diff_s": 0.16, "gps_distance_m": 6.9, "original_speed": "3153", "wheel_diameter_mm": 711.1999999999999, "braking_intensity": 0.0, "is_braking": false}}, {"type": "Feature", "geometry": {"type": "LineString", "coordinates": [[4.9178276, 52.3619501], [4.9177362, 52.3619388]]}, "properties": {"Speed": 25.1, "road_quality": 2, "marker": 7, "trip_id": "604F0_Trip2", "hrot_diff": 1, "sample_diff": 8, "time_diff_s": 0.16, "gps_distance_m": 6.3, "original_speed": "3153", "wheel_diameter_mm": 711.1999999999999, "braking_intensity": 0.0, "is_braking": false}}, {"type": "Feature", "geometry": {"type": "LineString", "coordinates": [[4.9177362, 52.3619388], [4.9176402, 52.3619295]]}, "properties": {"Speed": 25.1, "road_quality": 2, "marker": 7, "trip_id": "604F0_Trip2", "hrot_diff": 1, "sample_diff": 8, "time_diff_s": 0.16, "gps_distance_m": 6.6, "original_speed": "3181", "wheel_diameter_mm": 711.1999999999999, "braking_intensity": 0.0, "is_braking": false}}, {"type": "Feature", "geometry": {"type": "LineString", "coordinates": [[4.9176402, 52.3619295], [4.9175493, 52.3619269]]}, "properties": {"Speed": 25.1, "road_quality": 2, "marker": 7, "trip_id": "604F0_Trip2", "hrot_diff": 1, "sample_diff": 8, "time_diff_s": 0.16, "gps_distance_m": 6.2, "original_speed": "3181", "wheel_diameter_mm": 711.1999999999999, "braking_intensity": 0.0, "is_braking": false}}, {"type": "Feature", "geometry": {"type": "LineString", "coordinates": [[4.9175493, 52.3619269], [4.9174396, 52.3619185]]}, "properties": {"Speed": 28.7, "road_quality": 2, "marker": 7, "trip_id": "604F0_Trip2", "hrot_diff": 1, "sample_diff": 7, "time_diff_s": 0.14, "gps_distance_m": 7.5, "original_speed": "3240", "wheel_diameter_mm": 711.1999999999999, "braking_intensity": 0.0, "is_braking": false}}, {"type": "Feature", "geometry": {"type": "LineString", "coordinates": [[4.9174396, 52.3619185], [4.9173362, 52.3619126]]}, "properties": {"Speed": 20.1, "road_quality": 2, "marker": 7, "trip_id": "604F0_Trip2", "hrot_diff": 1, "sample_diff": 10, "time_diff_s": 0.2, "gps_distance_m": 7.1, "original_speed": "3271", "wheel_diameter_mm": 711.1999999999999, "braking_intensity": 0.0, "is_braking": false}}, {"type": "Feature", "geometry": {"type": "LineString", "coordinates": [[4.9173362, 52.3619126], [4.9172305, 52.3619074]]}, "properties": {"Speed": 25.1, "road_quality": 2, "marker": 7, "trip_id": "604F0_Trip2", "hrot_diff": 1, "sample_diff": 8, "time_diff_s": 0.16, "gps_distance_m": 7.2, "original_speed": "3398", "wheel_diameter_mm": 711.1999999999999, "braking_intensity": 0.0, "is_braking": false}}, {"type": "Feature", "geometry": {"type": "LineString", "coordinates": [[4.9172305, 52.3619074], [4.9171166, 52.361901]]}, "properties": {"Speed": 20.1, "road_quality": 3, "marker": 7, "trip_id": "604F0_Trip2", "hrot_diff": 1, "sample_diff": 10, "time_diff_s": 0.2, "gps_distance_m": 7.8, "original_speed": "3301", "wheel_diameter_mm": 711.1999999999999, "braking_intensity": 0.0, "is_braking": false}}, {"type": "Feature", "geometry": {"type": "LineString", "coordinates": [[4.9171166, 52.361901], [4.9170016, 52.3618967]]}, "properties": {"Speed": 22.3, "road_quality": 3, "marker": 7, "trip_id": "604F0_Trip2", "hrot_diff": 1, "sample_diff": 9, "time_diff_s": 0.18, "gps_distance_m": 7.8, "original_speed": "3365", "wheel_diameter_mm": 711.1999999999999, "braking_intensity": 0.0, "is_braking": false}}, {"type": "Feature", "geometry": {"type": "LineString", "coordinates": [[4.9167899, 52.3619054], [4.9167038, 52.3619116]]}, "properties": {"Speed": 20.1, "road_quality": 3, "marker": 6, "trip_id": "604F0_Trip2", "hrot_diff": 1, "sample_diff": 10, "time_diff_s": 0.2, "gps_distance_m": 5.9, "original_speed": "-1", "wheel_diameter_mm": 711.1999999999999, "braking_intensity": 0.0, "is_braking": false}}, {"type": "Feature", "geometry": {"type": "LineString", "coordinates": [[4.9167038, 52.3619116], [4.9166234, 52.3619161]]}, "properties": {"Speed": 28.7, "road_quality": 2, "marker": 7, "trip_id": "604F0_Trip2", "hrot_diff": 1, "sample_diff": 7, "time_diff_s": 0.14, "gps_distance_m": 5.5, "original_speed": "2970", "wheel_diameter_mm": 711.1999999999999, "braking_intensity": 0.0, "is_braking": false}}, {"type": "Feature", "geometry": {"type": "LineString", "coordinates": [[4.9166234, 52.3619161], [4.9165413, 52.3619164]]}, "properties": {"Speed": 22.3, "road_quality": 2, "marker": 7, "trip_id": "604F0_Trip2", "hrot_diff": 1, "sample_diff": 9, "time_diff_s": 0.18, "gps_distance_m": 5.6, "original_speed": "3125", "wheel_diameter_mm": 711.1999999999999, "braking_intensity": 0.0, "is_braking": false}}, {"type": "Feature", "geometry": {"type": "LineString", "coordinates": [[4.9165413, 52.3619164], [4.916458, 52.3619142]]}, "properties": {"Speed": 22.3, "road_quality": 3, "marker": 7, "trip_id": "604F0_Trip2", "hrot_diff": 1, "sample_diff": 9, "time_diff_s": 0.18, "gps_distance_m": 5.7, "original_speed": "3097", "wheel_diameter_mm": 711.1999999999999, "braking_intensity": 0.0, "is_braking": false}}, {"type": "Feature", "geometry": {"type": "LineString", "coordinates": [[4.916458, 52.3619142], [4.9163697, 52.3619144]]}, "properties": {"Speed": 40, "road_quality": 3, "marker": 7, "trip_id": "604F0_Trip2", "hrot_diff": 1, "sample_diff": 4, "time_diff_s": 0.08, "gps_distance_m": 6.0, "original_speed": "3181", "wheel_diameter_mm": 711.1999999999999, "braking_intensity": 0.0, "is_braking": false}}, {"type": "Feature", "geometry": {"type": "LineString", "coordinates": [[4.9162972, 52.3619116], [4.9162139, 52.3619042]]}, "properties": {"Speed": 22.3, "road_quality": 3, "marker": 7, "trip_id": "604F0_Trip2", "hrot_diff": 1, "sample_diff": 9, "time_diff_s": 0.18, "gps_distance_m": 5.7, "original_speed": "2752", "wheel_diameter_mm": 711.1999999999999, "braking_intensity": 0.0, "is_braking": false}}, {"type": "Feature", "geometry": {"type": "LineString", "coordinates": [[4.9162139, 52.3619042], [4.9161247, 52.3618939]]}, "properties": {"Speed": 28.7, "road_quality": 3, "marker": 6, "trip_id": "604F0_Trip2", "hrot_diff": 1, "sample_diff": 7, "time_diff_s": 0.14, "gps_distance_m": 6.2, "original_speed": "-1", "wheel_diameter_mm": 711.1999999999999, "braking_intensity": 0.0, "is_braking": false}}, {"type": "Feature", "geometry": {"type": "LineString", "coordinates": [[4.9161247, 52.3618939], [4.916042, 52.3618836]]}, "properties": {"Speed": 22.3, "road_quality": 3, "marker": 6, "trip_id": "604F0_Trip2", "hrot_diff": 1, "sample_diff": 9, "time_diff_s": 0.18, "gps_distance_m": 5.7, "original_speed": "-1", "wheel_diameter_mm": 711.1999999999999, "braking_intensity": 0.0, "is_braking": false}}, {"type": "Feature", "geometry": {"type": "LineString", "coordinates": [[4.916042, 52.3618836], [4.915963, 52.3618737]]}, "properties": {"Speed": 28.7, "road_quality": 2, "marker": 7, "trip_id": "604F0_Trip2", "hrot_diff": 1, "sample_diff": 7, "time_diff_s": 0.14, "gps_distance_m": 5.5, "original_speed": "3125", "wheel_diameter_mm": 711.1999999999999, "braking_intensity": 0.0, "is_braking": false}}, {"type": "Feature", "geometry": {"type": "LineString", "coordinates": [[4.915963, 52.3618737], [4.9158885, 52.3618577]]}, "properties": {"Speed": 20.1, "road_quality": 2, "marker": 7, "trip_id": "604F0_Trip2", "hrot_diff": 1, "sample_diff": 10, "time_diff_s": 0.2, "gps_distance_m": 5.4, "original_speed": "2564", "wheel_diameter_mm": 711.1999999999999, "braking_intensity": 0.0, "is_braking": false}}, {"type": "Feature", "geometry": {"type": "LineString", "coordinates": [[4.9158885, 52.3618577], [4.9158162, 52.3618395]]}, "properties": {"Speed": 25.1, "road_quality": 2, "marker": 6, "trip_id": "604F0_Trip2", "hrot_diff": 1, "sample_diff": 8, "time_diff_s": 0.16, "gps_distance_m": 5.3, "original_speed": "-1", "wheel_diameter_mm": 711.1999999999999, "braking_intensity": 0.0, "is_braking": false}}, {"type": "Feature", "geometry": {"type": "LineString", "coordinates": [[4.9158162, 52.3618395], [4.9157328, 52.3618188]]}, "properties": {"Speed": 20.1, "road_quality": 2, "marker": 6, "trip_id": "604F0_Trip2", "hrot_diff": 1, "sample_diff": 10, "time_diff_s": 0.2, "gps_distance_m": 6.1, "original_speed": "-1", "wheel_diameter_mm": 711.1999999999999, "braking_intensity": 0.0, "is_braking": false}}, {"type": "Feature", "geometry": {"type": "LineString", "coordinates": [[4.9157328, 52.3618188], [4.9156395, 52.3618003]]}, "properties": {"Speed": 14.4, "road_quality": 3, "marker": 7, "trip_id": "604F0_Trip2", "hrot_diff": 1, "sample_diff": 14, "time_diff_s": 0.28, "gps_distance_m": 6.7, "original_speed": "2777", "wheel_diameter_mm": 711.1999999999999, "braking_intensity": 0.0, "is_braking": false}}, {"type": "Feature", "geometry": {"type": "LineString", "coordinates": [[4.9156395, 52.3618003], [4.9155707, 52.3617843]]}, "properties": {"Speed": 16.8, "road_quality": 3, "marker": 7, "trip_id": "604F0_Trip2", "hrot_diff": 1, "sample_diff": 12, "time_diff_s": 0.24, "gps_distance_m": 5.0, "original_speed": "2521", "wheel_diameter_mm": 711.1999999999999, "braking_intensity": 0.0, "is_braking": false}}, {"type": "Feature", "geometry": {"type": "LineString", "coordinates": [[4.9155707, 52.3617843], [4.9155031, 52.3617631]]}, "properties": {"Speed": 13.4, "road_quality": 2, "marker": 7, "trip_id": "604F0_Trip2", "hrot_diff": 1, "sample_diff": 15, "time_diff_s": 0.3, "gps_distance_m": 5.2, "original_speed": "2232", "wheel_diameter_mm": 711.1999999999999, "braking_intensity": 0.0, "is_braking": false}}, {"type": "Feature", "geometry": {"type": "LineString", "coordinates": [[4.9155031, 52.3617631], [4.9154596, 52.3617458]]}, "properties": {"Speed": 10.1, "road_quality": 2, "marker": 7, "trip_id": "604F0_Trip2", "hrot_diff": 1, "sample_diff": 20, "time_diff_s": 0.4, "gps_distance_m": 3.5, "original_speed": "1754", "wheel_diameter_mm": 711.1999999999999, "braking_intensity": 0.0, "is_braking": false}}, {"type": "Feature", "geometry": {"type": "LineString", "coordinates": [[4.9154596, 52.3617458], [4.9154268, 52.3617311]]}, "properties": {"Speed": 8.4, "road_quality": 2, "marker": 7, "trip_id": "604F0_Trip2", "hrot_diff": 1, "sample_diff": 24, "time_diff_s": 0.48, "gps_distance_m": 2.8, "original_speed": "1363", "wheel_diameter_mm": 711.1999999999999, "braking_intensity": 0.0, "is_braking": false}}, {"type": "Feature", "geometry": {"type": "LineString", "coordinates": [[4.9154268, 52.3617311], [4.9153487, 52.3616666]]}, "properties": {"Speed": 0.1, "road_quality": 1, "marker": 7, "trip_id": "604F0_Trip2", "hrot_diff": 1, "sample_diff": 1807, "time_diff_s": 36.14, "gps_distance_m": 8.9, "original_speed": "934", "wheel_diameter_mm": 711.1999999999999, "braking_intensity": 0.0, "is_braking": false}}, {"type": "Feature", "geometry": {"type": "LineString", "coordinates": [[4.9153487, 52.3616666], [4.9153277, 52.361665]]}, "properties": {"Speed": 5.7, "road_quality": 2, "marker": 7, "trip_id": "604F0_Trip2", "hrot_diff": 1, "sample_diff": 35, "time_diff_s": 0.7, "gps_distance_m": 1.4, "original_speed": "27", "wheel_diameter_mm": 711.1999999999999, "braking_intensity": 0.0, "is_braking": false}}, {"type": "Feature", "geometry": {"type": "LineString", "coordinates": [[4.9153277, 52.361665], [4.9153031, 52.3616569]]}, "properties": {"Speed": 6.3, "road_quality": 2, "marker": 7, "trip_id": "604F0_Trip2", "hrot_diff": 1, "sample_diff": 32, "time_diff_s": 0.64, "gps_distance_m": 1.9, "original_speed": "52", "wheel_diameter_mm": 711.1999999999999, "braking_intensity": 0.0, "is_braking": false}}, {"type": "Feature", "geometry": {"type": "LineString", "coordinates": [[4.9153031, 52.3616569], [4.9152765, 52.3616493]]}, "properties": {"Speed": 8.0, "road_quality": 2, "marker": 7, "trip_id": "604F0_Trip2", "hrot_diff": 1, "sample_diff": 25, "time_diff_s": 0.5, "gps_distance_m": 2.0, "original_speed": "819", "wheel_diameter_mm": 711.1999999999999, "braking_intensity": 0.0, "is_braking": false}}, {"type": "Feature", "geometry": {"type": "LineString", "coordinates": [[4.9152765, 52.3616493], [4.9152369, 52.3616388]]}, "properties": {"Speed": 10.6, "road_quality": 2, "marker": 7, "trip_id": "604F0_Trip2", "hrot_diff": 1, "sample_diff": 19, "time_diff_s": 0.38, "gps_distance_m": 2.9, "original_speed": "1102", "wheel_diameter_mm": 711.1999999999999, "braking_intensity": 0.0, "is_braking": false}}, {"type": "Feature", "geometry": {"type": "LineString", "coordinates": [[4.9152369, 52.3616388], [4.9152012, 52.36163]]}, "properties": {"Speed": 11.8, "road_quality": 2, "marker": 7, "trip_id": "604F0_Trip2", "hrot_diff": 1, "sample_diff": 17, "time_diff_s": 0.34, "gps_distance_m": 2.6, "original_speed": "1327", "wheel_diameter_mm": 711.1999999999999, "braking_intensity": 0.0, "is_braking": false}}, {"type": "Feature", "geometry": {"type": "LineString", "coordinates": [[4.9152012, 52.36163], [4.9151489, 52.3616184]]}, "properties": {"Speed": 11.8, "road_quality": 3, "marker": 7, "trip_id": "604F0_Trip2", "hrot_diff": 1, "sample_diff": 17, "time_diff_s": 0.34, "gps_distance_m": 3.8, "original_speed": "1492", "wheel_diameter_mm": 711.1999999999999, "braking_intensity": 0.0, "is_braking": false}}, {"type": "Feature", "geometry": {"type": "LineString", "coordinates": [[4.9151489, 52.3616184], [4.9151044, 52.3616067]]}, "properties": {"Speed": 20.1, "road_quality": 2, "marker": 7, "trip_id": "604F0_Trip2", "hrot_diff": 1, "sample_diff": 10, "time_diff_s": 0.2, "gps_distance_m": 3.3, "original_speed": "1754", "wheel_diameter_mm": 711.1999999999999, "braking_intensity": 0.0, "is_braking": false}}, {"type": "Feature", "geometry": {"type": "LineString", "coordinates": [[4.9151044, 52.3616067], [4.9150511, 52.3615932]]}, "properties": {"Speed": 20.1, "road_quality": 2, "marker": 7, "trip_id": "604F0_Trip2", "hrot_diff": 1, "sample_diff": 10, "time_diff_s": 0.2, "gps_distance_m": 3.9, "original_speed": "2000", "wheel_diameter_mm": 711.1999999999999, "braking_intensity": 0.0, "is_braking": false}}, {"type": "Feature", "geometry": {"type": "LineString", "coordinates": [[4.9150511, 52.3615932], [4.9149839, 52.3615763]]}, "properties": {"Speed": 19.7, "road_quality": 2, "marker": 7, "trip_id": "604F0_Trip2", "hrot_diff": 1, "sample_diff": 10, "time_diff_s": 0.204, "gps_distance_m": 4.9, "original_speed": "2403", "wheel_diameter_mm": 711.1999999999999, "braking_intensity": 0.0, "is_braking": false}}, {"type": "Feature", "geometry": {"type": "LineString", "coordinates": [[4.9149839, 52.3615763], [4.9149159, 52.3615555]]}, "properties": {"Speed": 28.7, "road_quality": 2, "marker": 7, "trip_id": "604F0_Trip2", "hrot_diff": 1, "sample_diff": 7, "time_diff_s": 0.14, "gps_distance_m": 5.2, "original_speed": "2608", "wheel_diameter_mm": 711.1999999999999, "braking_intensity": 0.0, "is_braking": false}}, {"type": "Feature", "geometry": {"type": "LineString", "coordinates": [[4.9149159, 52.3615555], [4.9148445, 52.3615293]]}, "properties": {"Speed": 22.3, "road_quality": 2, "marker": 7, "trip_id": "604F0_Trip2", "hrot_diff": 1, "sample_diff": 9, "time_diff_s": 0.18, "gps_distance_m": 5.7, "original_speed": "2966", "wheel_diameter_mm": 711.1999999999999, "braking_intensity": 0.0, "is_braking": false}}, {"type": "Feature", "geometry": {"type": "LineString", "coordinates": [[4.9148445, 52.3615293], [4.914766, 52.361502]]}, "properties": {"Speed": 22.3, "road_quality": 3, "marker": 7, "trip_id": "604F0_Trip2", "hrot_diff": 1, "sample_diff": 9, "time_diff_s": 0.18, "gps_distance_m": 6.1, "original_speed": "3125", "wheel_diameter_mm": 711.1999999999999, "braking_intensity": 0.0, "is_braking": false}}, {"type": "Feature", "geometry": {"type": "LineString", "coordinates": [[4.914766, 52.361502], [4.9146741, 52.3614724]]}, "properties": {"Speed": 25.1, "road_quality": 2, "marker": 7, "trip_id": "604F0_Trip2", "hrot_diff": 1, "sample_diff": 8, "time_diff_s": 0.16, "gps_distance_m": 7.1, "original_speed": "3240", "wheel_diameter_mm": 711.1999999999999, "braking_intensity": 0.0, "is_braking": false}}, {"type": "Feature", "geometry": {"type": "LineString", "coordinates": [[4.9146741, 52.3614724], [4.9145647, 52.3614386]]}, "properties": {"Speed": 25.1, "road_quality": 2, "marker": 7, "trip_id": "604F0_Trip2", "hrot_diff": 1, "sample_diff": 8, "time_diff_s": 0.16, "gps_distance_m": 8.3, "original_speed": "3240", "wheel_diameter_mm": 711.1999999999999, "braking_intensity": 0.0, "is_braking": false}}, {"type": "Feature", "geometry": {"type": "LineString", "coordinates": [[4.9145647, 52.3614386], [4.9144482, 52.3614073]]}, "properties": {"Speed": 22.3, "road_quality": 2, "marker": 7, "trip_id": "604F0_Trip2", "hrot_diff": 1, "sample_diff": 9, "time_diff_s": 0.18, "gps_distance_m": 8.6, "original_speed": "3333", "wheel_diameter_mm": 711.1999999999999, "braking_intensity": 0.0, "is_braking": false}}, {"type": "Feature", "geometry": {"type": "LineString", "coordinates": [[4.9144482, 52.3614073], [4.9143464, 52.3613767]]}, "properties": {"Speed": 25.1, "road_quality": 2, "marker": 7, "trip_id": "604F0_Trip2", "hrot_diff": 1, "sample_diff": 8, "time_diff_s": 0.16, "gps_distance_m": 7.7, "original_speed": "3301", "wheel_diameter_mm": 711.1999999999999, "braking_intensity": 0.0, "is_braking": false}}, {"type": "Feature", "geometry": {"type": "LineString", "coordinates": [[4.9143464, 52.3613767], [4.914257, 52.3613553]]}, "properties": {"Speed": 33.5, "road_quality": 2, "marker": 7, "trip_id": "604F0_Trip2", "hrot_diff": 1, "sample_diff": 6, "time_diff_s": 0.12, "gps_distance_m": 6.5, "original_speed": "3333", "wheel_diameter_mm": 711.1999999999999, "braking_intensity": 0.0, "is_braking": false}}, {"type": "Feature", "geometry": {"type": "LineString", "coordinates": [[4.914257, 52.3613553], [4.9141585, 52.3613361]]}, "properties": {"Speed": 22.3, "road_quality": 2, "marker": 7, "trip_id": "604F0_Trip2", "hrot_diff": 1, "sample_diff": 9, "time_diff_s": 0.18, "gps_distance_m": 7.0, "original_speed": "3398", "wheel_diameter_mm": 711.1999999999999, "braking_intensity": 0.0, "is_braking": false}}, {"type": "Feature", "geometry": {"type": "LineString", "coordinates": [[4.9141585, 52.3613361], [4.9140684, 52.3613131]]}, "properties": {"Speed": 18.3, "road_quality": 2, "marker": 7, "trip_id": "604F0_Trip2", "hrot_diff": 1, "sample_diff": 11, "time_diff_s": 0.22, "gps_distance_m": 6.6, "original_speed": "3431", "wheel_diameter_mm": 711.1999999999999, "braking_intensity": 0.0, "is_braking": false}}, {"type": "Feature", "geometry": {"type": "LineString", "coordinates": [[4.9140684, 52.3613131], [4.9139888, 52.3612948]]}, "properties": {"Speed": 33.5, "road_quality": 2, "marker": 7, "trip_id": "604F0_Trip2", "hrot_diff": 1, "sample_diff": 6, "time_diff_s": 0.12, "gps_distance_m": 5.8, "original_speed": "3301", "wheel_diameter_mm": 711.1999999999999, "braking_intensity": 0.0, "is_braking": false}}, {"type": "Feature", "geometry": {"type": "LineString", "coordinates": [[4.9139888, 52.3612948], [4.9138946, 52.3612731]]}, "properties": {"Speed": 22.3, "road_quality": 2, "marker": 7, "trip_id": "604F0_Trip2", "hrot_diff": 1, "sample_diff": 9, "time_diff_s": 0.18, "gps_distance_m": 6.8, "original_speed": "3500", "wheel_diameter_mm": 711.1999999999999, "braking_intensity": 0.0, "is_braking": false}}, {"type": "Feature", "geometry": {"type": "LineString", "coordinates": [[4.9138946, 52.3612731], [4.9138118, 52.3612622]]}, "properties": {"Speed": 33.5, "road_quality": 2, "marker": 7, "trip_id": "604F0_Trip2", "hrot_diff": 1, "sample_diff": 6, "time_diff_s": 0.12, "gps_distance_m": 5.8, "original_speed": "3240", "wheel_diameter_mm": 711.1999999999999, "braking_intensity": 0.0, "is_braking": false}}, {"type": "Feature", "geometry": {"type": "LineString", "coordinates": [[4.9138118, 52.3612622], [4.9137221, 52.3612516]]}, "properties": {"Speed": 25.1, "road_quality": 3, "marker": 7, "trip_id": "604F0_Trip2", "hrot_diff": 1, "sample_diff": 8, "time_diff_s": 0.16, "gps_distance_m": 6.2, "original_speed": "3465", "wheel_diameter_mm": 711.1999999999999, "braking_intensity": 0.0, "is_braking": false}}, {"type": "Feature", "geometry": {"type": "LineString", "coordinates": [[4.9137221, 52.3612516], [4.9136201, 52.3612352]]}, "properties": {"Speed": 20.1, "road_quality": 3, "marker": 7, "trip_id": "604F0_Trip2", "hrot_diff": 1, "sample_diff": 10, "time_diff_s": 0.2, "gps_distance_m": 7.2, "original_speed": "3431", "wheel_diameter_mm": 711.1999999999999, "braking_intensity": 0.0, "is_braking": false}}, {"type": "Feature", "geometry": {"type": "LineString", "coordinates": [[4.9136201, 52.3612352], [4.9135155, 52.361218]]}, "properties": {"Speed": 25.1, "road_quality": 2, "marker": 7, "trip_id": "604F0_Trip2", "hrot_diff": 1, "sample_diff": 8, "time_diff_s": 0.16, "gps_distance_m": 7.4, "original_speed": "3398", "wheel_diameter_mm": 711.1999999999999, "braking_intensity": 0.0, "is_braking": false}}, {"type": "Feature", "geometry": {"type": "LineString", "coordinates": [[4.9135155, 52.361218], [4.9134143, 52.3612065]]}, "properties": {"Speed": 25.1, "road_quality": 2, "marker": 7, "trip_id": "604F0_Trip2", "hrot_diff": 1, "sample_diff": 8, "time_diff_s": 0.16, "gps_distance_m": 7.0, "original_speed": "2884", "wheel_diameter_mm": 711.1999999999999, "braking_intensity": 0.0, "is_braking": false}}, {"type": "Feature", "geometry": {"type": "LineString", "coordinates": [[4.9134143, 52.3612065], [4.9133168, 52.3611946]]}, "properties": {"Speed": 25.1, "road_quality": 2, "marker": 6, "trip_id": "604F0_Trip2", "hrot_diff": 1, "sample_diff": 8, "time_diff_s": 0.16, "gps_distance_m": 6.8, "original_speed": "-1", "wheel_diameter_mm": 711.1999999999999, "braking_intensity": 0.0, "is_braking": false}}, {"type": "Feature", "geometry": {"type": "LineString", "coordinates": [[4.9133168, 52.3611946], [4.9132232, 52.3611818]]}, "properties": {"Speed": 25.1, "road_quality": 2, "marker": 6, "trip_id": "604F0_Trip2", "hrot_diff": 1, "sample_diff": 8, "time_diff_s": 0.16, "gps_distance_m": 6.5, "original_speed": "-1", "wheel_diameter_mm": 711.1999999999999, "braking_intensity": 0.0, "is_braking": false}}, {"type": "Feature", "geometry": {"type": "LineString", "coordinates": [[4.9132232, 52.3611818], [4.91312, 52.3611684]]}, "properties": {"Speed": 28.7, "road_quality": 2, "marker": 7, "trip_id": "604F0_Trip2", "hrot_diff": 1, "sample_diff": 7, "time_diff_s": 0.14, "gps_distance_m": 7.2, "original_speed": "3301", "wheel_diameter_mm": 711.1999999999999, "braking_intensity": 0.0, "is_braking": false}}, {"type": "Feature", "geometry": {"type": "LineString", "coordinates": [[4.91312, 52.3611684], [4.913012, 52.3611552]]}, "properties": {"Speed": 9.6, "road_quality": 2, "marker": 7, "trip_id": "604F0_Trip2", "hrot_diff": 1, "sample_diff": 21, "time_diff_s": 0.42, "gps_distance_m": 7.5, "original_speed": "3301", "wheel_diameter_mm": 711.1999999999999, "braking_intensity": 0.0, "is_braking": false}}, {"type": "Feature", "geometry": {"type": "LineString", "coordinates": [[4.913012, 52.3611552], [4.9129149, 52.36115]]}, "properties": {"Speed": 33.5, "road_quality": 2, "marker": 6, "trip_id": "604F0_Trip2", "hrot_diff": 1, "sample_diff": 6, "time_diff_s": 0.12, "gps_distance_m": 6.6, "original_speed": "-1", "wheel_diameter_mm": 711.1999999999999, "braking_intensity": 0.0, "is_braking": false}}, {"type": "Feature", "geometry": {"type": "LineString", "coordinates": [[4.9129149, 52.36115], [4.9128123, 52.3611438]]}, "properties": {"Speed": 22.3, "road_quality": 2, "marker": 6, "trip_id": "604F0_Trip2", "hrot_diff": 1, "sample_diff": 9, "time_diff_s": 0.18, "gps_distance_m": 7.0, "original_speed": "-1", "wheel_diameter_mm": 711.1999999999999, "braking_intensity": 0.0, "is_braking": false}}, {"type": "Feature", "geometry": {"type": "LineString", "coordinates": [[4.9128123, 52.3611438], [4.9127119, 52.361136]]}, "properties": {"Speed": 8.7, "road_quality": 2, "marker": 7, "trip_id": "604F0_Trip2", "hrot_diff": 1, "sample_diff": 23, "time_diff_s": 0.46, "gps_distance_m": 6.9, "original_speed": "3301", "wheel_diameter_mm": 711.1999999999999, "braking_intensity": 0.0, "is_braking": false}}, {"type": "Feature", "geometry": {"type": "LineString", "coordinates": [[4.9127119, 52.361136], [4.912625, 52.3611307]]}, "properties": {"Speed": 25.1, "road_quality": 2, "marker": 6, "trip_id": "604F0_Trip2", "hrot_diff": 1, "sample_diff": 8, "time_diff_s": 0.16, "gps_distance_m": 5.9, "original_speed": "-1", "wheel_diameter_mm": 711.1999999999999, "braking_intensity": 0.0, "is_braking": false}}, {"type": "Feature", "geometry": {"type": "LineString", "coordinates": [[4.912625, 52.3611307], [4.9125363, 52.3611243]]}, "properties": {"Speed": 25.1, "road_quality": 2, "marker": 6, "trip_id": "604F0_Trip2", "hrot_diff": 1, "sample_diff": 8, "time_diff_s": 0.16, "gps_distance_m": 6.1, "original_speed": "-1", "wheel_diameter_mm": 711.1999999999999, "braking_intensity": 0.0, "is_braking": false}}, {"type": "Feature", "geometry": {"type": "LineString", "coordinates": [[4.9125363, 52.3611243], [4.9124448, 52.3611141]]}, "properties": {"Speed": 25.1, "road_quality": 2, "marker": 7, "trip_id": "604F0_Trip2", "hrot_diff": 1, "sample_diff": 8, "time_diff_s": 0.16, "gps_distance_m": 6.3, "original_speed": "3240", "wheel_diameter_mm": 711.1999999999999, "braking_intensity": 0.0, "is_braking": false}}, {"type": "Feature", "geometry": {"type": "LineString", "coordinates": [[4.9124448, 52.3611141], [4.9123436, 52.3611011]]}, "properties": {"Speed": 22.3, "road_quality": 2, "marker": 7, "trip_id": "604F0_Trip2", "hrot_diff": 1, "sample_diff": 9, "time_diff_s": 0.18, "gps_distance_m": 7.0, "original_speed": "3271", "wheel_diameter_mm": 711.1999999999999, "braking_intensity": 0.0, "is_braking": false}}, {"type": "Feature", "geometry": {"type": "LineString", "coordinates": [[4.9123436, 52.3611011], [4.9122514, 52.3610896]]}, "properties": {"Speed": 8.4, "road_quality": 2, "marker": 7, "trip_id": "604F0_Trip2", "hrot_diff": 1, "sample_diff": 24, "time_diff_s": 0.48, "gps_distance_m": 6.4, "original_speed": "3271", "wheel_diameter_mm": 711.1999999999999, "braking_intensity": 0.0, "is_braking": false}}, {"type": "Feature", "geometry": {"type": "LineString", "coordinates": [[4.9122514, 52.3610896], [4.9121765, 52.361081]]}, "properties": {"Speed": 22.3, "road_quality": 2, "marker": 6, "trip_id": "604F0_Trip2", "hrot_diff": 1, "sample_diff": 9, "time_diff_s": 0.18, "gps_distance_m": 5.2, "original_speed": "-1", "wheel_diameter_mm": 711.1999999999999, "braking_intensity": 0.0, "is_braking": false}}, {"type": "Feature", "geometry": {"type": "LineString", "coordinates": [[4.9121765, 52.361081], [4.9120836, 52.3610666]]}, "properties": {"Speed": 22.3, "road_quality": 2, "marker": 6, "trip_id": "604F0_Trip2", "hrot_diff": 1, "sample_diff": 9, "time_diff_s": 0.18, "gps_distance_m": 6.5, "original_speed": "-1", "wheel_diameter_mm": 711.1999999999999, "braking_intensity": 0.0, "is_braking": false}}, {"type": "Feature", "geometry": {"type": "LineString", "coordinates": [[4.9120836, 52.3610666], [4.9119924, 52.3610533]]}, "properties": {"Speed": 25.1, "road_quality": 2, "marker": 7, "trip_id": "604F0_Trip2", "hrot_diff": 1, "sample_diff": 8, "time_diff_s": 0.16, "gps_distance_m": 6.4, "original_speed": "3153", "wheel_diameter_mm": 711.1999999999999, "braking_intensity": 0.0, "is_braking": false}}, {"type": "Feature", "geometry": {"type": "LineString", "coordinates": [[4.9119924, 52.3610533], [4.9119045, 52.3610343]]}, "properties": {"Speed": 22.3, "road_quality": 2, "marker": 7, "trip_id": "604F0_Trip2", "hrot_diff": 1, "sample_diff": 9, "time_diff_s": 0.18, "gps_distance_m": 6.3, "original_speed": "3181", "wheel_diameter_mm": 711.1999999999999, "braking_intensity": 0.0, "is_braking": false}}, {"type": "Feature", "geometry": {"type": "LineString", "coordinates": [[4.9119045, 52.3610343], [4.9118027, 52.3610112]]}, "properties": {"Speed": 28.7, "road_quality": 2, "marker": 7, "trip_id": "604F0_Trip2", "hrot_diff": 1, "sample_diff": 7, "time_diff_s": 0.14, "gps_distance_m": 7.4, "original_speed": "3097", "wheel_diameter_mm": 711.1999999999999, "braking_intensity": 0.0, "is_braking": false}}, {"type": "Feature", "geometry": {"type": "LineString", "coordinates": [[4.9118027, 52.3610112], [4.9117341, 52.3609866]]}, "properties": {"Speed": 22.3, "road_quality": 2, "marker": 7, "trip_id": "604F0_Trip2", "hrot_diff": 1, "sample_diff": 9, "time_diff_s": 0.18, "gps_distance_m": 5.4, "original_speed": "3240", "wheel_diameter_mm": 711.1999999999999, "braking_intensity": 0.0, "is_braking": false}}, {"type": "Feature", "geometry": {"type": "LineString", "coordinates": [[4.9117341, 52.3609866], [4.9116656, 52.3609594]]}, "properties": {"Speed": 8.7, "road_quality": 2, "marker": 7, "trip_id": "604F0_Trip2", "hrot_diff": 1, "sample_diff": 23, "time_diff_s": 0.46, "gps_distance_m": 5.5, "original_speed": "3153", "wheel_diameter_mm": 711.1999999999999, "braking_intensity": 0.0, "is_braking": false}}, {"type": "Feature", "geometry": {"type": "LineString", "coordinates": [[4.9116656, 52.3609594], [4.9115874, 52.3609259]]}, "properties": {"Speed": 28.7, "road_quality": 2, "marker": 6, "trip_id": "604F0_Trip2", "hrot_diff": 1, "sample_diff": 7, "time_diff_s": 0.14, "gps_distance_m": 6.5, "original_speed": "-1", "wheel_diameter_mm": 711.1999999999999, "braking_intensity": 0.0, "is_braking": false}}, {"type": "Feature", "geometry": {"type": "LineString", "coordinates": [[4.9115053, 52.3608971], [4.9114324, 52.360866]]}, "properties": {"Speed": 22.3, "road_quality": 2, "marker": 7, "trip_id": "604F0_Trip2", "hrot_diff": 1, "sample_diff": 9, "time_diff_s": 0.18, "gps_distance_m": 6.0, "original_speed": "2314", "wheel_diameter_mm": 711.1999999999999, "braking_intensity": 0.0, "is_braking": false}}, {"type": "Feature", "geometry": {"type": "LineString", "coordinates": [[4.9114324, 52.360866], [4.9113645, 52.3608405]]}, "properties": {"Speed": 28.7, "road_quality": 2, "marker": 7, "trip_id": "604F0_Trip2", "hrot_diff": 1, "sample_diff": 7, "time_diff_s": 0.14, "gps_distance_m": 5.4, "original_speed": "3271", "wheel_diameter_mm": 711.1999999999999, "braking_intensity": 0.0, "is_braking": false}}, {"type": "Feature", "geometry": {"type": "LineString", "coordinates": [[4.9113645, 52.3608405], [4.911284, 52.3608111]]}, "properties": {"Speed": 28.7, "road_quality": 2, "marker": 7, "trip_id": "604F0_Trip2", "hrot_diff": 1, "sample_diff": 7, "time_diff_s": 0.14, "gps_distance_m": 6.4, "original_speed": "3240", "wheel_diameter_mm": 711.1999999999999, "braking_intensity": 0.0, "is_braking": false}}, {"type": "Feature", "geometry": {"type": "LineString", "coordinates": [[4.911284, 52.3608111], [4.9111901, 52.3607757]]}, "properties": {"Speed": 25.1, "road_quality": 2, "marker": 7, "trip_id": "604F0_Trip2", "hrot_diff": 1, "sample_diff": 8, "time_diff_s": 0.16, "gps_distance_m": 7.5, "original_speed": "3333", "wheel_diameter_mm": 711.1999999999999, "braking_intensity": 0.0, "is_braking": false}}, {"type": "Feature", "geometry": {"type": "LineString", "coordinates": [[4.9111901, 52.3607757], [4.9110934, 52.3607403]]}, "properties": {"Speed": 28.7, "road_quality": 2, "marker": 7, "trip_id": "604F0_Trip2", "hrot_diff": 1, "sample_diff": 7, "time_diff_s": 0.14, "gps_distance_m": 7.7, "original_speed": "3301", "wheel_diameter_mm": 711.1999999999999, "braking_intensity": 0.0, "is_braking": false}}, {"type": "Feature", "geometry": {"type": "LineString", "coordinates": [[4.9110934, 52.3607403], [4.9109935, 52.3607037]]}, "properties": {"Speed": 25.1, "road_quality": 2, "marker": 7, "trip_id": "604F0_Trip2", "hrot_diff": 1, "sample_diff": 8, "time_diff_s": 0.16, "gps_distance_m": 7.9, "original_speed": "3301", "wheel_diameter_mm": 711.1999999999999, "braking_intensity": 0.0, "is_braking": false}}, {"type": "Feature", "geometry": {"type": "LineString", "coordinates": [[4.9109935, 52.3607037], [4.9109069, 52.3606667]]}, "properties": {"Speed": 20.1, "road_quality": 2, "marker": 7, "trip_id": "604F0_Trip2", "hrot_diff": 1, "sample_diff": 10, "time_diff_s": 0.2, "gps_distance_m": 7.2, "original_speed": "3301", "wheel_diameter_mm": 711.1999999999999, "braking_intensity": 0.0, "is_braking": false}}, {"type": "Feature", "geometry": {"type": "LineString", "coordinates": [[4.9109069, 52.3606667], [4.9108275, 52.3606377]]}, "properties": {"Speed": 25.1, "road_quality": 2, "marker": 7, "trip_id": "604F0_Trip2", "hrot_diff": 1, "sample_diff": 8, "time_diff_s": 0.16, "gps_distance_m": 6.3, "original_speed": "3333", "wheel_diameter_mm": 711.1999999999999, "braking_intensity": 0.0, "is_braking": false}}, {"type": "Feature", "geometry": {"type": "LineString", "coordinates": [[4.9108275, 52.3606377], [4.9107417, 52.3606052]]}, "properties": {"Speed": 20.1, "road_quality": 2, "marker": 7, "trip_id": "604F0_Trip2", "hrot_diff": 1, "sample_diff": 10, "time_diff_s": 0.2, "gps_distance_m": 6.9, "original_speed": "3398", "wheel_diameter_mm": 711.1999999999999, "braking_intensity": 0.0, "is_braking": false}}, {"type": "Feature", "geometry": {"type": "LineString", "coordinates": [[4.9107417, 52.3606052], [4.9106536, 52.3605744]]}, "properties": {"Speed": 25.1, "road_quality": 2, "marker": 7, "trip_id": "604F0_Trip2", "hrot_diff": 1, "sample_diff": 8, "time_diff_s": 0.16, "gps_distance_m": 6.9, "original_speed": "3271", "wheel_diameter_mm": 711.1999999999999, "braking_intensity": 0.0, "is_braking": false}}, {"type": "Feature", "geometry": {"type": "LineString", "coordinates": [[4.9106536, 52.3605744], [4.9105546, 52.3605417]]}, "properties": {"Speed": 25.1, "road_quality": 2, "marker": 7, "trip_id": "604F0_Trip2", "hrot_diff": 1, "sample_diff": 8, "time_diff_s": 0.16, "gps_distance_m": 7.6, "original_speed": "3301", "wheel_diameter_mm": 711.1999999999999, "braking_intensity": 0.0, "is_braking": false}}, {"type": "Feature", "geometry": {"type": "LineString", "coordinates": [[4.9105546, 52.3605417], [4.9104668, 52.3605102]]}, "properties": {"Speed": 28.7, "road_quality": 2, "marker": 7, "trip_id": "604F0_Trip2", "hrot_diff": 1, "sample_diff": 7, "time_diff_s": 0.14, "gps_distance_m": 6.9, "original_speed": "3240", "wheel_diameter_mm": 711.1999999999999, "braking_intensity": 0.0, "is_braking": false}}, {"type": "Feature", "geometry": {"type": "LineString", "coordinates": [[4.9104668, 52.3605102], [4.9103779, 52.3604866]]}, "properties": {"Speed": 22.3, "road_quality": 2, "marker": 7, "trip_id": "604F0_Trip2", "hrot_diff": 1, "sample_diff": 9, "time_diff_s": 0.18, "gps_distance_m": 6.6, "original_speed": "3301", "wheel_diameter_mm": 711.1999999999999, "braking_intensity": 0.0, "is_braking": false}}, {"type": "Feature", "geometry": {"type": "LineString", "coordinates": [[4.9103779, 52.3604866], [4.9102703, 52.36047]]}, "properties": {"Speed": 22.3, "road_quality": 2, "marker": 7, "trip_id": "604F0_Trip2", "hrot_diff": 1, "sample_diff": 9, "time_diff_s": 0.18, "gps_distance_m": 7.5, "original_speed": "3211", "wheel_diameter_mm": 711.1999999999999, "braking_intensity": 0.0, "is_braking": false}}, {"type": "Feature", "geometry": {"type": "LineString", "coordinates": [[4.9102703, 52.36047], [4.910061, 52.3604474]]}, "properties": {"Speed": 25.1, "road_quality": 2, "marker": 7, "trip_id": "604F0_Trip2", "hrot_diff": 1, "sample_diff": 8, "time_diff_s": 0.16, "gps_distance_m": 14.4, "original_speed": "3070", "wheel_diameter_mm": 711.1999999999999, "braking_intensity": 0.0, "is_braking": false}}, {"type": "Feature", "geometry": {"type": "LineString", "coordinates": [[4.910061, 52.3604474], [4.9099016, 52.3604481]]}, "properties": {"Speed": 22.3, "road_quality": 2, "marker": 7, "trip_id": "604F0_Trip2", "hrot_diff": 1, "sample_diff": 9, "time_diff_s": 0.18, "gps_distance_m": 10.8, "original_speed": "2970", "wheel_diameter_mm": 711.1999999999999, "braking_intensity": 0.0, "is_braking": false}}, {"type": "Feature", "geometry": {"type": "LineString", "coordinates": [[4.9099016, 52.3604481], [4.9098159, 52.3604501]]}, "properties": {"Speed": 22.3, "road_quality": 2, "marker": 7, "trip_id": "604F0_Trip2", "hrot_diff": 1, "sample_diff": 9, "time_diff_s": 0.18, "gps_distance_m": 5.8, "original_speed": "2912", "wheel_diameter_mm": 711.1999999999999, "braking_intensity": 0.0, "is_braking": false}}, {"type": "Feature", "geometry": {"type": "LineString", "coordinates": [[4.9098159, 52.3604501], [4.9097333, 52.360456]]}, "properties": {"Speed": 20.1, "road_quality": 2, "marker": 7, "trip_id": "604F0_Trip2", "hrot_diff": 1, "sample_diff": 10, "time_diff_s": 0.2, "gps_distance_m": 5.6, "original_speed": "2830", "wheel_diameter_mm": 711.1999999999999, "braking_intensity": 0.0, "is_braking": false}}, {"type": "Feature", "geometry": {"type": "LineString", "coordinates": [[4.9097333, 52.360456], [4.9096511, 52.3604631]]}, "properties": {"Speed": 20.1, "road_quality": 2, "marker": 7, "trip_id": "604F0_Trip2", "hrot_diff": 1, "sample_diff": 10, "time_diff_s": 0.2, "gps_distance_m": 5.6, "original_speed": "2727", "wheel_diameter_mm": 711.1999999999999, "braking_intensity": 0.0, "is_braking": false}}, {"type": "Feature", "geometry": {"type": "LineString", "coordinates": [[4.9096511, 52.3604631], [4.9095708, 52.3604687]]}, "properties": {"Speed": 18.3, "road_quality": 2, "marker": 7, "trip_id": "604F0_Trip2", "hrot_diff": 1, "sample_diff": 11, "time_diff_s": 0.22, "gps_distance_m": 5.5, "original_speed": "2654", "wheel_diameter_mm": 711.1999999999999, "braking_intensity": 0.0, "is_braking": false}}, {"type": "Feature", "geometry": {"type": "LineString", "coordinates": [[4.9095708, 52.3604687], [4.9094987, 52.3604739]]}, "properties": {"Speed": 16.8, "road_quality": 2, "marker": 7, "trip_id": "604F0_Trip2", "hrot_diff": 1, "sample_diff": 12, "time_diff_s": 0.24, "gps_distance_m": 4.9, "original_speed": "2450", "wheel_diameter_mm": 711.1999999999999, "braking_intensity": 0.0, "is_braking": false}}, {"type": "Feature", "geometry": {"type": "LineString", "coordinates": [[4.9094987, 52.3604739], [4.9094282, 52.3604765]]}, "properties": {"Speed": 18.3, "road_quality": 2, "marker": 7, "trip_id": "604F0_Trip2", "hrot_diff": 1, "sample_diff": 11, "time_diff_s": 0.22, "gps_distance_m": 4.8, "original_speed": "2272", "wheel_diameter_mm": 711.1999999999999, "braking_intensity": 0.0, "is_braking": false}}, {"type": "Feature", "geometry": {"type": "LineString", "coordinates": [[4.9094282, 52.3604765], [4.9093676, 52.360478]]}, "properties": {"Speed": 14.4, "road_quality": 2, "marker": 7, "trip_id": "604F0_Trip2", "hrot_diff": 1, "sample_diff": 14, "time_diff_s": 0.28, "gps_distance_m": 4.1, "original_speed": "2136", "wheel_diameter_mm": 711.1999999999999, "braking_intensity": 0.0, "is_braking": false}}, {"type": "Feature", "geometry": {"type": "LineString", "coordinates": [[4.9093676, 52.360478], [4.9093183, 52.3604819]]}, "properties": {"Speed": 15.5, "road_quality": 2, "marker": 7, "trip_id": "604F0_Trip2", "hrot_diff": 1, "sample_diff": 13, "time_diff_s": 0.26, "gps_distance_m": 3.4, "original_speed": "1869", "wheel_diameter_mm": 711.1999999999999, "braking_intensity": 0.0, "is_braking": false}}, {"type": "Feature", "geometry": {"type": "LineString", "coordinates": [[4.9093183, 52.3604819], [4.9092733, 52.3604836]]}, "properties": {"Speed": 14.4, "road_quality": 2, "marker": 7, "trip_id": "604F0_Trip2", "hrot_diff": 1, "sample_diff": 14, "time_diff_s": 0.28, "gps_distance_m": 3.1, "original_speed": "1724", "wheel_diameter_mm": 711.1999999999999, "braking_intensity": 0.0, "is_braking": false}}, {"type": "Feature", "geometry": {"type": "LineString", "coordinates": [[4.9092733, 52.3604836], [4.9092318, 52.3604844]]}, "properties": {"Speed": 11.2, "road_quality": 2, "marker": 7, "trip_id": "604F0_Trip2", "hrot_diff": 1, "sample_diff": 18, "time_diff_s": 0.36, "gps_distance_m": 2.8, "original_speed": "1562", "wheel_diameter_mm": 711.1999999999999, "braking_intensity": 0.0, "is_braking": false}}, {"type": "Feature", "geometry": {"type": "LineString", "coordinates": [[4.9092318, 52.3604844], [4.9091935, 52.3604856]]}, "properties": {"Speed": 11.8, "road_quality": 2, "marker": 7, "trip_id": "604F0_Trip2", "hrot_diff": 1, "sample_diff": 17, "time_diff_s": 0.34, "gps_distance_m": 2.6, "original_speed": "1327", "wheel_diameter_mm": 711.1999999999999, "braking_intensity": 0.0, "is_braking": false}}, {"type": "Feature", "geometry": {"type": "LineString", "coordinates": [[4.9091935, 52.3604856], [4.9091539, 52.3604882]]}, "properties": {"Speed": 10.6, "road_quality": 2, "marker": 7, "trip_id": "604F0_Trip2", "hrot_diff": 1, "sample_diff": 19, "time_diff_s": 0.38, "gps_distance_m": 2.7, "original_speed": "1293", "wheel_diameter_mm": 711.1999999999999, "braking_intensity": 0.0, "is_braking": false}}, {"type": "Feature", "geometry": {"type": "LineString", "coordinates": [[4.9091539, 52.3604882], [4.9091147, 52.3604894]]}, "properties": {"Speed": 9.1, "road_quality": 2, "marker": 7, "trip_id": "604F0_Trip2", "hrot_diff": 1, "sample_diff": 22, "time_diff_s": 0.44, "gps_distance_m": 2.7, "original_speed": "1250", "wheel_diameter_mm": 711.1999999999999, "braking_intensity": 0.0, "is_braking": false}}, {"type": "Feature", "geometry": {"type": "LineString", "coordinates": [[4.9091147, 52.3604894], [4.9090774, 52.3604903]]}, "properties": {"Speed": 9.1, "road_quality": 2, "marker": 7, "trip_id": "604F0_Trip2", "hrot_diff": 1, "sample_diff": 22, "time_diff_s": 0.44, "gps_distance_m": 2.5, "original_speed": "1219", "wheel_diameter_mm": 711.1999999999999, "braking_intensity": 0.0, "is_braking": false}}, {"type": "Feature", "geometry": {"type": "LineString", "coordinates": [[4.9090774, 52.3604903], [4.9090464, 52.360491]]}, "properties": {"Speed": 8.7, "road_quality": 2, "marker": 7, "trip_id": "604F0_Trip2", "hrot_diff": 1, "sample_diff": 23, "time_diff_s": 0.46, "gps_distance_m": 2.1, "original_speed": "1239", "wheel_diameter_mm": 711.1999999999999, "braking_intensity": 0.0, "is_braking": false}}, {"type": "Feature", "geometry": {"type": "LineString", "coordinates": [[4.9090464, 52.360491], [4.9090075, 52.3604916]]}, "properties": {"Speed": 8.4, "road_quality": 2, "marker": 7, "trip_id": "604F0_Trip2", "hrot_diff": 1, "sample_diff": 24, "time_diff_s": 0.48, "gps_distance_m": 2.6, "original_speed": "1153", "wheel_diameter_mm": 711.1999999999999, "braking_intensity": 0.0, "is_braking": false}}, {"type": "Feature", "geometry": {"type": "LineString", "coordinates": [[4.9090075, 52.3604916], [4.9089661, 52.3604918]]}, "properties": {"Speed": 9.1, "road_quality": 2, "marker": 7, "trip_id": "604F0_Trip2", "hrot_diff": 1, "sample_diff": 22, "time_diff_s": 0.44, "gps_distance_m": 2.8, "original_speed": "1200", "wheel_diameter_mm": 711.1999999999999, "braking_intensity": 0.0, "is_braking": false}}, {"type": "Feature", "geometry": {"type": "LineString", "coordinates": [[4.9089661, 52.3604918], [4.9089202, 52.3604849]]}, "properties": {"Speed": 11.8, "road_quality": 2, "marker": 7, "trip_id": "604F0_Trip2", "hrot_diff": 1, "sample_diff": 17, "time_diff_s": 0.34, "gps_distance_m": 3.2, "original_speed": "1271", "wheel_diameter_mm": 711.1999999999999, "braking_intensity": 0.0, "is_braking": false}}, {"type": "Feature", "geometry": {"type": "LineString", "coordinates": [[4.9089202, 52.3604849], [4.9088831, 52.3604794]]}, "properties": {"Speed": 10.1, "road_quality": 2, "marker": 7, "trip_id": "604F0_Trip2", "hrot_diff": 1, "sample_diff": 20, "time_diff_s": 0.4, "gps_distance_m": 2.6, "original_speed": "1485", "wheel_diameter_mm": 711.1999999999999, "braking_intensity": 0.0, "is_braking": false}}, {"type": "Feature", "geometry": {"type": "LineString", "coordinates": [[4.9088831, 52.3604794], [4.908843, 52.360474]]}, "properties": {"Speed": 11.2, "road_quality": 2, "marker": 7, "trip_id": "604F0_Trip2", "hrot_diff": 1, "sample_diff": 18, "time_diff_s": 0.36, "gps_distance_m": 2.8, "original_speed": "1680", "wheel_diameter_mm": 711.1999999999999, "braking_intensity": 0.0, "is_braking": false}}, {"type": "Feature", "geometry": {"type": "LineString", "coordinates": [[4.908843, 52.360474], [4.9087896, 52.3604756]]}, "properties": {"Speed": 15.5, "road_quality": 2, "marker": 7, "trip_id": "604F0_Trip2", "hrot_diff": 1, "sample_diff": 13, "time_diff_s": 0.26, "gps_distance_m": 3.6, "original_speed": "1886", "wheel_diameter_mm": 711.1999999999999, "braking_intensity": 0.0, "is_braking": false}}, {"type": "Feature", "geometry": {"type": "LineString", "coordinates": [[4.9087896, 52.3604756], [4.9087195, 52.3604786]]}, "properties": {"Speed": 20.1, "road_quality": 2, "marker": 7, "trip_id": "604F0_Trip2", "hrot_diff": 1, "sample_diff": 10, "time_diff_s": 0.2, "gps_distance_m": 4.8, "original_speed": "1941", "wheel_diameter_mm": 711.1999999999999, "braking_intensity": 0.0, "is_braking": false}}, {"type": "Feature", "geometry": {"type": "LineString", "coordinates": [[4.9087195, 52.3604786], [4.908656, 52.3604885]]}, "properties": {"Speed": 14.4, "road_quality": 2, "marker": 7, "trip_id": "604F0_Trip2", "hrot_diff": 1, "sample_diff": 14, "time_diff_s": 0.28, "gps_distance_m": 4.5, "original_speed": "2000", "wheel_diameter_mm": 711.1999999999999, "braking_intensity": 0.0, "is_braking": false}}, {"type": "Feature", "geometry": {"type": "LineString", "coordinates": [[4.908656, 52.3604885], [4.9086278, 52.3604982]]}, "properties": {"Speed": 16.8, "road_quality": 2, "marker": 7, "trip_id": "604F0_Trip2", "hrot_diff": 1, "sample_diff": 12, "time_diff_s": 0.24, "gps_distance_m": 2.2, "original_speed": "2000", "wheel_diameter_mm": 711.1999999999999, "braking_intensity": 0.0, "is_braking": false}}, {"type": "Feature", "geometry": {"type": "LineString", "coordinates": [[4.9086278, 52.3604982], [4.9085967, 52.3605204]]}, "properties": {"Speed": 18.3, "road_quality": 2, "marker": 7, "trip_id": "604F0_Trip2", "hrot_diff": 1, "sample_diff": 11, "time_diff_s": 0.22, "gps_distance_m": 3.2, "original_speed": "2049", "wheel_diameter_mm": 711.1999999999999, "braking_intensity": 0.0, "is_braking": false}}, {"type": "Feature", "geometry": {"type": "LineString", "coordinates": [[4.9085967, 52.3605204], [4.9085615, 52.3605702]]}, "properties": {"Speed": 18.3, "road_quality": 2, "marker": 7, "trip_id": "604F0_Trip2", "hrot_diff": 1, "sample_diff": 11, "time_diff_s": 0.22, "gps_distance_m": 6.0, "original_speed": "2136", "wheel_diameter_mm": 711.1999999999999, "braking_intensity": 0.0, "is_braking": false}}, {"type": "Feature", "geometry": {"type": "LineString", "coordinates": [[4.9085615, 52.3605702], [4.9085321, 52.3606187]]}, "properties": {"Speed": 18.3, "road_quality": 2, "marker": 7, "trip_id": "604F0_Trip2", "hrot_diff": 1, "sample_diff": 11, "time_diff_s": 0.22, "gps_distance_m": 5.8, "original_speed": "2314", "wheel_diameter_mm": 711.1999999999999, "braking_intensity": 0.0, "is_braking": false}}, {"type": "Feature", "geometry": {"type": "LineString", "coordinates": [[4.9085321, 52.3606187], [4.9085054, 52.3606676]]}, "properties": {"Speed": 18.3, "road_quality": 2, "marker": 7, "trip_id": "604F0_Trip2", "hrot_diff": 1, "sample_diff": 11, "time_diff_s": 0.22, "gps_distance_m": 5.7, "original_speed": "2427", "wheel_diameter_mm": 711.1999999999999, "braking_intensity": 0.0, "is_braking": false}}, {"type": "Feature", "geometry": {"type": "LineString", "coordinates": [[4.9085054, 52.3606676], [4.9084847, 52.3607142]]}, "properties": {"Speed": 28.7, "road_quality": 2, "marker": 7, "trip_id": "604F0_Trip2", "hrot_diff": 1, "sample_diff": 7, "time_diff_s": 0.14, "gps_distance_m": 5.4, "original_speed": "2427", "wheel_diameter_mm": 711.1999999999999, "braking_intensity": 0.0, "is_braking": false}}, {"type": "Feature", "geometry": {"type": "LineString", "coordinates": [[4.9084847, 52.3607142], [4.9084654, 52.3607626]]}, "properties": {"Speed": 22.3, "road_quality": 3, "marker": 7, "trip_id": "604F0_Trip2", "hrot_diff": 1, "sample_diff": 9, "time_diff_s": 0.18, "gps_distance_m": 5.5, "original_speed": "2678", "wheel_diameter_mm": 711.1999999999999, "braking_intensity": 0.0, "is_braking": false}}, {"type": "Feature", "geometry": {"type": "LineString", "coordinates": [[4.9084654, 52.3607626], [4.9084413, 52.3608125]]}, "properties": {"Speed": 22.3, "road_quality": 2, "marker": 7, "trip_id": "604F0_Trip2", "hrot_diff": 1, "sample_diff": 9, "time_diff_s": 0.18, "gps_distance_m": 5.8, "original_speed": "2608", "wheel_diameter_mm": 711.1999999999999, "braking_intensity": 0.0, "is_braking": false}}, {"type": "Feature", "geometry": {"type": "LineString", "coordinates": [[4.9084413, 52.3608125], [4.9084057, 52.3608634]]}, "properties": {"Speed": 20.1, "road_quality": 2, "marker": 7, "trip_id": "604F0_Trip2", "hrot_diff": 1, "sample_diff": 10, "time_diff_s": 0.2, "gps_distance_m": 6.2, "original_speed": "2830", "wheel_diameter_mm": 711.1999999999999, "braking_intensity": 0.0, "is_braking": false}}, {"type": "Feature", "geometry": {"type": "LineString", "coordinates": [[4.9084057, 52.3608634], [4.908378, 52.3609082]]}, "properties": {"Speed": 25.1, "road_quality": 2, "marker": 7, "trip_id": "604F0_Trip2", "hrot_diff": 1, "sample_diff": 8, "time_diff_s": 0.16, "gps_distance_m": 5.3, "original_speed": "2727", "wheel_diameter_mm": 711.1999999999999, "braking_intensity": 0.0, "is_braking": false}}, {"type": "Feature", "geometry": {"type": "LineString", "coordinates": [[4.908378, 52.3609082], [4.9083485, 52.3609607]]}, "properties": {"Speed": 22.3, "road_quality": 2, "marker": 7, "trip_id": "604F0_Trip2", "hrot_diff": 1, "sample_diff": 9, "time_diff_s": 0.18, "gps_distance_m": 6.2, "original_speed": "2941", "wheel_diameter_mm": 711.1999999999999, "braking_intensity": 0.0, "is_braking": false}}, {"type": "Feature", "geometry": {"type": "LineString", "coordinates": [[4.9083485, 52.3609607], [4.9083173, 52.3610192]]}, "properties": {"Speed": 25.1, "road_quality": 3, "marker": 7, "trip_id": "604F0_Trip2", "hrot_diff": 1, "sample_diff": 8, "time_diff_s": 0.16, "gps_distance_m": 6.8, "original_speed": "3043", "wheel_diameter_mm": 711.1999999999999, "braking_intensity": 0.0, "is_braking": false}}, {"type": "Feature", "geometry": {"type": "LineString", "coordinates": [[4.9083173, 52.3610192], [4.9082932, 52.3610772]]}, "properties": {"Speed": 33.5, "road_quality": 3, "marker": 7, "trip_id": "604F0_Trip2", "hrot_diff": 1, "sample_diff": 6, "time_diff_s": 0.12, "gps_distance_m": 6.7, "original_speed": "3153", "wheel_diameter_mm": 711.1999999999999, "braking_intensity": 0.0, "is_braking": false}}, {"type": "Feature", "geometry": {"type": "LineString", "coordinates": [[4.9082932, 52.3610772], [4.9082724, 52.3611365]]}, "properties": {"Speed": 28.7, "road_quality": 2, "marker": 7, "trip_id": "604F0_Trip2", "hrot_diff": 1, "sample_diff": 7, "time_diff_s": 0.14, "gps_distance_m": 6.7, "original_speed": "3125", "wheel_diameter_mm": 711.1999999999999, "braking_intensity": 0.0, "is_braking": false}}, {"type": "Feature", "geometry": {"type": "LineString", "coordinates": [[4.9082724, 52.3611365], [4.9082482, 52.3611965]]}, "properties": {"Speed": 22.3, "road_quality": 3, "marker": 7, "trip_id": "604F0_Trip2", "hrot_diff": 1, "sample_diff": 9, "time_diff_s": 0.18, "gps_distance_m": 6.9, "original_speed": "3181", "wheel_diameter_mm": 711.1999999999999, "braking_intensity": 0.0, "is_braking": false}}, {"type": "Feature", "geometry": {"type": "LineString", "coordinates": [[4.9082482, 52.3611965], [4.9082126, 52.36125]]}, "properties": {"Speed": 25.1, "road_quality": 3, "marker": 7, "trip_id": "604F0_Trip2", "hrot_diff": 1, "sample_diff": 8, "time_diff_s": 0.16, "gps_distance_m": 6.4, "original_speed": "3070", "wheel_diameter_mm": 711.1999999999999, "braking_intensity": 0.0, "is_braking": false}}, {"type": "Feature", "geometry": {"type": "LineString", "coordinates": [[4.9082126, 52.36125], [4.9081673, 52.3613001]]}, "properties": {"Speed": 22.3, "road_quality": 3, "marker": 7, "trip_id": "604F0_Trip2", "hrot_diff": 1, "sample_diff": 9, "time_diff_s": 0.18, "gps_distance_m": 6.4, "original_speed": "3043", "wheel_diameter_mm": 711.1999999999999, "braking_intensity": 0.0, "is_braking": false}}, {"type": "Feature", "geometry": {"type": "LineString", "coordinates": [[4.9081153, 52.3613497], [4.9080661, 52.3614067]]}, "properties": {"Speed": 28.7, "road_quality": 2, "marker": 6, "trip_id": "604F0_Trip2", "hrot_diff": 1, "sample_diff": 7, "time_diff_s": 0.14, "gps_distance_m": 7.2, "original_speed": "-1", "wheel_diameter_mm": 711.1999999999999, "braking_intensity": 0.0, "is_braking": false}}, {"type": "Feature", "geometry": {"type": "LineString", "coordinates": [[4.9080661, 52.3614067], [4.9080184, 52.3614684]]}, "properties": {"Speed": 22.3, "road_quality": 2, "marker": 6, "trip_id": "604F0_Trip2", "hrot_diff": 1, "sample_diff": 9, "time_diff_s": 0.18, "gps_distance_m": 7.6, "original_speed": "-1", "wheel_diameter_mm": 711.1999999999999, "braking_intensity": 0.0, "is_braking": false}}, {"type": "Feature", "geometry": {"type": "LineString", "coordinates": [[4.9079793, 52.3615306], [4.9079476, 52.3615858]]}, "properties": {"Speed": 9.1, "road_quality": 2, "marker": 7, "trip_id": "604F0_Trip2", "hrot_diff": 1, "sample_diff": 22, "time_diff_s": 0.44, "gps_distance_m": 6.5, "original_speed": "3333", "wheel_diameter_mm": 711.1999999999999, "braking_intensity": 0.0, "is_braking": false}}, {"type": "Feature", "geometry": {"type": "LineString", "coordinates": [[4.9079476, 52.3615858], [4.9079134, 52.3616406]]}, "properties": {"Speed": 18.3, "road_quality": 2, "marker": 6, "trip_id": "604F0_Trip2", "hrot_diff": 1, "sample_diff": 11, "time_diff_s": 0.22, "gps_distance_m": 6.5, "original_speed": "-1", "wheel_diameter_mm": 711.1999999999999, "braking_intensity": 0.0, "is_braking": false}}, {"type": "Feature", "geometry": {"type": "LineString", "coordinates": [[4.9079134, 52.3616406], [4.9078794, 52.3617017]]}, "properties": {"Speed": 33.5, "road_quality": 2, "marker": 6, "trip_id": "604F0_Trip2", "hrot_diff": 1, "sample_diff": 6, "time_diff_s": 0.12, "gps_distance_m": 7.2, "original_speed": "-1", "wheel_diameter_mm": 711.1999999999999, "braking_intensity": 0.0, "is_braking": false}}, {"type": "Feature", "geometry": {"type": "LineString", "coordinates": [[4.9078794, 52.3617017], [4.9078443, 52.3617668]]}, "properties": {"Speed": 25.1, "road_quality": 2, "marker": 7, "trip_id": "604F0_Trip2", "hrot_diff": 1, "sample_diff": 8, "time_diff_s": 0.16, "gps_distance_m": 7.6, "original_speed": "3478", "wheel_diameter_mm": 711.1999999999999, "braking_intensity": 0.0, "is_braking": false}}, {"type": "Feature", "geometry": {"type": "LineString", "coordinates": [[4.9078443, 52.3617668], [4.9078149, 52.3618287]]}, "properties": {"Speed": 25.1, "road_quality": 2, "marker": 7, "trip_id": "604F0_Trip2", "hrot_diff": 1, "sample_diff": 8, "time_diff_s": 0.16, "gps_distance_m": 7.2, "original_speed": "3431", "wheel_diameter_mm": 711.1999999999999, "braking_intensity": 0.0, "is_braking": false}}, {"type": "Feature", "geometry": {"type": "LineString", "coordinates": [[4.9078149, 52.3618287], [4.9077702, 52.3619365]]}, "properties": {"Speed": 28.7, "road_quality": 2, "marker": 7, "trip_id": "604F0_Trip2", "hrot_diff": 1, "sample_diff": 7, "time_diff_s": 0.14, "gps_distance_m": 12.4, "original_speed": "3271", "wheel_diameter_mm": 711.1999999999999, "braking_intensity": 0.0, "is_braking": false}}, {"type": "Feature", "geometry": {"type": "LineString", "coordinates": [[4.9077702, 52.3619365], [4.907744, 52.3619931]]}, "properties": {"Speed": 20.1, "road_quality": 2, "marker": 7, "trip_id": "604F0_Trip2", "hrot_diff": 1, "sample_diff": 10, "time_diff_s": 0.2, "gps_distance_m": 6.5, "original_speed": "3431", "wheel_diameter_mm": 711.1999999999999, "braking_intensity": 0.0, "is_braking": false}}, {"type": "Feature", "geometry": {"type": "LineString", "coordinates": [[4.907744, 52.3619931], [4.9077225, 52.3620513]]}, "properties": {"Speed": 25.1, "road_quality": 2, "marker": 7, "trip_id": "604F0_Trip2", "hrot_diff": 1, "sample_diff": 8, "time_diff_s": 0.16, "gps_distance_m": 6.6, "original_speed": "3301", "wheel_diameter_mm": 711.1999999999999, "braking_intensity": 0.0, "is_braking": false}}, {"type": "Feature", "geometry": {"type": "LineString", "coordinates": [[4.9077225, 52.3620513], [4.9077005, 52.3621126]]}, "properties": {"Speed": 25.1, "road_quality": 2, "marker": 7, "trip_id": "604F0_Trip2", "hrot_diff": 1, "sample_diff": 8, "time_diff_s": 0.16, "gps_distance_m": 7.0, "original_speed": "3271", "wheel_diameter_mm": 711.1999999999999, "braking_intensity": 0.0, "is_braking": false}}, {"type": "Feature", "geometry": {"type": "LineString", "coordinates": [[4.9077005, 52.3621126], [4.9076762, 52.3621654]]}, "properties": {"Speed": 28.7, "road_quality": 2, "marker": 7, "trip_id": "604F0_Trip2", "hrot_diff": 1, "sample_diff": 7, "time_diff_s": 0.14, "gps_distance_m": 6.1, "original_speed": "3181", "wheel_diameter_mm": 711.1999999999999, "braking_intensity": 0.0, "is_braking": false}}, {"type": "Feature", "geometry": {"type": "LineString", "coordinates": [[4.9076762, 52.3621654], [4.9076535, 52.3622068]]}, "properties": {"Speed": 28.7, "road_quality": 2, "marker": 7, "trip_id": "604F0_Trip2", "hrot_diff": 1, "sample_diff": 7, "time_diff_s": 0.14, "gps_distance_m": 4.9, "original_speed": "3125", "wheel_diameter_mm": 711.1999999999999, "braking_intensity": 0.0, "is_braking": false}}, {"type": "Feature", "geometry": {"type": "LineString", "coordinates": [[4.9076535, 52.3622068], [4.9076359, 52.3622501]]}, "properties": {"Speed": 15.5, "road_quality": 2, "marker": 7, "trip_id": "604F0_Trip2", "hrot_diff": 1, "sample_diff": 13, "time_diff_s": 0.26, "gps_distance_m": 5.0, "original_speed": "2941", "wheel_diameter_mm": 711.1999999999999, "braking_intensity": 0.0, "is_braking": false}}, {"type": "Feature", "geometry": {"type": "LineString", "coordinates": [[4.9076359, 52.3622501], [4.9076133, 52.3622982]]}, "properties": {"Speed": 18.3, "road_quality": 2, "marker": 7, "trip_id": "604F0_Trip2", "hrot_diff": 1, "sample_diff": 11, "time_diff_s": 0.22, "gps_distance_m": 5.6, "original_speed": "2777", "wheel_diameter_mm": 711.1999999999999, "braking_intensity": 0.0, "is_braking": false}}, {"type": "Feature", "geometry": {"type": "LineString", "coordinates": [[4.9076133, 52.3622982], [4.9075898, 52.3623415]]}, "properties": {"Speed": 22.3, "road_quality": 2, "marker": 7, "trip_id": "604F0_Trip2", "hrot_diff": 1, "sample_diff": 9, "time_diff_s": 0.18, "gps_distance_m": 5.1, "original_speed": "2702", "wheel_diameter_mm": 711.1999999999999, "braking_intensity": 0.0, "is_braking": false}}, {"type": "Feature", "geometry": {"type": "LineString", "coordinates": [[4.9075898, 52.3623415], [4.9075588, 52.3623808]]}, "properties": {"Speed": 16.8, "road_quality": 2, "marker": 7, "trip_id": "604F0_Trip2", "hrot_diff": 1, "sample_diff": 12, "time_diff_s": 0.24, "gps_distance_m": 4.9, "original_speed": "2450", "wheel_diameter_mm": 711.1999999999999, "braking_intensity": 0.0, "is_braking": false}}, {"type": "Feature", "geometry": {"type": "LineString", "coordinates": [[4.9075588, 52.3623808], [4.9075304, 52.3624245]]}, "properties": {"Speed": 20.1, "road_quality": 2, "marker": 7, "trip_id": "604F0_Trip2", "hrot_diff": 1, "sample_diff": 10, "time_diff_s": 0.2, "gps_distance_m": 5.2, "original_speed": "2358", "wheel_diameter_mm": 711.1999999999999, "braking_intensity": 0.0, "is_braking": false}}, {"type": "Feature", "geometry": {"type": "LineString", "coordinates": [[4.9075304, 52.3624245], [4.9075009, 52.3624659]]}, "properties": {"Speed": 15.5, "road_quality": 2, "marker": 7, "trip_id": "604F0_Trip2", "hrot_diff": 1, "sample_diff": 13, "time_diff_s": 0.26, "gps_distance_m": 5.0, "original_speed": "2232", "wheel_diameter_mm": 711.1999999999999, "braking_intensity": 0.0, "is_braking": false}}, {"type": "Feature", "geometry": {"type": "LineString", "coordinates": [[4.9075009, 52.3624659], [4.9074734, 52.3625048]]}, "properties": {"Speed": 18.3, "road_quality": 2, "marker": 7, "trip_id": "604F0_Trip2", "hrot_diff": 1, "sample_diff": 11, "time_diff_s": 0.22, "gps_distance_m": 4.7, "original_speed": "2155", "wheel_diameter_mm": 711.1999999999999, "braking_intensity": 0.0, "is_braking": false}}, {"type": "Feature", "geometry": {"type": "LineString", "coordinates": [[4.9074734, 52.3625048], [4.9074466, 52.3625423]]}, "properties": {"Speed": 15.5, "road_quality": 2, "marker": 7, "trip_id": "604F0_Trip2", "hrot_diff": 1, "sample_diff": 13, "time_diff_s": 0.26, "gps_distance_m": 4.5, "original_speed": "2118", "wheel_diameter_mm": 711.1999999999999, "braking_intensity": 0.0, "is_braking": false}}, {"type": "Feature", "geometry": {"type": "LineString", "coordinates": [[4.9074466, 52.3625423], [4.9074235, 52.3625832]]}, "properties": {"Speed": 14.4, "road_quality": 2, "marker": 7, "trip_id": "604F0_Trip2", "hrot_diff": 1, "sample_diff": 14, "time_diff_s": 0.28, "gps_distance_m": 4.8, "original_speed": "2136", "wheel_diameter_mm": 711.1999999999999, "braking_intensity": 0.0, "is_braking": false}}, {"type": "Feature", "geometry": {"type": "LineString", "coordinates": [[4.9074235, 52.3625832], [4.9074123, 52.3626241]]}, "properties": {"Speed": 16.8, "road_quality": 2, "marker": 7, "trip_id": "604F0_Trip2", "hrot_diff": 1, "sample_diff": 12, "time_diff_s": 0.24, "gps_distance_m": 4.6, "original_speed": "2118", "wheel_diameter_mm": 711.1999999999999, "braking_intensity": 0.0, "is_braking": false}}, {"type": "Feature", "geometry": {"type": "LineString", "coordinates": [[4.9074123, 52.3626241], [4.9073936, 52.3626547]]}, "properties": {"Speed": 19.1, "road_quality": 3, "marker": 7, "trip_id": "604F0_Trip2", "hrot_diff": 1, "sample_diff": 10, "time_diff_s": 0.211, "gps_distance_m": 3.6, "original_speed": "2136", "wheel_diameter_mm": 711.1999999999999, "braking_intensity": 0.0, "is_braking": false}}, {"type": "Feature", "geometry": {"type": "LineString", "coordinates": [[4.9073936, 52.3626547], [4.9073685, 52.3626774]]}, "properties": {"Speed": 22.3, "road_quality": 2, "marker": 7, "trip_id": "604F0_Trip2", "hrot_diff": 1, "sample_diff": 9, "time_diff_s": 0.18, "gps_distance_m": 3.0, "original_speed": "2083", "wheel_diameter_mm": 711.1999999999999, "braking_intensity": 0.0, "is_braking": false}}, {"type": "Feature", "geometry": {"type": "LineString", "coordinates": [[4.9073685, 52.3626774], [4.9073295, 52.362708]]}, "properties": {"Speed": 20.1, "road_quality": 2, "marker": 7, "trip_id": "604F0_Trip2", "hrot_diff": 1, "sample_diff": 10, "time_diff_s": 0.2, "gps_distance_m": 4.3, "original_speed": "2380", "wheel_diameter_mm": 711.1999999999999, "braking_intensity": 0.0, "is_braking": false}}, {"type": "Feature", "geometry": {"type": "LineString", "coordinates": [[4.9073295, 52.362708], [4.9072787, 52.3627401]]}, "properties": {"Speed": 20.1, "road_quality": 2, "marker": 7, "trip_id": "604F0_Trip2", "hrot_diff": 1, "sample_diff": 10, "time_diff_s": 0.2, "gps_distance_m": 5.0, "original_speed": "2564", "wheel_diameter_mm": 711.1999999999999, "braking_intensity": 0.0, "is_braking": false}}, {"type": "Feature", "geometry": {"type": "LineString", "coordinates": [[4.9072787, 52.3627401], [4.9072333, 52.3627749]]}, "properties": {"Speed": 18.3, "road_quality": 2, "marker": 7, "trip_id": "604F0_Trip2", "hrot_diff": 1, "sample_diff": 11, "time_diff_s": 0.22, "gps_distance_m": 4.9, "original_speed": "2678", "wheel_diameter_mm": 711.1999999999999, "braking_intensity": 0.0, "is_braking": false}}, {"type": "Feature", "geometry": {"type": "LineString", "coordinates": [[4.9072333, 52.3627749], [4.9071588, 52.3628463]]}, "properties": {"Speed": 20.1, "road_quality": 2, "marker": 7, "trip_id": "604F0_Trip2", "hrot_diff": 1, "sample_diff": 10, "time_diff_s": 0.2, "gps_distance_m": 9.4, "original_speed": "2752", "wheel_diameter_mm": 711.1999999999999, "braking_intensity": 0.0, "is_braking": false}}, {"type": "Feature", "geometry": {"type": "LineString", "coordinates": [[4.9071588, 52.3628463], [4.9071159, 52.3628905]]}, "properties": {"Speed": 18.3, "road_quality": 2, "marker": 7, "trip_id": "604F0_Trip2", "hrot_diff": 1, "sample_diff": 11, "time_diff_s": 0.22, "gps_distance_m": 5.7, "original_speed": "2752", "wheel_diameter_mm": 711.1999999999999, "braking_intensity": 0.0, "is_braking": false}}, {"type": "Feature", "geometry": {"type": "LineString", "coordinates": [[4.9071159, 52.3628905], [4.9070773, 52.3629319]]}, "properties": {"Speed": 20.1, "road_quality": 3, "marker": 7, "trip_id": "604F0_Trip2", "hrot_diff": 1, "sample_diff": 10, "time_diff_s": 0.2, "gps_distance_m": 5.3, "original_speed": "2857", "wheel_diameter_mm": 711.1999999999999, "braking_intensity": 0.0, "is_braking": false}}, {"type": "Feature", "geometry": {"type": "LineString", "coordinates": [[4.9070773, 52.3629319], [4.9070344, 52.3629807]]}, "properties": {"Speed": 18.3, "road_quality": 2, "marker": 7, "trip_id": "604F0_Trip2", "hrot_diff": 1, "sample_diff": 11, "time_diff_s": 0.22, "gps_distance_m": 6.2, "original_speed": "2830", "wheel_diameter_mm": 711.1999999999999, "braking_intensity": 0.0, "is_braking": false}}, {"type": "Feature", "geometry": {"type": "LineString", "coordinates": [[4.9070344, 52.3629807], [4.9069995, 52.3630257]]}, "properties": {"Speed": 22.3, "road_quality": 2, "marker": 7, "trip_id": "604F0_Trip2", "hrot_diff": 1, "sample_diff": 9, "time_diff_s": 0.18, "gps_distance_m": 5.5, "original_speed": "2803", "wheel_diameter_mm": 711.1999999999999, "braking_intensity": 0.0, "is_braking": false}}, {"type": "Feature", "geometry": {"type": "LineString", "coordinates": [[4.9069995, 52.3630257], [4.9069649, 52.3630738]]}, "properties": {"Speed": 22.3, "road_quality": 2, "marker": 7, "trip_id": "604F0_Trip2", "hrot_diff": 1, "sample_diff": 9, "time_diff_s": 0.18, "gps_distance_m": 5.8, "original_speed": "2777", "wheel_diameter_mm": 711.1999999999999, "braking_intensity": 0.0, "is_braking": false}}, {"type": "Feature", "geometry": {"type": "LineString", "coordinates": [[4.9069649, 52.3630738], [4.9069321, 52.3631107]]}, "properties": {"Speed": 25.1, "road_quality": 2, "marker": 7, "trip_id": "604F0_Trip2", "hrot_diff": 1, "sample_diff": 8, "time_diff_s": 0.16, "gps_distance_m": 4.7, "original_speed": "2803", "wheel_diameter_mm": 711.1999999999999, "braking_intensity": 0.0, "is_braking": false}}, {"type": "Feature", "geometry": {"type": "LineString", "coordinates": [[4.9069321, 52.3631107], [4.9068919, 52.363159]]}, "properties": {"Speed": 22.3, "road_quality": 2, "marker": 7, "trip_id": "604F0_Trip2", "hrot_diff": 1, "sample_diff": 9, "time_diff_s": 0.18, "gps_distance_m": 6.0, "original_speed": "2777", "wheel_diameter_mm": 711.1999999999999, "braking_intensity": 0.0, "is_braking": false}}, {"type": "Feature", "geometry": {"type": "LineString", "coordinates": [[4.9068919, 52.363159], [4.9068643, 52.3632063]]}, "properties": {"Speed": 25.1, "road_quality": 2, "marker": 7, "trip_id": "604F0_Trip2", "hrot_diff": 1, "sample_diff": 8, "time_diff_s": 0.16, "gps_distance_m": 5.6, "original_speed": "2727", "wheel_diameter_mm": 711.1999999999999, "braking_intensity": 0.0, "is_braking": false}}, {"type": "Feature", "geometry": {"type": "LineString", "coordinates": [[4.9068643, 52.3632063], [4.9068325, 52.363253]]}, "properties": {"Speed": 20.1, "road_quality": 2, "marker": 7, "trip_id": "604F0_Trip2", "hrot_diff": 1, "sample_diff": 10, "time_diff_s": 0.2, "gps_distance_m": 5.6, "original_speed": "2830", "wheel_diameter_mm": 711.1999999999999, "braking_intensity": 0.0, "is_braking": false}}, {"type": "Feature", "geometry": {"type": "LineString", "coordinates": [[4.9068325, 52.363253], [4.9068046, 52.3632966]]}, "properties": {"Speed": 22.3, "road_quality": 2, "marker": 7, "trip_id": "604F0_Trip2", "hrot_diff": 1, "sample_diff": 9, "time_diff_s": 0.18, "gps_distance_m": 5.2, "original_speed": "2678", "wheel_diameter_mm": 711.1999999999999, "braking_intensity": 0.0, "is_braking": false}}, {"type": "Feature", "geometry": {"type": "LineString", "coordinates": [[4.9068046, 52.3632966], [4.9067982, 52.3633397]]}, "properties": {"Speed": 33.5, "road_quality": 2, "marker": 7, "trip_id": "604F0_Trip2", "hrot_diff": 1, "sample_diff": 6, "time_diff_s": 0.12, "gps_distance_m": 4.8, "original_speed": "2608", "wheel_diameter_mm": 711.1999999999999, "braking_intensity": 0.0, "is_braking": false}}, {"type": "Feature", "geometry": {"type": "LineString", "coordinates": [[4.9067982, 52.3633397], [4.9067983, 52.3634008]]}, "properties": {"Speed": 18.3, "road_quality": 2, "marker": 7, "trip_id": "604F0_Trip2", "hrot_diff": 1, "sample_diff": 11, "time_diff_s": 0.22, "gps_distance_m": 6.8, "original_speed": "2678", "wheel_diameter_mm": 711.1999999999999, "braking_intensity": 0.0, "is_braking": false}}, {"type": "Feature", "geometry": {"type": "LineString", "coordinates": [[4.9067983, 52.3634008], [4.9067692, 52.3634652]]}, "properties": {"Speed": 20.1, "road_quality": 2, "marker": 7, "trip_id": "604F0_Trip2", "hrot_diff": 1, "sample_diff": 10, "time_diff_s": 0.2, "gps_distance_m": 7.4, "original_speed": "2500", "wheel_diameter_mm": 711.1999999999999, "braking_intensity": 0.0, "is_braking": false}}, {"type": "Feature", "geometry": {"type": "LineString", "coordinates": [[4.9067692, 52.3634652], [4.9067485, 52.3635157]]}, "properties": {"Speed": 25.1, "road_quality": 2, "marker": 7, "trip_id": "604F0_Trip2", "hrot_diff": 1, "sample_diff": 8, "time_diff_s": 0.16, "gps_distance_m": 5.8, "original_speed": "2586", "wheel_diameter_mm": 711.1999999999999, "braking_intensity": 0.0, "is_braking": false}}, {"type": "Feature", "geometry": {"type": "LineString", "coordinates": [[4.9067485, 52.3635157], [4.9067295, 52.3635676]]}, "properties": {"Speed": 18.3, "road_quality": 2, "marker": 7, "trip_id": "604F0_Trip2", "hrot_diff": 1, "sample_diff": 11, "time_diff_s": 0.22, "gps_distance_m": 5.9, "original_speed": "2752", "wheel_diameter_mm": 711.1999999999999, "braking_intensity": 0.0, "is_braking": false}}, {"type": "Feature", "geometry": {"type": "LineString", "coordinates": [[4.9067295, 52.3635676], [4.906706, 52.3636185]]}, "properties": {"Speed": 18.9, "road_quality": 2, "marker": 7, "trip_id": "604F0_Trip2", "hrot_diff": 1, "sample_diff": 10, "time_diff_s": 0.213, "gps_distance_m": 5.9, "original_speed": "2727", "wheel_diameter_mm": 711.1999999999999, "braking_intensity": 0.0, "is_braking": false}}, {"type": "Feature", "geometry": {"type": "LineString", "coordinates": [[4.906706, 52.3636185], [4.9066828, 52.363673]]}, "properties": {"Speed": 33.5, "road_quality": 2, "marker": 7, "trip_id": "604F0_Trip2", "hrot_diff": 1, "sample_diff": 6, "time_diff_s": 0.12, "gps_distance_m": 6.3, "original_speed": "2777", "wheel_diameter_mm": 711.1999999999999, "braking_intensity": 0.0, "is_braking": false}}, {"type": "Feature", "geometry": {"type": "LineString", "coordinates": [[4.9066517, 52.3637325], [4.9066229, 52.3637793]]}, "properties": {"Speed": 20.1, "road_quality": 2, "marker": 6, "trip_id": "604F0_Trip2", "hrot_diff": 1, "sample_diff": 10, "time_diff_s": 0.2, "gps_distance_m": 5.6, "original_speed": "-1", "wheel_diameter_mm": 711.1999999999999, "braking_intensity": 0.0, "is_braking": false}}, {"type": "Feature", "geometry": {"type": "LineString", "coordinates": [[4.9066229, 52.3637793], [4.9065988, 52.3638172]]}, "properties": {"Speed": 22.3, "road_quality": 2, "marker": 6, "trip_id": "604F0_Trip2", "hrot_diff": 1, "sample_diff": 9, "time_diff_s": 0.18, "gps_distance_m": 4.5, "original_speed": "-1", "wheel_diameter_mm": 711.1999999999999, "braking_intensity": 0.0, "is_braking": false}}, {"type": "Feature", "geometry": {"type": "LineString", "coordinates": [[4.9065988, 52.3638172], [4.9065696, 52.3638641]]}, "properties": {"Speed": 25.1, "road_quality": 2, "marker": 7, "trip_id": "604F0_Trip2", "hrot_diff": 1, "sample_diff": 8, "time_diff_s": 0.16, "gps_distance_m": 5.6, "original_speed": "3271", "wheel_diameter_mm": 711.1999999999999, "braking_intensity": 0.0, "is_braking": false}}, {"type": "Feature", "geometry": {"type": "LineString", "coordinates": [[4.906535, 52.3639313], [4.9064982, 52.3639904]]}, "properties": {"Speed": 25.1, "road_quality": 2, "marker": 6, "trip_id": "604F0_Trip2", "hrot_diff": 1, "sample_diff": 8, "time_diff_s": 0.16, "gps_distance_m": 7.0, "original_speed": "-1", "wheel_diameter_mm": 711.1999999999999, "braking_intensity": 0.0, "is_braking": false}}, {"type": "Feature", "geometry": {"type": "LineString", "coordinates": [[4.9064982, 52.3639904], [4.9064727, 52.3640426]]}, "properties": {"Speed": 28.7, "road_quality": 2, "marker": 6, "trip_id": "604F0_Trip2", "hrot_diff": 1, "sample_diff": 7, "time_diff_s": 0.14, "gps_distance_m": 6.1, "original_speed": "-1", "wheel_diameter_mm": 711.1999999999999, "braking_intensity": 0.0, "is_braking": false}}, {"type": "Feature", "geometry": {"type": "LineString", "coordinates": [[4.9064727, 52.3640426], [4.9064329, 52.3641062]]}, "properties": {"Speed": 28.7, "road_quality": 3, "marker": 7, "trip_id": "604F0_Trip2", "hrot_diff": 1, "sample_diff": 7, "time_diff_s": 0.14, "gps_distance_m": 7.6, "original_speed": "3240", "wheel_diameter_mm": 711.1999999999999, "braking_intensity": 0.0, "is_braking": false}}, {"type": "Feature", "geometry": {"type": "LineString", "coordinates": [[4.9064329, 52.3641062], [4.9063825, 52.364213]]}, "properties": {"Speed": 28.7, "road_quality": 3, "marker": 7, "trip_id": "604F0_Trip2", "hrot_diff": 1, "sample_diff": 7, "time_diff_s": 0.14, "gps_distance_m": 12.4, "original_speed": "3043", "wheel_diameter_mm": 711.1999999999999, "braking_intensity": 0.0, "is_braking": false}}, {"type": "Feature", "geometry": {"type": "LineString", "coordinates": [[4.9063825, 52.364213], [4.9063651, 52.3642599]]}, "properties": {"Speed": 18.3, "road_quality": 2, "marker": 7, "trip_id": "604F0_Trip2", "hrot_diff": 1, "sample_diff": 11, "time_diff_s": 0.22, "gps_distance_m": 5.3, "original_speed": "2752", "wheel_diameter_mm": 711.1999999999999, "braking_intensity": 0.0, "is_braking": false}}, {"type": "Feature", "geometry": {"type": "LineString", "coordinates": [[4.9063651, 52.3642599], [4.9063355, 52.3643064]]}, "properties": {"Speed": 22.3, "road_quality": 2, "marker": 7, "trip_id": "604F0_Trip2", "hrot_diff": 1, "sample_diff": 9, "time_diff_s": 0.18, "gps_distance_m": 5.5, "original_speed": "2542", "wheel_diameter_mm": 711.1999999999999, "braking_intensity": 0.0, "is_braking": false}}, {"type": "Feature", "geometry": {"type": "LineString", "coordinates": [[4.9063355, 52.3643064], [4.9063109, 52.3643535]]}, "properties": {"Speed": 20.1, "road_quality": 2, "marker": 7, "trip_id": "604F0_Trip2", "hrot_diff": 1, "sample_diff": 10, "time_diff_s": 0.2, "gps_distance_m": 5.5, "original_speed": "2884", "wheel_diameter_mm": 711.1999999999999, "braking_intensity": 0.0, "is_braking": false}}, {"type": "Feature", "geometry": {"type": "LineString", "coordinates": [[4.9063109, 52.3643535], [4.9062735, 52.3644056]]}, "properties": {"Speed": 22.3, "road_quality": 2, "marker": 7, "trip_id": "604F0_Trip2", "hrot_diff": 1, "sample_diff": 9, "time_diff_s": 0.18, "gps_distance_m": 6.3, "original_speed": "3000", "wheel_diameter_mm": 711.1999999999999, "braking_intensity": 0.0, "is_braking": false}}, {"type": "Feature", "geometry": {"type": "LineString", "coordinates": [[4.9062735, 52.3644056], [4.9062448, 52.3644622]]}, "properties": {"Speed": 14.4, "road_quality": 2, "marker": 7, "trip_id": "604F0_Trip2", "hrot_diff": 1, "sample_diff": 14, "time_diff_s": 0.28, "gps_distance_m": 6.6, "original_speed": "3000", "wheel_diameter_mm": 711.1999999999999, "braking_intensity": 0.0, "is_braking": false}}, {"type": "Feature", "geometry": {"type": "LineString", "coordinates": [[4.9062448, 52.3644622], [4.9062185, 52.364514]]}, "properties": {"Speed": 20.1, "road_quality": 2, "marker": 7, "trip_id": "604F0_Trip2", "hrot_diff": 1, "sample_diff": 10, "time_diff_s": 0.2, "gps_distance_m": 6.0, "original_speed": "2941", "wheel_diameter_mm": 711.1999999999999, "braking_intensity": 0.0, "is_braking": false}}, {"type": "Feature", "geometry": {"type": "LineString", "coordinates": [[4.9062185, 52.364514], [4.9061869, 52.3645674]]}, "properties": {"Speed": 20.2, "road_quality": 2, "marker": 7, "trip_id": "604F0_Trip2", "hrot_diff": 1, "sample_diff": 10, "time_diff_s": 0.199, "gps_distance_m": 6.3, "original_speed": "2941", "wheel_diameter_mm": 711.1999999999999, "braking_intensity": 0.0, "is_braking": false}}, {"type": "Feature", "geometry": {"type": "LineString", "coordinates": [[4.9061869, 52.3645674], [4.9061512, 52.3646165]]}, "properties": {"Speed": 22.3, "road_quality": 2, "marker": 7, "trip_id": "604F0_Trip2", "hrot_diff": 1, "sample_diff": 9, "time_diff_s": 0.18, "gps_distance_m": 6.0, "original_speed": "2884", "wheel_diameter_mm": 711.1999999999999, "braking_intensity": 0.0, "is_braking": false}}, {"type": "Feature", "geometry": {"type": "LineString", "coordinates": [[4.9061512, 52.3646165], [4.9061094, 52.3646626]]}, "properties": {"Speed": 20.1, "road_quality": 2, "marker": 7, "trip_id": "604F0_Trip2", "hrot_diff": 1, "sample_diff": 10, "time_diff_s": 0.2, "gps_distance_m": 5.9, "original_speed": "2857", "wheel_diameter_mm": 711.1999999999999, "braking_intensity": 0.0, "is_braking": false}}, {"type": "Feature", "geometry": {"type": "LineString", "coordinates": [[4.9061094, 52.3646626], [4.9060725, 52.3647057]]}, "properties": {"Speed": 33.5, "road_quality": 2, "marker": 7, "trip_id": "604F0_Trip2", "hrot_diff": 1, "sample_diff": 6, "time_diff_s": 0.12, "gps_distance_m": 5.4, "original_speed": "2884", "wheel_diameter_mm": 711.1999999999999, "braking_intensity": 0.0, "is_braking": false}}, {"type": "Feature", "geometry": {"type": "LineString", "coordinates": [[4.9060725, 52.3647057], [4.9060277, 52.3647554]]}, "properties": {"Speed": 25.1, "road_quality": 2, "marker": 7, "trip_id": "604F0_Trip2", "hrot_diff": 1, "sample_diff": 8, "time_diff_s": 0.16, "gps_distance_m": 6.3, "original_speed": "2970", "wheel_diameter_mm": 711.1999999999999, "braking_intensity": 0.0, "is_braking": false}}, {"type": "Feature", "geometry": {"type": "LineString", "coordinates": [[4.9060277, 52.3647554], [4.9059832, 52.3648041]]}, "properties": {"Speed": 22.3, "road_quality": 2, "marker": 7, "trip_id": "604F0_Trip2", "hrot_diff": 1, "sample_diff": 9, "time_diff_s": 0.18, "gps_distance_m": 6.2, "original_speed": "2991", "wheel_diameter_mm": 711.1999999999999, "braking_intensity": 0.0, "is_braking": false}}, {"type": "Feature", "geometry": {"type": "LineString", "coordinates": [[4.9059832, 52.3648041], [4.9059457, 52.3648426]]}, "properties": {"Speed": 19.1, "road_quality": 2, "marker": 7, "trip_id": "604F0_Trip2", "hrot_diff": 1, "sample_diff": 10, "time_diff_s": 0.211, "gps_distance_m": 5.0, "original_speed": "2941", "wheel_diameter_mm": 711.1999999999999, "braking_intensity": 0.0, "is_braking": false}}, {"type": "Feature", "geometry": {"type": "LineString", "coordinates": [[4.9059457, 52.3648426], [4.9059071, 52.3648949]]}, "properties": {"Speed": 28.7, "road_quality": 2, "marker": 7, "trip_id": "604F0_Trip2", "hrot_diff": 1, "sample_diff": 7, "time_diff_s": 0.14, "gps_distance_m": 6.4, "original_speed": "2777", "wheel_diameter_mm": 711.1999999999999, "braking_intensity": 0.0, "is_braking": false}}, {"type": "Feature", "geometry": {"type": "LineString", "coordinates": [[4.9059071, 52.3648949], [4.9058723, 52.3649423]]}, "properties": {"Speed": 20.1, "road_quality": 2, "marker": 7, "trip_id": "604F0_Trip2", "hrot_diff": 1, "sample_diff": 10, "time_diff_s": 0.2, "gps_distance_m": 5.8, "original_speed": "2970", "wheel_diameter_mm": 711.1999999999999, "braking_intensity": 0.0, "is_braking": false}}, {"type": "Feature", "geometry": {"type": "LineString", "coordinates": [[4.9058723, 52.3649423], [4.9058502, 52.3649926]]}, "properties": {"Speed": 25.1, "road_quality": 2, "marker": 7, "trip_id": "604F0_Trip2", "hrot_diff": 1, "sample_diff": 8, "time_diff_s": 0.16, "gps_distance_m": 5.8, "original_speed": "2803", "wheel_diameter_mm": 711.1999999999999, "braking_intensity": 0.0, "is_braking": false}}, {"type": "Feature", "geometry": {"type": "LineString", "coordinates": [[4.9058502, 52.3649926], [4.9058497, 52.3650713]]}, "properties": {"Speed": 18.3, "road_quality": 2, "marker": 7, "trip_id": "604F0_Trip2", "hrot_diff": 1, "sample_diff": 11, "time_diff_s": 0.22, "gps_distance_m": 8.8, "original_speed": "2727", "wheel_diameter_mm": 711.1999999999999, "braking_intensity": 0.0, "is_braking": false}}, {"type": "Feature", "geometry": {"type": "LineString", "coordinates": [[4.9058497, 52.3650713], [4.9058233, 52.3651264]]}, "properties": {"Speed": 18.3, "road_quality": 2, "marker": 7, "trip_id": "604F0_Trip2", "hrot_diff": 1, "sample_diff": 11, "time_diff_s": 0.22, "gps_distance_m": 6.4, "original_speed": "2702", "wheel_diameter_mm": 711.1999999999999, "braking_intensity": 0.0, "is_braking": false}}, {"type": "Feature", "geometry": {"type": "LineString", "coordinates": [[4.9058233, 52.3651264], [4.9057865, 52.3651764]]}, "properties": {"Speed": 25.1, "road_quality": 2, "marker": 7, "trip_id": "604F0_Trip2", "hrot_diff": 1, "sample_diff": 8, "time_diff_s": 0.16, "gps_distance_m": 6.1, "original_speed": "2542", "wheel_diameter_mm": 711.1999999999999, "braking_intensity": 0.0, "is_braking": false}}, {"type": "Feature", "geometry": {"type": "LineString", "coordinates": [[4.9057865, 52.3651764], [4.9057582, 52.3652205]]}, "properties": {"Speed": 18.3, "road_quality": 2, "marker": 7, "trip_id": "604F0_Trip2", "hrot_diff": 1, "sample_diff": 11, "time_diff_s": 0.22, "gps_distance_m": 5.3, "original_speed": "2475", "wheel_diameter_mm": 711.1999999999999, "braking_intensity": 0.0, "is_braking": false}}, {"type": "Feature", "geometry": {"type": "LineString", "coordinates": [[4.9057582, 52.3652205], [4.9057217, 52.3652635]]}, "properties": {"Speed": 16.8, "road_quality": 2, "marker": 7, "trip_id": "604F0_Trip2", "hrot_diff": 1, "sample_diff": 12, "time_diff_s": 0.24, "gps_distance_m": 5.4, "original_speed": "2403", "wheel_diameter_mm": 711.1999999999999, "braking_intensity": 0.0, "is_braking": false}}, {"type": "Feature", "geometry": {"type": "LineString", "coordinates": [[4.9057217, 52.3652635], [4.9056874, 52.365303]]}, "properties": {"Speed": 15.5, "road_quality": 2, "marker": 7, "trip_id": "604F0_Trip2", "hrot_diff": 1, "sample_diff": 13, "time_diff_s": 0.26, "gps_distance_m": 5.0, "original_speed": "2252", "wheel_diameter_mm": 711.1999999999999, "braking_intensity": 0.0, "is_braking": false}}, {"type": "Feature", "geometry": {"type": "LineString", "coordinates": [[4.9056874, 52.365303], [4.905662, 52.3653355]]}, "properties": {"Speed": 15.5, "road_quality": 2, "marker": 7, "trip_id": "604F0_Trip2", "hrot_diff": 1, "sample_diff": 13, "time_diff_s": 0.26, "gps_distance_m": 4.0, "original_speed": "1904", "wheel_diameter_mm": 711.1999999999999, "braking_intensity": 0.0, "is_braking": false}}, {"type": "Feature", "geometry": {"type": "LineString", "coordinates": [[4.905662, 52.3653355], [4.9056417, 52.3653649]]}, "properties": {"Speed": 9.6, "road_quality": 2, "marker": 7, "trip_id": "604F0_Trip2", "hrot_diff": 1, "sample_diff": 21, "time_diff_s": 0.42, "gps_distance_m": 3.5, "original_speed": "1724", "wheel_diameter_mm": 711.1999999999999, "braking_intensity": 0.0, "is_braking": false}}, {"type": "Feature", "geometry": {"type": "LineString", "coordinates": [[4.9056417, 52.3653649], [4.9056298, 52.3653918]]}, "properties": {"Speed": 15.5, "road_quality": 2, "marker": 7, "trip_id": "604F0_Trip2", "hrot_diff": 1, "sample_diff": 13, "time_diff_s": 0.26, "gps_distance_m": 3.1, "original_speed": "1327", "wheel_diameter_mm": 711.1999999999999, "braking_intensity": 0.0, "is_braking": false}}, {"type": "Feature", "geometry": {"type": "LineString", "coordinates": [[4.9056298, 52.3653918], [4.9056265, 52.3654279]]}, "properties": {"Speed": 20.1, "road_quality": 2, "marker": 7, "trip_id": "604F0_Trip2", "hrot_diff": 1, "sample_diff": 10, "time_diff_s": 0.2, "gps_distance_m": 4.0, "original_speed": "1587", "wheel_diameter_mm": 711.1999999999999, "braking_intensity": 0.0, "is_braking": false}}, {"type": "Feature", "geometry": {"type": "LineString", "coordinates": [[4.9056265, 52.3654279], [4.9056125, 52.3654655]]}, "properties": {"Speed": 16.8, "road_quality": 2, "marker": 7, "trip_id": "604F0_Trip2", "hrot_diff": 1, "sample_diff": 12, "time_diff_s": 0.24, "gps_distance_m": 4.3, "original_speed": "2083", "wheel_diameter_mm": 711.1999999999999, "braking_intensity": 0.0, "is_braking": false}}, {"type": "Feature", "geometry": {"type": "LineString", "coordinates": [[4.9056125, 52.3654655], [4.9055845, 52.3655079]]}, "properties": {"Speed": 18.3, "road_quality": 2, "marker": 7, "trip_id": "604F0_Trip2", "hrot_diff": 1, "sample_diff": 11, "time_diff_s": 0.22, "gps_distance_m": 5.1, "original_speed": "2358", "wheel_diameter_mm": 711.1999999999999, "braking_intensity": 0.0, "is_braking": false}}, {"type": "Feature", "geometry": {"type": "LineString", "coordinates": [[4.9055845, 52.3655079], [4.9055439, 52.3655524]]}, "properties": {"Speed": 22.3, "road_quality": 2, "marker": 7, "trip_id": "604F0_Trip2", "hrot_diff": 1, "sample_diff": 9, "time_diff_s": 0.18, "gps_distance_m": 5.7, "original_speed": "2542", "wheel_diameter_mm": 711.1999999999999, "braking_intensity": 0.0, "is_braking": false}}, {"type": "Feature", "geometry": {"type": "LineString", "coordinates": [[4.9055439, 52.3655524], [4.905507, 52.3655973]]}, "properties": {"Speed": 22.3, "road_quality": 2, "marker": 7, "trip_id": "604F0_Trip2", "hrot_diff": 1, "sample_diff": 9, "time_diff_s": 0.18, "gps_distance_m": 5.6, "original_speed": "2586", "wheel_diameter_mm": 711.1999999999999, "braking_intensity": 0.0, "is_braking": false}}, {"type": "Feature", "geometry": {"type": "LineString", "coordinates": [[4.905507, 52.3655973], [4.9054779, 52.3656321]]}, "properties": {"Speed": 22.3, "road_quality": 2, "marker": 7, "trip_id": "604F0_Trip2", "hrot_diff": 1, "sample_diff": 9, "time_diff_s": 0.18, "gps_distance_m": 4.3, "original_speed": "2702", "wheel_diameter_mm": 711.1999999999999, "braking_intensity": 0.0, "is_braking": false}}, {"type": "Feature", "geometry": {"type": "LineString", "coordinates": [[4.9054779, 52.3656321], [4.9054493, 52.3656672]]}, "properties": {"Speed": 22.3, "road_quality": 2, "marker": 7, "trip_id": "604F0_Trip2", "hrot_diff": 1, "sample_diff": 9, "time_diff_s": 0.18, "gps_distance_m": 4.4, "original_speed": "2857", "wheel_diameter_mm": 711.1999999999999, "braking_intensity": 0.0, "is_braking": false}}, {"type": "Feature", "geometry": {"type": "LineString", "coordinates": [[4.9054493, 52.3656672], [4.9054113, 52.3657135]]}, "properties": {"Speed": 25.1, "road_quality": 2, "marker": 7, "trip_id": "604F0_Trip2", "hrot_diff": 1, "sample_diff": 8, "time_diff_s": 0.16, "gps_distance_m": 5.8, "original_speed": "2970", "wheel_diameter_mm": 711.1999999999999, "braking_intensity": 0.0, "is_braking": false}}, {"type": "Feature", "geometry": {"type": "LineString", "coordinates": [[4.9054113, 52.3657135], [4.9053731, 52.3657648]]}, "properties": {"Speed": 25.1, "road_quality": 2, "marker": 7, "trip_id": "604F0_Trip2", "hrot_diff": 1, "sample_diff": 8, "time_diff_s": 0.16, "gps_distance_m": 6.3, "original_speed": "3000", "wheel_diameter_mm": 711.1999999999999, "braking_intensity": 0.0, "is_braking": false}}, {"type": "Feature", "geometry": {"type": "LineString", "coordinates": [[4.9053731, 52.3657648], [4.9053257, 52.3658169]]}, "properties": {"Speed": 22.3, "road_quality": 2, "marker": 7, "trip_id": "604F0_Trip2", "hrot_diff": 1, "sample_diff": 9, "time_diff_s": 0.18, "gps_distance_m": 6.6, "original_speed": "3125", "wheel_diameter_mm": 711.1999999999999, "braking_intensity": 0.0, "is_braking": false}}, {"type": "Feature", "geometry": {"type": "LineString", "coordinates": [[4.9053257, 52.3658169], [4.9052825, 52.3658686]]}, "properties": {"Speed": 22.3, "road_quality": 2, "marker": 7, "trip_id": "604F0_Trip2", "hrot_diff": 1, "sample_diff": 9, "time_diff_s": 0.18, "gps_distance_m": 6.5, "original_speed": "3125", "wheel_diameter_mm": 711.1999999999999, "braking_intensity": 0.0, "is_braking": false}}, {"type": "Feature", "geometry": {"type": "LineString", "coordinates": [[4.9052825, 52.3658686], [4.9052471, 52.3659202]]}, "properties": {"Speed": 25.1, "road_quality": 2, "marker": 7, "trip_id": "604F0_Trip2", "hrot_diff": 1, "sample_diff": 8, "time_diff_s": 0.16, "gps_distance_m": 6.2, "original_speed": "3181", "wheel_diameter_mm": 711.1999999999999, "braking_intensity": 0.0, "is_braking": false}}, {"type": "Feature", "geometry": {"type": "LineString", "coordinates": [[4.9052471, 52.3659202], [4.9052099, 52.3659804]]}, "properties": {"Speed": 9.1, "road_quality": 2, "marker": 7, "trip_id": "604F0_Trip2", "hrot_diff": 1, "sample_diff": 22, "time_diff_s": 0.44, "gps_distance_m": 7.2, "original_speed": "2252", "wheel_diameter_mm": 711.1999999999999, "braking_intensity": 0.0, "is_braking": false}}, {"type": "Feature", "geometry": {"type": "LineString", "coordinates": [[4.9052099, 52.3659804], [4.9051626, 52.3660396]]}, "properties": {"Speed": 33.5, "road_quality": 2, "marker": 6, "trip_id": "604F0_Trip2", "hrot_diff": 1, "sample_diff": 6, "time_diff_s": 0.12, "gps_distance_m": 7.3, "original_speed": "-1", "wheel_diameter_mm": 711.1999999999999, "braking_intensity": 0.0, "is_braking": false}}, {"type": "Feature", "geometry": {"type": "LineString", "coordinates": [[4.9051626, 52.3660396], [4.9051185, 52.366094]]}, "properties": {"Speed": 40, "road_quality": 2, "marker": 6, "trip_id": "604F0_Trip2", "hrot_diff": 1, "sample_diff": 5, "time_diff_s": 0.1, "gps_distance_m": 6.7, "original_speed": "-1", "wheel_diameter_mm": 711.1999999999999, "braking_intensity": 0.0, "is_braking": false}}, {"type": "Feature", "geometry": {"type": "LineString", "coordinates": [[4.9051185, 52.366094], [4.9050963, 52.3661667]]}, "properties": {"Speed": 22.3, "road_quality": 2, "marker": 7, "trip_id": "604F0_Trip2", "hrot_diff": 1, "sample_diff": 9, "time_diff_s": 0.18, "gps_distance_m": 8.2, "original_speed": "3333", "wheel_diameter_mm": 711.1999999999999, "braking_intensity": 0.0, "is_braking": false}}, {"type": "Feature", "geometry": {"type": "LineString", "coordinates": [[4.9050963, 52.3661667], [4.9050682, 52.3662285]]}, "properties": {"Speed": 22.3, "road_quality": 2, "marker": 7, "trip_id": "604F0_Trip2", "hrot_diff": 1, "sample_diff": 9, "time_diff_s": 0.18, "gps_distance_m": 7.1, "original_speed": "3211", "wheel_diameter_mm": 711.1999999999999, "braking_intensity": 0.0, "is_braking": false}}, {"type": "Feature", "geometry": {"type": "LineString", "coordinates": [[4.9050682, 52.3662285], [4.9050435, 52.3662931]]}, "properties": {"Speed": 25.1, "road_quality": 2, "marker": 7, "trip_id": "604F0_Trip2", "hrot_diff": 1, "sample_diff": 8, "time_diff_s": 0.16, "gps_distance_m": 7.4, "original_speed": "3211", "wheel_diameter_mm": 711.1999999999999, "braking_intensity": 0.0, "is_braking": false}}, {"type": "Feature", "geometry": {"type": "LineString", "coordinates": [[4.9050435, 52.3662931], [4.905008, 52.3663567]]}, "properties": {"Speed": 20.1, "road_quality": 2, "marker": 7, "trip_id": "604F0_Trip2", "hrot_diff": 1, "sample_diff": 10, "time_diff_s": 0.2, "gps_distance_m": 7.5, "original_speed": "3211", "wheel_diameter_mm": 711.1999999999999, "braking_intensity": 0.0, "is_braking": false}}, {"type": "Feature", "geometry": {"type": "LineString", "coordinates": [[4.905008, 52.3663567], [4.904977, 52.3664179]]}, "properties": {"Speed": 25.1, "road_quality": 3, "marker": 7, "trip_id": "604F0_Trip2", "hrot_diff": 1, "sample_diff": 8, "time_diff_s": 0.16, "gps_distance_m": 7.1, "original_speed": "3153", "wheel_diameter_mm": 711.1999999999999, "braking_intensity": 0.0, "is_braking": false}}, {"type": "Feature", "geometry": {"type": "LineString", "coordinates": [[4.904977, 52.3664179], [4.9049499, 52.366476]]}, "properties": {"Speed": 25.1, "road_quality": 3, "marker": 7, "trip_id": "604F0_Trip2", "hrot_diff": 1, "sample_diff": 8, "time_diff_s": 0.16, "gps_distance_m": 6.7, "original_speed": "3153", "wheel_diameter_mm": 711.1999999999999, "braking_intensity": 0.0, "is_braking": false}}, {"type": "Feature", "geometry": {"type": "LineString", "coordinates": [[4.9049499, 52.366476], [4.9049233, 52.3665303]]}, "properties": {"Speed": 22.3, "road_quality": 3, "marker": 7, "trip_id": "604F0_Trip2", "hrot_diff": 1, "sample_diff": 9, "time_diff_s": 0.18, "gps_distance_m": 6.3, "original_speed": "2631", "wheel_diameter_mm": 711.1999999999999, "braking_intensity": 0.0, "is_braking": false}}, {"type": "Feature", "geometry": {"type": "LineString", "coordinates": [[4.9049233, 52.3665303], [4.9049117, 52.3665881]]}, "properties": {"Speed": 25.1, "road_quality": 3, "marker": 6, "trip_id": "604F0_Trip2", "hrot_diff": 1, "sample_diff": 8, "time_diff_s": 0.16, "gps_distance_m": 6.5, "original_speed": "-1", "wheel_diameter_mm": 711.1999999999999, "braking_intensity": 0.0, "is_braking": false}}, {"type": "Feature", "geometry": {"type": "LineString", "coordinates": [[4.9049117, 52.3665881], [4.9049043, 52.3666436]]}, "properties": {"Speed": 11.2, "road_quality": 2, "marker": 6, "trip_id": "604F0_Trip2", "hrot_diff": 1, "sample_diff": 18, "time_diff_s": 0.36, "gps_distance_m": 6.2, "original_speed": "-1", "wheel_diameter_mm": 711.1999999999999, "braking_intensity": 0.0, "is_braking": false}}, {"type": "Feature", "geometry": {"type": "LineString", "coordinates": [[4.9049043, 52.3666436], [4.9048873, 52.3667031]]}, "properties": {"Speed": 25.1, "road_quality": 3, "marker": 7, "trip_id": "604F0_Trip2", "hrot_diff": 1, "sample_diff": 8, "time_diff_s": 0.16, "gps_distance_m": 6.7, "original_speed": "2403", "wheel_diameter_mm": 711.1999999999999, "braking_intensity": 0.0, "is_braking": false}}, {"type": "Feature", "geometry": {"type": "LineString", "coordinates": [[4.9048873, 52.3667031], [4.9048619, 52.3667587]]}, "properties": {"Speed": 22.3, "road_quality": 3, "marker": 7, "trip_id": "604F0_Trip2", "hrot_diff": 1, "sample_diff": 9, "time_diff_s": 0.18, "gps_distance_m": 6.4, "original_speed": "3333", "wheel_diameter_mm": 711.1999999999999, "braking_intensity": 0.0, "is_braking": false}}, {"type": "Feature", "geometry": {"type": "LineString", "coordinates": [[4.9048619, 52.3667587], [4.9048267, 52.3668137]]}, "properties": {"Speed": 20.1, "road_quality": 2, "marker": 7, "trip_id": "604F0_Trip2", "hrot_diff": 1, "sample_diff": 10, "time_diff_s": 0.2, "gps_distance_m": 6.6, "original_speed": "3301", "wheel_diameter_mm": 711.1999999999999, "braking_intensity": 0.0, "is_braking": false}}, {"type": "Feature", "geometry": {"type": "LineString", "coordinates": [[4.9048267, 52.3668137], [4.9047861, 52.3668797]]}, "properties": {"Speed": 40, "road_quality": 2, "marker": 7, "trip_id": "604F0_Trip2", "hrot_diff": 1, "sample_diff": 5, "time_diff_s": 0.1, "gps_distance_m": 7.8, "original_speed": "3365", "wheel_diameter_mm": 711.1999999999999, "braking_intensity": 0.0, "is_braking": false}}, {"type": "Feature", "geometry": {"type": "LineString", "coordinates": [[4.9047861, 52.3668797], [4.9047418, 52.3669417]]}, "properties": {"Speed": 8.7, "road_quality": 2, "marker": 7, "trip_id": "604F0_Trip2", "hrot_diff": 1, "sample_diff": 23, "time_diff_s": 0.46, "gps_distance_m": 7.5, "original_speed": "2654", "wheel_diameter_mm": 711.1999999999999, "braking_intensity": 0.0, "is_braking": false}}, {"type": "Feature", "geometry": {"type": "LineString", "coordinates": [[4.9047418, 52.3669417], [4.9047013, 52.3670071]]}, "properties": {"Speed": 33.5, "road_quality": 3, "marker": 6, "trip_id": "604F0_Trip2", "hrot_diff": 1, "sample_diff": 6, "time_diff_s": 0.12, "gps_distance_m": 7.8, "original_speed": "-1", "wheel_diameter_mm": 711.1999999999999, "braking_intensity": 0.0, "is_braking": false}}, {"type": "Feature", "geometry": {"type": "LineString", "coordinates": [[4.9047013, 52.3670071], [4.9046651, 52.3670639]]}, "properties": {"Speed": 22.3, "road_quality": 3, "marker": 7, "trip_id": "604F0_Trip2", "hrot_diff": 1, "sample_diff": 9, "time_diff_s": 0.18, "gps_distance_m": 6.8, "original_speed": "3508", "wheel_diameter_mm": 711.1999999999999, "braking_intensity": 0.0, "is_braking": false}}, {"type": "Feature", "geometry": {"type": "LineString", "coordinates": [[4.9046651, 52.3670639], [4.9046291, 52.3671277]]}, "properties": {"Speed": 33.5, "road_quality": 3, "marker": 7, "trip_id": "604F0_Trip2", "hrot_diff": 1, "sample_diff": 6, "time_diff_s": 0.12, "gps_distance_m": 7.5, "original_speed": "3398", "wheel_diameter_mm": 711.1999999999999, "braking_intensity": 0.0, "is_braking": false}}, {"type": "Feature", "geometry": {"type": "LineString", "coordinates": [[4.9046291, 52.3671277], [4.9045998, 52.3671842]]}, "properties": {"Speed": 9.1, "road_quality": 3, "marker": 7, "trip_id": "604F0_Trip2", "hrot_diff": 1, "sample_diff": 22, "time_diff_s": 0.44, "gps_distance_m": 6.6, "original_speed": "3398", "wheel_diameter_mm": 711.1999999999999, "braking_intensity": 0.0, "is_braking": false}}, {"type": "Feature", "geometry": {"type": "LineString", "coordinates": [[4.9045998, 52.3671842], [4.9045703, 52.3672442]]}, "properties": {"Speed": 25.1, "road_quality": 2, "marker": 6, "trip_id": "604F0_Trip2", "hrot_diff": 1, "sample_diff": 8, "time_diff_s": 0.16, "gps_distance_m": 7.0, "original_speed": "-1", "wheel_diameter_mm": 711.1999999999999, "braking_intensity": 0.0, "is_braking": false}}, {"type": "Feature", "geometry": {"type": "LineString", "coordinates": [[4.9045703, 52.3672442], [4.9045359, 52.3672979]]}, "properties": {"Speed": 25.1, "road_quality": 2, "marker": 6, "trip_id": "604F0_Trip2", "hrot_diff": 1, "sample_diff": 8, "time_diff_s": 0.16, "gps_distance_m": 6.4, "original_speed": "-1", "wheel_diameter_mm": 711.1999999999999, "braking_intensity": 0.0, "is_braking": false}}, {"type": "Feature", "geometry": {"type": "LineString", "coordinates": [[4.9045359, 52.3672979], [4.9045018, 52.367354]]}, "properties": {"Speed": 33.5, "road_quality": 2, "marker": 7, "trip_id": "604F0_Trip2", "hrot_diff": 1, "sample_diff": 6, "time_diff_s": 0.12, "gps_distance_m": 6.7, "original_speed": "3301", "wheel_diameter_mm": 711.1999999999999, "braking_intensity": 0.0, "is_braking": false}}, {"type": "Feature", "geometry": {"type": "LineString", "coordinates": [[4.9045018, 52.367354], [4.904466, 52.3674055]]}, "properties": {"Speed": 8.4, "road_quality": 2, "marker": 7, "trip_id": "604F0_Trip2", "hrot_diff": 1, "sample_diff": 24, "time_diff_s": 0.48, "gps_distance_m": 6.2, "original_speed": "2403", "wheel_diameter_mm": 711.1999999999999, "braking_intensity": 0.0, "is_braking": false}}, {"type": "Feature", "geometry": {"type": "LineString", "coordinates": [[4.904466, 52.3674055], [4.9044354, 52.3674617]]}, "properties": {"Speed": 25.1, "road_quality": 2, "marker": 6, "trip_id": "604F0_Trip2", "hrot_diff": 1, "sample_diff": 8, "time_diff_s": 0.16, "gps_distance_m": 6.6, "original_speed": "-1", "wheel_diameter_mm": 711.1999999999999, "braking_intensity": 0.0, "is_braking": false}}, {"type": "Feature", "geometry": {"type": "LineString", "coordinates": [[4.9044354, 52.3674617], [4.9044111, 52.3675091]]}, "properties": {"Speed": 16.8, "road_quality": 2, "marker": 7, "trip_id": "604F0_Trip2", "hrot_diff": 1, "sample_diff": 12, "time_diff_s": 0.24, "gps_distance_m": 5.5, "original_speed": "3097", "wheel_diameter_mm": 711.1999999999999, "braking_intensity": 0.0, "is_braking": false}}, {"type": "Feature", "geometry": {"type": "LineString", "coordinates": [[4.9044111, 52.3675091], [4.9043815, 52.3675582]]}, "properties": {"Speed": 25.1, "road_quality": 2, "marker": 7, "trip_id": "604F0_Trip2", "hrot_diff": 1, "sample_diff": 8, "time_diff_s": 0.16, "gps_distance_m": 5.8, "original_speed": "3153", "wheel_diameter_mm": 711.1999999999999, "braking_intensity": 0.0, "is_braking": false}}, {"type": "Feature", "geometry": {"type": "LineString", "coordinates": [[4.9043815, 52.3675582], [4.9043442, 52.3675993]]}, "properties": {"Speed": 22.3, "road_quality": 2, "marker": 7, "trip_id": "604F0_Trip2", "hrot_diff": 1, "sample_diff": 9, "time_diff_s": 0.18, "gps_distance_m": 5.2, "original_speed": "3017", "wheel_diameter_mm": 711.1999999999999, "braking_intensity": 0.0, "is_braking": false}}, {"type": "Feature", "geometry": {"type": "LineString", "coordinates": [[4.9043442, 52.3675993], [4.9043051, 52.3676477]]}, "properties": {"Speed": 22.3, "road_quality": 2, "marker": 7, "trip_id": "604F0_Trip2", "hrot_diff": 1, "sample_diff": 9, "time_diff_s": 0.18, "gps_distance_m": 6.0, "original_speed": "2884", "wheel_diameter_mm": 711.1999999999999, "braking_intensity": 0.0, "is_braking": false}}, {"type": "Feature", "geometry": {"type": "LineString", "coordinates": [[4.9043051, 52.3676477], [4.9042977, 52.3677618]]}, "properties": {"Speed": 25.1, "road_quality": 3, "marker": 7, "trip_id": "604F0_Trip2", "hrot_diff": 1, "sample_diff": 8, "time_diff_s": 0.16, "gps_distance_m": 12.7, "original_speed": "3000", "wheel_diameter_mm": 711.1999999999999, "braking_intensity": 0.0, "is_braking": false}}, {"type": "Feature", "geometry": {"type": "LineString", "coordinates": [[4.9042977, 52.3677618], [4.9043717, 52.3678009]]}, "properties": {"Speed": 25.1, "road_quality": 3, "marker": 7, "trip_id": "604F0_Trip2", "hrot_diff": 1, "sample_diff": 8, "time_diff_s": 0.16, "gps_distance_m": 6.6, "original_speed": "3000", "wheel_diameter_mm": 711.1999999999999, "braking_intensity": 0.0, "is_braking": false}}, {"type": "Feature", "geometry": {"type": "LineString", "coordinates": [[4.9043717, 52.3678009], [4.9044362, 52.3678351]]}, "properties": {"Speed": 25.1, "road_quality": 2, "marker": 7, "trip_id": "604F0_Trip2", "hrot_diff": 1, "sample_diff": 8, "time_diff_s": 0.16, "gps_distance_m": 5.8, "original_speed": "3000", "wheel_diameter_mm": 711.1999999999999, "braking_intensity": 0.0, "is_braking": false}}, {"type": "Feature", "geometry": {"type": "LineString", "coordinates": [[4.9044362, 52.3678351], [4.9045053, 52.3678773]]}, "properties": {"Speed": 22.3, "road_quality": 2, "marker": 7, "trip_id": "604F0_Trip2", "hrot_diff": 1, "sample_diff": 9, "time_diff_s": 0.18, "gps_distance_m": 6.6, "original_speed": "3043", "wheel_diameter_mm": 711.1999999999999, "braking_intensity": 0.0, "is_braking": false}}, {"type": "Feature", "geometry": {"type": "LineString", "coordinates": [[4.9045927, 52.3679191], [4.9046347, 52.3679517]]}, "properties": {"Speed": 20.1, "road_quality": 2, "marker": 6, "trip_id": "604F0_Trip2", "hrot_diff": 1, "sample_diff": 10, "time_diff_s": 0.2, "gps_distance_m": 4.6, "original_speed": "-1", "wheel_diameter_mm": 711.1999999999999, "braking_intensity": 0.0, "is_braking": false}}, {"type": "Feature", "geometry": {"type": "LineString", "coordinates": [[4.9046347, 52.3679517], [4.9046993, 52.3679919]]}, "properties": {"Speed": 25.1, "road_quality": 2, "marker": 6, "trip_id": "604F0_Trip2", "hrot_diff": 1, "sample_diff": 8, "time_diff_s": 0.16, "gps_distance_m": 6.3, "original_speed": "-1", "wheel_diameter_mm": 711.1999999999999, "braking_intensity": 0.0, "is_braking": false}}, {"type": "Feature", "geometry": {"type": "LineString", "coordinates": [[4.9046993, 52.3679919], [4.9047904, 52.3680145]]}, "properties": {"Speed": 25.1, "road_quality": 3, "marker": 7, "trip_id": "604F0_Trip2", "hrot_diff": 1, "sample_diff": 8, "time_diff_s": 0.16, "gps_distance_m": 6.7, "original_speed": "3097", "wheel_diameter_mm": 711.1999999999999, "braking_intensity": 0.0, "is_braking": false}}, {"type": "Feature", "geometry": {"type": "LineString", "coordinates": [[4.9047904, 52.3680145], [4.9048731, 52.3680268]]}, "properties": {"Speed": 20.1, "road_quality": 3, "marker": 7, "trip_id": "604F0_Trip2", "hrot_diff": 1, "sample_diff": 10, "time_diff_s": 0.2, "gps_distance_m": 5.8, "original_speed": "2586", "wheel_diameter_mm": 711.1999999999999, "braking_intensity": 0.0, "is_braking": false}}, {"type": "Feature", "geometry": {"type": "LineString", "coordinates": [[4.9048731, 52.3680268], [4.90495, 52.3680342]]}, "properties": {"Speed": 8.4, "road_quality": 3, "marker": 7, "trip_id": "604F0_Trip2", "hrot_diff": 1, "sample_diff": 24, "time_diff_s": 0.48, "gps_distance_m": 5.3, "original_speed": "2727", "wheel_diameter_mm": 711.1999999999999, "braking_intensity": 0.0, "is_braking": false}}, {"type": "Feature", "geometry": {"type": "LineString", "coordinates": [[4.90495, 52.3680342], [4.9050136, 52.3680505]]}, "properties": {"Speed": 18.3, "road_quality": 3, "marker": 6, "trip_id": "604F0_Trip2", "hrot_diff": 1, "sample_diff": 11, "time_diff_s": 0.22, "gps_distance_m": 4.7, "original_speed": "-1", "wheel_diameter_mm": 711.1999999999999, "braking_intensity": 0.0, "is_braking": false}}, {"type": "Feature", "geometry": {"type": "LineString", "coordinates": [[4.9050539, 52.3681167], [4.905021, 52.3681518]]}, "properties": {"Speed": 20.5, "road_quality": 2, "marker": 6, "trip_id": "604F0_Trip2", "hrot_diff": 1, "sample_diff": 10, "time_diff_s": 0.196, "gps_distance_m": 4.5, "original_speed": "-1", "wheel_diameter_mm": 711.1999999999999, "braking_intensity": 0.0, "is_braking": false}}, {"type": "Feature", "geometry": {"type": "LineString", "coordinates": [[4.905021, 52.3681518], [4.9049648, 52.3681765]]}, "properties": {"Speed": 22.3, "road_quality": 2, "marker": 6, "trip_id": "604F0_Trip2", "hrot_diff": 1, "sample_diff": 9, "time_diff_s": 0.18, "gps_distance_m": 4.7, "original_speed": "-1", "wheel_diameter_mm": 711.1999999999999, "braking_intensity": 0.0, "is_braking": false}}, {"type": "Feature", "geometry": {"type": "LineString", "coordinates": [[4.9049648, 52.3681765], [4.9048993, 52.3682088]]}, "properties": {"Speed": 22.3, "road_quality": 2, "marker": 7, "trip_id": "604F0_Trip2", "hrot_diff": 1, "sample_diff": 9, "time_diff_s": 0.18, "gps_distance_m": 5.7, "original_speed": "2777", "wheel_diameter_mm": 711.1999999999999, "braking_intensity": 0.0, "is_braking": false}}, {"type": "Feature", "geometry": {"type": "LineString", "coordinates": [[4.9048993, 52.3682088], [4.9048264, 52.3682405]]}, "properties": {"Speed": 22.3, "road_quality": 2, "marker": 7, "trip_id": "604F0_Trip2", "hrot_diff": 1, "sample_diff": 9, "time_diff_s": 0.18, "gps_distance_m": 6.1, "original_speed": "2702", "wheel_diameter_mm": 711.1999999999999, "braking_intensity": 0.0, "is_braking": false}}, {"type": "Feature", "geometry": {"type": "LineString", "coordinates": [[4.9048264, 52.3682405], [4.904746, 52.3682689]]}, "properties": {"Speed": 20.1, "road_quality": 2, "marker": 7, "trip_id": "604F0_Trip2", "hrot_diff": 1, "sample_diff": 10, "time_diff_s": 0.2, "gps_distance_m": 6.3, "original_speed": "2752", "wheel_diameter_mm": 711.1999999999999, "braking_intensity": 0.0, "is_braking": false}}, {"type": "Feature", "geometry": {"type": "LineString", "coordinates": [[4.904746, 52.3682689], [4.9046704, 52.3682983]]}, "properties": {"Speed": 22.3, "road_quality": 2, "marker": 7, "trip_id": "604F0_Trip2", "hrot_diff": 1, "sample_diff": 9, "time_diff_s": 0.18, "gps_distance_m": 6.1, "original_speed": "2752", "wheel_diameter_mm": 711.1999999999999, "braking_intensity": 0.0, "is_braking": false}}, {"type": "Feature", "geometry": {"type": "LineString", "coordinates": [[4.9046704, 52.3682983], [4.9046002, 52.3683286]]}, "properties": {"Speed": 22.3, "road_quality": 2, "marker": 7, "trip_id": "604F0_Trip2", "hrot_diff": 1, "sample_diff": 9, "time_diff_s": 0.18, "gps_distance_m": 5.8, "original_speed": "2678", "wheel_diameter_mm": 711.1999999999999, "braking_intensity": 0.0, "is_braking": false}}, {"type": "Feature", "geometry": {"type": "LineString", "coordinates": [[4.9046002, 52.3683286], [4.9045281, 52.3683604]]}, "properties": {"Speed": 20.1, "road_quality": 2, "marker": 7, "trip_id": "604F0_Trip2", "hrot_diff": 1, "sample_diff": 10, "time_diff_s": 0.2, "gps_distance_m": 6.0, "original_speed": "2521", "wheel_diameter_mm": 711.1999999999999, "braking_intensity": 0.0, "is_braking": false}}, {"type": "Feature", "geometry": {"type": "LineString", "coordinates": [[4.9045281, 52.3683604], [4.9044667, 52.3683902]]}, "properties": {"Speed": 20.1, "road_quality": 2, "marker": 7, "trip_id": "604F0_Trip2", "hrot_diff": 1, "sample_diff": 10, "time_diff_s": 0.2, "gps_distance_m": 5.3, "original_speed": "2475", "wheel_diameter_mm": 711.1999999999999, "braking_intensity": 0.0, "is_braking": false}}, {"type": "Feature", "geometry": {"type": "LineString", "coordinates": [[4.9044667, 52.3683902], [4.9044021, 52.3684313]]}, "properties": {"Speed": 18.3, "road_quality": 2, "marker": 7, "trip_id": "604F0_Trip2", "hrot_diff": 1, "sample_diff": 11, "time_diff_s": 0.22, "gps_distance_m": 6.3, "original_speed": "2608", "wheel_diameter_mm": 711.1999999999999, "braking_intensity": 0.0, "is_braking": false}}, {"type": "Feature", "geometry": {"type": "LineString", "coordinates": [[4.9044021, 52.3684313], [4.9043908, 52.3684561]]}, "properties": {"Speed": 18.3, "road_quality": 2, "marker": 7, "trip_id": "604F0_Trip2", "hrot_diff": 1, "sample_diff": 11, "time_diff_s": 0.22, "gps_distance_m": 2.9, "original_speed": "2542", "wheel_diameter_mm": 711.1999999999999, "braking_intensity": 0.0, "is_braking": false}}, {"type": "Feature", "geometry": {"type": "LineString", "coordinates": [[4.9043908, 52.3684561], [4.9043956, 52.3684741]]}, "properties": {"Speed": 20.1, "road_quality": 2, "marker": 7, "trip_id": "604F0_Trip2", "hrot_diff": 1, "sample_diff": 10, "time_diff_s": 0.2, "gps_distance_m": 2.0, "original_speed": "2542", "wheel_diameter_mm": 711.1999999999999, "braking_intensity": 0.0, "is_braking": false}}, {"type": "Feature", "geometry": {"type": "LineString", "coordinates": [[4.9043956, 52.3684741], [4.9044435, 52.3685032]]}, "properties": {"Speed": 20.1, "road_quality": 2, "marker": 7, "trip_id": "604F0_Trip2", "hrot_diff": 1, "sample_diff": 10, "time_diff_s": 0.2, "gps_distance_m": 4.6, "original_speed": "2727", "wheel_diameter_mm": 711.1999999999999, "braking_intensity": 0.0, "is_braking": false}}, {"type": "Feature", "geometry": {"type": "LineString", "coordinates": [[4.9044435, 52.3685032], [4.9045172, 52.3685342]]}, "properties": {"Speed": 22.3, "road_quality": 2, "marker": 7, "trip_id": "604F0_Trip2", "hrot_diff": 1, "sample_diff": 9, "time_diff_s": 0.18, "gps_distance_m": 6.1, "original_speed": "2777", "wheel_diameter_mm": 711.1999999999999, "braking_intensity": 0.0, "is_braking": false}}, {"type": "Feature", "geometry": {"type": "LineString", "coordinates": [[4.9045172, 52.3685342], [4.9045955, 52.3685689]]}, "properties": {"Speed": 22.3, "road_quality": 2, "marker": 7, "trip_id": "604F0_Trip2", "hrot_diff": 1, "sample_diff": 9, "time_diff_s": 0.18, "gps_distance_m": 6.6, "original_speed": "2941", "wheel_diameter_mm": 711.1999999999999, "braking_intensity": 0.0, "is_braking": false}}, {"type": "Feature", "geometry": {"type": "LineString", "coordinates": [[4.9045955, 52.3685689], [4.9046759, 52.3686007]]}, "properties": {"Speed": 22.3, "road_quality": 2, "marker": 7, "trip_id": "604F0_Trip2", "hrot_diff": 1, "sample_diff": 9, "time_diff_s": 0.18, "gps_distance_m": 6.5, "original_speed": "3070", "wheel_diameter_mm": 711.1999999999999, "braking_intensity": 0.0, "is_braking": false}}, {"type": "Feature", "geometry": {"type": "LineString", "coordinates": [[4.9046759, 52.3686007], [4.9047918, 52.3686432]]}, "properties": {"Speed": 20.1, "road_quality": 2, "marker": 7, "trip_id": "604F0_Trip2", "hrot_diff": 1, "sample_diff": 10, "time_diff_s": 0.2, "gps_distance_m": 9.2, "original_speed": "3125", "wheel_diameter_mm": 711.1999999999999, "braking_intensity": 0.0, "is_braking": false}}, {"type": "Feature", "geometry": {"type": "LineString", "coordinates": [[4.9047918, 52.3686432], [4.9048845, 52.3686755]]}, "properties": {"Speed": 33.5, "road_quality": 2, "marker": 7, "trip_id": "604F0_Trip2", "hrot_diff": 1, "sample_diff": 6, "time_diff_s": 0.12, "gps_distance_m": 7.2, "original_speed": "3301", "wheel_diameter_mm": 711.1999999999999, "braking_intensity": 0.0, "is_braking": false}}, {"type": "Feature", "geometry": {"type": "LineString", "coordinates": [[4.9048845, 52.3686755], [4.9049674, 52.3687137]]}, "properties": {"Speed": 22.3, "road_quality": 2, "marker": 7, "trip_id": "604F0_Trip2", "hrot_diff": 1, "sample_diff": 9, "time_diff_s": 0.18, "gps_distance_m": 7.1, "original_speed": "3240", "wheel_diameter_mm": 711.1999999999999, "braking_intensity": 0.0, "is_braking": false}}, {"type": "Feature", "geometry": {"type": "LineString", "coordinates": [[4.9049674, 52.3687137], [4.9050579, 52.3687532]]}, "properties": {"Speed": 9.6, "road_quality": 2, "marker": 7, "trip_id": "604F0_Trip2", "hrot_diff": 1, "sample_diff": 21, "time_diff_s": 0.42, "gps_distance_m": 7.6, "original_speed": "3365", "wheel_diameter_mm": 711.1999999999999, "braking_intensity": 0.0, "is_braking": false}}, {"type": "Feature", "geometry": {"type": "LineString", "coordinates": [[4.9050579, 52.3687532], [4.9051663, 52.3687892]]}, "properties": {"Speed": 9.6, "road_quality": 2, "marker": 7, "trip_id": "604F0_Trip2", "hrot_diff": 1, "sample_diff": 21, "time_diff_s": 0.42, "gps_distance_m": 8.4, "original_speed": "2403", "wheel_diameter_mm": 711.1999999999999, "braking_intensity": 0.0, "is_braking": false}}, {"type": "Feature", "geometry": {"type": "LineString", "coordinates": [[4.9051663, 52.3687892], [4.9052635, 52.3688271]]}, "properties": {"Speed": 28.7, "road_quality": 2, "marker": 6, "trip_id": "604F0_Trip2", "hrot_diff": 1, "sample_diff": 7, "time_diff_s": 0.14, "gps_distance_m": 7.8, "original_speed": "-1", "wheel_diameter_mm": 711.1999999999999, "braking_intensity": 0.0, "is_braking": false}}, {"type": "Feature", "geometry": {"type": "LineString", "coordinates": [[4.9052635, 52.3688271], [4.9053421, 52.3688623]]}, "properties": {"Speed": 20.1, "road_quality": 2, "marker": 7, "trip_id": "604F0_Trip2", "hrot_diff": 1, "sample_diff": 10, "time_diff_s": 0.2, "gps_distance_m": 6.6, "original_speed": "3398", "wheel_diameter_mm": 711.1999999999999, "braking_intensity": 0.0, "is_braking": false}}, {"type": "Feature", "geometry": {"type": "LineString", "coordinates": [[4.9053421, 52.3688623], [4.9054291, 52.3688946]]}, "properties": {"Speed": 18.3, "road_quality": 2, "marker": 7, "trip_id": "604F0_Trip2", "hrot_diff": 1, "sample_diff": 11, "time_diff_s": 0.22, "gps_distance_m": 6.9, "original_speed": "3603", "wheel_diameter_mm": 711.1999999999999, "braking_intensity": 0.0, "is_braking": false}}, {"type": "Feature", "geometry": {"type": "LineString", "coordinates": [[4.9054291, 52.3688946], [4.9055095, 52.3689273]]}, "properties": {"Speed": 25.1, "road_quality": 2, "marker": 7, "trip_id": "604F0_Trip2", "hrot_diff": 1, "sample_diff": 8, "time_diff_s": 0.16, "gps_distance_m": 6.6, "original_speed": "3333", "wheel_diameter_mm": 711.1999999999999, "braking_intensity": 0.0, "is_braking": false}}, {"type": "Feature", "geometry": {"type": "LineString", "coordinates": [[4.9055095, 52.3689273], [4.9055977, 52.3689658]]}, "properties": {"Speed": 28.7, "road_quality": 2, "marker": 7, "trip_id": "604F0_Trip2", "hrot_diff": 1, "sample_diff": 7, "time_diff_s": 0.14, "gps_distance_m": 7.4, "original_speed": "3365", "wheel_diameter_mm": 711.1999999999999, "braking_intensity": 0.0, "is_braking": false}}, {"type": "Feature", "geometry": {"type": "LineString", "coordinates": [[4.9055977, 52.3689658], [4.9056735, 52.3690015]]}, "properties": {"Speed": 25.1, "road_quality": 2, "marker": 7, "trip_id": "604F0_Trip2", "hrot_diff": 1, "sample_diff": 8, "time_diff_s": 0.16, "gps_distance_m": 6.5, "original_speed": "3478", "wheel_diameter_mm": 711.1999999999999, "braking_intensity": 0.0, "is_braking": false}}, {"type": "Feature", "geometry": {"type": "LineString", "coordinates": [[4.9056735, 52.3690015], [4.905762, 52.3690394]]}, "properties": {"Speed": 28.7, "road_quality": 2, "marker": 7, "trip_id": "604F0_Trip2", "hrot_diff": 1, "sample_diff": 7, "time_diff_s": 0.14, "gps_distance_m": 7.3, "original_speed": "3465", "wheel_diameter_mm": 711.1999999999999, "braking_intensity": 0.0, "is_braking": false}}, {"type": "Feature", "geometry": {"type": "LineString", "coordinates": [[4.905762, 52.3690394], [4.9058561, 52.369076]]}, "properties": {"Speed": 40, "road_quality": 2, "marker": 7, "trip_id": "604F0_Trip2", "hrot_diff": 1, "sample_diff": 5, "time_diff_s": 0.1, "gps_distance_m": 7.6, "original_speed": "3465", "wheel_diameter_mm": 711.1999999999999, "braking_intensity": 0.0, "is_braking": false}}, {"type": "Feature", "geometry": {"type": "LineString", "coordinates": [[4.9058561, 52.369076], [4.9059554, 52.3691109]]}, "properties": {"Speed": 25.1, "road_quality": 2, "marker": 7, "trip_id": "604F0_Trip2", "hrot_diff": 1, "sample_diff": 8, "time_diff_s": 0.16, "gps_distance_m": 7.8, "original_speed": "3703", "wheel_diameter_mm": 711.1999999999999, "braking_intensity": 0.0, "is_braking": false}}, {"type": "Feature", "geometry": {"type": "LineString", "coordinates": [[4.9059554, 52.3691109], [4.9060498, 52.3691446]]}, "properties": {"Speed": 28.7, "road_quality": 2, "marker": 7, "trip_id": "604F0_Trip2", "hrot_diff": 1, "sample_diff": 7, "time_diff_s": 0.14, "gps_distance_m": 7.4, "original_speed": "3603", "wheel_diameter_mm": 711.1999999999999, "braking_intensity": 0.0, "is_braking": false}}, {"type": "Feature", "geometry": {"type": "LineString", "coordinates": [[4.9061319, 52.369177], [4.9062254, 52.3692141]]}, "properties": {"Speed": 25.1, "road_quality": 2, "marker": 6, "trip_id": "604F0_Trip2", "hrot_diff": 1, "sample_diff": 8, "time_diff_s": 0.16, "gps_distance_m": 7.6, "original_speed": "-1", "wheel_diameter_mm": 711.1999999999999, "braking_intensity": 0.0, "is_braking": false}}, {"type": "Feature", "geometry": {"type": "LineString", "coordinates": [[4.9062254, 52.3692141], [4.906332, 52.369261]]}, "properties": {"Speed": 28.7, "road_quality": 2, "marker": 6, "trip_id": "604F0_Trip2", "hrot_diff": 1, "sample_diff": 7, "time_diff_s": 0.14, "gps_distance_m": 8.9, "original_speed": "-1", "wheel_diameter_mm": 711.1999999999999, "braking_intensity": 0.0, "is_braking": false}}, {"type": "Feature", "geometry": {"type": "LineString", "coordinates": [[4.906332, 52.369261], [4.9064332, 52.3693014]]}, "properties": {"Speed": 22.3, "road_quality": 2, "marker": 7, "trip_id": "604F0_Trip2", "hrot_diff": 1, "sample_diff": 9, "time_diff_s": 0.18, "gps_distance_m": 8.2, "original_speed": "3773", "wheel_diameter_mm": 711.1999999999999, "braking_intensity": 0.0, "is_braking": false}}, {"type": "Feature", "geometry": {"type": "LineString", "coordinates": [[4.9064332, 52.3693014], [4.9065349, 52.3693376]]}, "properties": {"Speed": 33.5, "road_quality": 2, "marker": 7, "trip_id": "604F0_Trip2", "hrot_diff": 1, "sample_diff": 6, "time_diff_s": 0.12, "gps_distance_m": 8.0, "original_speed": "3669", "wheel_diameter_mm": 711.1999999999999, "braking_intensity": 0.0, "is_braking": false}}, {"type": "Feature", "geometry": {"type": "LineString", "coordinates": [[4.9065349, 52.3693376], [4.9066247, 52.3693732]]}, "properties": {"Speed": 33.5, "road_quality": 2, "marker": 7, "trip_id": "604F0_Trip2", "hrot_diff": 1, "sample_diff": 6, "time_diff_s": 0.12, "gps_distance_m": 7.3, "original_speed": "3738", "wheel_diameter_mm": 711.1999999999999, "braking_intensity": 0.0, "is_braking": false}}, {"type": "Feature", "geometry": {"type": "LineString", "coordinates": [[4.9066247, 52.3693732], [4.9067311, 52.3694102]]}, "properties": {"Speed": 40, "road_quality": 2, "marker": 7, "trip_id": "604F0_Trip2", "hrot_diff": 1, "sample_diff": 5, "time_diff_s": 0.1, "gps_distance_m": 8.3, "original_speed": "3773", "wheel_diameter_mm": 711.1999999999999, "braking_intensity": 0.0, "is_braking": false}}, {"type": "Feature", "geometry": {"type": "LineString", "coordinates": [[4.9067311, 52.3694102], [4.9068205, 52.3694421]]}, "properties": {"Speed": 28.7, "road_quality": 2, "marker": 7, "trip_id": "604F0_Trip2", "hrot_diff": 1, "sample_diff": 7, "time_diff_s": 0.14, "gps_distance_m": 7.0, "original_speed": "3738", "wheel_diameter_mm": 711.1999999999999, "braking_intensity": 0.0, "is_braking": false}}, {"type": "Feature", "geometry": {"type": "LineString", "coordinates": [[4.9068205, 52.3694421], [4.9069181, 52.369481]]}, "properties": {"Speed": 28.7, "road_quality": 2, "marker": 7, "trip_id": "604F0_Trip2", "hrot_diff": 1, "sample_diff": 7, "time_diff_s": 0.14, "gps_distance_m": 7.9, "original_speed": "3921", "wheel_diameter_mm": 711.1999999999999, "braking_intensity": 0.0, "is_braking": false}}, {"type": "Feature", "geometry": {"type": "LineString", "coordinates": [[4.9070105, 52.3695192], [4.9071129, 52.3695613]]}, "properties": {"Speed": 6.3, "road_quality": 2, "marker": 6, "trip_id": "604F0_Trip2", "hrot_diff": 1, "sample_diff": 32, "time_diff_s": 0.64, "gps_distance_m": 8.4, "original_speed": "-1", "wheel_diameter_mm": 711.1999999999999, "braking_intensity": 0.0, "is_braking": false}}, {"type": "Feature", "geometry": {"type": "LineString", "coordinates": [[4.9071129, 52.3695613], [4.9072101, 52.3696004]]}, "properties": {"Speed": 40, "road_quality": 2, "marker": 7, "trip_id": "604F0_Trip2", "hrot_diff": 1, "sample_diff": 5, "time_diff_s": 0.1, "gps_distance_m": 7.9, "original_speed": "2054", "wheel_diameter_mm": 711.1999999999999, "braking_intensity": 0.0, "is_braking": false}}, {"type": "Feature", "geometry": {"type": "LineString", "coordinates": [[4.9073121, 52.3696374], [4.9074325, 52.3696804]]}, "properties": {"Speed": 28.7, "road_quality": 2, "marker": 6, "trip_id": "604F0_Trip2", "hrot_diff": 1, "sample_diff": 7, "time_diff_s": 0.14, "gps_distance_m": 9.5, "original_speed": "-1", "wheel_diameter_mm": 711.1999999999999, "braking_intensity": 0.0, "is_braking": false}}, {"type": "Feature", "geometry": {"type": "LineString", "coordinates": [[4.9074325, 52.3696804], [4.9075105, 52.3697114]]}, "properties": {"Speed": 28.7, "road_quality": 2, "marker": 6, "trip_id": "604F0_Trip2", "hrot_diff": 1, "sample_diff": 7, "time_diff_s": 0.14, "gps_distance_m": 6.3, "original_speed": "-1", "wheel_diameter_mm": 711.1999999999999, "braking_intensity": 0.0, "is_braking": false}}, {"type": "Feature", "geometry": {"type": "LineString", "coordinates": [[4.9075105, 52.3697114], [4.9075991, 52.3697422]]}, "properties": {"Speed": 28.7, "road_quality": 2, "marker": 7, "trip_id": "604F0_Trip2", "hrot_diff": 1, "sample_diff": 7, "time_diff_s": 0.14, "gps_distance_m": 6.9, "original_speed": "3431", "wheel_diameter_mm": 711.1999999999999, "braking_intensity": 0.0, "is_braking": false}}, {"type": "Feature", "geometry": {"type": "LineString", "coordinates": [[4.9075991, 52.3697422], [4.9076938, 52.3697718]]}, "properties": {"Speed": 28.7, "road_quality": 2, "marker": 7, "trip_id": "604F0_Trip2", "hrot_diff": 1, "sample_diff": 7, "time_diff_s": 0.14, "gps_distance_m": 7.2, "original_speed": "3301", "wheel_diameter_mm": 711.1999999999999, "braking_intensity": 0.0, "is_braking": false}}, {"type": "Feature", "geometry": {"type": "LineString", "coordinates": [[4.9076938, 52.3697718], [4.9077705, 52.3698032]]}, "properties": {"Speed": 25.1, "road_quality": 2, "marker": 7, "trip_id": "604F0_Trip2", "hrot_diff": 1, "sample_diff": 8, "time_diff_s": 0.16, "gps_distance_m": 6.3, "original_speed": "3365", "wheel_diameter_mm": 711.1999999999999, "braking_intensity": 0.0, "is_braking": false}}, {"type": "Feature", "geometry": {"type": "LineString", "coordinates": [[4.9077705, 52.3698032], [4.9078508, 52.3698355]]}, "properties": {"Speed": 25.1, "road_quality": 2, "marker": 7, "trip_id": "604F0_Trip2", "hrot_diff": 1, "sample_diff": 8, "time_diff_s": 0.16, "gps_distance_m": 6.5, "original_speed": "3211", "wheel_diameter_mm": 711.1999999999999, "braking_intensity": 0.0, "is_braking": false}}, {"type": "Feature", "geometry": {"type": "LineString", "coordinates": [[4.9078508, 52.3698355], [4.9079254, 52.3698647]]}, "properties": {"Speed": 20.1, "road_quality": 2, "marker": 7, "trip_id": "604F0_Trip2", "hrot_diff": 1, "sample_diff": 10, "time_diff_s": 0.2, "gps_distance_m": 6.0, "original_speed": "3181", "wheel_diameter_mm": 711.1999999999999, "braking_intensity": 0.0, "is_braking": false}}, {"type": "Feature", "geometry": {"type": "LineString", "coordinates": [[4.9079254, 52.3698647], [4.9079955, 52.3698903]]}, "properties": {"Speed": 22.3, "road_quality": 2, "marker": 7, "trip_id": "604F0_Trip2", "hrot_diff": 1, "sample_diff": 9, "time_diff_s": 0.18, "gps_distance_m": 5.5, "original_speed": "3070", "wheel_diameter_mm": 711.1999999999999, "braking_intensity": 0.0, "is_braking": false}}, {"type": "Feature", "geometry": {"type": "LineString", "coordinates": [[4.9079955, 52.3698903], [4.9080852, 52.3699182]]}, "properties": {"Speed": 25.1, "road_quality": 2, "marker": 7, "trip_id": "604F0_Trip2", "hrot_diff": 1, "sample_diff": 8, "time_diff_s": 0.16, "gps_distance_m": 6.8, "original_speed": "2970", "wheel_diameter_mm": 711.1999999999999, "braking_intensity": 0.0, "is_braking": false}}, {"type": "Feature", "geometry": {"type": "LineString", "coordinates": [[4.9080852, 52.3699182], [4.9081689, 52.3699465]]}, "properties": {"Speed": 25.1, "road_quality": 2, "marker": 7, "trip_id": "604F0_Trip2", "hrot_diff": 1, "sample_diff": 8, "time_diff_s": 0.16, "gps_distance_m": 6.5, "original_speed": "2912", "wheel_diameter_mm": 711.1999999999999, "braking_intensity": 0.0, "is_braking": false}}, {"type": "Feature", "geometry": {"type": "LineString", "coordinates": [[4.9081689, 52.3699465], [4.9083071, 52.3700024]]}, "properties": {"Speed": 22.3, "road_quality": 2, "marker": 7, "trip_id": "604F0_Trip2", "hrot_diff": 1, "sample_diff": 9, "time_diff_s": 0.18, "gps_distance_m": 11.3, "original_speed": "2830", "wheel_diameter_mm": 711.1999999999999, "braking_intensity": 0.0, "is_braking": false}}, {"type": "Feature", "geometry": {"type": "LineString", "coordinates": [[4.9083071, 52.3700024], [4.9083675, 52.3700354]]}, "properties": {"Speed": 20.1, "road_quality": 3, "marker": 7, "trip_id": "604F0_Trip2", "hrot_diff": 1, "sample_diff": 10, "time_diff_s": 0.2, "gps_distance_m": 5.5, "original_speed": "2912", "wheel_diameter_mm": 711.1999999999999, "braking_intensity": 0.0, "is_braking": false}}, {"type": "Feature", "geometry": {"type": "LineString", "coordinates": [[4.9083675, 52.3700354], [4.9084419, 52.37007]]}, "properties": {"Speed": 9.6, "road_quality": 3, "marker": 7, "trip_id": "604F0_Trip2", "hrot_diff": 1, "sample_diff": 21, "time_diff_s": 0.42, "gps_distance_m": 6.3, "original_speed": "3000", "wheel_diameter_mm": 711.1999999999999, "braking_intensity": 0.0, "is_braking": false}}, {"type": "Feature", "geometry": {"type": "LineString", "coordinates": [[4.9084419, 52.37007], [4.9085339, 52.370099]]}, "properties": {"Speed": 18.3, "road_quality": 3, "marker": 6, "trip_id": "604F0_Trip2", "hrot_diff": 1, "sample_diff": 11, "time_diff_s": 0.22, "gps_distance_m": 7.0, "original_speed": "-1", "wheel_diameter_mm": 711.1999999999999, "braking_intensity": 0.0, "is_braking": false}}, {"type": "Feature", "geometry": {"type": "LineString", "coordinates": [[4.9085339, 52.370099], [4.9086282, 52.3701263]]}, "properties": {"Speed": 40, "road_quality": 3, "marker": 6, "trip_id": "604F0_Trip2", "hrot_diff": 1, "sample_diff": 4, "time_diff_s": 0.08, "gps_distance_m": 7.1, "original_speed": "-1", "wheel_diameter_mm": 711.1999999999999, "braking_intensity": 0.0, "is_braking": false}}, {"type": "Feature", "geometry": {"type": "LineString", "coordinates": [[4.9086282, 52.3701263], [4.9087194, 52.370152]]}, "properties": {"Speed": 22.3, "road_quality": 2, "marker": 7, "trip_id": "604F0_Trip2", "hrot_diff": 1, "sample_diff": 9, "time_diff_s": 0.18, "gps_distance_m": 6.8, "original_speed": "3240", "wheel_diameter_mm": 711.1999999999999, "braking_intensity": 0.0, "is_braking": false}}, {"type": "Feature", "geometry": {"type": "LineString", "coordinates": [[4.9087194, 52.370152], [4.9088164, 52.3701781]]}, "properties": {"Speed": 22.3, "road_quality": 3, "marker": 7, "trip_id": "604F0_Trip2", "hrot_diff": 1, "sample_diff": 9, "time_diff_s": 0.18, "gps_distance_m": 7.2, "original_speed": "3465", "wheel_diameter_mm": 711.1999999999999, "braking_intensity": 0.0, "is_braking": false}}, {"type": "Feature", "geometry": {"type": "LineString", "coordinates": [[4.9088164, 52.3701781], [4.9089102, 52.3702053]]}, "properties": {"Speed": 28.7, "road_quality": 3, "marker": 7, "trip_id": "604F0_Trip2", "hrot_diff": 1, "sample_diff": 7, "time_diff_s": 0.14, "gps_distance_m": 7.0, "original_speed": "3478", "wheel_diameter_mm": 711.1999999999999, "braking_intensity": 0.0, "is_braking": false}}, {"type": "Feature", "geometry": {"type": "LineString", "coordinates": [[4.9089102, 52.3702053], [4.908999, 52.3702407]]}, "properties": {"Speed": 28.7, "road_quality": 3, "marker": 7, "trip_id": "604F0_Trip2", "hrot_diff": 1, "sample_diff": 7, "time_diff_s": 0.14, "gps_distance_m": 7.2, "original_speed": "3571", "wheel_diameter_mm": 711.1999999999999, "braking_intensity": 0.0, "is_braking": false}}, {"type": "Feature", "geometry": {"type": "LineString", "coordinates": [[4.908999, 52.3702407], [4.9090878, 52.3702797]]}, "properties": {"Speed": 22.3, "road_quality": 3, "marker": 7, "trip_id": "604F0_Trip2", "hrot_diff": 1, "sample_diff": 9, "time_diff_s": 0.18, "gps_distance_m": 7.4, "original_speed": "3508", "wheel_diameter_mm": 711.1999999999999, "braking_intensity": 0.0, "is_braking": false}}, {"type": "Feature", "geometry": {"type": "LineString", "coordinates": [[4.9090878, 52.3702797], [4.9091909, 52.3703167]]}, "properties": {"Speed": 9.6, "road_quality": 3, "marker": 7, "trip_id": "604F0_Trip2", "hrot_diff": 1, "sample_diff": 21, "time_diff_s": 0.42, "gps_distance_m": 8.1, "original_speed": "3500", "wheel_diameter_mm": 711.1999999999999, "braking_intensity": 0.0, "is_braking": false}}, {"type": "Feature", "geometry": {"type": "LineString", "coordinates": [[4.9091909, 52.3703167], [4.9092752, 52.3703523]]}, "properties": {"Speed": 33.5, "road_quality": 3, "marker": 6, "trip_id": "604F0_Trip2", "hrot_diff": 1, "sample_diff": 6, "time_diff_s": 0.12, "gps_distance_m": 7.0, "original_speed": "-1", "wheel_diameter_mm": 711.1999999999999, "braking_intensity": 0.0, "is_braking": false}}, {"type": "Feature", "geometry": {"type": "LineString", "coordinates": [[4.9092752, 52.3703523], [4.9093634, 52.370388]]}, "properties": {"Speed": 33.5, "road_quality": 2, "marker": 6, "trip_id": "604F0_Trip2", "hrot_diff": 1, "sample_diff": 6, "time_diff_s": 0.12, "gps_distance_m": 7.2, "original_speed": "-1", "wheel_diameter_mm": 711.1999999999999, "braking_intensity": 0.0, "is_braking": false}}, {"type": "Feature", "geometry": {"type": "LineString", "coordinates": [[4.9093634, 52.370388], [4.9094542, 52.3704227]]}, "properties": {"Speed": 25.1, "road_quality": 2, "marker": 7, "trip_id": "604F0_Trip2", "hrot_diff": 1, "sample_diff": 8, "time_diff_s": 0.16, "gps_distance_m": 7.3, "original_speed": "3603", "wheel_diameter_mm": 711.1999999999999, "braking_intensity": 0.0, "is_braking": false}}, {"type": "Feature", "geometry": {"type": "LineString", "coordinates": [[4.9094542, 52.3704227], [4.9095482, 52.370456]]}, "properties": {"Speed": 33.5, "road_quality": 3, "marker": 7, "trip_id": "604F0_Trip2", "hrot_diff": 1, "sample_diff": 6, "time_diff_s": 0.12, "gps_distance_m": 7.4, "original_speed": "3365", "wheel_diameter_mm": 711.1999999999999, "braking_intensity": 0.0, "is_braking": false}}, {"type": "Feature", "geometry": {"type": "LineString", "coordinates": [[4.9095482, 52.370456], [4.9096303, 52.370487]]}, "properties": {"Speed": 22.3, "road_quality": 3, "marker": 7, "trip_id": "604F0_Trip2", "hrot_diff": 1, "sample_diff": 9, "time_diff_s": 0.18, "gps_distance_m": 6.6, "original_speed": "3333", "wheel_diameter_mm": 711.1999999999999, "braking_intensity": 0.0, "is_braking": false}}, {"type": "Feature", "geometry": {"type": "LineString", "coordinates": [[4.9096303, 52.370487], [4.9097148, 52.3705129]]}, "properties": {"Speed": 28.7, "road_quality": 3, "marker": 7, "trip_id": "604F0_Trip2", "hrot_diff": 1, "sample_diff": 7, "time_diff_s": 0.14, "gps_distance_m": 6.4, "original_speed": "3153", "wheel_diameter_mm": 711.1999999999999, "braking_intensity": 0.0, "is_braking": false}}, {"type": "Feature", "geometry": {"type": "LineString", "coordinates": [[4.9097148, 52.3705129], [4.909795, 52.3705467]]}, "properties": {"Speed": 20.1, "road_quality": 3, "marker": 7, "trip_id": "604F0_Trip2", "hrot_diff": 1, "sample_diff": 10, "time_diff_s": 0.2, "gps_distance_m": 6.6, "original_speed": "3097", "wheel_diameter_mm": 711.1999999999999, "braking_intensity": 0.0, "is_braking": false}}, {"type": "Feature", "geometry": {"type": "LineString", "coordinates": [[4.909795, 52.3705467], [4.9098682, 52.3705759]]}, "properties": {"Speed": 20.1, "road_quality": 3, "marker": 7, "trip_id": "604F0_Trip2", "hrot_diff": 1, "sample_diff": 10, "time_diff_s": 0.2, "gps_distance_m": 5.9, "original_speed": "2727", "wheel_diameter_mm": 711.1999999999999, "braking_intensity": 0.0, "is_braking": false}}, {"type": "Feature", "geometry": {"type": "LineString", "coordinates": [[4.9099424, 52.3706109], [4.9099812, 52.3706457]]}, "properties": {"Speed": 22.3, "road_quality": 3, "marker": 6, "trip_id": "604F0_Trip2", "hrot_diff": 1, "sample_diff": 9, "time_diff_s": 0.18, "gps_distance_m": 4.7, "original_speed": "-1", "wheel_diameter_mm": 711.1999999999999, "braking_intensity": 0.0, "is_braking": false}}, {"type": "Feature", "geometry": {"type": "LineString", "coordinates": [[4.9099812, 52.3706457], [4.9100438, 52.370687]]}, "properties": {"Speed": 28.7, "road_quality": 3, "marker": 7, "trip_id": "604F0_Trip2", "hrot_diff": 1, "sample_diff": 7, "time_diff_s": 0.14, "gps_distance_m": 6.3, "original_speed": "3478", "wheel_diameter_mm": 711.1999999999999, "braking_intensity": 0.0, "is_braking": false}}, {"type": "Feature", "geometry": {"type": "LineString", "coordinates": [[4.9100438, 52.370687], [4.9101192, 52.3707369]]}, "properties": {"Speed": 33.5, "road_quality": 3, "marker": 7, "trip_id": "604F0_Trip2", "hrot_diff": 1, "sample_diff": 6, "time_diff_s": 0.12, "gps_distance_m": 7.5, "original_speed": "3500", "wheel_diameter_mm": 711.1999999999999, "braking_intensity": 0.0, "is_braking": false}}, {"type": "Feature", "geometry": {"type": "LineString", "coordinates": [[4.9101192, 52.3707369], [4.9102028, 52.3707865]]}, "properties": {"Speed": 33.5, "road_quality": 3, "marker": 7, "trip_id": "604F0_Trip2", "hrot_diff": 1, "sample_diff": 6, "time_diff_s": 0.12, "gps_distance_m": 7.9, "original_speed": "3603", "wheel_diameter_mm": 711.1999999999999, "braking_intensity": 0.0, "is_braking": false}}, {"type": "Feature", "geometry": {"type": "LineString", "coordinates": [[4.9102028, 52.3707865], [4.9102752, 52.3708307]]}, "properties": {"Speed": 33.5, "road_quality": 3, "marker": 7, "trip_id": "604F0_Trip2", "hrot_diff": 1, "sample_diff": 6, "time_diff_s": 0.12, "gps_distance_m": 7.0, "original_speed": "3703", "wheel_diameter_mm": 711.1999999999999, "braking_intensity": 0.0, "is_braking": false}}, {"type": "Feature", "geometry": {"type": "LineString", "coordinates": [[4.9102752, 52.3708307], [4.9103552, 52.3708795]]}, "properties": {"Speed": 9.6, "road_quality": 3, "marker": 7, "trip_id": "604F0_Trip2", "hrot_diff": 1, "sample_diff": 21, "time_diff_s": 0.42, "gps_distance_m": 7.7, "original_speed": "3181", "wheel_diameter_mm": 711.1999999999999, "braking_intensity": 0.0, "is_braking": false}}, {"type": "Feature", "geometry": {"type": "LineString", "coordinates": [[4.9103552, 52.3708795], [4.9104449, 52.3709306]]}, "properties": {"Speed": 40, "road_quality": 3, "marker": 6, "trip_id": "604F0_Trip2", "hrot_diff": 1, "sample_diff": 4, "time_diff_s": 0.08, "gps_distance_m": 8.3, "original_speed": "-1", "wheel_diameter_mm": 711.1999999999999, "braking_intensity": 0.0, "is_braking": false}}, {"type": "Feature", "geometry": {"type": "LineString", "coordinates": [[4.9105362, 52.3709765], [4.9106831, 52.371049]]}, "properties": {"Speed": 25.1, "road_quality": 3, "marker": 6, "trip_id": "604F0_Trip2", "hrot_diff": 1, "sample_diff": 8, "time_diff_s": 0.16, "gps_distance_m": 12.8, "original_speed": "-1", "wheel_diameter_mm": 711.1999999999999, "braking_intensity": 0.0, "is_braking": false}}, {"type": "Feature", "geometry": {"type": "LineString", "coordinates": [[4.9106831, 52.371049], [4.9107367, 52.3710898]]}, "properties": {"Speed": 10.1, "road_quality": 3, "marker": 7, "trip_id": "604F0_Trip2", "hrot_diff": 1, "sample_diff": 20, "time_diff_s": 0.4, "gps_distance_m": 5.8, "original_speed": "2450", "wheel_diameter_mm": 711.1999999999999, "braking_intensity": 0.0, "is_braking": false}}, {"type": "Feature", "geometry": {"type": "LineString", "coordinates": [[4.9107367, 52.3710898], [4.9108049, 52.3711403]]}, "properties": {"Speed": 28.7, "road_quality": 3, "marker": 6, "trip_id": "604F0_Trip2", "hrot_diff": 1, "sample_diff": 7, "time_diff_s": 0.14, "gps_distance_m": 7.3, "original_speed": "-1", "wheel_diameter_mm": 711.1999999999999, "braking_intensity": 0.0, "is_braking": false}}, {"type": "Feature", "geometry": {"type": "LineString", "coordinates": [[4.9108049, 52.3711403], [4.9108743, 52.3711815]]}, "properties": {"Speed": 22.3, "road_quality": 3, "marker": 6, "trip_id": "604F0_Trip2", "hrot_diff": 1, "sample_diff": 9, "time_diff_s": 0.18, "gps_distance_m": 6.6, "original_speed": "-1", "wheel_diameter_mm": 711.1999999999999, "braking_intensity": 0.0, "is_braking": false}}, {"type": "Feature", "geometry": {"type": "LineString", "coordinates": [[4.9108743, 52.3711815], [4.9109384, 52.3712147]]}, "properties": {"Speed": 25.1, "road_quality": 3, "marker": 7, "trip_id": "604F0_Trip2", "hrot_diff": 1, "sample_diff": 8, "time_diff_s": 0.16, "gps_distance_m": 5.7, "original_speed": "3240", "wheel_diameter_mm": 711.1999999999999, "braking_intensity": 0.0, "is_braking": false}}, {"type": "Feature", "geometry": {"type": "LineString", "coordinates": [[4.9109384, 52.3712147], [4.9110048, 52.3712532]]}, "properties": {"Speed": 18.3, "road_quality": 3, "marker": 7, "trip_id": "604F0_Trip2", "hrot_diff": 1, "sample_diff": 11, "time_diff_s": 0.22, "gps_distance_m": 6.2, "original_speed": "2941", "wheel_diameter_mm": 711.1999999999999, "braking_intensity": 0.0, "is_braking": false}}, {"type": "Feature", "geometry": {"type": "LineString", "coordinates": [[4.9110543, 52.3712884], [4.9111151, 52.3713238]]}, "properties": {"Speed": 20.1, "road_quality": 3, "marker": 6, "trip_id": "604F0_Trip2", "hrot_diff": 1, "sample_diff": 10, "time_diff_s": 0.2, "gps_distance_m": 5.7, "original_speed": "-1", "wheel_diameter_mm": 711.1999999999999, "braking_intensity": 0.0, "is_braking": false}}, {"type": "Feature", "geometry": {"type": "LineString", "coordinates": [[4.9111151, 52.3713238], [4.911174, 52.3713607]]}, "properties": {"Speed": 20.1, "road_quality": 3, "marker": 6, "trip_id": "604F0_Trip2", "hrot_diff": 1, "sample_diff": 10, "time_diff_s": 0.2, "gps_distance_m": 5.7, "original_speed": "-1", "wheel_diameter_mm": 711.1999999999999, "braking_intensity": 0.0, "is_braking": false}}, {"type": "Feature", "geometry": {"type": "LineString", "coordinates": [[4.911174, 52.3713607], [4.9112345, 52.3713831]]}, "properties": {"Speed": 20.1, "road_quality": 3, "marker": 7, "trip_id": "604F0_Trip2", "hrot_diff": 1, "sample_diff": 10, "time_diff_s": 0.2, "gps_distance_m": 4.8, "original_speed": "2631", "wheel_diameter_mm": 711.1999999999999, "braking_intensity": 0.0, "is_braking": false}}, {"type": "Feature", "geometry": {"type": "LineString", "coordinates": [[4.9112345, 52.3713831], [4.9112735, 52.3713858]]}, "properties": {"Speed": 25.1, "road_quality": 3, "marker": 7, "trip_id": "604F0_Trip2", "hrot_diff": 1, "sample_diff": 8, "time_diff_s": 0.16, "gps_distance_m": 2.7, "original_speed": "2631", "wheel_diameter_mm": 711.1999999999999, "braking_intensity": 0.0, "is_braking": false}}, {"type": "Feature", "geometry": {"type": "LineString", "coordinates": [[4.9112735, 52.3713858], [4.9113618, 52.3714014]]}, "properties": {"Speed": 33.5, "road_quality": 3, "marker": 7, "trip_id": "604F0_Trip2", "hrot_diff": 1, "sample_diff": 6, "time_diff_s": 0.12, "gps_distance_m": 6.2, "original_speed": "2830", "wheel_diameter_mm": 711.1999999999999, "braking_intensity": 0.0, "is_braking": false}}, {"type": "Feature", "geometry": {"type": "LineString", "coordinates": [[4.9113618, 52.3714014], [4.9114522, 52.3714117]]}, "properties": {"Speed": 15.5, "road_quality": 4, "marker": 7, "trip_id": "604F0_Trip2", "hrot_diff": 1, "sample_diff": 13, "time_diff_s": 0.26, "gps_distance_m": 6.2, "original_speed": "2857", "wheel_diameter_mm": 711.1999999999999, "braking_intensity": 0.0, "is_braking": false}}, {"type": "Feature", "geometry": {"type": "LineString", "coordinates": [[4.9114522, 52.3714117], [4.9115271, 52.3714136]]}, "properties": {"Speed": 25.1, "road_quality": 4, "marker": 7, "trip_id": "604F0_Trip2", "hrot_diff": 1, "sample_diff": 8, "time_diff_s": 0.16, "gps_distance_m": 5.1, "original_speed": "3070", "wheel_diameter_mm": 711.1999999999999, "braking_intensity": 0.0, "is_braking": false}}, {"type": "Feature", "geometry": {"type": "LineString", "coordinates": [[4.9115271, 52.3714136], [4.9115949, 52.3714072]]}, "properties": {"Speed": 16.8, "road_quality": 3, "marker": 7, "trip_id": "604F0_Trip2", "hrot_diff": 1, "sample_diff": 12, "time_diff_s": 0.24, "gps_distance_m": 4.7, "original_speed": "2777", "wheel_diameter_mm": 711.1999999999999, "braking_intensity": 0.0, "is_braking": false}}, {"type": "Feature", "geometry": {"type": "LineString", "coordinates": [[4.9115949, 52.3714072], [4.911653, 52.371401]]}, "properties": {"Speed": 16.8, "road_quality": 3, "marker": 7, "trip_id": "604F0_Trip2", "hrot_diff": 1, "sample_diff": 12, "time_diff_s": 0.24, "gps_distance_m": 4.0, "original_speed": "2941", "wheel_diameter_mm": 711.1999999999999, "braking_intensity": 0.0, "is_braking": false}}, {"type": "Feature", "geometry": {"type": "LineString", "coordinates": [[4.911653, 52.371401], [4.9117133, 52.37139]]}, "properties": {"Speed": 20.1, "road_quality": 3, "marker": 7, "trip_id": "604F0_Trip2", "hrot_diff": 1, "sample_diff": 10, "time_diff_s": 0.2, "gps_distance_m": 4.3, "original_speed": "2884", "wheel_diameter_mm": 711.1999999999999, "braking_intensity": 0.0, "is_braking": false}}, {"type": "Feature", "geometry": {"type": "LineString", "coordinates": [[4.9117133, 52.37139], [4.9117707, 52.3713725]]}, "properties": {"Speed": 20.1, "road_quality": 3, "marker": 7, "trip_id": "604F0_Trip2", "hrot_diff": 1, "sample_diff": 10, "time_diff_s": 0.2, "gps_distance_m": 4.4, "original_speed": "2631", "wheel_diameter_mm": 711.1999999999999, "braking_intensity": 0.0, "is_braking": false}}, {"type": "Feature", "geometry": {"type": "LineString", "coordinates": [[4.9117707, 52.3713725], [4.9118423, 52.3713518]]}, "properties": {"Speed": 5.7, "road_quality": 3, "marker": 7, "trip_id": "604F0_Trip2", "hrot_diff": 1, "sample_diff": 35, "time_diff_s": 0.7, "gps_distance_m": 5.4, "original_speed": "1680", "wheel_diameter_mm": 711.1999999999999, "braking_intensity": 0.0, "is_braking": false}}, {"type": "Feature", "geometry": {"type": "LineString", "coordinates": [[4.9118423, 52.3713518], [4.9119609, 52.3713176]]}, "properties": {"Speed": 11.8, "road_quality": 2, "marker": 6, "trip_id": "604F0_Trip2", "hrot_diff": 1, "sample_diff": 17, "time_diff_s": 0.34, "gps_distance_m": 8.9, "original_speed": "-1", "wheel_diameter_mm": 711.1999999999999, "braking_intensity": 0.0, "is_braking": false}}, {"type": "Feature", "geometry": {"type": "LineString", "coordinates": [[4.9119609, 52.3713176], [4.9119946, 52.3713059]]}, "properties": {"Speed": 8.0, "road_quality": 2, "marker": 7, "trip_id": "604F0_Trip2", "hrot_diff": 1, "sample_diff": 25, "time_diff_s": 0.5, "gps_distance_m": 2.6, "original_speed": "1574", "wheel_diameter_mm": 711.1999999999999, "braking_intensity": 0.0, "is_braking": false}}, {"type": "Feature", "geometry": {"type": "LineString", "coordinates": [[4.9119946, 52.3713059], [4.9120297, 52.3712916]]}, "properties": {"Speed": 6.9, "road_quality": 2, "marker": 7, "trip_id": "604F0_Trip2", "hrot_diff": 1, "sample_diff": 29, "time_diff_s": 0.58, "gps_distance_m": 2.9, "original_speed": "1190", "wheel_diameter_mm": 711.1999999999999, "braking_intensity": 0.0, "is_braking": false}}, {"type": "Feature", "geometry": {"type": "LineString", "coordinates": [[4.9120297, 52.3712916], [4.9120492, 52.3712853]]}, "properties": {"Speed": 5.3, "road_quality": 2, "marker": 7, "trip_id": "604F0_Trip2", "hrot_diff": 1, "sample_diff": 38, "time_diff_s": 0.76, "gps_distance_m": 1.5, "original_speed": "925", "wheel_diameter_mm": 711.1999999999999, "braking_intensity": 0.0, "is_braking": false}}, {"type": "Feature", "geometry": {"type": "LineString", "coordinates": [[4.9120492, 52.3712853], [4.912068, 52.3712738]]}, "properties": {"Speed": 5.0, "road_quality": 2, "marker": 7, "trip_id": "604F0_Trip2", "hrot_diff": 1, "sample_diff": 40, "time_diff_s": 0.8, "gps_distance_m": 1.8, "original_speed": "763", "wheel_diameter_mm": 711.1999999999999, "braking_intensity": 0.0, "is_braking": false}}, {"type": "Feature", "geometry": {"type": "LineString", "coordinates": [[4.912068, 52.3712738], [4.912121, 52.3712119]]}, "properties": {"Speed": 1.7, "road_quality": 2, "marker": 7, "trip_id": "604F0_Trip2", "hrot_diff": 1, "sample_diff": 119, "time_diff_s": 2.38, "gps_distance_m": 7.8, "original_speed": "680", "wheel_diameter_mm": 711.1999999999999, "braking_intensity": 0.0, "is_braking": false}}, {"type": "Feature", "geometry": {"type": "LineString", "coordinates": [[4.912121, 52.3712119], [4.9121322, 52.3711789]]}, "properties": {"Speed": 4.3, "road_quality": 2, "marker": 3, "trip_id": "604F0_Trip2", "hrot_diff": 1, "sample_diff": 47, "time_diff_s": 0.94, "gps_distance_m": 3.7, "original_speed": "0", "wheel_diameter_mm": 711.1999999999999, "braking_intensity": 0.0, "is_braking": false}}, {"type": "Feature", "geometry": {"type": "LineString", "coordinates": [[4.9121322, 52.3711789], [4.9121622, 52.3711632]]}, "properties": {"Speed": 7.2, "road_quality": 2, "marker": 7, "trip_id": "604F0_Trip2", "hrot_diff": 1, "sample_diff": 28, "time_diff_s": 0.56, "gps_distance_m": 2.7, "original_speed": "301", "wheel_diameter_mm": 711.1999999999999, "braking_intensity": 0.0, "is_braking": false}}, {"type": "Feature", "geometry": {"type": "LineString", "coordinates": [[4.9121622, 52.3711632], [4.912173, 52.371137]]}, "properties": {"Speed": 7.7, "road_quality": 2, "marker": 7, "trip_id": "604F0_Trip2", "hrot_diff": 1, "sample_diff": 26, "time_diff_s": 0.52, "gps_distance_m": 3.0, "original_speed": "775", "wheel_diameter_mm": 711.1999999999999, "braking_intensity": 0.0, "is_braking": false}}, {"type": "Feature", "geometry": {"type": "LineString", "coordinates": [[4.912173, 52.371137], [4.9122058, 52.3711161]]}, "properties": {"Speed": 9.6, "road_quality": 2, "marker": 7, "trip_id": "604F0_Trip2", "hrot_diff": 1, "sample_diff": 21, "time_diff_s": 0.42, "gps_distance_m": 3.2, "original_speed": "1020", "wheel_diameter_mm": 711.1999999999999, "braking_intensity": 0.0, "is_braking": false}}, {"type": "Feature", "geometry": {"type": "LineString", "coordinates": [[4.9122058, 52.3711161], [4.9122652, 52.3711112]]}, "properties": {"Speed": 14.4, "road_quality": 2, "marker": 7, "trip_id": "604F0_Trip2", "hrot_diff": 1, "sample_diff": 14, "time_diff_s": 0.28, "gps_distance_m": 4.1, "original_speed": "1250", "wheel_diameter_mm": 711.1999999999999, "braking_intensity": 0.0, "is_braking": false}}, {"type": "Feature", "geometry": {"type": "LineString", "coordinates": [[4.9122652, 52.3711112], [4.9123123, 52.3711055]]}, "properties": {"Speed": 11.2, "road_quality": 2, "marker": 7, "trip_id": "604F0_Trip2", "hrot_diff": 1, "sample_diff": 18, "time_diff_s": 0.36, "gps_distance_m": 3.3, "original_speed": "1442", "wheel_diameter_mm": 711.1999999999999, "braking_intensity": 0.0, "is_braking": false}}, {"type": "Feature", "geometry": {"type": "LineString", "coordinates": [[4.9123123, 52.3711055], [4.9123691, 52.3710991]]}, "properties": {"Speed": 12.6, "road_quality": 2, "marker": 7, "trip_id": "604F0_Trip2", "hrot_diff": 1, "sample_diff": 16, "time_diff_s": 0.32, "gps_distance_m": 3.9, "original_speed": "1515", "wheel_diameter_mm": 711.1999999999999, "braking_intensity": 0.0, "is_braking": false}}, {"type": "Feature", "geometry": {"type": "LineString", "coordinates": [[4.9123691, 52.3710991], [4.9124214, 52.3710946]]}, "properties": {"Speed": 11.8, "road_quality": 2, "marker": 7, "trip_id": "604F0_Trip2", "hrot_diff": 1, "sample_diff": 17, "time_diff_s": 0.34, "gps_distance_m": 3.6, "original_speed": "1600", "wheel_diameter_mm": 711.1999999999999, "braking_intensity": 0.0, "is_braking": false}}, {"type": "Feature", "geometry": {"type": "LineString", "coordinates": [[4.9124214, 52.3710946], [4.9124954, 52.37109]]}, "properties": {"Speed": 15.5, "road_quality": 2, "marker": 7, "trip_id": "604F0_Trip2", "hrot_diff": 1, "sample_diff": 13, "time_diff_s": 0.26, "gps_distance_m": 5.0, "original_speed": "1869", "wheel_diameter_mm": 711.1999999999999, "braking_intensity": 0.0, "is_braking": false}}, {"type": "Feature", "geometry": {"type": "LineString", "coordinates": [[4.9124954, 52.37109], [4.9125409, 52.3710765]]}, "properties": {"Speed": 12.6, "road_quality": 2, "marker": 7, "trip_id": "604F0_Trip2", "hrot_diff": 1, "sample_diff": 16, "time_diff_s": 0.32, "gps_distance_m": 3.4, "original_speed": "2000", "wheel_diameter_mm": 711.1999999999999, "braking_intensity": 0.0, "is_braking": false}}, {"type": "Feature", "geometry": {"type": "LineString", "coordinates": [[4.9125409, 52.3710765], [4.9126007, 52.371058]]}, "properties": {"Speed": 13.4, "road_quality": 3, "marker": 7, "trip_id": "604F0_Trip2", "hrot_diff": 1, "sample_diff": 15, "time_diff_s": 0.3, "gps_distance_m": 4.6, "original_speed": "1904", "wheel_diameter_mm": 711.1999999999999, "braking_intensity": 0.0, "is_braking": false}}, {"type": "Feature", "geometry": {"type": "LineString", "coordinates": [[4.9126007, 52.371058], [4.9126558, 52.3710402]]}, "properties": {"Speed": 15.5, "road_quality": 3, "marker": 7, "trip_id": "604F0_Trip2", "hrot_diff": 1, "sample_diff": 13, "time_diff_s": 0.26, "gps_distance_m": 4.2, "original_speed": "2049", "wheel_diameter_mm": 711.1999999999999, "braking_intensity": 0.0, "is_braking": false}}, {"type": "Feature", "geometry": {"type": "LineString", "coordinates": [[4.9126558, 52.3710402], [4.9126927, 52.371015]]}, "properties": {"Speed": 12.6, "road_quality": 3, "marker": 7, "trip_id": "604F0_Trip2", "hrot_diff": 1, "sample_diff": 16, "time_diff_s": 0.32, "gps_distance_m": 3.8, "original_speed": "2118", "wheel_diameter_mm": 711.1999999999999, "braking_intensity": 0.0, "is_braking": false}}, {"type": "Feature", "geometry": {"type": "LineString", "coordinates": [[4.9126927, 52.371015], [4.9127529, 52.3709932]]}, "properties": {"Speed": 20.1, "road_quality": 3, "marker": 7, "trip_id": "604F0_Trip2", "hrot_diff": 1, "sample_diff": 10, "time_diff_s": 0.2, "gps_distance_m": 4.8, "original_speed": "1980", "wheel_diameter_mm": 711.1999999999999, "braking_intensity": 0.0, "is_braking": false}}, {"type": "Feature", "geometry": {"type": "LineString", "coordinates": [[4.9127529, 52.3709932], [4.912835, 52.370963]]}, "properties": {"Speed": 20.1, "road_quality": 2, "marker": 7, "trip_id": "604F0_Trip2", "hrot_diff": 1, "sample_diff": 10, "time_diff_s": 0.2, "gps_distance_m": 6.5, "original_speed": "2252", "wheel_diameter_mm": 711.1999999999999, "braking_intensity": 0.0, "is_braking": false}}, {"type": "Feature", "geometry": {"type": "LineString", "coordinates": [[4.912835, 52.370963], [4.9128979, 52.3709393]]}, "properties": {"Speed": 18.3, "road_quality": 2, "marker": 7, "trip_id": "604F0_Trip2", "hrot_diff": 1, "sample_diff": 11, "time_diff_s": 0.22, "gps_distance_m": 5.0, "original_speed": "2479", "wheel_diameter_mm": 711.1999999999999, "braking_intensity": 0.0, "is_braking": false}}, {"type": "Feature", "geometry": {"type": "LineString", "coordinates": [[4.9128979, 52.3709393], [4.9129767, 52.370912]]}, "properties": {"Speed": 18.3, "road_quality": 2, "marker": 7, "trip_id": "604F0_Trip2", "hrot_diff": 1, "sample_diff": 11, "time_diff_s": 0.22, "gps_distance_m": 6.2, "original_speed": "2702", "wheel_diameter_mm": 711.1999999999999, "braking_intensity": 0.0, "is_braking": false}}, {"type": "Feature", "geometry": {"type": "LineString", "coordinates": [[4.9129767, 52.370912], [4.9130492, 52.3708883]]}, "properties": {"Speed": 18.3, "road_quality": 2, "marker": 7, "trip_id": "604F0_Trip2", "hrot_diff": 1, "sample_diff": 11, "time_diff_s": 0.22, "gps_distance_m": 5.6, "original_speed": "2830", "wheel_diameter_mm": 711.1999999999999, "braking_intensity": 0.0, "is_braking": false}}, {"type": "Feature", "geometry": {"type": "LineString", "coordinates": [[4.9130492, 52.3708883], [4.9131199, 52.3708602]]}, "properties": {"Speed": 33.5, "road_quality": 2, "marker": 7, "trip_id": "604F0_Trip2", "hrot_diff": 1, "sample_diff": 6, "time_diff_s": 0.12, "gps_distance_m": 5.7, "original_speed": "2857", "wheel_diameter_mm": 711.1999999999999, "braking_intensity": 0.0, "is_braking": false}}, {"type": "Feature", "geometry": {"type": "LineString", "coordinates": [[4.9131199, 52.3708602], [4.913196, 52.3708301]]}, "properties": {"Speed": 8.0, "road_quality": 2, "marker": 7, "trip_id": "604F0_Trip2", "hrot_diff": 1, "sample_diff": 25, "time_diff_s": 0.5, "gps_distance_m": 6.2, "original_speed": "3000", "wheel_diameter_mm": 711.1999999999999, "braking_intensity": 0.0, "is_braking": false}}, {"type": "Feature", "geometry": {"type": "LineString", "coordinates": [[4.913196, 52.3708301], [4.9132706, 52.3708038]]}, "properties": {"Speed": 8.0, "road_quality": 2, "marker": 7, "trip_id": "604F0_Trip2", "hrot_diff": 1, "sample_diff": 25, "time_diff_s": 0.5, "gps_distance_m": 5.8, "original_speed": "2136", "wheel_diameter_mm": 711.1999999999999, "braking_intensity": 0.0, "is_braking": false}}, {"type": "Feature", "geometry": {"type": "LineString", "coordinates": [[4.9133542, 52.3707718], [4.913444, 52.37074]]}, "properties": {"Speed": 33.5, "road_quality": 2, "marker": 7, "trip_id": "604F0_Trip2", "hrot_diff": 1, "sample_diff": 6, "time_diff_s": 0.12, "gps_distance_m": 7.0, "original_speed": "2830", "wheel_diameter_mm": 711.1999999999999, "braking_intensity": 0.0, "is_braking": false}}, {"type": "Feature", "geometry": {"type": "LineString", "coordinates": [[4.913444, 52.37074], [4.9135214, 52.3707276]]}, "properties": {"Speed": 25.1, "road_quality": 2, "marker": 7, "trip_id": "604F0_Trip2", "hrot_diff": 1, "sample_diff": 8, "time_diff_s": 0.16, "gps_distance_m": 5.4, "original_speed": "3070", "wheel_diameter_mm": 711.1999999999999, "braking_intensity": 0.0, "is_braking": false}}, {"type": "Feature", "geometry": {"type": "LineString", "coordinates": [[4.9135214, 52.3707276], [4.9136043, 52.370705]]}, "properties": {"Speed": 28.7, "road_quality": 3, "marker": 7, "trip_id": "604F0_Trip2", "hrot_diff": 1, "sample_diff": 7, "time_diff_s": 0.14, "gps_distance_m": 6.2, "original_speed": "3070", "wheel_diameter_mm": 711.1999999999999, "braking_intensity": 0.0, "is_braking": false}}]}