{"type": "FeatureCollection", "features": [{"type": "Feature", "geometry": {"type": "LineString", "coordinates": [[4.93937546406762, 52.3735086246878], [4.93943762358096, 52.3735117553507]]}, "properties": {"Speed": 0.0, "Speed_display": 10.8, "road_quality": 2, "marker": 0, "trip_id": "602B1_Trip11", "hrot_diff": 0, "sample_diff": 1, "time_diff_s": 0.02, "gps_distance_m": 4.2, "original_speed": "", "wheel_diameter_mm": 711, "braking_intensity": 0.0, "is_braking": false, "is_crash": false, "crash_intensity_g": 0.0, "segment_start_sample": 1560, "segment_end_sample": 1561, "time_str": ""}}, {"type": "Feature", "geometry": {"type": "LineString", "coordinates": [[4.93943762358096, 52.3735117553507], [4.9394827202717, 52.3735029041383]]}, "properties": {"Speed": 0.0, "Speed_display": 10.1, "road_quality": 2, "marker": 0, "trip_id": "602B1_Trip11", "hrot_diff": 0, "sample_diff": 1, "time_diff_s": 0.02, "gps_distance_m": 3.2, "original_speed": "", "wheel_diameter_mm": 711, "braking_intensity": 0.0, "is_braking": false, "is_crash": false, "crash_intensity_g": 0.0, "segment_start_sample": 1604, "segment_end_sample": 1605, "time_str": ""}}, {"type": "Feature", "geometry": {"type": "LineString", "coordinates": [[4.9394827202717, 52.3735029041383], [4.93954022848944, 52.3735045238373]]}, "properties": {"Speed": 0.0, "Speed_display": 10.1, "road_quality": 2, "marker": 0, "trip_id": "602B1_Trip11", "hrot_diff": 0, "sample_diff": 1, "time_diff_s": 0.02, "gps_distance_m": 3.9, "original_speed": "", "wheel_diameter_mm": 711, "braking_intensity": 0.0, "is_braking": false, "is_crash": false, "crash_intensity_g": 0.0, "segment_start_sample": 1658, "segment_end_sample": 1659, "time_str": ""}}, {"type": "Feature", "geometry": {"type": "LineString", "coordinates": [[4.93954022848944, 52.3735045238373], [4.93959661374842, 52.3735223487248]]}, "properties": {"Speed": 0.0, "Speed_display": 10.1, "road_quality": 2, "marker": 0, "trip_id": "602B1_Trip11", "hrot_diff": 0, "sample_diff": 1, "time_diff_s": 0.02, "gps_distance_m": 4.3, "original_speed": "", "wheel_diameter_mm": 711, "braking_intensity": 0.0, "is_braking": false, "is_crash": false, "crash_intensity_g": 0.0, "segment_start_sample": 1714, "segment_end_sample": 1715, "time_str": ""}}, {"type": "Feature", "geometry": {"type": "LineString", "coordinates": [[4.93959661374842, 52.3735223487248], [4.93965279203793, 52.3735240892369]]}, "properties": {"Speed": 0.0, "Speed_display": 10.1, "road_quality": 2, "marker": 0, "trip_id": "602B1_Trip11", "hrot_diff": 0, "sample_diff": 1, "time_diff_s": 0.02, "gps_distance_m": 3.8, "original_speed": "", "wheel_diameter_mm": 711, "braking_intensity": 0.0, "is_braking": false, "is_crash": false, "crash_intensity_g": 0.0, "segment_start_sample": 1769, "segment_end_sample": 1770, "time_str": ""}}, {"type": "Feature", "geometry": {"type": "LineString", "coordinates": [[4.93965279203793, 52.3735240892369], [4.93971147899755, 52.3735305729247]]}, "properties": {"Speed": 0.0, "Speed_display": 10.1, "road_quality": 2, "marker": 0, "trip_id": "602B1_Trip11", "hrot_diff": 0, "sample_diff": 1, "time_diff_s": 0.02, "gps_distance_m": 4.0, "original_speed": "", "wheel_diameter_mm": 711, "braking_intensity": 0.0, "is_braking": false, "is_crash": false, "crash_intensity_g": 0.0, "segment_start_sample": 1810, "segment_end_sample": 1811, "time_str": ""}}, {"type": "Feature", "geometry": {"type": "LineString", "coordinates": [[4.93971147899755, 52.3735305729247], [4.93976822356599, 52.3735376942339]]}, "properties": {"Speed": 0.0, "Speed_display": 10.8, "road_quality": 2, "marker": 0, "trip_id": "602B1_Trip11", "hrot_diff": 0, "sample_diff": 1, "time_diff_s": 0.02, "gps_distance_m": 3.9, "original_speed": "", "wheel_diameter_mm": 711, "braking_intensity": 0.0, "is_braking": false, "is_crash": false, "crash_intensity_g": 0.0, "segment_start_sample": 1851, "segment_end_sample": 1852, "time_str": ""}}, {"type": "Feature", "geometry": {"type": "LineString", "coordinates": [[4.93976822356599, 52.3735376942339], [4.93981918396402, 52.3735415965775]]}, "properties": {"Speed": 0.0, "Speed_display": 10.1, "road_quality": 2, "marker": 0, "trip_id": "602B1_Trip11", "hrot_diff": 0, "sample_diff": 1, "time_diff_s": 0.02, "gps_distance_m": 3.5, "original_speed": "", "wheel_diameter_mm": 711, "braking_intensity": 0.0, "is_braking": false, "is_crash": false, "crash_intensity_g": 0.0, "segment_start_sample": 1908, "segment_end_sample": 1909, "time_str": ""}}, {"type": "Feature", "geometry": {"type": "LineString", "coordinates": [[4.93981918396402, 52.3735415965775], [4.93987103510168, 52.373536856568]]}, "properties": {"Speed": 0.0, "Speed_display": 9.4, "road_quality": 2, "marker": 0, "trip_id": "602B1_Trip11", "hrot_diff": 0, "sample_diff": 1, "time_diff_s": 0.02, "gps_distance_m": 3.6, "original_speed": "", "wheel_diameter_mm": 711, "braking_intensity": 0.0, "is_braking": false, "is_crash": false, "crash_intensity_g": 0.0, "segment_start_sample": 1967, "segment_end_sample": 1968, "time_str": ""}}, {"type": "Feature", "geometry": {"type": "LineString", "coordinates": [[4.93987103510168, 52.373536856568], [4.93992766323286, 52.37353400657]]}, "properties": {"Speed": 0.0, "Speed_display": 9.4, "road_quality": 2, "marker": 0, "trip_id": "602B1_Trip11", "hrot_diff": 0, "sample_diff": 1, "time_diff_s": 0.02, "gps_distance_m": 3.9, "original_speed": "", "wheel_diameter_mm": 711, "braking_intensity": 0.0, "is_braking": false, "is_crash": false, "crash_intensity_g": 0.0, "segment_start_sample": 2014, "segment_end_sample": 2015, "time_str": ""}}, {"type": "Feature", "geometry": {"type": "LineString", "coordinates": [[4.93992766323286, 52.37353400657], [4.9399757642987, 52.3735512236175]]}, "properties": {"Speed": 0.0, "Speed_display": 9.4, "road_quality": 3, "marker": 0, "trip_id": "602B1_Trip11", "hrot_diff": 0, "sample_diff": 1, "time_diff_s": 0.02, "gps_distance_m": 3.8, "original_speed": "", "wheel_diameter_mm": 711, "braking_intensity": 0.0, "is_braking": false, "is_crash": false, "crash_intensity_g": 0.0, "segment_start_sample": 2059, "segment_end_sample": 2060, "time_str": ""}}, {"type": "Feature", "geometry": {"type": "LineString", "coordinates": [[4.9399757642987, 52.3735512236175], [4.94003172216788, 52.3735523985109]]}, "properties": {"Speed": 0.0, "Speed_display": 9.4, "road_quality": 3, "marker": 0, "trip_id": "602B1_Trip11", "hrot_diff": 0, "sample_diff": 1, "time_diff_s": 0.02, "gps_distance_m": 3.8, "original_speed": "", "wheel_diameter_mm": 711, "braking_intensity": 0.0, "is_braking": false, "is_crash": false, "crash_intensity_g": 0.0, "segment_start_sample": 2120, "segment_end_sample": 2121, "time_str": ""}}, {"type": "Feature", "geometry": {"type": "LineString", "coordinates": [[4.94003172216788, 52.3735523985109], [4.94008312999567, 52.3735428099607]]}, "properties": {"Speed": 0.0, "Speed_display": 8.6, "road_quality": 2, "marker": 0, "trip_id": "602B1_Trip11", "hrot_diff": 0, "sample_diff": 1, "time_diff_s": 0.02, "gps_distance_m": 3.6, "original_speed": "", "wheel_diameter_mm": 711, "braking_intensity": 0.0, "is_braking": false, "is_crash": false, "crash_intensity_g": 0.0, "segment_start_sample": 2166, "segment_end_sample": 2167, "time_str": ""}}, {"type": "Feature", "geometry": {"type": "LineString", "coordinates": [[4.94008312999567, 52.3735428099607], [4.9401325920222, 52.3735612047726]]}, "properties": {"Speed": 0.0, "Speed_display": 9.4, "road_quality": 2, "marker": 0, "trip_id": "602B1_Trip11", "hrot_diff": 0, "sample_diff": 1, "time_diff_s": 0.02, "gps_distance_m": 3.9, "original_speed": "", "wheel_diameter_mm": 711, "braking_intensity": 0.0, "is_braking": false, "is_crash": false, "crash_intensity_g": 0.0, "segment_start_sample": 2212, "segment_end_sample": 2213, "time_str": ""}}, {"type": "Feature", "geometry": {"type": "LineString", "coordinates": [[4.9401325920222, 52.3735612047726], [4.94018043275021, 52.3735653496172]]}, "properties": {"Speed": 0.0, "Speed_display": 8.6, "road_quality": 2, "marker": 0, "trip_id": "602B1_Trip11", "hrot_diff": 0, "sample_diff": 1, "time_diff_s": 0.02, "gps_distance_m": 3.3, "original_speed": "", "wheel_diameter_mm": 711, "braking_intensity": 0.0, "is_braking": false, "is_crash": false, "crash_intensity_g": 0.0, "segment_start_sample": 2256, "segment_end_sample": 2257, "time_str": ""}}, {"type": "Feature", "geometry": {"type": "LineString", "coordinates": [[4.94018043275021, 52.3735653496172], [4.94021450137725, 52.373569465808]]}, "properties": {"Speed": 0.0, "Speed_display": 7.2, "road_quality": 2, "marker": 0, "trip_id": "602B1_Trip11", "hrot_diff": 0, "sample_diff": 1, "time_diff_s": 0.02, "gps_distance_m": 2.4, "original_speed": "", "wheel_diameter_mm": 711, "braking_intensity": 0.0, "is_braking": false, "is_crash": false, "crash_intensity_g": 0.0, "segment_start_sample": 2317, "segment_end_sample": 2318, "time_str": ""}}, {"type": "Feature", "geometry": {"type": "LineString", "coordinates": [[4.94021450137725, 52.373569465808], [4.94028167585983, 52.3735664228255]]}, "properties": {"Speed": 0.0, "Speed_display": 9.4, "road_quality": 2, "marker": 0, "trip_id": "602B1_Trip11", "hrot_diff": 0, "sample_diff": 1, "time_diff_s": 0.02, "gps_distance_m": 4.6, "original_speed": "", "wheel_diameter_mm": 711, "braking_intensity": 0.0, "is_braking": false, "is_crash": false, "crash_intensity_g": 0.0, "segment_start_sample": 2362, "segment_end_sample": 2363, "time_str": ""}}, {"type": "Feature", "geometry": {"type": "LineString", "coordinates": [[4.94028167585983, 52.3735664228255], [4.94031605957931, 52.3735502381141]]}, "properties": {"Speed": 0.0, "Speed_display": 7.2, "road_quality": 2, "marker": 0, "trip_id": "602B1_Trip11", "hrot_diff": 0, "sample_diff": 1, "time_diff_s": 0.02, "gps_distance_m": 2.9, "original_speed": "", "wheel_diameter_mm": 711, "braking_intensity": 0.0, "is_braking": false, "is_crash": false, "crash_intensity_g": 0.0, "segment_start_sample": 2410, "segment_end_sample": 2411, "time_str": ""}}, {"type": "Feature", "geometry": {"type": "LineString", "coordinates": [[4.94031605957931, 52.3735502381141], [4.94036310902634, 52.3735386316703]]}, "properties": {"Speed": 0.0, "Speed_display": 7.9, "road_quality": 2, "marker": 0, "trip_id": "602B1_Trip11", "hrot_diff": 0, "sample_diff": 1, "time_diff_s": 0.02, "gps_distance_m": 3.4, "original_speed": "", "wheel_diameter_mm": 711, "braking_intensity": 0.0, "is_braking": false, "is_crash": false, "crash_intensity_g": 0.0, "segment_start_sample": 2456, "segment_end_sample": 2457, "time_str": ""}}, {"type": "Feature", "geometry": {"type": "LineString", "coordinates": [[4.94036310902634, 52.3735386316703], [4.94040595523793, 52.3735713909178]]}, "properties": {"Speed": 0.0, "Speed_display": 7.9, "road_quality": 2, "marker": 0, "trip_id": "602B1_Trip11", "hrot_diff": 0, "sample_diff": 1, "time_diff_s": 0.02, "gps_distance_m": 4.7, "original_speed": "", "wheel_diameter_mm": 711, "braking_intensity": 0.0, "is_braking": false, "is_crash": false, "crash_intensity_g": 0.0, "segment_start_sample": 2502, "segment_end_sample": 2503, "time_str": ""}}, {"type": "Feature", "geometry": {"type": "LineString", "coordinates": [[4.94040595523793, 52.3735713909178], [4.94042650965501, 52.3736389309876]]}, "properties": {"Speed": 0.0, "Speed_display": 9.4, "road_quality": 2, "marker": 0, "trip_id": "602B1_Trip11", "hrot_diff": 0, "sample_diff": 1, "time_diff_s": 0.02, "gps_distance_m": 7.6, "original_speed": "", "wheel_diameter_mm": 711, "braking_intensity": 0.0, "is_braking": false, "is_crash": false, "crash_intensity_g": 0.0, "segment_start_sample": 2562, "segment_end_sample": 2563, "time_str": ""}}, {"type": "Feature", "geometry": {"type": "LineString", "coordinates": [[4.94042650965501, 52.3736389309876], [4.94046350292157, 52.3736917320733]]}, "properties": {"Speed": 0.0, "Speed_display": 9.4, "road_quality": 2, "marker": 0, "trip_id": "602B1_Trip11", "hrot_diff": 0, "sample_diff": 1, "time_diff_s": 0.02, "gps_distance_m": 6.4, "original_speed": "", "wheel_diameter_mm": 711, "braking_intensity": 0.0, "is_braking": false, "is_crash": false, "crash_intensity_g": 0.0, "segment_start_sample": 2606, "segment_end_sample": 2607, "time_str": ""}}, {"type": "Feature", "geometry": {"type": "LineString", "coordinates": [[4.94046350292157, 52.3736917320733], [4.94056805554968, 52.3737068348681]]}, "properties": {"Speed": 0.0, "Speed_display": 11.5, "road_quality": 2, "marker": 0, "trip_id": "602B1_Trip11", "hrot_diff": 0, "sample_diff": 1, "time_diff_s": 0.02, "gps_distance_m": 7.3, "original_speed": "", "wheel_diameter_mm": 711, "braking_intensity": 0.0, "is_braking": false, "is_crash": false, "crash_intensity_g": 0.0, "segment_start_sample": 2650, "segment_end_sample": 2651, "time_str": ""}}, {"type": "Feature", "geometry": {"type": "LineString", "coordinates": [[4.94056805554968, 52.3737068348681], [4.94061262901025, 52.3737278913602]]}, "properties": {"Speed": 0.0, "Speed_display": 10.1, "road_quality": 2, "marker": 0, "trip_id": "602B1_Trip11", "hrot_diff": 0, "sample_diff": 1, "time_diff_s": 0.02, "gps_distance_m": 3.8, "original_speed": "", "wheel_diameter_mm": 711, "braking_intensity": 0.0, "is_braking": false, "is_crash": false, "crash_intensity_g": 0.0, "segment_start_sample": 2711, "segment_end_sample": 2712, "time_str": ""}}, {"type": "Feature", "geometry": {"type": "LineString", "coordinates": [[4.94061262901025, 52.3737278913602], [4.94059595215193, 52.373764664967]]}, "properties": {"Speed": 0.0, "Speed_display": 7.9, "road_quality": 2, "marker": 0, "trip_id": "602B1_Trip11", "hrot_diff": 0, "sample_diff": 1, "time_diff_s": 0.02, "gps_distance_m": 4.2, "original_speed": "", "wheel_diameter_mm": 711, "braking_intensity": 0.0, "is_braking": false, "is_crash": false, "crash_intensity_g": 0.0, "segment_start_sample": 2758, "segment_end_sample": 2759, "time_str": ""}}, {"type": "Feature", "geometry": {"type": "LineString", "coordinates": [[4.94059595215193, 52.373764664967], [4.94058956798874, 52.3738018265549]]}, "properties": {"Speed": 0.0, "Speed_display": 7.9, "road_quality": 2, "marker": 0, "trip_id": "602B1_Trip11", "hrot_diff": 0, "sample_diff": 1, "time_diff_s": 0.02, "gps_distance_m": 4.2, "original_speed": "", "wheel_diameter_mm": 711, "braking_intensity": 0.0, "is_braking": false, "is_crash": false, "crash_intensity_g": 0.0, "segment_start_sample": 2808, "segment_end_sample": 2809, "time_str": ""}}, {"type": "Feature", "geometry": {"type": "LineString", "coordinates": [[4.94058956798874, 52.3738018265549], [4.94054373933863, 52.3738554436376]]}, "properties": {"Speed": 0.0, "Speed_display": 8.6, "road_quality": 2, "marker": 0, "trip_id": "602B1_Trip11", "hrot_diff": 0, "sample_diff": 1, "time_diff_s": 0.02, "gps_distance_m": 6.7, "original_speed": "", "wheel_diameter_mm": 711, "braking_intensity": 0.0, "is_braking": false, "is_crash": false, "crash_intensity_g": 0.0, "segment_start_sample": 2854, "segment_end_sample": 2855, "time_str": ""}}, {"type": "Feature", "geometry": {"type": "LineString", "coordinates": [[4.94054373933863, 52.3738554436376], [4.94049523737628, 52.3739108521135]]}, "properties": {"Speed": 0.0, "Speed_display": 9.4, "road_quality": 2, "marker": 0, "trip_id": "602B1_Trip11", "hrot_diff": 0, "sample_diff": 1, "time_diff_s": 0.02, "gps_distance_m": 7.0, "original_speed": "", "wheel_diameter_mm": 711, "braking_intensity": 0.0, "is_braking": false, "is_crash": false, "crash_intensity_g": 0.0, "segment_start_sample": 2899, "segment_end_sample": 2900, "time_str": ""}}, {"type": "Feature", "geometry": {"type": "LineString", "coordinates": [[4.94049523737628, 52.3739108521135], [4.94042031817654, 52.3739631416294]]}, "properties": {"Speed": 0.0, "Speed_display": 9.4, "road_quality": 3, "marker": 0, "trip_id": "602B1_Trip11", "hrot_diff": 0, "sample_diff": 1, "time_diff_s": 0.02, "gps_distance_m": 7.7, "original_speed": "", "wheel_diameter_mm": 711, "braking_intensity": 0.0, "is_braking": false, "is_crash": false, "crash_intensity_g": 0.0, "segment_start_sample": 2958, "segment_end_sample": 2959, "time_str": ""}}, {"type": "Feature", "geometry": {"type": "LineString", "coordinates": [[4.94042031817654, 52.3739631416294], [4.9403579990574, 52.3740027929874]]}, "properties": {"Speed": 0.0, "Speed_display": 10.1, "road_quality": 3, "marker": 0, "trip_id": "602B1_Trip11", "hrot_diff": 0, "sample_diff": 1, "time_diff_s": 0.02, "gps_distance_m": 6.1, "original_speed": "", "wheel_diameter_mm": 711, "braking_intensity": 0.0, "is_braking": false, "is_crash": false, "crash_intensity_g": 0.0, "segment_start_sample": 3001, "segment_end_sample": 3002, "time_str": ""}}, {"type": "Feature", "geometry": {"type": "LineString", "coordinates": [[4.9403579990574, 52.3740027929874], [4.94031075344373, 52.3740355367989]]}, "properties": {"Speed": 0.0, "Speed_display": 9.4, "road_quality": 2, "marker": 0, "trip_id": "602B1_Trip11", "hrot_diff": 0, "sample_diff": 1, "time_diff_s": 0.02, "gps_distance_m": 4.9, "original_speed": "", "wheel_diameter_mm": 711, "braking_intensity": 0.0, "is_braking": false, "is_crash": false, "crash_intensity_g": 0.0, "segment_start_sample": 3059, "segment_end_sample": 3060, "time_str": ""}}, {"type": "Feature", "geometry": {"type": "LineString", "coordinates": [[4.94031075344373, 52.3740355367989], [4.94025639301816, 52.3740621725892]]}, "properties": {"Speed": 0.0, "Speed_display": 10.1, "road_quality": 2, "marker": 0, "trip_id": "602B1_Trip11", "hrot_diff": 0, "sample_diff": 1, "time_diff_s": 0.02, "gps_distance_m": 4.7, "original_speed": "", "wheel_diameter_mm": 711, "braking_intensity": 0.0, "is_braking": false, "is_crash": false, "crash_intensity_g": 0.0, "segment_start_sample": 3102, "segment_end_sample": 3103, "time_str": ""}}, {"type": "Feature", "geometry": {"type": "LineString", "coordinates": [[4.94025639301816, 52.3740621725892], [4.94021122517515, 52.3740893259904]]}, "properties": {"Speed": 0.0, "Speed_display": 10.1, "road_quality": 2, "marker": 0, "trip_id": "602B1_Trip11", "hrot_diff": 0, "sample_diff": 1, "time_diff_s": 0.02, "gps_distance_m": 4.3, "original_speed": "", "wheel_diameter_mm": 711, "braking_intensity": 0.0, "is_braking": false, "is_crash": false, "crash_intensity_g": 0.0, "segment_start_sample": 3158, "segment_end_sample": 3159, "time_str": ""}}, {"type": "Feature", "geometry": {"type": "LineString", "coordinates": [[4.94021122517515, 52.3740893259904], [4.94015982481088, 52.3741171668715]]}, "properties": {"Speed": 0.0, "Speed_display": 10.1, "road_quality": 2, "marker": 0, "trip_id": "602B1_Trip11", "hrot_diff": 0, "sample_diff": 1, "time_diff_s": 0.02, "gps_distance_m": 4.7, "original_speed": "", "wheel_diameter_mm": 711, "braking_intensity": 0.0, "is_braking": false, "is_crash": false, "crash_intensity_g": 0.0, "segment_start_sample": 3200, "segment_end_sample": 3201, "time_str": ""}}, {"type": "Feature", "geometry": {"type": "LineString", "coordinates": [[4.94015982481088, 52.3741171668715], [4.94012473400707, 52.3741270387698]]}, "properties": {"Speed": 0.0, "Speed_display": 9.4, "road_quality": 2, "marker": 0, "trip_id": "602B1_Trip11", "hrot_diff": 0, "sample_diff": 1, "time_diff_s": 0.02, "gps_distance_m": 2.6, "original_speed": "", "wheel_diameter_mm": 711, "braking_intensity": 0.0, "is_braking": false, "is_crash": false, "crash_intensity_g": 0.0, "segment_start_sample": 3260, "segment_end_sample": 3261, "time_str": ""}}, {"type": "Feature", "geometry": {"type": "LineString", "coordinates": [[4.94012473400707, 52.3741270387698], [4.94008763774547, 52.374158425811]]}, "properties": {"Speed": 0.0, "Speed_display": 9.4, "road_quality": 2, "marker": 0, "trip_id": "602B1_Trip11", "hrot_diff": 0, "sample_diff": 1, "time_diff_s": 0.02, "gps_distance_m": 4.3, "original_speed": "", "wheel_diameter_mm": 711, "braking_intensity": 0.0, "is_braking": false, "is_crash": false, "crash_intensity_g": 0.0, "segment_start_sample": 3305, "segment_end_sample": 3306, "time_str": ""}}, {"type": "Feature", "geometry": {"type": "LineString", "coordinates": [[4.94008763774547, 52.374158425811], [4.94004853375868, 52.3741853431714]]}, "properties": {"Speed": 0.0, "Speed_display": 9.4, "road_quality": 2, "marker": 0, "trip_id": "602B1_Trip11", "hrot_diff": 0, "sample_diff": 1, "time_diff_s": 0.02, "gps_distance_m": 4.0, "original_speed": "", "wheel_diameter_mm": 711, "braking_intensity": 0.0, "is_braking": false, "is_crash": false, "crash_intensity_g": 0.0, "segment_start_sample": 3349, "segment_end_sample": 3350, "time_str": ""}}, {"type": "Feature", "geometry": {"type": "LineString", "coordinates": [[4.94004853375868, 52.3741853431714], [4.94001479507517, 52.3742099146355]]}, "properties": {"Speed": 0.0, "Speed_display": 9.4, "road_quality": 2, "marker": 0, "trip_id": "602B1_Trip11", "hrot_diff": 0, "sample_diff": 1, "time_diff_s": 0.02, "gps_distance_m": 3.6, "original_speed": "", "wheel_diameter_mm": 711, "braking_intensity": 0.0, "is_braking": false, "is_crash": false, "crash_intensity_g": 0.0, "segment_start_sample": 3394, "segment_end_sample": 3395, "time_str": ""}}, {"type": "Feature", "geometry": {"type": "LineString", "coordinates": [[4.94001479507517, 52.3742099146355], [4.93998105422875, 52.3742366730936]]}, "properties": {"Speed": 0.0, "Speed_display": 9.4, "road_quality": 2, "marker": 0, "trip_id": "602B1_Trip11", "hrot_diff": 0, "sample_diff": 1, "time_diff_s": 0.02, "gps_distance_m": 3.8, "original_speed": "", "wheel_diameter_mm": 711, "braking_intensity": 0.0, "is_braking": false, "is_crash": false, "crash_intensity_g": 0.0, "segment_start_sample": 3451, "segment_end_sample": 3452, "time_str": ""}}, {"type": "Feature", "geometry": {"type": "LineString", "coordinates": [[4.93998105422875, 52.3742366730936], [4.93993816808598, 52.3742637249626]]}, "properties": {"Speed": 0.0, "Speed_display": 9.4, "road_quality": 2, "marker": 0, "trip_id": "602B1_Trip11", "hrot_diff": 0, "sample_diff": 1, "time_diff_s": 0.02, "gps_distance_m": 4.2, "original_speed": "", "wheel_diameter_mm": 711, "braking_intensity": 0.0, "is_braking": false, "is_crash": false, "crash_intensity_g": 0.0, "segment_start_sample": 3509, "segment_end_sample": 3510, "time_str": ""}}, {"type": "Feature", "geometry": {"type": "LineString", "coordinates": [[4.93993816808598, 52.3742637249626], [4.93989877101291, 52.3742927747028]]}, "properties": {"Speed": 0.0, "Speed_display": 10.1, "road_quality": 2, "marker": 0, "trip_id": "602B1_Trip11", "hrot_diff": 0, "sample_diff": 1, "time_diff_s": 0.02, "gps_distance_m": 4.2, "original_speed": "", "wheel_diameter_mm": 711, "braking_intensity": 0.0, "is_braking": false, "is_crash": false, "crash_intensity_g": 0.0, "segment_start_sample": 3549, "segment_end_sample": 3550, "time_str": ""}}, {"type": "Feature", "geometry": {"type": "LineString", "coordinates": [[4.93989877101291, 52.3742927747028], [4.93986142925727, 52.3743231202944]]}, "properties": {"Speed": 0.0, "Speed_display": 10.1, "road_quality": 2, "marker": 0, "trip_id": "602B1_Trip11", "hrot_diff": 0, "sample_diff": 1, "time_diff_s": 0.02, "gps_distance_m": 4.2, "original_speed": "", "wheel_diameter_mm": 711, "braking_intensity": 0.0, "is_braking": false, "is_crash": false, "crash_intensity_g": 0.0, "segment_start_sample": 3591, "segment_end_sample": 3592, "time_str": ""}}, {"type": "Feature", "geometry": {"type": "LineString", "coordinates": [[4.93986142925727, 52.3743231202944], [4.93982389017961, 52.3743461683465]]}, "properties": {"Speed": 0.0, "Speed_display": 10.1, "road_quality": 2, "marker": 0, "trip_id": "602B1_Trip11", "hrot_diff": 0, "sample_diff": 1, "time_diff_s": 0.02, "gps_distance_m": 3.6, "original_speed": "", "wheel_diameter_mm": 711, "braking_intensity": 0.0, "is_braking": false, "is_crash": false, "crash_intensity_g": 0.0, "segment_start_sample": 3648, "segment_end_sample": 3649, "time_str": ""}}, {"type": "Feature", "geometry": {"type": "LineString", "coordinates": [[4.93982389017961, 52.3743461683465], [4.93979249529378, 52.3743775827193]]}, "properties": {"Speed": 0.0, "Speed_display": 10.1, "road_quality": 2, "marker": 0, "trip_id": "602B1_Trip11", "hrot_diff": 0, "sample_diff": 1, "time_diff_s": 0.02, "gps_distance_m": 4.1, "original_speed": "", "wheel_diameter_mm": 711, "braking_intensity": 0.0, "is_braking": false, "is_crash": false, "crash_intensity_g": 0.0, "segment_start_sample": 3691, "segment_end_sample": 3692, "time_str": ""}}, {"type": "Feature", "geometry": {"type": "LineString", "coordinates": [[4.93979249529378, 52.3743775827193], [4.93975174289127, 52.3744030075338]]}, "properties": {"Speed": 0.0, "Speed_display": 10.1, "road_quality": 2, "marker": 0, "trip_id": "602B1_Trip11", "hrot_diff": 0, "sample_diff": 1, "time_diff_s": 0.02, "gps_distance_m": 4.0, "original_speed": "", "wheel_diameter_mm": 711, "braking_intensity": 0.0, "is_braking": false, "is_crash": false, "crash_intensity_g": 0.0, "segment_start_sample": 3747, "segment_end_sample": 3748, "time_str": ""}}, {"type": "Feature", "geometry": {"type": "LineString", "coordinates": [[4.93975174289127, 52.3744030075338], [4.93971706800329, 52.3744356430982]]}, "properties": {"Speed": 0.0, "Speed_display": 10.1, "road_quality": 2, "marker": 0, "trip_id": "602B1_Trip11", "hrot_diff": 0, "sample_diff": 1, "time_diff_s": 0.02, "gps_distance_m": 4.3, "original_speed": "", "wheel_diameter_mm": 711, "braking_intensity": 0.0, "is_braking": false, "is_crash": false, "crash_intensity_g": 0.0, "segment_start_sample": 3788, "segment_end_sample": 3789, "time_str": ""}}, {"type": "Feature", "geometry": {"type": "LineString", "coordinates": [[4.93971706800329, 52.3744356430982], [4.93968228231353, 52.3744586528773]]}, "properties": {"Speed": 0.0, "Speed_display": 10.1, "road_quality": 2, "marker": 0, "trip_id": "602B1_Trip11", "hrot_diff": 0, "sample_diff": 1, "time_diff_s": 0.02, "gps_distance_m": 3.5, "original_speed": "", "wheel_diameter_mm": 711, "braking_intensity": 0.0, "is_braking": false, "is_crash": false, "crash_intensity_g": 0.0, "segment_start_sample": 3843, "segment_end_sample": 3844, "time_str": ""}}, {"type": "Feature", "geometry": {"type": "LineString", "coordinates": [[4.93968228231353, 52.3744586528773], [4.93965623534229, 52.3744860931432]]}, "properties": {"Speed": 0.0, "Speed_display": 9.4, "road_quality": 2, "marker": 0, "trip_id": "602B1_Trip11", "hrot_diff": 0, "sample_diff": 1, "time_diff_s": 0.02, "gps_distance_m": 3.5, "original_speed": "", "wheel_diameter_mm": 711, "braking_intensity": 0.0, "is_braking": false, "is_crash": false, "crash_intensity_g": 0.0, "segment_start_sample": 3898, "segment_end_sample": 3899, "time_str": ""}}, {"type": "Feature", "geometry": {"type": "LineString", "coordinates": [[4.93965623534229, 52.3744860931432], [4.93962230025771, 52.3745170185206]]}, "properties": {"Speed": 0.0, "Speed_display": 9.4, "road_quality": 2, "marker": 0, "trip_id": "602B1_Trip11", "hrot_diff": 0, "sample_diff": 1, "time_diff_s": 0.02, "gps_distance_m": 4.1, "original_speed": "", "wheel_diameter_mm": 711, "braking_intensity": 0.0, "is_braking": false, "is_crash": false, "crash_intensity_g": 0.0, "segment_start_sample": 3942, "segment_end_sample": 3943, "time_str": ""}}, {"type": "Feature", "geometry": {"type": "LineString", "coordinates": [[4.93962230025771, 52.3745170185206], [4.93959637645524, 52.3745462261176]]}, "properties": {"Speed": 0.0, "Speed_display": 9.4, "road_quality": 2, "marker": 0, "trip_id": "602B1_Trip11", "hrot_diff": 0, "sample_diff": 1, "time_diff_s": 0.02, "gps_distance_m": 3.7, "original_speed": "", "wheel_diameter_mm": 711, "braking_intensity": 0.0, "is_braking": false, "is_crash": false, "crash_intensity_g": 0.0, "segment_start_sample": 4000, "segment_end_sample": 4001, "time_str": ""}}, {"type": "Feature", "geometry": {"type": "LineString", "coordinates": [[4.93959637645524, 52.3745462261176], [4.93956107695791, 52.3745754179317]]}, "properties": {"Speed": 0.0, "Speed_display": 10.1, "road_quality": 2, "marker": 0, "trip_id": "602B1_Trip11", "hrot_diff": 0, "sample_diff": 1, "time_diff_s": 0.02, "gps_distance_m": 4.0, "original_speed": "", "wheel_diameter_mm": 711, "braking_intensity": 0.0, "is_braking": false, "is_crash": false, "crash_intensity_g": 0.0, "segment_start_sample": 4043, "segment_end_sample": 4044, "time_str": ""}}, {"type": "Feature", "geometry": {"type": "LineString", "coordinates": [[4.93956107695791, 52.3745754179317], [4.93952799959489, 52.3746044697947]]}, "properties": {"Speed": 0.0, "Speed_display": 10.1, "road_quality": 2, "marker": 0, "trip_id": "602B1_Trip11", "hrot_diff": 0, "sample_diff": 1, "time_diff_s": 0.02, "gps_distance_m": 3.9, "original_speed": "", "wheel_diameter_mm": 711, "braking_intensity": 0.0, "is_braking": false, "is_crash": false, "crash_intensity_g": 0.0, "segment_start_sample": 4098, "segment_end_sample": 4099, "time_str": ""}}, {"type": "Feature", "geometry": {"type": "LineString", "coordinates": [[4.93952799959489, 52.3746044697947], [4.93949031241149, 52.3746283781036]]}, "properties": {"Speed": 0.0, "Speed_display": 10.1, "road_quality": 2, "marker": 0, "trip_id": "602B1_Trip11", "hrot_diff": 0, "sample_diff": 1, "time_diff_s": 0.02, "gps_distance_m": 3.7, "original_speed": "", "wheel_diameter_mm": 711, "braking_intensity": 0.0, "is_braking": false, "is_crash": false, "crash_intensity_g": 0.0, "segment_start_sample": 4142, "segment_end_sample": 4143, "time_str": ""}}, {"type": "Feature", "geometry": {"type": "LineString", "coordinates": [[4.93949031241149, 52.3746283781036], [4.93946134814913, 52.3746570302149]]}, "properties": {"Speed": 0.0, "Speed_display": 9.4, "road_quality": 2, "marker": 0, "trip_id": "602B1_Trip11", "hrot_diff": 0, "sample_diff": 1, "time_diff_s": 0.02, "gps_distance_m": 3.7, "original_speed": "", "wheel_diameter_mm": 711, "braking_intensity": 0.0, "is_braking": false, "is_crash": false, "crash_intensity_g": 0.0, "segment_start_sample": 4198, "segment_end_sample": 4199, "time_str": ""}}, {"type": "Feature", "geometry": {"type": "LineString", "coordinates": [[4.93946134814913, 52.3746570302149], [4.93944322540883, 52.3746813900702]]}, "properties": {"Speed": 0.0, "Speed_display": 9.4, "road_quality": 2, "marker": 0, "trip_id": "602B1_Trip11", "hrot_diff": 0, "sample_diff": 1, "time_diff_s": 0.02, "gps_distance_m": 3.0, "original_speed": "", "wheel_diameter_mm": 711, "braking_intensity": 0.0, "is_braking": false, "is_crash": false, "crash_intensity_g": 0.0, "segment_start_sample": 4241, "segment_end_sample": 4242, "time_str": ""}}, {"type": "Feature", "geometry": {"type": "LineString", "coordinates": [[4.93944322540883, 52.3746813900702], [4.93940706142366, 52.3747124500967]]}, "properties": {"Speed": 0.0, "Speed_display": 9.4, "road_quality": 2, "marker": 0, "trip_id": "602B1_Trip11", "hrot_diff": 0, "sample_diff": 1, "time_diff_s": 0.02, "gps_distance_m": 4.2, "original_speed": "", "wheel_diameter_mm": 711, "braking_intensity": 0.0, "is_braking": false, "is_crash": false, "crash_intensity_g": 0.0, "segment_start_sample": 4297, "segment_end_sample": 4298, "time_str": ""}}, {"type": "Feature", "geometry": {"type": "LineString", "coordinates": [[4.93940706142366, 52.3747124500967], [4.93937168353286, 52.3747430992556]]}, "properties": {"Speed": 0.0, "Speed_display": 10.1, "road_quality": 2, "marker": 0, "trip_id": "602B1_Trip11", "hrot_diff": 0, "sample_diff": 1, "time_diff_s": 0.02, "gps_distance_m": 4.2, "original_speed": "", "wheel_diameter_mm": 711, "braking_intensity": 0.0, "is_braking": false, "is_crash": false, "crash_intensity_g": 0.0, "segment_start_sample": 4341, "segment_end_sample": 4342, "time_str": ""}}, {"type": "Feature", "geometry": {"type": "LineString", "coordinates": [[4.93937168353286, 52.3747430992556], [4.93933760633986, 52.3747705337581]]}, "properties": {"Speed": 0.0, "Speed_display": 10.1, "road_quality": 2, "marker": 0, "trip_id": "602B1_Trip11", "hrot_diff": 0, "sample_diff": 1, "time_diff_s": 0.02, "gps_distance_m": 3.8, "original_speed": "", "wheel_diameter_mm": 711, "braking_intensity": 0.0, "is_braking": false, "is_crash": false, "crash_intensity_g": 0.0, "segment_start_sample": 4400, "segment_end_sample": 4401, "time_str": ""}}, {"type": "Feature", "geometry": {"type": "LineString", "coordinates": [[4.93933760633986, 52.3747705337581], [4.93930963831907, 52.3747963796446]]}, "properties": {"Speed": 0.0, "Speed_display": 9.4, "road_quality": 2, "marker": 0, "trip_id": "602B1_Trip11", "hrot_diff": 0, "sample_diff": 1, "time_diff_s": 0.02, "gps_distance_m": 3.4, "original_speed": "", "wheel_diameter_mm": 711, "braking_intensity": 0.0, "is_braking": false, "is_crash": false, "crash_intensity_g": 0.0, "segment_start_sample": 4444, "segment_end_sample": 4445, "time_str": ""}}, {"type": "Feature", "geometry": {"type": "LineString", "coordinates": [[4.93930963831907, 52.3747963796446], [4.93928736899919, 52.3748290888277]]}, "properties": {"Speed": 0.0, "Speed_display": 9.4, "road_quality": 2, "marker": 0, "trip_id": "602B1_Trip11", "hrot_diff": 0, "sample_diff": 1, "time_diff_s": 0.02, "gps_distance_m": 3.9, "original_speed": "", "wheel_diameter_mm": 711, "braking_intensity": 0.0, "is_braking": false, "is_crash": false, "crash_intensity_g": 0.0, "segment_start_sample": 4489, "segment_end_sample": 4490, "time_str": ""}}, {"type": "Feature", "geometry": {"type": "LineString", "coordinates": [[4.93928736899919, 52.3748290888277], [4.93924971046558, 52.3748571652964]]}, "properties": {"Speed": 0.0, "Speed_display": 9.4, "road_quality": 2, "marker": 0, "trip_id": "602B1_Trip11", "hrot_diff": 0, "sample_diff": 1, "time_diff_s": 0.02, "gps_distance_m": 4.0, "original_speed": "", "wheel_diameter_mm": 711, "braking_intensity": 0.0, "is_braking": false, "is_crash": false, "crash_intensity_g": 0.0, "segment_start_sample": 4550, "segment_end_sample": 4551, "time_str": ""}}, {"type": "Feature", "geometry": {"type": "LineString", "coordinates": [[4.93924971046558, 52.3748571652964], [4.93921798294725, 52.3748821055455]]}, "properties": {"Speed": 0.0, "Speed_display": 9.4, "road_quality": 2, "marker": 0, "trip_id": "602B1_Trip11", "hrot_diff": 0, "sample_diff": 1, "time_diff_s": 0.02, "gps_distance_m": 3.5, "original_speed": "", "wheel_diameter_mm": 711, "braking_intensity": 0.0, "is_braking": false, "is_crash": false, "crash_intensity_g": 0.0, "segment_start_sample": 4594, "segment_end_sample": 4595, "time_str": ""}}, {"type": "Feature", "geometry": {"type": "LineString", "coordinates": [[4.93921798294725, 52.3748821055455], [4.93918677284419, 52.3749072358313]]}, "properties": {"Speed": 0.0, "Speed_display": 9.4, "road_quality": 2, "marker": 0, "trip_id": "602B1_Trip11", "hrot_diff": 0, "sample_diff": 1, "time_diff_s": 0.02, "gps_distance_m": 3.5, "original_speed": "", "wheel_diameter_mm": 711, "braking_intensity": 0.0, "is_braking": false, "is_crash": false, "crash_intensity_g": 0.0, "segment_start_sample": 4638, "segment_end_sample": 4639, "time_str": ""}}, {"type": "Feature", "geometry": {"type": "LineString", "coordinates": [[4.93918677284419, 52.3749072358313], [4.93916170776876, 52.3749393057622]]}, "properties": {"Speed": 0.0, "Speed_display": 9.4, "road_quality": 2, "marker": 0, "trip_id": "602B1_Trip11", "hrot_diff": 0, "sample_diff": 1, "time_diff_s": 0.02, "gps_distance_m": 4.0, "original_speed": "", "wheel_diameter_mm": 711, "braking_intensity": 0.0, "is_braking": false, "is_crash": false, "crash_intensity_g": 0.0, "segment_start_sample": 4698, "segment_end_sample": 4699, "time_str": ""}}, {"type": "Feature", "geometry": {"type": "LineString", "coordinates": [[4.93916170776876, 52.3749393057622], [4.93913279081931, 52.3749656101057]]}, "properties": {"Speed": 0.0, "Speed_display": 9.4, "road_quality": 2, "marker": 0, "trip_id": "602B1_Trip11", "hrot_diff": 0, "sample_diff": 1, "time_diff_s": 0.02, "gps_distance_m": 3.5, "original_speed": "", "wheel_diameter_mm": 711, "braking_intensity": 0.0, "is_braking": false, "is_crash": false, "crash_intensity_g": 0.0, "segment_start_sample": 4743, "segment_end_sample": 4744, "time_str": ""}}, {"type": "Feature", "geometry": {"type": "LineString", "coordinates": [[4.93913279081931, 52.3749656101057], [4.93910047007233, 52.3749907387856]]}, "properties": {"Speed": 0.0, "Speed_display": 9.4, "road_quality": 2, "marker": 0, "trip_id": "602B1_Trip11", "hrot_diff": 0, "sample_diff": 1, "time_diff_s": 0.02, "gps_distance_m": 3.6, "original_speed": "", "wheel_diameter_mm": 711, "braking_intensity": 0.0, "is_braking": false, "is_crash": false, "crash_intensity_g": 0.0, "segment_start_sample": 4802, "segment_end_sample": 4803, "time_str": ""}}, {"type": "Feature", "geometry": {"type": "LineString", "coordinates": [[4.93910047007233, 52.3749907387856], [4.93908242656282, 52.3750188214651]]}, "properties": {"Speed": 0.0, "Speed_display": 8.6, "road_quality": 2, "marker": 0, "trip_id": "602B1_Trip11", "hrot_diff": 0, "sample_diff": 1, "time_diff_s": 0.02, "gps_distance_m": 3.4, "original_speed": "", "wheel_diameter_mm": 711, "braking_intensity": 0.0, "is_braking": false, "is_crash": false, "crash_intensity_g": 0.0, "segment_start_sample": 4848, "segment_end_sample": 4849, "time_str": ""}}, {"type": "Feature", "geometry": {"type": "LineString", "coordinates": [[4.93908242656282, 52.3750188214651], [4.93904837706833, 52.3750446055714]]}, "properties": {"Speed": 0.0, "Speed_display": 9.4, "road_quality": 2, "marker": 0, "trip_id": "602B1_Trip11", "hrot_diff": 0, "sample_diff": 1, "time_diff_s": 0.02, "gps_distance_m": 3.7, "original_speed": "", "wheel_diameter_mm": 711, "braking_intensity": 0.0, "is_braking": false, "is_crash": false, "crash_intensity_g": 0.0, "segment_start_sample": 4880, "segment_end_sample": 4881, "time_str": ""}}, {"type": "Feature", "geometry": {"type": "LineString", "coordinates": [[4.93904837706833, 52.3750446055714], [4.93902156086546, 52.3750725161859]]}, "properties": {"Speed": 0.0, "Speed_display": 9.4, "road_quality": 2, "marker": 0, "trip_id": "602B1_Trip11", "hrot_diff": 0, "sample_diff": 1, "time_diff_s": 0.02, "gps_distance_m": 3.6, "original_speed": "", "wheel_diameter_mm": 711, "braking_intensity": 0.0, "is_braking": false, "is_crash": false, "crash_intensity_g": 0.0, "segment_start_sample": 4945, "segment_end_sample": 4946, "time_str": ""}}, {"type": "Feature", "geometry": {"type": "LineString", "coordinates": [[4.93902156086546, 52.3750725161859], [4.93900372027166, 52.3750994429498]]}, "properties": {"Speed": 0.0, "Speed_display": 8.6, "road_quality": 2, "marker": 0, "trip_id": "602B1_Trip11", "hrot_diff": 0, "sample_diff": 1, "time_diff_s": 0.02, "gps_distance_m": 3.2, "original_speed": "", "wheel_diameter_mm": 711, "braking_intensity": 0.0, "is_braking": false, "is_crash": false, "crash_intensity_g": 0.0, "segment_start_sample": 4994, "segment_end_sample": 4995, "time_str": ""}}, {"type": "Feature", "geometry": {"type": "LineString", "coordinates": [[4.93900372027166, 52.3750994429498], [4.93898303238738, 52.3751164392631]]}, "properties": {"Speed": 0.0, "Speed_display": 7.9, "road_quality": 2, "marker": 0, "trip_id": "602B1_Trip11", "hrot_diff": 0, "sample_diff": 1, "time_diff_s": 0.02, "gps_distance_m": 2.4, "original_speed": "", "wheel_diameter_mm": 711, "braking_intensity": 0.0, "is_braking": false, "is_crash": false, "crash_intensity_g": 0.0, "segment_start_sample": 5043, "segment_end_sample": 5044, "time_str": ""}}, {"type": "Feature", "geometry": {"type": "LineString", "coordinates": [[4.93898303238738, 52.3751164392631], [4.93895831327776, 52.3751454877836]]}, "properties": {"Speed": 0.0, "Speed_display": 7.9, "road_quality": 2, "marker": 0, "trip_id": "602B1_Trip11", "hrot_diff": 0, "sample_diff": 1, "time_diff_s": 0.02, "gps_distance_m": 3.6, "original_speed": "", "wheel_diameter_mm": 711, "braking_intensity": 0.0, "is_braking": false, "is_crash": false, "crash_intensity_g": 0.0, "segment_start_sample": 5092, "segment_end_sample": 5093, "time_str": ""}}, {"type": "Feature", "geometry": {"type": "LineString", "coordinates": [[4.93895831327776, 52.3751454877836], [4.93893720316759, 52.3751747292737]]}, "properties": {"Speed": 0.0, "Speed_display": 7.9, "road_quality": 2, "marker": 0, "trip_id": "602B1_Trip11", "hrot_diff": 0, "sample_diff": 1, "time_diff_s": 0.02, "gps_distance_m": 3.6, "original_speed": "", "wheel_diameter_mm": 711, "braking_intensity": 0.0, "is_braking": false, "is_crash": false, "crash_intensity_g": 0.0, "segment_start_sample": 5139, "segment_end_sample": 5140, "time_str": ""}}, {"type": "Feature", "geometry": {"type": "LineString", "coordinates": [[4.93893720316759, 52.3751747292737], [4.93890527234304, 52.3752064619176]]}, "properties": {"Speed": 0.0, "Speed_display": 9.4, "road_quality": 2, "marker": 0, "trip_id": "602B1_Trip11", "hrot_diff": 0, "sample_diff": 1, "time_diff_s": 0.02, "gps_distance_m": 4.1, "original_speed": "", "wheel_diameter_mm": 711, "braking_intensity": 0.0, "is_braking": false, "is_crash": false, "crash_intensity_g": 0.0, "segment_start_sample": 5186, "segment_end_sample": 5187, "time_str": ""}}, {"type": "Feature", "geometry": {"type": "LineString", "coordinates": [[4.93890527234304, 52.3752064619176], [4.93886929432763, 52.3752336659538]]}, "properties": {"Speed": 0.0, "Speed_display": 9.4, "road_quality": 2, "marker": 0, "trip_id": "602B1_Trip11", "hrot_diff": 0, "sample_diff": 1, "time_diff_s": 0.02, "gps_distance_m": 3.9, "original_speed": "", "wheel_diameter_mm": 711, "braking_intensity": 0.0, "is_braking": false, "is_crash": false, "crash_intensity_g": 0.0, "segment_start_sample": 5231, "segment_end_sample": 5232, "time_str": ""}}, {"type": "Feature", "geometry": {"type": "LineString", "coordinates": [[4.93886929432763, 52.3752336659538], [4.93883739854539, 52.3752604816619]]}, "properties": {"Speed": 0.0, "Speed_display": 9.4, "road_quality": 2, "marker": 0, "trip_id": "602B1_Trip11", "hrot_diff": 0, "sample_diff": 1, "time_diff_s": 0.02, "gps_distance_m": 3.7, "original_speed": "", "wheel_diameter_mm": 711, "braking_intensity": 0.0, "is_braking": false, "is_crash": false, "crash_intensity_g": 0.0, "segment_start_sample": 5293, "segment_end_sample": 5294, "time_str": ""}}, {"type": "Feature", "geometry": {"type": "LineString", "coordinates": [[4.93883739854539, 52.3752604816619], [4.93881463155723, 52.3752880413311]]}, "properties": {"Speed": 0.0, "Speed_display": 9.4, "road_quality": 2, "marker": 0, "trip_id": "602B1_Trip11", "hrot_diff": 0, "sample_diff": 1, "time_diff_s": 0.02, "gps_distance_m": 3.4, "original_speed": "", "wheel_diameter_mm": 711, "braking_intensity": 0.0, "is_braking": false, "is_crash": false, "crash_intensity_g": 0.0, "segment_start_sample": 5340, "segment_end_sample": 5341, "time_str": ""}}, {"type": "Feature", "geometry": {"type": "LineString", "coordinates": [[4.93881463155723, 52.3752880413311], [4.9387847309919, 52.3753156606383]]}, "properties": {"Speed": 0.0, "Speed_display": 9.4, "road_quality": 2, "marker": 0, "trip_id": "602B1_Trip11", "hrot_diff": 0, "sample_diff": 1, "time_diff_s": 0.02, "gps_distance_m": 3.7, "original_speed": "", "wheel_diameter_mm": 711, "braking_intensity": 0.0, "is_braking": false, "is_crash": false, "crash_intensity_g": 0.0, "segment_start_sample": 5382, "segment_end_sample": 5383, "time_str": ""}}, {"type": "Feature", "geometry": {"type": "LineString", "coordinates": [[4.9387847309919, 52.3753156606383], [4.93876577997281, 52.3753387702361]]}, "properties": {"Speed": 0.0, "Speed_display": 8.6, "road_quality": 2, "marker": 0, "trip_id": "602B1_Trip11", "hrot_diff": 0, "sample_diff": 1, "time_diff_s": 0.02, "gps_distance_m": 2.9, "original_speed": "", "wheel_diameter_mm": 711, "braking_intensity": 0.0, "is_braking": false, "is_crash": false, "crash_intensity_g": 0.0, "segment_start_sample": 5442, "segment_end_sample": 5443, "time_str": ""}}, {"type": "Feature", "geometry": {"type": "LineString", "coordinates": [[4.93876577997281, 52.3753387702361], [4.93873450472332, 52.3753775507225]]}, "properties": {"Speed": 0.0, "Speed_display": 10.1, "road_quality": 2, "marker": 0, "trip_id": "602B1_Trip11", "hrot_diff": 0, "sample_diff": 1, "time_diff_s": 0.02, "gps_distance_m": 4.8, "original_speed": "", "wheel_diameter_mm": 711, "braking_intensity": 0.0, "is_braking": false, "is_crash": false, "crash_intensity_g": 0.0, "segment_start_sample": 5487, "segment_end_sample": 5488, "time_str": ""}}, {"type": "Feature", "geometry": {"type": "LineString", "coordinates": [[4.93873450472332, 52.3753775507225], [4.93870328361286, 52.3754110447846]]}, "properties": {"Speed": 0.0, "Speed_display": 10.8, "road_quality": 2, "marker": 0, "trip_id": "602B1_Trip11", "hrot_diff": 0, "sample_diff": 1, "time_diff_s": 0.02, "gps_distance_m": 4.3, "original_speed": "", "wheel_diameter_mm": 711, "braking_intensity": 0.0, "is_braking": false, "is_crash": false, "crash_intensity_g": 0.0, "segment_start_sample": 5530, "segment_end_sample": 5531, "time_str": ""}}, {"type": "Feature", "geometry": {"type": "LineString", "coordinates": [[4.93870328361286, 52.3754110447846], [4.9386761159262, 52.3754403127093]]}, "properties": {"Speed": 0.0, "Speed_display": 10.1, "road_quality": 2, "marker": 0, "trip_id": "602B1_Trip11", "hrot_diff": 0, "sample_diff": 1, "time_diff_s": 0.02, "gps_distance_m": 3.7, "original_speed": "", "wheel_diameter_mm": 711, "braking_intensity": 0.0, "is_braking": false, "is_crash": false, "crash_intensity_g": 0.0, "segment_start_sample": 5587, "segment_end_sample": 5588, "time_str": ""}}, {"type": "Feature", "geometry": {"type": "LineString", "coordinates": [[4.9386761159262, 52.3754403127093], [4.93864713446075, 52.3754661873525]]}, "properties": {"Speed": 0.0, "Speed_display": 10.1, "road_quality": 2, "marker": 0, "trip_id": "602B1_Trip11", "hrot_diff": 0, "sample_diff": 1, "time_diff_s": 0.02, "gps_distance_m": 3.5, "original_speed": "", "wheel_diameter_mm": 711, "braking_intensity": 0.0, "is_braking": false, "is_crash": false, "crash_intensity_g": 0.0, "segment_start_sample": 5630, "segment_end_sample": 5631, "time_str": ""}}, {"type": "Feature", "geometry": {"type": "LineString", "coordinates": [[4.93864713446075, 52.3754661873525], [4.93861814395385, 52.3754880849326]]}, "properties": {"Speed": 0.0, "Speed_display": 9.4, "road_quality": 2, "marker": 0, "trip_id": "602B1_Trip11", "hrot_diff": 0, "sample_diff": 1, "time_diff_s": 0.02, "gps_distance_m": 3.1, "original_speed": "", "wheel_diameter_mm": 711, "braking_intensity": 0.0, "is_braking": false, "is_crash": false, "crash_intensity_g": 0.0, "segment_start_sample": 5689, "segment_end_sample": 5690, "time_str": ""}}, {"type": "Feature", "geometry": {"type": "LineString", "coordinates": [[4.93861814395385, 52.3754880849326], [4.9385903230131, 52.375516611563]]}, "properties": {"Speed": 0.0, "Speed_display": 9.4, "road_quality": 3, "marker": 0, "trip_id": "602B1_Trip11", "hrot_diff": 0, "sample_diff": 1, "time_diff_s": 0.02, "gps_distance_m": 3.7, "original_speed": "", "wheel_diameter_mm": 711, "braking_intensity": 0.0, "is_braking": false, "is_crash": false, "crash_intensity_g": 0.0, "segment_start_sample": 5732, "segment_end_sample": 5733, "time_str": ""}}, {"type": "Feature", "geometry": {"type": "LineString", "coordinates": [[4.9385903230131, 52.375516611563], [4.9385542214382, 52.3755393860523]]}, "properties": {"Speed": 0.0, "Speed_display": 8.6, "road_quality": 3, "marker": 0, "trip_id": "602B1_Trip11", "hrot_diff": 0, "sample_diff": 1, "time_diff_s": 0.02, "gps_distance_m": 3.5, "original_speed": "", "wheel_diameter_mm": 711, "braking_intensity": 0.0, "is_braking": false, "is_crash": false, "crash_intensity_g": 0.0, "segment_start_sample": 5792, "segment_end_sample": 5793, "time_str": ""}}, {"type": "Feature", "geometry": {"type": "LineString", "coordinates": [[4.9385542214382, 52.3755393860523], [4.9385165448416, 52.3755701011344]]}, "properties": {"Speed": 0.0, "Speed_display": 9.4, "road_quality": 2, "marker": 0, "trip_id": "602B1_Trip11", "hrot_diff": 0, "sample_diff": 1, "time_diff_s": 0.02, "gps_distance_m": 4.3, "original_speed": "", "wheel_diameter_mm": 711, "braking_intensity": 0.0, "is_braking": false, "is_crash": false, "crash_intensity_g": 0.0, "segment_start_sample": 5836, "segment_end_sample": 5837, "time_str": ""}}, {"type": "Feature", "geometry": {"type": "LineString", "coordinates": [[4.9385165448416, 52.3755701011344], [4.93848916570223, 52.3755992356051]]}, "properties": {"Speed": 0.0, "Speed_display": 9.4, "road_quality": 2, "marker": 0, "trip_id": "602B1_Trip11", "hrot_diff": 0, "sample_diff": 1, "time_diff_s": 0.02, "gps_distance_m": 3.7, "original_speed": "", "wheel_diameter_mm": 711, "braking_intensity": 0.0, "is_braking": false, "is_crash": false, "crash_intensity_g": 0.0, "segment_start_sample": 5879, "segment_end_sample": 5880, "time_str": ""}}, {"type": "Feature", "geometry": {"type": "LineString", "coordinates": [[4.93848916570223, 52.3755992356051], [4.93845692262896, 52.3756269643727]]}, "properties": {"Speed": 0.0, "Speed_display": 10.1, "road_quality": 2, "marker": 0, "trip_id": "602B1_Trip11", "hrot_diff": 0, "sample_diff": 1, "time_diff_s": 0.02, "gps_distance_m": 3.8, "original_speed": "", "wheel_diameter_mm": 711, "braking_intensity": 0.0, "is_braking": false, "is_crash": false, "crash_intensity_g": 0.0, "segment_start_sample": 5937, "segment_end_sample": 5938, "time_str": ""}}, {"type": "Feature", "geometry": {"type": "LineString", "coordinates": [[4.93845692262896, 52.3756269643727], [4.93842190158738, 52.3756546281141]]}, "properties": {"Speed": 0.0, "Speed_display": 10.1, "road_quality": 2, "marker": 0, "trip_id": "602B1_Trip11", "hrot_diff": 0, "sample_diff": 1, "time_diff_s": 0.02, "gps_distance_m": 3.9, "original_speed": "", "wheel_diameter_mm": 711, "braking_intensity": 0.0, "is_braking": false, "is_crash": false, "crash_intensity_g": 0.0, "segment_start_sample": 5980, "segment_end_sample": 5981, "time_str": ""}}, {"type": "Feature", "geometry": {"type": "LineString", "coordinates": [[4.93842190158738, 52.3756546281141], [4.93837911366076, 52.3756814659095]]}, "properties": {"Speed": 0.0, "Speed_display": 10.1, "road_quality": 2, "marker": 0, "trip_id": "602B1_Trip11", "hrot_diff": 0, "sample_diff": 1, "time_diff_s": 0.02, "gps_distance_m": 4.2, "original_speed": "", "wheel_diameter_mm": 711, "braking_intensity": 0.0, "is_braking": false, "is_crash": false, "crash_intensity_g": 0.0, "segment_start_sample": 6023, "segment_end_sample": 6024, "time_str": ""}}, {"type": "Feature", "geometry": {"type": "LineString", "coordinates": [[4.93837911366076, 52.3756814659095], [4.93834815820917, 52.3757044725442]]}, "properties": {"Speed": 0.0, "Speed_display": 9.4, "road_quality": 2, "marker": 0, "trip_id": "602B1_Trip11", "hrot_diff": 0, "sample_diff": 1, "time_diff_s": 0.02, "gps_distance_m": 3.3, "original_speed": "", "wheel_diameter_mm": 711, "braking_intensity": 0.0, "is_braking": false, "is_crash": false, "crash_intensity_g": 0.0, "segment_start_sample": 6081, "segment_end_sample": 6082, "time_str": ""}}, {"type": "Feature", "geometry": {"type": "LineString", "coordinates": [[4.93834815820917, 52.3757044725442], [4.93830563104527, 52.3757281567938]]}, "properties": {"Speed": 0.0, "Speed_display": 9.4, "road_quality": 2, "marker": 0, "trip_id": "602B1_Trip11", "hrot_diff": 0, "sample_diff": 1, "time_diff_s": 0.02, "gps_distance_m": 3.9, "original_speed": "", "wheel_diameter_mm": 711, "braking_intensity": 0.0, "is_braking": false, "is_crash": false, "crash_intensity_g": 0.0, "segment_start_sample": 6139, "segment_end_sample": 6140, "time_str": ""}}, {"type": "Feature", "geometry": {"type": "LineString", "coordinates": [[4.93830563104527, 52.3757281567938], [4.93827375021322, 52.3757555627617]]}, "properties": {"Speed": 0.0, "Speed_display": 9.4, "road_quality": 2, "marker": 0, "trip_id": "602B1_Trip11", "hrot_diff": 0, "sample_diff": 1, "time_diff_s": 0.02, "gps_distance_m": 3.7, "original_speed": "", "wheel_diameter_mm": 711, "braking_intensity": 0.0, "is_braking": false, "is_crash": false, "crash_intensity_g": 0.0, "segment_start_sample": 6181, "segment_end_sample": 6182, "time_str": ""}}, {"type": "Feature", "geometry": {"type": "LineString", "coordinates": [[4.93827375021322, 52.3757555627617], [4.93823402646008, 52.375785101584]]}, "properties": {"Speed": 0.0, "Speed_display": 10.1, "road_quality": 2, "marker": 0, "trip_id": "602B1_Trip11", "hrot_diff": 0, "sample_diff": 1, "time_diff_s": 0.02, "gps_distance_m": 4.2, "original_speed": "", "wheel_diameter_mm": 711, "braking_intensity": 0.0, "is_braking": false, "is_crash": false, "crash_intensity_g": 0.0, "segment_start_sample": 6223, "segment_end_sample": 6224, "time_str": ""}}, {"type": "Feature", "geometry": {"type": "LineString", "coordinates": [[4.93823402646008, 52.375785101584], [4.93819745561466, 52.3758106100101]]}, "properties": {"Speed": 0.0, "Speed_display": 10.1, "road_quality": 2, "marker": 0, "trip_id": "602B1_Trip11", "hrot_diff": 0, "sample_diff": 1, "time_diff_s": 0.02, "gps_distance_m": 3.8, "original_speed": "", "wheel_diameter_mm": 711, "braking_intensity": 0.0, "is_braking": false, "is_crash": false, "crash_intensity_g": 0.0, "segment_start_sample": 6278, "segment_end_sample": 6279, "time_str": ""}}, {"type": "Feature", "geometry": {"type": "LineString", "coordinates": [[4.93819745561466, 52.3758106100101], [4.93816102765171, 52.375836543667]]}, "properties": {"Speed": 0.0, "Speed_display": 10.1, "road_quality": 2, "marker": 0, "trip_id": "602B1_Trip11", "hrot_diff": 0, "sample_diff": 1, "time_diff_s": 0.02, "gps_distance_m": 3.8, "original_speed": "", "wheel_diameter_mm": 711, "braking_intensity": 0.0, "is_braking": false, "is_crash": false, "crash_intensity_g": 0.0, "segment_start_sample": 6332, "segment_end_sample": 6333, "time_str": ""}}, {"type": "Feature", "geometry": {"type": "LineString", "coordinates": [[4.93816102765171, 52.375836543667], [4.93812411546876, 52.3758663517351]]}, "properties": {"Speed": 0.0, "Speed_display": 10.1, "road_quality": 2, "marker": 0, "trip_id": "602B1_Trip11", "hrot_diff": 0, "sample_diff": 1, "time_diff_s": 0.02, "gps_distance_m": 4.2, "original_speed": "", "wheel_diameter_mm": 711, "braking_intensity": 0.0, "is_braking": false, "is_crash": false, "crash_intensity_g": 0.0, "segment_start_sample": 6359, "segment_end_sample": 6360, "time_str": ""}}, {"type": "Feature", "geometry": {"type": "LineString", "coordinates": [[4.93812411546876, 52.3758663517351], [4.93809231816944, 52.3758977078881]]}, "properties": {"Speed": 0.0, "Speed_display": 10.8, "road_quality": 2, "marker": 0, "trip_id": "602B1_Trip11", "hrot_diff": 0, "sample_diff": 1, "time_diff_s": 0.02, "gps_distance_m": 4.1, "original_speed": "", "wheel_diameter_mm": 711, "braking_intensity": 0.0, "is_braking": false, "is_crash": false, "crash_intensity_g": 0.0, "segment_start_sample": 6424, "segment_end_sample": 6425, "time_str": ""}}, {"type": "Feature", "geometry": {"type": "LineString", "coordinates": [[4.93809231816944, 52.3758977078881], [4.93806214612551, 52.3759314237295]]}, "properties": {"Speed": 0.0, "Speed_display": 10.8, "road_quality": 2, "marker": 0, "trip_id": "602B1_Trip11", "hrot_diff": 0, "sample_diff": 1, "time_diff_s": 0.02, "gps_distance_m": 4.3, "original_speed": "", "wheel_diameter_mm": 711, "braking_intensity": 0.0, "is_braking": false, "is_crash": false, "crash_intensity_g": 0.0, "segment_start_sample": 6476, "segment_end_sample": 6477, "time_str": ""}}, {"type": "Feature", "geometry": {"type": "LineString", "coordinates": [[4.93806214612551, 52.3759314237295], [4.93802780837591, 52.3759637885316]]}, "properties": {"Speed": 0.0, "Speed_display": 11.5, "road_quality": 2, "marker": 0, "trip_id": "602B1_Trip11", "hrot_diff": 0, "sample_diff": 1, "time_diff_s": 0.02, "gps_distance_m": 4.3, "original_speed": "", "wheel_diameter_mm": 711, "braking_intensity": 0.0, "is_braking": false, "is_crash": false, "crash_intensity_g": 0.0, "segment_start_sample": 6528, "segment_end_sample": 6529, "time_str": ""}}, {"type": "Feature", "geometry": {"type": "LineString", "coordinates": [[4.93802780837591, 52.3759637885316], [4.93799050904088, 52.3759953538699]]}, "properties": {"Speed": 0.0, "Speed_display": 11.5, "road_quality": 2, "marker": 0, "trip_id": "602B1_Trip11", "hrot_diff": 0, "sample_diff": 1, "time_diff_s": 0.02, "gps_distance_m": 4.3, "original_speed": "", "wheel_diameter_mm": 711, "braking_intensity": 0.0, "is_braking": false, "is_crash": false, "crash_intensity_g": 0.0, "segment_start_sample": 6577, "segment_end_sample": 6578, "time_str": ""}}, {"type": "Feature", "geometry": {"type": "LineString", "coordinates": [[4.93799050904088, 52.3759953538699], [4.93795176798801, 52.3760272891352]]}, "properties": {"Speed": 0.0, "Speed_display": 11.5, "road_quality": 2, "marker": 0, "trip_id": "602B1_Trip11", "hrot_diff": 0, "sample_diff": 1, "time_diff_s": 0.02, "gps_distance_m": 4.4, "original_speed": "", "wheel_diameter_mm": 711, "braking_intensity": 0.0, "is_braking": false, "is_crash": false, "crash_intensity_g": 0.0, "segment_start_sample": 6627, "segment_end_sample": 6628, "time_str": ""}}, {"type": "Feature", "geometry": {"type": "LineString", "coordinates": [[4.93795176798801, 52.3760272891352], [4.93791784039547, 52.3760624199239]]}, "properties": {"Speed": 0.0, "Speed_display": 11.5, "road_quality": 2, "marker": 0, "trip_id": "602B1_Trip11", "hrot_diff": 0, "sample_diff": 1, "time_diff_s": 0.02, "gps_distance_m": 4.5, "original_speed": "", "wheel_diameter_mm": 711, "braking_intensity": 0.0, "is_braking": false, "is_crash": false, "crash_intensity_g": 0.0, "segment_start_sample": 6677, "segment_end_sample": 6678, "time_str": ""}}, {"type": "Feature", "geometry": {"type": "LineString", "coordinates": [[4.93791784039547, 52.3760624199239], [4.93787593784465, 52.376082925389]]}, "properties": {"Speed": 0.0, "Speed_display": 10.8, "road_quality": 2, "marker": 0, "trip_id": "602B1_Trip11", "hrot_diff": 0, "sample_diff": 1, "time_diff_s": 0.02, "gps_distance_m": 3.6, "original_speed": "", "wheel_diameter_mm": 711, "braking_intensity": 0.0, "is_braking": false, "is_crash": false, "crash_intensity_g": 0.0, "segment_start_sample": 6727, "segment_end_sample": 6728, "time_str": ""}}, {"type": "Feature", "geometry": {"type": "LineString", "coordinates": [[4.93787593784465, 52.376082925389], [4.93784693840562, 52.3761220642633]]}, "properties": {"Speed": 0.0, "Speed_display": 11.5, "road_quality": 2, "marker": 0, "trip_id": "602B1_Trip11", "hrot_diff": 0, "sample_diff": 1, "time_diff_s": 0.02, "gps_distance_m": 4.8, "original_speed": "", "wheel_diameter_mm": 711, "braking_intensity": 0.0, "is_braking": false, "is_crash": false, "crash_intensity_g": 0.0, "segment_start_sample": 6777, "segment_end_sample": 6778, "time_str": ""}}, {"type": "Feature", "geometry": {"type": "LineString", "coordinates": [[4.93784693840562, 52.3761220642633], [4.93782481140806, 52.3761645547157]]}, "properties": {"Speed": 0.0, "Speed_display": 11.5, "road_quality": 2, "marker": 0, "trip_id": "602B1_Trip11", "hrot_diff": 0, "sample_diff": 1, "time_diff_s": 0.02, "gps_distance_m": 5.0, "original_speed": "", "wheel_diameter_mm": 711, "braking_intensity": 0.0, "is_braking": false, "is_crash": false, "crash_intensity_g": 0.0, "segment_start_sample": 6827, "segment_end_sample": 6828, "time_str": ""}}, {"type": "Feature", "geometry": {"type": "LineString", "coordinates": [[4.93782481140806, 52.3761645547157], [4.93779927808179, 52.3761964216045]]}, "properties": {"Speed": 0.0, "Speed_display": 11.5, "road_quality": 2, "marker": 0, "trip_id": "602B1_Trip11", "hrot_diff": 0, "sample_diff": 1, "time_diff_s": 0.02, "gps_distance_m": 3.9, "original_speed": "", "wheel_diameter_mm": 711, "braking_intensity": 0.0, "is_braking": false, "is_crash": false, "crash_intensity_g": 0.0, "segment_start_sample": 6877, "segment_end_sample": 6878, "time_str": ""}}, {"type": "Feature", "geometry": {"type": "LineString", "coordinates": [[4.93779927808179, 52.3761964216045], [4.9377867380233, 52.3762373921197]]}, "properties": {"Speed": 0.0, "Speed_display": 11.5, "road_quality": 2, "marker": 0, "trip_id": "602B1_Trip11", "hrot_diff": 0, "sample_diff": 1, "time_diff_s": 0.02, "gps_distance_m": 4.6, "original_speed": "", "wheel_diameter_mm": 711, "braking_intensity": 0.0, "is_braking": false, "is_crash": false, "crash_intensity_g": 0.0, "segment_start_sample": 6925, "segment_end_sample": 6926, "time_str": ""}}, {"type": "Feature", "geometry": {"type": "LineString", "coordinates": [[4.9377867380233, 52.3762373921197], [4.9377846317514, 52.3762899877551]]}, "properties": {"Speed": 0.0, "Speed_display": 12.2, "road_quality": 2, "marker": 0, "trip_id": "602B1_Trip11", "hrot_diff": 0, "sample_diff": 1, "time_diff_s": 0.02, "gps_distance_m": 5.9, "original_speed": "", "wheel_diameter_mm": 711, "braking_intensity": 0.0, "is_braking": false, "is_crash": false, "crash_intensity_g": 0.0, "segment_start_sample": 6972, "segment_end_sample": 6973, "time_str": ""}}, {"type": "Feature", "geometry": {"type": "LineString", "coordinates": [[4.9377846317514, 52.3762899877551], [4.93779860545149, 52.3763130972739]]}, "properties": {"Speed": 0.0, "Speed_display": 10.1, "road_quality": 2, "marker": 0, "trip_id": "602B1_Trip11", "hrot_diff": 0, "sample_diff": 1, "time_diff_s": 0.02, "gps_distance_m": 2.7, "original_speed": "", "wheel_diameter_mm": 711, "braking_intensity": 0.0, "is_braking": false, "is_crash": false, "crash_intensity_g": 0.0, "segment_start_sample": 7021, "segment_end_sample": 7022, "time_str": ""}}, {"type": "Feature", "geometry": {"type": "LineString", "coordinates": [[4.93779860545149, 52.3763130972739], [4.93779730127044, 52.3763319132221]]}, "properties": {"Speed": 0.0, "Speed_display": 7.9, "road_quality": 2, "marker": 0, "trip_id": "602B1_Trip11", "hrot_diff": 0, "sample_diff": 1, "time_diff_s": 0.02, "gps_distance_m": 2.1, "original_speed": "", "wheel_diameter_mm": 711, "braking_intensity": 0.0, "is_braking": false, "is_crash": false, "crash_intensity_g": 0.0, "segment_start_sample": 7070, "segment_end_sample": 7071, "time_str": ""}}, {"type": "Feature", "geometry": {"type": "LineString", "coordinates": [[4.93779730127044, 52.3763319132221], [4.93777707815895, 52.3763709472502]]}, "properties": {"Speed": 0.0, "Speed_display": 9.4, "road_quality": 2, "marker": 0, "trip_id": "602B1_Trip11", "hrot_diff": 0, "sample_diff": 1, "time_diff_s": 0.02, "gps_distance_m": 4.6, "original_speed": "", "wheel_diameter_mm": 711, "braking_intensity": 0.0, "is_braking": false, "is_crash": false, "crash_intensity_g": 0.0, "segment_start_sample": 7118, "segment_end_sample": 7119, "time_str": ""}}, {"type": "Feature", "geometry": {"type": "LineString", "coordinates": [[4.93777707815895, 52.3763709472502], [4.93772786471523, 52.3764212023273]]}, "properties": {"Speed": 0.0, "Speed_display": 11.5, "road_quality": 2, "marker": 0, "trip_id": "602B1_Trip11", "hrot_diff": 0, "sample_diff": 1, "time_diff_s": 0.02, "gps_distance_m": 6.5, "original_speed": "", "wheel_diameter_mm": 711, "braking_intensity": 0.0, "is_braking": false, "is_crash": false, "crash_intensity_g": 0.0, "segment_start_sample": 7168, "segment_end_sample": 7169, "time_str": ""}}, {"type": "Feature", "geometry": {"type": "LineString", "coordinates": [[4.93772786471523, 52.3764212023273], [4.93766663744282, 52.3764527539568]]}, "properties": {"Speed": 0.0, "Speed_display": 11.5, "road_quality": 2, "marker": 0, "trip_id": "602B1_Trip11", "hrot_diff": 0, "sample_diff": 1, "time_diff_s": 0.02, "gps_distance_m": 5.4, "original_speed": "", "wheel_diameter_mm": 711, "braking_intensity": 0.0, "is_braking": false, "is_crash": false, "crash_intensity_g": 0.0, "segment_start_sample": 7220, "segment_end_sample": 7221, "time_str": ""}}, {"type": "Feature", "geometry": {"type": "LineString", "coordinates": [[4.93766663744282, 52.3764527539568], [4.93763315459273, 52.3764703936739]]}, "properties": {"Speed": 0.0, "Speed_display": 9.4, "road_quality": 2, "marker": 0, "trip_id": "602B1_Trip11", "hrot_diff": 0, "sample_diff": 1, "time_diff_s": 0.02, "gps_distance_m": 3.0, "original_speed": "", "wheel_diameter_mm": 711, "braking_intensity": 0.0, "is_braking": false, "is_crash": false, "crash_intensity_g": 0.0, "segment_start_sample": 7269, "segment_end_sample": 7270, "time_str": ""}}, {"type": "Feature", "geometry": {"type": "LineString", "coordinates": [[4.93763315459273, 52.3764703936739], [4.93762648299051, 52.3765195039626]]}, "properties": {"Speed": 0.0, "Speed_display": 10.8, "road_quality": 2, "marker": 0, "trip_id": "602B1_Trip11", "hrot_diff": 0, "sample_diff": 1, "time_diff_s": 0.02, "gps_distance_m": 5.5, "original_speed": "", "wheel_diameter_mm": 711, "braking_intensity": 0.0, "is_braking": false, "is_crash": false, "crash_intensity_g": 0.0, "segment_start_sample": 7319, "segment_end_sample": 7320, "time_str": ""}}, {"type": "Feature", "geometry": {"type": "LineString", "coordinates": [[4.93762648299051, 52.3765195039626], [4.93761612508345, 52.37655655773]]}, "properties": {"Speed": 0.0, "Speed_display": 10.8, "road_quality": 2, "marker": 0, "trip_id": "602B1_Trip11", "hrot_diff": 0, "sample_diff": 1, "time_diff_s": 0.02, "gps_distance_m": 4.2, "original_speed": "", "wheel_diameter_mm": 711, "braking_intensity": 0.0, "is_braking": false, "is_crash": false, "crash_intensity_g": 0.0, "segment_start_sample": 7369, "segment_end_sample": 7370, "time_str": ""}}, {"type": "Feature", "geometry": {"type": "LineString", "coordinates": [[4.93761612508345, 52.37655655773], [4.93761165418839, 52.3765987470075]]}, "properties": {"Speed": 0.0, "Speed_display": 10.8, "road_quality": 2, "marker": 0, "trip_id": "602B1_Trip11", "hrot_diff": 0, "sample_diff": 1, "time_diff_s": 0.02, "gps_distance_m": 4.7, "original_speed": "", "wheel_diameter_mm": 711, "braking_intensity": 0.0, "is_braking": false, "is_crash": false, "crash_intensity_g": 0.0, "segment_start_sample": 7419, "segment_end_sample": 7420, "time_str": ""}}, {"type": "Feature", "geometry": {"type": "LineString", "coordinates": [[4.93761165418839, 52.3765987470075], [4.93761374642531, 52.3766397141924]]}, "properties": {"Speed": 0.0, "Speed_display": 10.8, "road_quality": 2, "marker": 0, "trip_id": "602B1_Trip11", "hrot_diff": 0, "sample_diff": 1, "time_diff_s": 0.02, "gps_distance_m": 4.6, "original_speed": "", "wheel_diameter_mm": 711, "braking_intensity": 0.0, "is_braking": false, "is_crash": false, "crash_intensity_g": 0.0, "segment_start_sample": 7468, "segment_end_sample": 7469, "time_str": ""}}, {"type": "Feature", "geometry": {"type": "LineString", "coordinates": [[4.93761374642531, 52.3766397141924], [4.93761923790792, 52.3766860664788]]}, "properties": {"Speed": 0.0, "Speed_display": 11.5, "road_quality": 2, "marker": 0, "trip_id": "602B1_Trip11", "hrot_diff": 0, "sample_diff": 1, "time_diff_s": 0.02, "gps_distance_m": 5.2, "original_speed": "", "wheel_diameter_mm": 711, "braking_intensity": 0.0, "is_braking": false, "is_crash": false, "crash_intensity_g": 0.0, "segment_start_sample": 7519, "segment_end_sample": 7520, "time_str": ""}}, {"type": "Feature", "geometry": {"type": "LineString", "coordinates": [[4.93761923790792, 52.3766860664788], [4.93760841445801, 52.3767229651107]]}, "properties": {"Speed": 0.0, "Speed_display": 11.5, "road_quality": 2, "marker": 0, "trip_id": "602B1_Trip11", "hrot_diff": 0, "sample_diff": 1, "time_diff_s": 0.02, "gps_distance_m": 4.2, "original_speed": "", "wheel_diameter_mm": 711, "braking_intensity": 0.0, "is_braking": false, "is_crash": false, "crash_intensity_g": 0.0, "segment_start_sample": 7570, "segment_end_sample": 7571, "time_str": ""}}, {"type": "Feature", "geometry": {"type": "LineString", "coordinates": [[4.93760841445801, 52.3767229651107], [4.93763926999047, 52.3767584701211]]}, "properties": {"Speed": 0.0, "Speed_display": 10.8, "road_quality": 2, "marker": 0, "trip_id": "602B1_Trip11", "hrot_diff": 0, "sample_diff": 1, "time_diff_s": 0.02, "gps_distance_m": 4.5, "original_speed": "", "wheel_diameter_mm": 711, "braking_intensity": 0.0, "is_braking": false, "is_crash": false, "crash_intensity_g": 0.0, "segment_start_sample": 7619, "segment_end_sample": 7620, "time_str": ""}}, {"type": "Feature", "geometry": {"type": "LineString", "coordinates": [[4.93763926999047, 52.3767584701211], [4.93764744001516, 52.3768051689009]]}, "properties": {"Speed": 0.0, "Speed_display": 11.5, "road_quality": 2, "marker": 0, "trip_id": "602B1_Trip11", "hrot_diff": 0, "sample_diff": 1, "time_diff_s": 0.02, "gps_distance_m": 5.2, "original_speed": "", "wheel_diameter_mm": 711, "braking_intensity": 0.0, "is_braking": false, "is_crash": false, "crash_intensity_g": 0.0, "segment_start_sample": 7669, "segment_end_sample": 7670, "time_str": ""}}, {"type": "Feature", "geometry": {"type": "LineString", "coordinates": [[4.93764744001516, 52.3768051689009], [4.93765395446303, 52.376847267402]]}, "properties": {"Speed": 0.0, "Speed_display": 12.2, "road_quality": 3, "marker": 0, "trip_id": "602B1_Trip11", "hrot_diff": 0, "sample_diff": 1, "time_diff_s": 0.02, "gps_distance_m": 4.7, "original_speed": "", "wheel_diameter_mm": 711, "braking_intensity": 0.0, "is_braking": false, "is_crash": false, "crash_intensity_g": 0.0, "segment_start_sample": 7718, "segment_end_sample": 7719, "time_str": ""}}, {"type": "Feature", "geometry": {"type": "LineString", "coordinates": [[4.93765395446303, 52.376847267402], [4.93763654295322, 52.3768826551026]]}, "properties": {"Speed": 0.0, "Speed_display": 11.5, "road_quality": 3, "marker": 0, "trip_id": "602B1_Trip11", "hrot_diff": 0, "sample_diff": 1, "time_diff_s": 0.02, "gps_distance_m": 4.1, "original_speed": "", "wheel_diameter_mm": 711, "braking_intensity": 0.0, "is_braking": false, "is_crash": false, "crash_intensity_g": 0.0, "segment_start_sample": 7765, "segment_end_sample": 7766, "time_str": ""}}, {"type": "Feature", "geometry": {"type": "LineString", "coordinates": [[4.93763654295322, 52.3768826551026], [4.93758954141146, 52.3769242338624]]}, "properties": {"Speed": 0.0, "Speed_display": 12.2, "road_quality": 2, "marker": 0, "trip_id": "602B1_Trip11", "hrot_diff": 0, "sample_diff": 1, "time_diff_s": 0.02, "gps_distance_m": 5.6, "original_speed": "", "wheel_diameter_mm": 711, "braking_intensity": 0.0, "is_braking": false, "is_crash": false, "crash_intensity_g": 0.0, "segment_start_sample": 7813, "segment_end_sample": 7814, "time_str": ""}}, {"type": "Feature", "geometry": {"type": "LineString", "coordinates": [[4.93758954141146, 52.3769242338624], [4.93754233853456, 52.3769652031055]]}, "properties": {"Speed": 0.0, "Speed_display": 13.0, "road_quality": 2, "marker": 0, "trip_id": "602B1_Trip11", "hrot_diff": 0, "sample_diff": 1, "time_diff_s": 0.02, "gps_distance_m": 5.6, "original_speed": "", "wheel_diameter_mm": 711, "braking_intensity": 0.0, "is_braking": false, "is_crash": false, "crash_intensity_g": 0.0, "segment_start_sample": 7859, "segment_end_sample": 7860, "time_str": ""}}, {"type": "Feature", "geometry": {"type": "LineString", "coordinates": [[4.93754233853456, 52.3769652031055], [4.93750163186801, 52.3770104255128]]}, "properties": {"Speed": 0.0, "Speed_display": 13.7, "road_quality": 2, "marker": 0, "trip_id": "602B1_Trip11", "hrot_diff": 0, "sample_diff": 1, "time_diff_s": 0.02, "gps_distance_m": 5.7, "original_speed": "", "wheel_diameter_mm": 711, "braking_intensity": 0.0, "is_braking": false, "is_crash": false, "crash_intensity_g": 0.0, "segment_start_sample": 7920, "segment_end_sample": 7921, "time_str": ""}}, {"type": "Feature", "geometry": {"type": "LineString", "coordinates": [[4.93750163186801, 52.3770104255128], [4.93746653476244, 52.3770547889638]]}, "properties": {"Speed": 0.0, "Speed_display": 13.0, "road_quality": 2, "marker": 0, "trip_id": "602B1_Trip11", "hrot_diff": 0, "sample_diff": 1, "time_diff_s": 0.02, "gps_distance_m": 5.5, "original_speed": "", "wheel_diameter_mm": 711, "braking_intensity": 0.0, "is_braking": false, "is_crash": false, "crash_intensity_g": 0.0, "segment_start_sample": 7966, "segment_end_sample": 7967, "time_str": ""}}, {"type": "Feature", "geometry": {"type": "LineString", "coordinates": [[4.93746653476244, 52.3770547889638], [4.93748363701771, 52.3770809699309]]}, "properties": {"Speed": 0.0, "Speed_display": 10.1, "road_quality": 3, "marker": 0, "trip_id": "602B1_Trip11", "hrot_diff": 0, "sample_diff": 1, "time_diff_s": 0.02, "gps_distance_m": 3.1, "original_speed": "", "wheel_diameter_mm": 711, "braking_intensity": 0.0, "is_braking": false, "is_crash": false, "crash_intensity_g": 0.0, "segment_start_sample": 8002, "segment_end_sample": 8003, "time_str": ""}}, {"type": "Feature", "geometry": {"type": "LineString", "coordinates": [[4.93748363701771, 52.3770809699309], [4.93748334224051, 52.3771262594379]]}, "properties": {"Speed": 0.0, "Speed_display": 10.1, "road_quality": 3, "marker": 0, "trip_id": "602B1_Trip11", "hrot_diff": 0, "sample_diff": 1, "time_diff_s": 0.02, "gps_distance_m": 5.0, "original_speed": "", "wheel_diameter_mm": 711, "braking_intensity": 0.0, "is_braking": false, "is_crash": false, "crash_intensity_g": 0.0, "segment_start_sample": 8061, "segment_end_sample": 8062, "time_str": ""}}, {"type": "Feature", "geometry": {"type": "LineString", "coordinates": [[4.93748334224051, 52.3771262594379], [4.93746774169727, 52.3771714613118]]}, "properties": {"Speed": 0.0, "Speed_display": 10.8, "road_quality": 3, "marker": 0, "trip_id": "602B1_Trip11", "hrot_diff": 0, "sample_diff": 1, "time_diff_s": 0.02, "gps_distance_m": 5.1, "original_speed": "", "wheel_diameter_mm": 711, "braking_intensity": 0.0, "is_braking": false, "is_crash": false, "crash_intensity_g": 0.0, "segment_start_sample": 8109, "segment_end_sample": 8110, "time_str": ""}}, {"type": "Feature", "geometry": {"type": "LineString", "coordinates": [[4.93746774169727, 52.3771714613118], [4.93739964949483, 52.3772065555377]]}, "properties": {"Speed": 0.0, "Speed_display": 11.5, "road_quality": 3, "marker": 0, "trip_id": "602B1_Trip11", "hrot_diff": 0, "sample_diff": 1, "time_diff_s": 0.02, "gps_distance_m": 6.0, "original_speed": "", "wheel_diameter_mm": 711, "braking_intensity": 0.0, "is_braking": false, "is_crash": false, "crash_intensity_g": 0.0, "segment_start_sample": 8166, "segment_end_sample": 8167, "time_str": ""}}, {"type": "Feature", "geometry": {"type": "LineString", "coordinates": [[4.93739964949483, 52.3772065555377], [4.9373181379137, 52.3772142022905]]}, "properties": {"Speed": 0.0, "Speed_display": 11.5, "road_quality": 3, "marker": 0, "trip_id": "602B1_Trip11", "hrot_diff": 0, "sample_diff": 1, "time_diff_s": 0.02, "gps_distance_m": 5.6, "original_speed": "", "wheel_diameter_mm": 711, "braking_intensity": 0.0, "is_braking": false, "is_crash": false, "crash_intensity_g": 0.0, "segment_start_sample": 8215, "segment_end_sample": 8216, "time_str": ""}}, {"type": "Feature", "geometry": {"type": "LineString", "coordinates": [[4.9373181379137, 52.3772142022905], [4.93723859680853, 52.3772291997096]]}, "properties": {"Speed": 0.0, "Speed_display": 12.2, "road_quality": 2, "marker": 0, "trip_id": "602B1_Trip11", "hrot_diff": 0, "sample_diff": 1, "time_diff_s": 0.02, "gps_distance_m": 5.7, "original_speed": "", "wheel_diameter_mm": 711, "braking_intensity": 0.0, "is_braking": false, "is_crash": false, "crash_intensity_g": 0.0, "segment_start_sample": 8264, "segment_end_sample": 8265, "time_str": ""}}, {"type": "Feature", "geometry": {"type": "LineString", "coordinates": [[4.93723859680853, 52.3772291997096], [4.93715619612013, 52.3772254609272]]}, "properties": {"Speed": 0.0, "Speed_display": 12.2, "road_quality": 2, "marker": 0, "trip_id": "602B1_Trip11", "hrot_diff": 0, "sample_diff": 1, "time_diff_s": 0.02, "gps_distance_m": 5.6, "original_speed": "", "wheel_diameter_mm": 711, "braking_intensity": 0.0, "is_braking": false, "is_crash": false, "crash_intensity_g": 0.0, "segment_start_sample": 8312, "segment_end_sample": 8313, "time_str": ""}}, {"type": "Feature", "geometry": {"type": "LineString", "coordinates": [[4.93715619612013, 52.3772254609272], [4.93708582584817, 52.3772254264186]]}, "properties": {"Speed": 0.0, "Speed_display": 11.5, "road_quality": 2, "marker": 0, "trip_id": "602B1_Trip11", "hrot_diff": 0, "sample_diff": 1, "time_diff_s": 0.02, "gps_distance_m": 4.8, "original_speed": "", "wheel_diameter_mm": 711, "braking_intensity": 0.0, "is_braking": false, "is_crash": false, "crash_intensity_g": 0.0, "segment_start_sample": 8365, "segment_end_sample": 8366, "time_str": ""}}, {"type": "Feature", "geometry": {"type": "LineString", "coordinates": [[4.93708582584817, 52.3772254264186], [4.93702284086712, 52.3772244908864]]}, "properties": {"Speed": 0.0, "Speed_display": 10.8, "road_quality": 2, "marker": 0, "trip_id": "602B1_Trip11", "hrot_diff": 0, "sample_diff": 1, "time_diff_s": 0.02, "gps_distance_m": 4.3, "original_speed": "", "wheel_diameter_mm": 711, "braking_intensity": 0.0, "is_braking": false, "is_crash": false, "crash_intensity_g": 0.0, "segment_start_sample": 8415, "segment_end_sample": 8416, "time_str": ""}}, {"type": "Feature", "geometry": {"type": "LineString", "coordinates": [[4.93702284086712, 52.3772244908864], [4.93695918882392, 52.3772296285101]]}, "properties": {"Speed": 0.0, "Speed_display": 10.8, "road_quality": 2, "marker": 0, "trip_id": "602B1_Trip11", "hrot_diff": 0, "sample_diff": 1, "time_diff_s": 0.02, "gps_distance_m": 4.4, "original_speed": "", "wheel_diameter_mm": 711, "braking_intensity": 0.0, "is_braking": false, "is_crash": false, "crash_intensity_g": 0.0, "segment_start_sample": 8470, "segment_end_sample": 8471, "time_str": ""}}, {"type": "Feature", "geometry": {"type": "LineString", "coordinates": [[4.93695918882392, 52.3772296285101], [4.93689973916517, 52.3772306282699]]}, "properties": {"Speed": 0.0, "Speed_display": 10.8, "road_quality": 2, "marker": 0, "trip_id": "602B1_Trip11", "hrot_diff": 0, "sample_diff": 1, "time_diff_s": 0.02, "gps_distance_m": 4.0, "original_speed": "", "wheel_diameter_mm": 711, "braking_intensity": 0.0, "is_braking": false, "is_crash": false, "crash_intensity_g": 0.0, "segment_start_sample": 8509, "segment_end_sample": 8510, "time_str": ""}}, {"type": "Feature", "geometry": {"type": "LineString", "coordinates": [[4.93689973916517, 52.3772306282699], [4.93683939842746, 52.3772340742861]]}, "properties": {"Speed": 0.0, "Speed_display": 10.1, "road_quality": 3, "marker": 0, "trip_id": "602B1_Trip11", "hrot_diff": 0, "sample_diff": 1, "time_diff_s": 0.02, "gps_distance_m": 4.1, "original_speed": "", "wheel_diameter_mm": 711, "braking_intensity": 0.0, "is_braking": false, "is_crash": false, "crash_intensity_g": 0.0, "segment_start_sample": 8561, "segment_end_sample": 8562, "time_str": ""}}, {"type": "Feature", "geometry": {"type": "LineString", "coordinates": [[4.93683939842746, 52.3772340742861], [4.93677823527922, 52.3772310917812]]}, "properties": {"Speed": 0.0, "Speed_display": 10.1, "road_quality": 3, "marker": 0, "trip_id": "602B1_Trip11", "hrot_diff": 0, "sample_diff": 1, "time_diff_s": 0.02, "gps_distance_m": 4.2, "original_speed": "", "wheel_diameter_mm": 711, "braking_intensity": 0.0, "is_braking": false, "is_crash": false, "crash_intensity_g": 0.0, "segment_start_sample": 8621, "segment_end_sample": 8622, "time_str": ""}}, {"type": "Feature", "geometry": {"type": "LineString", "coordinates": [[4.93677823527922, 52.3772310917812], [4.93672563885552, 52.3772293753675]]}, "properties": {"Speed": 0.0, "Speed_display": 9.4, "road_quality": 2, "marker": 0, "trip_id": "602B1_Trip11", "hrot_diff": 0, "sample_diff": 1, "time_diff_s": 0.02, "gps_distance_m": 3.6, "original_speed": "", "wheel_diameter_mm": 711, "braking_intensity": 0.0, "is_braking": false, "is_crash": false, "crash_intensity_g": 0.0, "segment_start_sample": 8664, "segment_end_sample": 8665, "time_str": ""}}, {"type": "Feature", "geometry": {"type": "LineString", "coordinates": [[4.93672563885552, 52.3772293753675], [4.93667380210979, 52.377235048474]]}, "properties": {"Speed": 0.0, "Speed_display": 9.4, "road_quality": 2, "marker": 0, "trip_id": "602B1_Trip11", "hrot_diff": 0, "sample_diff": 1, "time_diff_s": 0.02, "gps_distance_m": 3.6, "original_speed": "", "wheel_diameter_mm": 711, "braking_intensity": 0.0, "is_braking": false, "is_crash": false, "crash_intensity_g": 0.0, "segment_start_sample": 8711, "segment_end_sample": 8712, "time_str": ""}}, {"type": "Feature", "geometry": {"type": "LineString", "coordinates": [[4.93667380210979, 52.377235048474], [4.93663254006274, 52.3772444228536]]}, "properties": {"Speed": 0.0, "Speed_display": 8.6, "road_quality": 2, "marker": 0, "trip_id": "602B1_Trip11", "hrot_diff": 0, "sample_diff": 1, "time_diff_s": 0.02, "gps_distance_m": 3.0, "original_speed": "", "wheel_diameter_mm": 711, "braking_intensity": 0.0, "is_braking": false, "is_crash": false, "crash_intensity_g": 0.0, "segment_start_sample": 8761, "segment_end_sample": 8762, "time_str": ""}}, {"type": "Feature", "geometry": {"type": "LineString", "coordinates": [[4.93663254006274, 52.3772444228536], [4.93658904010606, 52.3772430040209]]}, "properties": {"Speed": 0.0, "Speed_display": 7.9, "road_quality": 2, "marker": 0, "trip_id": "602B1_Trip11", "hrot_diff": 0, "sample_diff": 1, "time_diff_s": 0.02, "gps_distance_m": 3.0, "original_speed": "", "wheel_diameter_mm": 711, "braking_intensity": 0.0, "is_braking": false, "is_crash": false, "crash_intensity_g": 0.0, "segment_start_sample": 8815, "segment_end_sample": 8816, "time_str": ""}}, {"type": "Feature", "geometry": {"type": "LineString", "coordinates": [[4.93658904010606, 52.3772430040209], [4.93656257970057, 52.3772505637118]]}, "properties": {"Speed": 0.0, "Speed_display": 6.5, "road_quality": 2, "marker": 0, "trip_id": "602B1_Trip11", "hrot_diff": 0, "sample_diff": 1, "time_diff_s": 0.02, "gps_distance_m": 2.0, "original_speed": "", "wheel_diameter_mm": 711, "braking_intensity": 0.0, "is_braking": false, "is_crash": false, "crash_intensity_g": 0.0, "segment_start_sample": 8867, "segment_end_sample": 8868, "time_str": ""}}, {"type": "Feature", "geometry": {"type": "LineString", "coordinates": [[4.93656257970057, 52.3772505637118], [4.93651626231535, 52.377253458848]]}, "properties": {"Speed": 0.0, "Speed_display": 7.2, "road_quality": 2, "marker": 0, "trip_id": "602B1_Trip11", "hrot_diff": 0, "sample_diff": 1, "time_diff_s": 0.02, "gps_distance_m": 3.2, "original_speed": "", "wheel_diameter_mm": 711, "braking_intensity": 0.0, "is_braking": false, "is_crash": false, "crash_intensity_g": 0.0, "segment_start_sample": 8904, "segment_end_sample": 8905, "time_str": ""}}, {"type": "Feature", "geometry": {"type": "LineString", "coordinates": [[4.93651626231535, 52.377253458848], [4.93646603816478, 52.3772583859566]]}, "properties": {"Speed": 0.0, "Speed_display": 7.9, "road_quality": 2, "marker": 0, "trip_id": "602B1_Trip11", "hrot_diff": 0, "sample_diff": 1, "time_diff_s": 0.02, "gps_distance_m": 3.5, "original_speed": "", "wheel_diameter_mm": 711, "braking_intensity": 0.0, "is_braking": false, "is_crash": false, "crash_intensity_g": 0.0, "segment_start_sample": 8959, "segment_end_sample": 8960, "time_str": ""}}, {"type": "Feature", "geometry": {"type": "LineString", "coordinates": [[4.93646603816478, 52.3772583859566], [4.93642940489757, 52.3772654520377]]}, "properties": {"Speed": 0.0, "Speed_display": 7.2, "road_quality": 2, "marker": 0, "trip_id": "602B1_Trip11", "hrot_diff": 0, "sample_diff": 1, "time_diff_s": 0.02, "gps_distance_m": 2.6, "original_speed": "", "wheel_diameter_mm": 711, "braking_intensity": 0.0, "is_braking": false, "is_crash": false, "crash_intensity_g": 0.0, "segment_start_sample": 8998, "segment_end_sample": 8999, "time_str": ""}}, {"type": "Feature", "geometry": {"type": "LineString", "coordinates": [[4.93642940489757, 52.3772654520377], [4.93639233518023, 52.3772715116214]]}, "properties": {"Speed": 0.0, "Speed_display": 6.5, "road_quality": 2, "marker": 0, "trip_id": "602B1_Trip11", "hrot_diff": 0, "sample_diff": 1, "time_diff_s": 0.02, "gps_distance_m": 2.6, "original_speed": "", "wheel_diameter_mm": 711, "braking_intensity": 0.0, "is_braking": false, "is_crash": false, "crash_intensity_g": 0.0, "segment_start_sample": 9057, "segment_end_sample": 9058, "time_str": ""}}, {"type": "Feature", "geometry": {"type": "LineString", "coordinates": [[4.93639233518023, 52.3772715116214], [4.93636430501502, 52.3772795776975]]}, "properties": {"Speed": 0.0, "Speed_display": 5.8, "road_quality": 2, "marker": 0, "trip_id": "602B1_Trip11", "hrot_diff": 0, "sample_diff": 1, "time_diff_s": 0.02, "gps_distance_m": 2.1, "original_speed": "", "wheel_diameter_mm": 711, "braking_intensity": 0.0, "is_braking": false, "is_crash": false, "crash_intensity_g": 0.0, "segment_start_sample": 9117, "segment_end_sample": 9118, "time_str": ""}}, {"type": "Feature", "geometry": {"type": "LineString", "coordinates": [[4.93636430501502, 52.3772795776975], [4.936332865293, 52.377277513743]]}, "properties": {"Speed": 0.0, "Speed_display": 5.8, "road_quality": 2, "marker": 0, "trip_id": "602B1_Trip11", "hrot_diff": 0, "sample_diff": 1, "time_diff_s": 0.02, "gps_distance_m": 2.1, "original_speed": "", "wheel_diameter_mm": 711, "braking_intensity": 0.0, "is_braking": false, "is_crash": false, "crash_intensity_g": 0.0, "segment_start_sample": 9159, "segment_end_sample": 9160, "time_str": ""}}, {"type": "Feature", "geometry": {"type": "LineString", "coordinates": [[4.936332865293, 52.377277513743], [4.93629220904955, 52.3772901077478]]}, "properties": {"Speed": 0.0, "Speed_display": 5.8, "road_quality": 2, "marker": 0, "trip_id": "602B1_Trip11", "hrot_diff": 0, "sample_diff": 1, "time_diff_s": 0.02, "gps_distance_m": 3.1, "original_speed": "", "wheel_diameter_mm": 711, "braking_intensity": 0.0, "is_braking": false, "is_crash": false, "crash_intensity_g": 0.0, "segment_start_sample": 9201, "segment_end_sample": 9202, "time_str": ""}}, {"type": "Feature", "geometry": {"type": "LineString", "coordinates": [[4.93629220904955, 52.3772901077478], [4.93624764563864, 52.3773000700234]]}, "properties": {"Speed": 0.0, "Speed_display": 6.5, "road_quality": 2, "marker": 0, "trip_id": "602B1_Trip11", "hrot_diff": 0, "sample_diff": 1, "time_diff_s": 0.02, "gps_distance_m": 3.2, "original_speed": "", "wheel_diameter_mm": 711, "braking_intensity": 0.0, "is_braking": false, "is_crash": false, "crash_intensity_g": 0.0, "segment_start_sample": 9266, "segment_end_sample": 9267, "time_str": ""}}, {"type": "Feature", "geometry": {"type": "LineString", "coordinates": [[4.93624764563864, 52.3773000700234], [4.93620675256175, 52.3773009127195]]}, "properties": {"Speed": 0.0, "Speed_display": 7.2, "road_quality": 2, "marker": 0, "trip_id": "602B1_Trip11", "hrot_diff": 0, "sample_diff": 1, "time_diff_s": 0.02, "gps_distance_m": 2.8, "original_speed": "", "wheel_diameter_mm": 711, "braking_intensity": 0.0, "is_braking": false, "is_crash": false, "crash_intensity_g": 0.0, "segment_start_sample": 9310, "segment_end_sample": 9311, "time_str": ""}}, {"type": "Feature", "geometry": {"type": "LineString", "coordinates": [[4.93620675256175, 52.3773009127195], [4.93616851910479, 52.3773065311822]]}, "properties": {"Speed": 0.0, "Speed_display": 7.2, "road_quality": 2, "marker": 0, "trip_id": "602B1_Trip11", "hrot_diff": 0, "sample_diff": 1, "time_diff_s": 0.02, "gps_distance_m": 2.7, "original_speed": "", "wheel_diameter_mm": 711, "braking_intensity": 0.0, "is_braking": false, "is_crash": false, "crash_intensity_g": 0.0, "segment_start_sample": 9354, "segment_end_sample": 9355, "time_str": ""}}, {"type": "Feature", "geometry": {"type": "LineString", "coordinates": [[4.93616851910479, 52.3773065311822], [4.93613933229505, 52.3773080062277]]}, "properties": {"Speed": 0.0, "Speed_display": 5.8, "road_quality": 2, "marker": 0, "trip_id": "602B1_Trip11", "hrot_diff": 0, "sample_diff": 1, "time_diff_s": 0.02, "gps_distance_m": 2.0, "original_speed": "", "wheel_diameter_mm": 711, "braking_intensity": 0.0, "is_braking": false, "is_crash": false, "crash_intensity_g": 0.0, "segment_start_sample": 9403, "segment_end_sample": 9404, "time_str": ""}}, {"type": "Feature", "geometry": {"type": "LineString", "coordinates": [[4.93613933229505, 52.3773080062277], [4.93610716538651, 52.3773107590165]]}, "properties": {"Speed": 0.0, "Speed_display": 5.8, "road_quality": 2, "marker": 0, "trip_id": "602B1_Trip11", "hrot_diff": 0, "sample_diff": 1, "time_diff_s": 0.02, "gps_distance_m": 2.2, "original_speed": "", "wheel_diameter_mm": 711, "braking_intensity": 0.0, "is_braking": false, "is_crash": false, "crash_intensity_g": 0.0, "segment_start_sample": 9455, "segment_end_sample": 9456, "time_str": ""}}, {"type": "Feature", "geometry": {"type": "LineString", "coordinates": [[4.93610716538651, 52.3773107590165], [4.93601465112687, 52.3773307716376]]}, "properties": {"Speed": 0.0, "Speed_display": 5.0, "road_quality": 2, "marker": 0, "trip_id": "602B1_Trip11", "hrot_diff": 0, "sample_diff": 1, "time_diff_s": 0.02, "gps_distance_m": 6.7, "original_speed": "", "wheel_diameter_mm": 711, "braking_intensity": 0.0, "is_braking": false, "is_crash": false, "crash_intensity_g": 0.0, "segment_start_sample": 9561, "segment_end_sample": 9562, "time_str": ""}}, {"type": "Feature", "geometry": {"type": "LineString", "coordinates": [[4.93601465112687, 52.3773307716376], [4.93597885863574, 52.3773409388372]]}, "properties": {"Speed": 0.0, "Speed_display": 5.8, "road_quality": 2, "marker": 0, "trip_id": "602B1_Trip11", "hrot_diff": 0, "sample_diff": 1, "time_diff_s": 0.02, "gps_distance_m": 2.7, "original_speed": "", "wheel_diameter_mm": 711, "braking_intensity": 0.0, "is_braking": false, "is_crash": false, "crash_intensity_g": 0.0, "segment_start_sample": 9674, "segment_end_sample": 9675, "time_str": ""}}, {"type": "Feature", "geometry": {"type": "LineString", "coordinates": [[4.93597885863574, 52.3773409388372], [4.93595784436082, 52.3773350889636]]}, "properties": {"Speed": 0.0, "Speed_display": 5.0, "road_quality": 2, "marker": 0, "trip_id": "602B1_Trip11", "hrot_diff": 0, "sample_diff": 1, "time_diff_s": 0.02, "gps_distance_m": 1.6, "original_speed": "", "wheel_diameter_mm": 711, "braking_intensity": 0.0, "is_braking": false, "is_crash": false, "crash_intensity_g": 0.0, "segment_start_sample": 9709, "segment_end_sample": 9710, "time_str": ""}}, {"type": "Feature", "geometry": {"type": "LineString", "coordinates": [[4.93595784436082, 52.3773350889636], [4.93591878796219, 52.3773296524588]]}, "properties": {"Speed": 0.0, "Speed_display": 4.3, "road_quality": 2, "marker": 0, "trip_id": "602B1_Trip11", "hrot_diff": 0, "sample_diff": 1, "time_diff_s": 0.02, "gps_distance_m": 2.7, "original_speed": "", "wheel_diameter_mm": 711, "braking_intensity": 0.0, "is_braking": false, "is_crash": false, "crash_intensity_g": 0.0, "segment_start_sample": 9777, "segment_end_sample": 9778, "time_str": ""}}, {"type": "Feature", "geometry": {"type": "LineString", "coordinates": [[4.93591878796219, 52.3773296524588], [4.93590182568135, 52.3773341866724]]}, "properties": {"Speed": 0.0, "Speed_display": 3.6, "road_quality": 2, "marker": 0, "trip_id": "602B1_Trip11", "hrot_diff": 0, "sample_diff": 1, "time_diff_s": 0.02, "gps_distance_m": 1.3, "original_speed": "", "wheel_diameter_mm": 711, "braking_intensity": 0.0, "is_braking": false, "is_crash": false, "crash_intensity_g": 0.0, "segment_start_sample": 9874, "segment_end_sample": 9875, "time_str": ""}}, {"type": "Feature", "geometry": {"type": "LineString", "coordinates": [[4.93590182568135, 52.3773341866724], [4.93586508053619, 52.3773352406982]]}, "properties": {"Speed": 0.0, "Speed_display": 3.6, "road_quality": 2, "marker": 0, "trip_id": "602B1_Trip11", "hrot_diff": 0, "sample_diff": 1, "time_diff_s": 0.02, "gps_distance_m": 2.5, "original_speed": "", "wheel_diameter_mm": 711, "braking_intensity": 0.0, "is_braking": false, "is_crash": false, "crash_intensity_g": 0.0, "segment_start_sample": 9941, "segment_end_sample": 9942, "time_str": ""}}, {"type": "Feature", "geometry": {"type": "LineString", "coordinates": [[4.93586508053619, 52.3773352406982], [4.93583965769942, 52.377335818275]]}, "properties": {"Speed": 0.0, "Speed_display": 3.6, "road_quality": 2, "marker": 0, "trip_id": "602B1_Trip11", "hrot_diff": 0, "sample_diff": 1, "time_diff_s": 0.02, "gps_distance_m": 1.7, "original_speed": "", "wheel_diameter_mm": 711, "braking_intensity": 0.0, "is_braking": false, "is_crash": false, "crash_intensity_g": 0.0, "segment_start_sample": 10016, "segment_end_sample": 10017, "time_str": ""}}, {"type": "Feature", "geometry": {"type": "LineString", "coordinates": [[4.93583965769942, 52.377335818275], [4.93581595650453, 52.3773311065019]]}, "properties": {"Speed": 0.0, "Speed_display": 3.6, "road_quality": 2, "marker": 0, "trip_id": "602B1_Trip11", "hrot_diff": 0, "sample_diff": 1, "time_diff_s": 0.02, "gps_distance_m": 1.7, "original_speed": "", "wheel_diameter_mm": 711, "braking_intensity": 0.0, "is_braking": false, "is_crash": false, "crash_intensity_g": 0.0, "segment_start_sample": 10055, "segment_end_sample": 10056, "time_str": ""}}, {"type": "Feature", "geometry": {"type": "LineString", "coordinates": [[4.93581595650453, 52.3773311065019], [4.93579785805596, 52.3773349327172]]}, "properties": {"Speed": 0.0, "Speed_display": 3.6, "road_quality": 2, "marker": 0, "trip_id": "602B1_Trip11", "hrot_diff": 0, "sample_diff": 1, "time_diff_s": 0.02, "gps_distance_m": 1.3, "original_speed": "", "wheel_diameter_mm": 711, "braking_intensity": 0.0, "is_braking": false, "is_crash": false, "crash_intensity_g": 0.0, "segment_start_sample": 10090, "segment_end_sample": 10091, "time_str": ""}}, {"type": "Feature", "geometry": {"type": "LineString", "coordinates": [[4.93579785805596, 52.3773349327172], [4.93577226562599, 52.3773300887333]]}, "properties": {"Speed": 0.0, "Speed_display": 4.3, "road_quality": 2, "marker": 0, "trip_id": "602B1_Trip11", "hrot_diff": 0, "sample_diff": 1, "time_diff_s": 0.02, "gps_distance_m": 1.8, "original_speed": "", "wheel_diameter_mm": 711, "braking_intensity": 0.0, "is_braking": false, "is_crash": false, "crash_intensity_g": 0.0, "segment_start_sample": 10160, "segment_end_sample": 10161, "time_str": ""}}, {"type": "Feature", "geometry": {"type": "LineString", "coordinates": [[4.93577226562599, 52.3773300887333], [4.93574692755139, 52.3773294317871]]}, "properties": {"Speed": 0.0, "Speed_display": 4.3, "road_quality": 2, "marker": 0, "trip_id": "602B1_Trip11", "hrot_diff": 0, "sample_diff": 1, "time_diff_s": 0.02, "gps_distance_m": 1.7, "original_speed": "", "wheel_diameter_mm": 711, "braking_intensity": 0.0, "is_braking": false, "is_crash": false, "crash_intensity_g": 0.0, "segment_start_sample": 10220, "segment_end_sample": 10221, "time_str": ""}}, {"type": "Feature", "geometry": {"type": "LineString", "coordinates": [[4.93574692755139, 52.3773294317871], [4.93570718901911, 52.3773353344238]]}, "properties": {"Speed": 0.0, "Speed_display": 5.8, "road_quality": 2, "marker": 0, "trip_id": "602B1_Trip11", "hrot_diff": 0, "sample_diff": 1, "time_diff_s": 0.02, "gps_distance_m": 2.8, "original_speed": "", "wheel_diameter_mm": 711, "braking_intensity": 0.0, "is_braking": false, "is_crash": false, "crash_intensity_g": 0.0, "segment_start_sample": 10251, "segment_end_sample": 10252, "time_str": ""}}, {"type": "Feature", "geometry": {"type": "LineString", "coordinates": [[4.93570718901911, 52.3773353344238], [4.93568526886728, 52.3773378572475]]}, "properties": {"Speed": 0.0, "Speed_display": 5.0, "road_quality": 2, "marker": 0, "trip_id": "602B1_Trip11", "hrot_diff": 0, "sample_diff": 1, "time_diff_s": 0.02, "gps_distance_m": 1.5, "original_speed": "", "wheel_diameter_mm": 711, "braking_intensity": 0.0, "is_braking": false, "is_crash": false, "crash_intensity_g": 0.0, "segment_start_sample": 10304, "segment_end_sample": 10305, "time_str": ""}}, {"type": "Feature", "geometry": {"type": "LineString", "coordinates": [[4.93568526886728, 52.3773378572475], [4.93565642784597, 52.3773404141422]]}, "properties": {"Speed": 0.0, "Speed_display": 5.0, "road_quality": 2, "marker": 0, "trip_id": "602B1_Trip11", "hrot_diff": 0, "sample_diff": 1, "time_diff_s": 0.02, "gps_distance_m": 2.0, "original_speed": "", "wheel_diameter_mm": 711, "braking_intensity": 0.0, "is_braking": false, "is_crash": false, "crash_intensity_g": 0.0, "segment_start_sample": 10354, "segment_end_sample": 10355, "time_str": ""}}, {"type": "Feature", "geometry": {"type": "LineString", "coordinates": [[4.93565642784597, 52.3773404141422], [4.93563368675425, 52.3773452887113]]}, "properties": {"Speed": 0.0, "Speed_display": 5.0, "road_quality": 2, "marker": 0, "trip_id": "602B1_Trip11", "hrot_diff": 0, "sample_diff": 1, "time_diff_s": 0.02, "gps_distance_m": 1.6, "original_speed": "", "wheel_diameter_mm": 711, "braking_intensity": 0.0, "is_braking": false, "is_crash": false, "crash_intensity_g": 0.0, "segment_start_sample": 10400, "segment_end_sample": 10401, "time_str": ""}}, {"type": "Feature", "geometry": {"type": "LineString", "coordinates": [[4.93563368675425, 52.3773452887113], [4.93559209325447, 52.3773545260988]]}, "properties": {"Speed": 0.0, "Speed_display": 5.8, "road_quality": 2, "marker": 0, "trip_id": "602B1_Trip11", "hrot_diff": 0, "sample_diff": 1, "time_diff_s": 0.02, "gps_distance_m": 3.0, "original_speed": "", "wheel_diameter_mm": 711, "braking_intensity": 0.0, "is_braking": false, "is_crash": false, "crash_intensity_g": 0.0, "segment_start_sample": 10440, "segment_end_sample": 10441, "time_str": ""}}, {"type": "Feature", "geometry": {"type": "LineString", "coordinates": [[4.93559209325447, 52.3773545260988], [4.93554106471967, 52.3773504602068]]}, "properties": {"Speed": 0.0, "Speed_display": 7.2, "road_quality": 2, "marker": 0, "trip_id": "602B1_Trip11", "hrot_diff": 0, "sample_diff": 1, "time_diff_s": 0.02, "gps_distance_m": 3.5, "original_speed": "", "wheel_diameter_mm": 711, "braking_intensity": 0.0, "is_braking": false, "is_crash": false, "crash_intensity_g": 0.0, "segment_start_sample": 10494, "segment_end_sample": 10495, "time_str": ""}}, {"type": "Feature", "geometry": {"type": "LineString", "coordinates": [[4.93554106471967, 52.3773504602068], [4.93548646844114, 52.3773537190993]]}, "properties": {"Speed": 0.0, "Speed_display": 8.6, "road_quality": 2, "marker": 0, "trip_id": "602B1_Trip11", "hrot_diff": 0, "sample_diff": 1, "time_diff_s": 0.02, "gps_distance_m": 3.7, "original_speed": "", "wheel_diameter_mm": 711, "braking_intensity": 0.0, "is_braking": false, "is_crash": false, "crash_intensity_g": 0.0, "segment_start_sample": 10543, "segment_end_sample": 10544, "time_str": ""}}, {"type": "Feature", "geometry": {"type": "LineString", "coordinates": [[4.93548646844114, 52.3773537190993], [4.93543537527999, 52.3773583504068]]}, "properties": {"Speed": 0.0, "Speed_display": 8.6, "road_quality": 2, "marker": 0, "trip_id": "602B1_Trip11", "hrot_diff": 0, "sample_diff": 1, "time_diff_s": 0.02, "gps_distance_m": 3.5, "original_speed": "", "wheel_diameter_mm": 711, "braking_intensity": 0.0, "is_braking": false, "is_crash": false, "crash_intensity_g": 0.0, "segment_start_sample": 10591, "segment_end_sample": 10592, "time_str": ""}}, {"type": "Feature", "geometry": {"type": "LineString", "coordinates": [[4.93543537527999, 52.3773583504068], [4.93538308919849, 52.3773663151151]]}, "properties": {"Speed": 0.0, "Speed_display": 9.4, "road_quality": 2, "marker": 0, "trip_id": "602B1_Trip11", "hrot_diff": 0, "sample_diff": 1, "time_diff_s": 0.02, "gps_distance_m": 3.7, "original_speed": "", "wheel_diameter_mm": 711, "braking_intensity": 0.0, "is_braking": false, "is_crash": false, "crash_intensity_g": 0.0, "segment_start_sample": 10638, "segment_end_sample": 10639, "time_str": ""}}, {"type": "Feature", "geometry": {"type": "LineString", "coordinates": [[4.93538308919849, 52.3773663151151], [4.93531572558729, 52.3773586715599]]}, "properties": {"Speed": 0.0, "Speed_display": 10.1, "road_quality": 2, "marker": 0, "trip_id": "602B1_Trip11", "hrot_diff": 0, "sample_diff": 1, "time_diff_s": 0.02, "gps_distance_m": 4.7, "original_speed": "", "wheel_diameter_mm": 711, "braking_intensity": 0.0, "is_braking": false, "is_crash": false, "crash_intensity_g": 0.0, "segment_start_sample": 10704, "segment_end_sample": 10705, "time_str": ""}}, {"type": "Feature", "geometry": {"type": "LineString", "coordinates": [[4.93531572558729, 52.3773586715599], [4.93527135925521, 52.3773692148421]]}, "properties": {"Speed": 0.0, "Speed_display": 10.1, "road_quality": 2, "marker": 0, "trip_id": "602B1_Trip11", "hrot_diff": 0, "sample_diff": 1, "time_diff_s": 0.02, "gps_distance_m": 3.2, "original_speed": "", "wheel_diameter_mm": 711, "braking_intensity": 0.0, "is_braking": false, "is_crash": false, "crash_intensity_g": 0.0, "segment_start_sample": 10738, "segment_end_sample": 10739, "time_str": ""}}, {"type": "Feature", "geometry": {"type": "LineString", "coordinates": [[4.93527135925521, 52.3773692148421], [4.93524512466212, 52.3773854225995]]}, "properties": {"Speed": 0.0, "Speed_display": 7.9, "road_quality": 2, "marker": 0, "trip_id": "602B1_Trip11", "hrot_diff": 0, "sample_diff": 1, "time_diff_s": 0.02, "gps_distance_m": 2.5, "original_speed": "", "wheel_diameter_mm": 711, "braking_intensity": 0.0, "is_braking": false, "is_crash": false, "crash_intensity_g": 0.0, "segment_start_sample": 10790, "segment_end_sample": 10791, "time_str": ""}}, {"type": "Feature", "geometry": {"type": "LineString", "coordinates": [[4.93524512466212, 52.3773854225995], [4.93521161912117, 52.3773962730778]]}, "properties": {"Speed": 0.0, "Speed_display": 7.2, "road_quality": 2, "marker": 0, "trip_id": "602B1_Trip11", "hrot_diff": 0, "sample_diff": 1, "time_diff_s": 0.02, "gps_distance_m": 2.6, "original_speed": "", "wheel_diameter_mm": 711, "braking_intensity": 0.0, "is_braking": false, "is_crash": false, "crash_intensity_g": 0.0, "segment_start_sample": 10843, "segment_end_sample": 10844, "time_str": ""}}, {"type": "Feature", "geometry": {"type": "LineString", "coordinates": [[4.93521161912117, 52.3773962730778], [4.93518329683165, 52.3773998631023]]}, "properties": {"Speed": 0.0, "Speed_display": 6.5, "road_quality": 2, "marker": 0, "trip_id": "602B1_Trip11", "hrot_diff": 0, "sample_diff": 1, "time_diff_s": 0.02, "gps_distance_m": 2.0, "original_speed": "", "wheel_diameter_mm": 711, "braking_intensity": 0.0, "is_braking": false, "is_crash": false, "crash_intensity_g": 0.0, "segment_start_sample": 10896, "segment_end_sample": 10897, "time_str": ""}}, {"type": "Feature", "geometry": {"type": "LineString", "coordinates": [[4.93518329683165, 52.3773998631023], [4.93513757807837, 52.3774187130003]]}, "properties": {"Speed": 0.0, "Speed_display": 7.2, "road_quality": 2, "marker": 0, "trip_id": "602B1_Trip11", "hrot_diff": 0, "sample_diff": 1, "time_diff_s": 0.02, "gps_distance_m": 3.7, "original_speed": "", "wheel_diameter_mm": 711, "braking_intensity": 0.0, "is_braking": false, "is_crash": false, "crash_intensity_g": 0.0, "segment_start_sample": 10947, "segment_end_sample": 10948, "time_str": ""}}, {"type": "Feature", "geometry": {"type": "LineString", "coordinates": [[4.93513757807837, 52.3774187130003], [4.93509127340946, 52.3774296690745]]}, "properties": {"Speed": 0.0, "Speed_display": 7.9, "road_quality": 2, "marker": 0, "trip_id": "602B1_Trip11", "hrot_diff": 0, "sample_diff": 1, "time_diff_s": 0.02, "gps_distance_m": 3.4, "original_speed": "", "wheel_diameter_mm": 711, "braking_intensity": 0.0, "is_braking": false, "is_crash": false, "crash_intensity_g": 0.0, "segment_start_sample": 10993, "segment_end_sample": 10994, "time_str": ""}}, {"type": "Feature", "geometry": {"type": "LineString", "coordinates": [[4.93509127340946, 52.3774296690745], [4.93505428504944, 52.3774392034025]]}, "properties": {"Speed": 0.0, "Speed_display": 7.2, "road_quality": 2, "marker": 0, "trip_id": "602B1_Trip11", "hrot_diff": 0, "sample_diff": 1, "time_diff_s": 0.02, "gps_distance_m": 2.7, "original_speed": "", "wheel_diameter_mm": 711, "braking_intensity": 0.0, "is_braking": false, "is_crash": false, "crash_intensity_g": 0.0, "segment_start_sample": 11039, "segment_end_sample": 11040, "time_str": ""}}, {"type": "Feature", "geometry": {"type": "LineString", "coordinates": [[4.93505428504944, 52.3774392034025], [4.9350021589725, 52.377448052664]]}, "properties": {"Speed": 0.0, "Speed_display": 8.6, "road_quality": 2, "marker": 0, "trip_id": "602B1_Trip11", "hrot_diff": 0, "sample_diff": 1, "time_diff_s": 0.02, "gps_distance_m": 3.7, "original_speed": "", "wheel_diameter_mm": 711, "braking_intensity": 0.0, "is_braking": false, "is_crash": false, "crash_intensity_g": 0.0, "segment_start_sample": 11082, "segment_end_sample": 11083, "time_str": ""}}, {"type": "Feature", "geometry": {"type": "LineString", "coordinates": [[4.9350021589725, 52.377448052664], [4.93494778748687, 52.3774690949318]]}, "properties": {"Speed": 0.0, "Speed_display": 9.4, "road_quality": 2, "marker": 0, "trip_id": "602B1_Trip11", "hrot_diff": 0, "sample_diff": 1, "time_diff_s": 0.02, "gps_distance_m": 4.4, "original_speed": "", "wheel_diameter_mm": 711, "braking_intensity": 0.0, "is_braking": false, "is_crash": false, "crash_intensity_g": 0.0, "segment_start_sample": 11140, "segment_end_sample": 11141, "time_str": ""}}, {"type": "Feature", "geometry": {"type": "LineString", "coordinates": [[4.93494778748687, 52.3774690949318], [4.93489431647635, 52.3774799206273]]}, "properties": {"Speed": 0.0, "Speed_display": 9.4, "road_quality": 2, "marker": 0, "trip_id": "602B1_Trip11", "hrot_diff": 0, "sample_diff": 1, "time_diff_s": 0.02, "gps_distance_m": 3.8, "original_speed": "", "wheel_diameter_mm": 711, "braking_intensity": 0.0, "is_braking": false, "is_crash": false, "crash_intensity_g": 0.0, "segment_start_sample": 11194, "segment_end_sample": 11195, "time_str": ""}}, {"type": "Feature", "geometry": {"type": "LineString", "coordinates": [[4.93489431647635, 52.3774799206273], [4.93482166283931, 52.3775057558962]]}, "properties": {"Speed": 0.0, "Speed_display": 11.5, "road_quality": 2, "marker": 0, "trip_id": "602B1_Trip11", "hrot_diff": 0, "sample_diff": 1, "time_diff_s": 0.02, "gps_distance_m": 5.7, "original_speed": "", "wheel_diameter_mm": 711, "braking_intensity": 0.0, "is_braking": false, "is_crash": false, "crash_intensity_g": 0.0, "segment_start_sample": 11247, "segment_end_sample": 11248, "time_str": ""}}, {"type": "Feature", "geometry": {"type": "LineString", "coordinates": [[4.93482166283931, 52.3775057558962], [4.93478325159512, 52.3775268669664]]}, "properties": {"Speed": 0.0, "Speed_display": 10.8, "road_quality": 2, "marker": 0, "trip_id": "602B1_Trip11", "hrot_diff": 0, "sample_diff": 1, "time_diff_s": 0.02, "gps_distance_m": 3.5, "original_speed": "", "wheel_diameter_mm": 711, "braking_intensity": 0.0, "is_braking": false, "is_crash": false, "crash_intensity_g": 0.0, "segment_start_sample": 11288, "segment_end_sample": 11289, "time_str": ""}}, {"type": "Feature", "geometry": {"type": "LineString", "coordinates": [[4.93478325159512, 52.3775268669664], [4.93473758336455, 52.3775484999418]]}, "properties": {"Speed": 0.0, "Speed_display": 10.1, "road_quality": 2, "marker": 0, "trip_id": "602B1_Trip11", "hrot_diff": 0, "sample_diff": 1, "time_diff_s": 0.02, "gps_distance_m": 3.9, "original_speed": "", "wheel_diameter_mm": 711, "braking_intensity": 0.0, "is_braking": false, "is_crash": false, "crash_intensity_g": 0.0, "segment_start_sample": 11342, "segment_end_sample": 11343, "time_str": ""}}, {"type": "Feature", "geometry": {"type": "LineString", "coordinates": [[4.93473758336455, 52.3775484999418], [4.93469365162395, 52.3775703216501]]}, "properties": {"Speed": 0.0, "Speed_display": 10.1, "road_quality": 2, "marker": 0, "trip_id": "602B1_Trip11", "hrot_diff": 0, "sample_diff": 1, "time_diff_s": 0.02, "gps_distance_m": 3.8, "original_speed": "", "wheel_diameter_mm": 711, "braking_intensity": 0.0, "is_braking": false, "is_crash": false, "crash_intensity_g": 0.0, "segment_start_sample": 11398, "segment_end_sample": 11399, "time_str": ""}}, {"type": "Feature", "geometry": {"type": "LineString", "coordinates": [[4.93469365162395, 52.3775703216501], [4.93464751598761, 52.3775826457981]]}, "properties": {"Speed": 0.0, "Speed_display": 9.4, "road_quality": 2, "marker": 0, "trip_id": "602B1_Trip11", "hrot_diff": 0, "sample_diff": 1, "time_diff_s": 0.02, "gps_distance_m": 3.4, "original_speed": "", "wheel_diameter_mm": 711, "braking_intensity": 0.0, "is_braking": false, "is_crash": false, "crash_intensity_g": 0.0, "segment_start_sample": 11438, "segment_end_sample": 11439, "time_str": ""}}, {"type": "Feature", "geometry": {"type": "LineString", "coordinates": [[4.93464751598761, 52.3775826457981], [4.93459715738933, 52.3776005630805]]}, "properties": {"Speed": 0.0, "Speed_display": 9.4, "road_quality": 2, "marker": 0, "trip_id": "602B1_Trip11", "hrot_diff": 0, "sample_diff": 1, "time_diff_s": 0.02, "gps_distance_m": 4.0, "original_speed": "", "wheel_diameter_mm": 711, "braking_intensity": 0.0, "is_braking": false, "is_crash": false, "crash_intensity_g": 0.0, "segment_start_sample": 11478, "segment_end_sample": 11479, "time_str": ""}}, {"type": "Feature", "geometry": {"type": "LineString", "coordinates": [[4.93459715738933, 52.3776005630805], [4.93453305937601, 52.3776237415114]]}, "properties": {"Speed": 0.0, "Speed_display": 11.5, "road_quality": 2, "marker": 0, "trip_id": "602B1_Trip11", "hrot_diff": 0, "sample_diff": 1, "time_diff_s": 0.02, "gps_distance_m": 5.1, "original_speed": "", "wheel_diameter_mm": 711, "braking_intensity": 0.0, "is_braking": false, "is_crash": false, "crash_intensity_g": 0.0, "segment_start_sample": 11546, "segment_end_sample": 11547, "time_str": ""}}, {"type": "Feature", "geometry": {"type": "LineString", "coordinates": [[4.93453305937601, 52.3776237415114], [4.93449624742713, 52.3776751537751]]}, "properties": {"Speed": 0.0, "Speed_display": 10.8, "road_quality": 2, "marker": 0, "trip_id": "602B1_Trip11", "hrot_diff": 0, "sample_diff": 1, "time_diff_s": 0.02, "gps_distance_m": 6.2, "original_speed": "", "wheel_diameter_mm": 711, "braking_intensity": 0.0, "is_braking": false, "is_crash": false, "crash_intensity_g": 0.0, "segment_start_sample": 11586, "segment_end_sample": 11587, "time_str": ""}}, {"type": "Feature", "geometry": {"type": "LineString", "coordinates": [[4.93449624742713, 52.3776751537751], [4.93445482601157, 52.3777168030596]]}, "properties": {"Speed": 0.0, "Speed_display": 10.8, "road_quality": 2, "marker": 0, "trip_id": "602B1_Trip11", "hrot_diff": 0, "sample_diff": 1, "time_diff_s": 0.02, "gps_distance_m": 5.4, "original_speed": "", "wheel_diameter_mm": 711, "braking_intensity": 0.0, "is_braking": false, "is_crash": false, "crash_intensity_g": 0.0, "segment_start_sample": 11639, "segment_end_sample": 11640, "time_str": ""}}, {"type": "Feature", "geometry": {"type": "LineString", "coordinates": [[4.93445482601157, 52.3777168030596], [4.93441071120257, 52.3777586222035]]}, "properties": {"Speed": 0.0, "Speed_display": 10.8, "road_quality": 2, "marker": 0, "trip_id": "602B1_Trip11", "hrot_diff": 0, "sample_diff": 1, "time_diff_s": 0.02, "gps_distance_m": 5.5, "original_speed": "", "wheel_diameter_mm": 711, "braking_intensity": 0.0, "is_braking": false, "is_crash": false, "crash_intensity_g": 0.0, "segment_start_sample": 11681, "segment_end_sample": 11682, "time_str": ""}}, {"type": "Feature", "geometry": {"type": "LineString", "coordinates": [[4.93441071120257, 52.3777586222035], [4.93437451251438, 52.3777791996166]]}, "properties": {"Speed": 0.0, "Speed_display": 10.1, "road_quality": 2, "marker": 0, "trip_id": "602B1_Trip11", "hrot_diff": 0, "sample_diff": 1, "time_diff_s": 0.02, "gps_distance_m": 3.4, "original_speed": "", "wheel_diameter_mm": 711, "braking_intensity": 0.0, "is_braking": false, "is_crash": false, "crash_intensity_g": 0.0, "segment_start_sample": 11735, "segment_end_sample": 11736, "time_str": ""}}, {"type": "Feature", "geometry": {"type": "LineString", "coordinates": [[4.93437451251438, 52.3777791996166], [4.93434061336133, 52.3777990923374]]}, "properties": {"Speed": 0.0, "Speed_display": 9.4, "road_quality": 2, "marker": 0, "trip_id": "602B1_Trip11", "hrot_diff": 0, "sample_diff": 1, "time_diff_s": 0.02, "gps_distance_m": 3.2, "original_speed": "", "wheel_diameter_mm": 711, "braking_intensity": 0.0, "is_braking": false, "is_crash": false, "crash_intensity_g": 0.0, "segment_start_sample": 11778, "segment_end_sample": 11779, "time_str": ""}}, {"type": "Feature", "geometry": {"type": "LineString", "coordinates": [[4.93434061336133, 52.3777990923374], [4.93429073356849, 52.3778089871014]]}, "properties": {"Speed": 0.0, "Speed_display": 9.4, "road_quality": 2, "marker": 0, "trip_id": "602B1_Trip11", "hrot_diff": 0, "sample_diff": 1, "time_diff_s": 0.02, "gps_distance_m": 3.6, "original_speed": "", "wheel_diameter_mm": 711, "braking_intensity": 0.0, "is_braking": false, "is_crash": false, "crash_intensity_g": 0.0, "segment_start_sample": 11834, "segment_end_sample": 11835, "time_str": ""}}, {"type": "Feature", "geometry": {"type": "LineString", "coordinates": [[4.93429073356849, 52.3778089871014], [4.93425282602951, 52.3778267847345]]}, "properties": {"Speed": 0.0, "Speed_display": 8.6, "road_quality": 2, "marker": 0, "trip_id": "602B1_Trip11", "hrot_diff": 0, "sample_diff": 1, "time_diff_s": 0.02, "gps_distance_m": 3.2, "original_speed": "", "wheel_diameter_mm": 711, "braking_intensity": 0.0, "is_braking": false, "is_crash": false, "crash_intensity_g": 0.0, "segment_start_sample": 11879, "segment_end_sample": 11880, "time_str": ""}}, {"type": "Feature", "geometry": {"type": "LineString", "coordinates": [[4.93425282602951, 52.3778267847345], [4.93420272037163, 52.3778286703346]]}, "properties": {"Speed": 0.0, "Speed_display": 9.4, "road_quality": 2, "marker": 0, "trip_id": "602B1_Trip11", "hrot_diff": 0, "sample_diff": 1, "time_diff_s": 0.02, "gps_distance_m": 3.4, "original_speed": "", "wheel_diameter_mm": 711, "braking_intensity": 0.0, "is_braking": false, "is_crash": false, "crash_intensity_g": 0.0, "segment_start_sample": 11937, "segment_end_sample": 11938, "time_str": ""}}, {"type": "Feature", "geometry": {"type": "LineString", "coordinates": [[4.93420272037163, 52.3778286703346], [4.93415650373655, 52.3778486829946]]}, "properties": {"Speed": 0.0, "Speed_display": 9.4, "road_quality": 2, "marker": 0, "trip_id": "602B1_Trip11", "hrot_diff": 0, "sample_diff": 1, "time_diff_s": 0.02, "gps_distance_m": 3.8, "original_speed": "", "wheel_diameter_mm": 711, "braking_intensity": 0.0, "is_braking": false, "is_crash": false, "crash_intensity_g": 0.0, "segment_start_sample": 11979, "segment_end_sample": 11980, "time_str": ""}}, {"type": "Feature", "geometry": {"type": "LineString", "coordinates": [[4.93415650373655, 52.3778486829946], [4.93411147088546, 52.3778748264215]]}, "properties": {"Speed": 0.0, "Speed_display": 9.4, "road_quality": 2, "marker": 0, "trip_id": "602B1_Trip11", "hrot_diff": 0, "sample_diff": 1, "time_diff_s": 0.02, "gps_distance_m": 4.2, "original_speed": "", "wheel_diameter_mm": 711, "braking_intensity": 0.0, "is_braking": false, "is_crash": false, "crash_intensity_g": 0.0, "segment_start_sample": 12038, "segment_end_sample": 12039, "time_str": ""}}, {"type": "Feature", "geometry": {"type": "LineString", "coordinates": [[4.93411147088546, 52.3778748264215], [4.93406994139348, 52.3779059173468]]}, "properties": {"Speed": 0.0, "Speed_display": 9.4, "road_quality": 3, "marker": 0, "trip_id": "602B1_Trip11", "hrot_diff": 0, "sample_diff": 1, "time_diff_s": 0.02, "gps_distance_m": 4.5, "original_speed": "", "wheel_diameter_mm": 711, "braking_intensity": 0.0, "is_braking": false, "is_crash": false, "crash_intensity_g": 0.0, "segment_start_sample": 12081, "segment_end_sample": 12082, "time_str": ""}}, {"type": "Feature", "geometry": {"type": "LineString", "coordinates": [[4.93406994139348, 52.3779059173468], [4.9340217179204, 52.3778976097583]]}, "properties": {"Speed": 0.0, "Speed_display": 8.6, "road_quality": 3, "marker": 0, "trip_id": "602B1_Trip11", "hrot_diff": 0, "sample_diff": 1, "time_diff_s": 0.02, "gps_distance_m": 3.4, "original_speed": "", "wheel_diameter_mm": 711, "braking_intensity": 0.0, "is_braking": false, "is_crash": false, "crash_intensity_g": 0.0, "segment_start_sample": 12140, "segment_end_sample": 12141, "time_str": ""}}, {"type": "Feature", "geometry": {"type": "LineString", "coordinates": [[4.9340217179204, 52.3778976097583], [4.93395273995664, 52.3778940384665]]}, "properties": {"Speed": 0.0, "Speed_display": 10.1, "road_quality": 3, "marker": 0, "trip_id": "602B1_Trip11", "hrot_diff": 0, "sample_diff": 1, "time_diff_s": 0.02, "gps_distance_m": 4.7, "original_speed": "", "wheel_diameter_mm": 711, "braking_intensity": 0.0, "is_braking": false, "is_crash": false, "crash_intensity_g": 0.0, "segment_start_sample": 12181, "segment_end_sample": 12182, "time_str": ""}}, {"type": "Feature", "geometry": {"type": "LineString", "coordinates": [[4.93395273995664, 52.3778940384665], [4.93389770366992, 52.3778941710579]]}, "properties": {"Speed": 0.0, "Speed_display": 10.1, "road_quality": 3, "marker": 0, "trip_id": "602B1_Trip11", "hrot_diff": 0, "sample_diff": 1, "time_diff_s": 0.02, "gps_distance_m": 3.7, "original_speed": "", "wheel_diameter_mm": 711, "braking_intensity": 0.0, "is_braking": false, "is_crash": false, "crash_intensity_g": 0.0, "segment_start_sample": 12239, "segment_end_sample": 12240, "time_str": ""}}, {"type": "Feature", "geometry": {"type": "LineString", "coordinates": [[4.93389770366992, 52.3778941710579], [4.93384564386065, 52.3779171630316]]}, "properties": {"Speed": 0.0, "Speed_display": 10.1, "road_quality": 2, "marker": 0, "trip_id": "602B1_Trip11", "hrot_diff": 0, "sample_diff": 1, "time_diff_s": 0.02, "gps_distance_m": 4.4, "original_speed": "", "wheel_diameter_mm": 711, "braking_intensity": 0.0, "is_braking": false, "is_crash": false, "crash_intensity_g": 0.0, "segment_start_sample": 12282, "segment_end_sample": 12283, "time_str": ""}}, {"type": "Feature", "geometry": {"type": "LineString", "coordinates": [[4.93384564386065, 52.3779171630316], [4.93379718510003, 52.377947632175]]}, "properties": {"Speed": 0.0, "Speed_display": 10.1, "road_quality": 2, "marker": 0, "trip_id": "602B1_Trip11", "hrot_diff": 0, "sample_diff": 1, "time_diff_s": 0.02, "gps_distance_m": 4.7, "original_speed": "", "wheel_diameter_mm": 711, "braking_intensity": 0.0, "is_braking": false, "is_crash": false, "crash_intensity_g": 0.0, "segment_start_sample": 12329, "segment_end_sample": 12330, "time_str": ""}}, {"type": "Feature", "geometry": {"type": "LineString", "coordinates": [[4.93379718510003, 52.377947632175], [4.9337629713754, 52.3779745605626]]}, "properties": {"Speed": 0.0, "Speed_display": 9.4, "road_quality": 2, "marker": 0, "trip_id": "602B1_Trip11", "hrot_diff": 0, "sample_diff": 1, "time_diff_s": 0.02, "gps_distance_m": 3.8, "original_speed": "", "wheel_diameter_mm": 711, "braking_intensity": 0.0, "is_braking": false, "is_crash": false, "crash_intensity_g": 0.0, "segment_start_sample": 12388, "segment_end_sample": 12389, "time_str": ""}}, {"type": "Feature", "geometry": {"type": "LineString", "coordinates": [[4.9337629713754, 52.3779745605626], [4.93371534323877, 52.3779865168008]]}, "properties": {"Speed": 0.0, "Speed_display": 9.4, "road_quality": 2, "marker": 0, "trip_id": "602B1_Trip11", "hrot_diff": 0, "sample_diff": 1, "time_diff_s": 0.02, "gps_distance_m": 3.5, "original_speed": "", "wheel_diameter_mm": 711, "braking_intensity": 0.0, "is_braking": false, "is_crash": false, "crash_intensity_g": 0.0, "segment_start_sample": 12433, "segment_end_sample": 12434, "time_str": ""}}, {"type": "Feature", "geometry": {"type": "LineString", "coordinates": [[4.93371534323877, 52.3779865168008], [4.93367863626506, 52.3780146518779]]}, "properties": {"Speed": 0.0, "Speed_display": 9.4, "road_quality": 2, "marker": 0, "trip_id": "602B1_Trip11", "hrot_diff": 0, "sample_diff": 1, "time_diff_s": 0.02, "gps_distance_m": 4.0, "original_speed": "", "wheel_diameter_mm": 711, "braking_intensity": 0.0, "is_braking": false, "is_crash": false, "crash_intensity_g": 0.0, "segment_start_sample": 12481, "segment_end_sample": 12482, "time_str": ""}}, {"type": "Feature", "geometry": {"type": "LineString", "coordinates": [[4.93367863626506, 52.3780146518779], [4.93363203089666, 52.3780308584778]]}, "properties": {"Speed": 0.0, "Speed_display": 9.4, "road_quality": 2, "marker": 0, "trip_id": "602B1_Trip11", "hrot_diff": 0, "sample_diff": 1, "time_diff_s": 0.02, "gps_distance_m": 3.6, "original_speed": "", "wheel_diameter_mm": 711, "braking_intensity": 0.0, "is_braking": false, "is_crash": false, "crash_intensity_g": 0.0, "segment_start_sample": 12529, "segment_end_sample": 12530, "time_str": ""}}, {"type": "Feature", "geometry": {"type": "LineString", "coordinates": [[4.93363203089666, 52.3780308584778], [4.93358332145289, 52.3780435105378]]}, "properties": {"Speed": 0.0, "Speed_display": 9.4, "road_quality": 3, "marker": 0, "trip_id": "602B1_Trip11", "hrot_diff": 0, "sample_diff": 1, "time_diff_s": 0.02, "gps_distance_m": 3.6, "original_speed": "", "wheel_diameter_mm": 711, "braking_intensity": 0.0, "is_braking": false, "is_crash": false, "crash_intensity_g": 0.0, "segment_start_sample": 12579, "segment_end_sample": 12580, "time_str": ""}}, {"type": "Feature", "geometry": {"type": "LineString", "coordinates": [[4.93358332145289, 52.3780435105378], [4.93352798607601, 52.37806358012]]}, "properties": {"Speed": 0.0, "Speed_display": 10.8, "road_quality": 4, "marker": 0, "trip_id": "602B1_Trip11", "hrot_diff": 0, "sample_diff": 1, "time_diff_s": 0.02, "gps_distance_m": 4.4, "original_speed": "", "wheel_diameter_mm": 711, "braking_intensity": 0.0, "is_braking": false, "is_crash": false, "crash_intensity_g": 0.0, "segment_start_sample": 12628, "segment_end_sample": 12629, "time_str": ""}}, {"type": "Feature", "geometry": {"type": "LineString", "coordinates": [[4.93352798607601, 52.37806358012], [4.93347860721674, 52.3781023490225]]}, "properties": {"Speed": 0.0, "Speed_display": 12.2, "road_quality": 4, "marker": 0, "trip_id": "602B1_Trip11", "hrot_diff": 0, "sample_diff": 1, "time_diff_s": 0.02, "gps_distance_m": 5.5, "original_speed": "", "wheel_diameter_mm": 711, "braking_intensity": 0.0, "is_braking": false, "is_crash": false, "crash_intensity_g": 0.0, "segment_start_sample": 12687, "segment_end_sample": 12688, "time_str": ""}}, {"type": "Feature", "geometry": {"type": "LineString", "coordinates": [[4.93347860721674, 52.3781023490225], [4.93341809905971, 52.378166913999]]}, "properties": {"Speed": 0.0, "Speed_display": 14.4, "road_quality": 4, "marker": 0, "trip_id": "602B1_Trip11", "hrot_diff": 0, "sample_diff": 1, "time_diff_s": 0.02, "gps_distance_m": 8.3, "original_speed": "", "wheel_diameter_mm": 711, "braking_intensity": 0.0, "is_braking": false, "is_crash": false, "crash_intensity_g": 0.0, "segment_start_sample": 12732, "segment_end_sample": 12733, "time_str": ""}}, {"type": "Feature", "geometry": {"type": "LineString", "coordinates": [[4.93341809905971, 52.378166913999], [4.93333238120442, 52.3781825902609]]}, "properties": {"Speed": 0.0, "Speed_display": 15.1, "road_quality": 4, "marker": 0, "trip_id": "602B1_Trip11", "hrot_diff": 0, "sample_diff": 1, "time_diff_s": 0.02, "gps_distance_m": 6.1, "original_speed": "", "wheel_diameter_mm": 711, "braking_intensity": 0.0, "is_braking": false, "is_crash": false, "crash_intensity_g": 0.0, "segment_start_sample": 12760, "segment_end_sample": 12761, "time_str": ""}}, {"type": "Feature", "geometry": {"type": "LineString", "coordinates": [[4.93333238120442, 52.3781825902609], [4.93322868157119, 52.3781911389143]]}, "properties": {"Speed": 0.0, "Speed_display": 15.8, "road_quality": 3, "marker": 0, "trip_id": "602B1_Trip11", "hrot_diff": 0, "sample_diff": 1, "time_diff_s": 0.02, "gps_distance_m": 7.1, "original_speed": "", "wheel_diameter_mm": 711, "braking_intensity": 0.0, "is_braking": false, "is_crash": false, "crash_intensity_g": 0.0, "segment_start_sample": 12825, "segment_end_sample": 12826, "time_str": ""}}, {"type": "Feature", "geometry": {"type": "LineString", "coordinates": [[4.93322868157119, 52.3781911389143], [4.93313036179978, 52.3781882121744]]}, "properties": {"Speed": 0.0, "Speed_display": 15.8, "road_quality": 3, "marker": 0, "trip_id": "602B1_Trip11", "hrot_diff": 0, "sample_diff": 1, "time_diff_s": 0.02, "gps_distance_m": 6.7, "original_speed": "", "wheel_diameter_mm": 711, "braking_intensity": 0.0, "is_braking": false, "is_crash": false, "crash_intensity_g": 0.0, "segment_start_sample": 12880, "segment_end_sample": 12881, "time_str": ""}}, {"type": "Feature", "geometry": {"type": "LineString", "coordinates": [[4.93313036179978, 52.3781882121744], [4.93303836583765, 52.3781994536289]]}, "properties": {"Speed": 0.0, "Speed_display": 16.6, "road_quality": 3, "marker": 0, "trip_id": "602B1_Trip11", "hrot_diff": 0, "sample_diff": 1, "time_diff_s": 0.02, "gps_distance_m": 6.4, "original_speed": "", "wheel_diameter_mm": 711, "braking_intensity": 0.0, "is_braking": false, "is_crash": false, "crash_intensity_g": 0.0, "segment_start_sample": 12928, "segment_end_sample": 12929, "time_str": ""}}, {"type": "Feature", "geometry": {"type": "LineString", "coordinates": [[4.93303836583765, 52.3781994536289], [4.93293031808678, 52.3781695084512]]}, "properties": {"Speed": 0.0, "Speed_display": 15.8, "road_quality": 3, "marker": 0, "trip_id": "602B1_Trip11", "hrot_diff": 0, "sample_diff": 1, "time_diff_s": 0.02, "gps_distance_m": 8.1, "original_speed": "", "wheel_diameter_mm": 711, "braking_intensity": 0.0, "is_braking": false, "is_crash": false, "crash_intensity_g": 0.0, "segment_start_sample": 12963, "segment_end_sample": 12964, "time_str": ""}}, {"type": "Feature", "geometry": {"type": "LineString", "coordinates": [[4.93293031808678, 52.3781695084512], [4.93284749716772, 52.378168610111]]}, "properties": {"Speed": 0.0, "Speed_display": 14.4, "road_quality": 3, "marker": 0, "trip_id": "602B1_Trip11", "hrot_diff": 0, "sample_diff": 1, "time_diff_s": 0.02, "gps_distance_m": 5.6, "original_speed": "", "wheel_diameter_mm": 711, "braking_intensity": 0.0, "is_braking": false, "is_crash": false, "crash_intensity_g": 0.0, "segment_start_sample": 13019, "segment_end_sample": 13020, "time_str": ""}}, {"type": "Feature", "geometry": {"type": "LineString", "coordinates": [[4.93284749716772, 52.378168610111], [4.93278143455604, 52.3781831257616]]}, "properties": {"Speed": 0.0, "Speed_display": 13.7, "road_quality": 2, "marker": 0, "trip_id": "602B1_Trip11", "hrot_diff": 0, "sample_diff": 1, "time_diff_s": 0.02, "gps_distance_m": 4.8, "original_speed": "", "wheel_diameter_mm": 711, "braking_intensity": 0.0, "is_braking": false, "is_crash": false, "crash_intensity_g": 0.0, "segment_start_sample": 13072, "segment_end_sample": 13073, "time_str": ""}}, {"type": "Feature", "geometry": {"type": "LineString", "coordinates": [[4.93278143455604, 52.3781831257616], [4.93269920552693, 52.3781889560658]]}, "properties": {"Speed": 0.0, "Speed_display": 13.7, "road_quality": 3, "marker": 0, "trip_id": "602B1_Trip11", "hrot_diff": 0, "sample_diff": 1, "time_diff_s": 0.02, "gps_distance_m": 5.6, "original_speed": "", "wheel_diameter_mm": 711, "braking_intensity": 0.0, "is_braking": false, "is_crash": false, "crash_intensity_g": 0.0, "segment_start_sample": 13127, "segment_end_sample": 13128, "time_str": ""}}, {"type": "Feature", "geometry": {"type": "LineString", "coordinates": [[4.93269920552693, 52.3781889560658], [4.932628081338, 52.3781968270309]]}, "properties": {"Speed": 0.0, "Speed_display": 13.0, "road_quality": 3, "marker": 0, "trip_id": "602B1_Trip11", "hrot_diff": 0, "sample_diff": 1, "time_diff_s": 0.02, "gps_distance_m": 4.9, "original_speed": "", "wheel_diameter_mm": 711, "braking_intensity": 0.0, "is_braking": false, "is_crash": false, "crash_intensity_g": 0.0, "segment_start_sample": 13168, "segment_end_sample": 13169, "time_str": ""}}, {"type": "Feature", "geometry": {"type": "LineString", "coordinates": [[4.932628081338, 52.3781968270309], [4.93256491902107, 52.378242615268]]}, "properties": {"Speed": 0.0, "Speed_display": 13.7, "road_quality": 2, "marker": 0, "trip_id": "602B1_Trip11", "hrot_diff": 0, "sample_diff": 1, "time_diff_s": 0.02, "gps_distance_m": 6.7, "original_speed": "", "wheel_diameter_mm": 711, "braking_intensity": 0.0, "is_braking": false, "is_crash": false, "crash_intensity_g": 0.0, "segment_start_sample": 13219, "segment_end_sample": 13220, "time_str": ""}}, {"type": "Feature", "geometry": {"type": "LineString", "coordinates": [[4.93256491902107, 52.378242615268], [4.93251390852261, 52.3782902571144]]}, "properties": {"Speed": 0.0, "Speed_display": 13.7, "road_quality": 2, "marker": 0, "trip_id": "602B1_Trip11", "hrot_diff": 0, "sample_diff": 1, "time_diff_s": 0.02, "gps_distance_m": 6.3, "original_speed": "", "wheel_diameter_mm": 711, "braking_intensity": 0.0, "is_braking": false, "is_crash": false, "crash_intensity_g": 0.0, "segment_start_sample": 13275, "segment_end_sample": 13276, "time_str": ""}}, {"type": "Feature", "geometry": {"type": "LineString", "coordinates": [[4.93251390852261, 52.3782902571144], [4.93247135143141, 52.3783426910107]]}, "properties": {"Speed": 0.0, "Speed_display": 13.7, "road_quality": 2, "marker": 0, "trip_id": "602B1_Trip11", "hrot_diff": 0, "sample_diff": 1, "time_diff_s": 0.02, "gps_distance_m": 6.5, "original_speed": "", "wheel_diameter_mm": 711, "braking_intensity": 0.0, "is_braking": false, "is_crash": false, "crash_intensity_g": 0.0, "segment_start_sample": 13321, "segment_end_sample": 13322, "time_str": ""}}, {"type": "Feature", "geometry": {"type": "LineString", "coordinates": [[4.93247135143141, 52.3783426910107], [4.93242507440033, 52.3783889083863]]}, "properties": {"Speed": 0.0, "Speed_display": 14.4, "road_quality": 2, "marker": 0, "trip_id": "602B1_Trip11", "hrot_diff": 0, "sample_diff": 1, "time_diff_s": 0.02, "gps_distance_m": 6.0, "original_speed": "", "wheel_diameter_mm": 711, "braking_intensity": 0.0, "is_braking": false, "is_crash": false, "crash_intensity_g": 0.0, "segment_start_sample": 13378, "segment_end_sample": 13379, "time_str": ""}}, {"type": "Feature", "geometry": {"type": "LineString", "coordinates": [[4.93242507440033, 52.3783889083863], [4.9323351127217, 52.3783902778337]]}, "properties": {"Speed": 0.0, "Speed_display": 13.7, "road_quality": 2, "marker": 0, "trip_id": "602B1_Trip11", "hrot_diff": 0, "sample_diff": 1, "time_diff_s": 0.02, "gps_distance_m": 6.1, "original_speed": "", "wheel_diameter_mm": 711, "braking_intensity": 0.0, "is_braking": false, "is_crash": false, "crash_intensity_g": 0.0, "segment_start_sample": 13423, "segment_end_sample": 13424, "time_str": ""}}, {"type": "Feature", "geometry": {"type": "LineString", "coordinates": [[4.9323351127217, 52.3783902778337], [4.93226269913051, 52.3783943241693]]}, "properties": {"Speed": 0.0, "Speed_display": 13.7, "road_quality": 3, "marker": 0, "trip_id": "602B1_Trip11", "hrot_diff": 0, "sample_diff": 1, "time_diff_s": 0.02, "gps_distance_m": 4.9, "original_speed": "", "wheel_diameter_mm": 711, "braking_intensity": 0.0, "is_braking": false, "is_crash": false, "crash_intensity_g": 0.0, "segment_start_sample": 13468, "segment_end_sample": 13469, "time_str": ""}}, {"type": "Feature", "geometry": {"type": "LineString", "coordinates": [[4.93226269913051, 52.3783943241693], [4.93215292044183, 52.3783275044315]]}, "properties": {"Speed": 0.0, "Speed_display": 13.0, "road_quality": 3, "marker": 0, "trip_id": "602B1_Trip11", "hrot_diff": 0, "sample_diff": 1, "time_diff_s": 0.02, "gps_distance_m": 10.5, "original_speed": "", "wheel_diameter_mm": 711, "braking_intensity": 0.0, "is_braking": false, "is_crash": false, "crash_intensity_g": 0.0, "segment_start_sample": 13526, "segment_end_sample": 13527, "time_str": ""}}, {"type": "Feature", "geometry": {"type": "LineString", "coordinates": [[4.93215292044183, 52.3783275044315], [4.93207261869377, 52.3782894319641]]}, "properties": {"Speed": 0.0, "Speed_display": 12.2, "road_quality": 3, "marker": 0, "trip_id": "602B1_Trip11", "hrot_diff": 0, "sample_diff": 1, "time_diff_s": 0.02, "gps_distance_m": 6.9, "original_speed": "", "wheel_diameter_mm": 711, "braking_intensity": 0.0, "is_braking": false, "is_crash": false, "crash_intensity_g": 0.0, "segment_start_sample": 13572, "segment_end_sample": 13573, "time_str": ""}}]}