{"type": "FeatureCollection", "features": [{"type": "Feature", "geometry": {"type": "LineString", "coordinates": [[4.78429672795392, 52.3595099067719], [4.7843280200936, 52.359449110666]]}, "properties": {"Speed": 0.0, "Speed_display": 12.2, "road_quality": 2, "marker": 0, "trip_id": "604F0_Trip19", "hrot_diff": 0, "sample_diff": 1, "time_diff_s": 0.02, "gps_distance_m": 7.1, "original_speed": "", "wheel_diameter_mm": 711, "braking_intensity": 0.0, "is_braking": false, "is_crash": false, "crash_intensity_g": 0.0, "segment_start_sample": 2401, "segment_end_sample": 2402, "time_str": ""}}, {"type": "Feature", "geometry": {"type": "LineString", "coordinates": [[4.7843280200936, 52.359449110666], [4.78435795709799, 52.3593382373959]]}, "properties": {"Speed": 0.0, "Speed_display": 16.6, "road_quality": 2, "marker": 0, "trip_id": "604F0_Trip19", "hrot_diff": 0, "sample_diff": 1, "time_diff_s": 0.02, "gps_distance_m": 12.5, "original_speed": "", "wheel_diameter_mm": 711, "braking_intensity": 0.0, "is_braking": false, "is_crash": false, "crash_intensity_g": 0.0, "segment_start_sample": 2451, "segment_end_sample": 2452, "time_str": ""}}, {"type": "Feature", "geometry": {"type": "LineString", "coordinates": [[4.78435795709799, 52.3593382373959], [4.78437898240536, 52.3592818766986]]}, "properties": {"Speed": 0.0, "Speed_display": 15.8, "road_quality": 2, "marker": 0, "trip_id": "604F0_Trip19", "hrot_diff": 0, "sample_diff": 1, "time_diff_s": 0.02, "gps_distance_m": 6.4, "original_speed": "", "wheel_diameter_mm": 711, "braking_intensity": 0.0, "is_braking": false, "is_crash": false, "crash_intensity_g": 0.0, "segment_start_sample": 2502, "segment_end_sample": 2503, "time_str": ""}}, {"type": "Feature", "geometry": {"type": "LineString", "coordinates": [[4.78437898240536, 52.3592818766986], [4.78440040272567, 52.3592338451493]]}, "properties": {"Speed": 0.0, "Speed_display": 15.1, "road_quality": 2, "marker": 0, "trip_id": "604F0_Trip19", "hrot_diff": 0, "sample_diff": 1, "time_diff_s": 0.02, "gps_distance_m": 5.5, "original_speed": "", "wheel_diameter_mm": 711, "braking_intensity": 0.0, "is_braking": false, "is_crash": false, "crash_intensity_g": 0.0, "segment_start_sample": 2550, "segment_end_sample": 2551, "time_str": ""}}, {"type": "Feature", "geometry": {"type": "LineString", "coordinates": [[4.78440040272567, 52.3592338451493], [4.78441625097995, 52.3591952276359]]}, "properties": {"Speed": 0.0, "Speed_display": 13.0, "road_quality": 2, "marker": 0, "trip_id": "604F0_Trip19", "hrot_diff": 0, "sample_diff": 1, "time_diff_s": 0.02, "gps_distance_m": 4.4, "original_speed": "", "wheel_diameter_mm": 711, "braking_intensity": 0.0, "is_braking": false, "is_crash": false, "crash_intensity_g": 0.0, "segment_start_sample": 2601, "segment_end_sample": 2602, "time_str": ""}}, {"type": "Feature", "geometry": {"type": "LineString", "coordinates": [[4.78441625097995, 52.3591952276359], [4.78443170654477, 52.3591580880294]]}, "properties": {"Speed": 0.0, "Speed_display": 13.0, "road_quality": 2, "marker": 0, "trip_id": "604F0_Trip19", "hrot_diff": 0, "sample_diff": 1, "time_diff_s": 0.02, "gps_distance_m": 4.3, "original_speed": "", "wheel_diameter_mm": 711, "braking_intensity": 0.0, "is_braking": false, "is_crash": false, "crash_intensity_g": 0.0, "segment_start_sample": 2656, "segment_end_sample": 2657, "time_str": ""}}, {"type": "Feature", "geometry": {"type": "LineString", "coordinates": [[4.78443170654477, 52.3591580880294], [4.78444464714017, 52.3591172962008]]}, "properties": {"Speed": 0.0, "Speed_display": 12.2, "road_quality": 2, "marker": 0, "trip_id": "604F0_Trip19", "hrot_diff": 0, "sample_diff": 1, "time_diff_s": 0.02, "gps_distance_m": 4.6, "original_speed": "", "wheel_diameter_mm": 711, "braking_intensity": 0.0, "is_braking": false, "is_crash": false, "crash_intensity_g": 0.0, "segment_start_sample": 2702, "segment_end_sample": 2703, "time_str": ""}}, {"type": "Feature", "geometry": {"type": "LineString", "coordinates": [[4.78444464714017, 52.3591172962008], [4.78444784453954, 52.3590839611057]]}, "properties": {"Speed": 0.0, "Speed_display": 10.1, "road_quality": 2, "marker": 0, "trip_id": "604F0_Trip19", "hrot_diff": 0, "sample_diff": 1, "time_diff_s": 0.02, "gps_distance_m": 3.7, "original_speed": "", "wheel_diameter_mm": 711, "braking_intensity": 0.0, "is_braking": false, "is_crash": false, "crash_intensity_g": 0.0, "segment_start_sample": 2763, "segment_end_sample": 2764, "time_str": ""}}, {"type": "Feature", "geometry": {"type": "LineString", "coordinates": [[4.78444784453954, 52.3590839611057], [4.78444811785111, 52.3590636763063]]}, "properties": {"Speed": 0.0, "Speed_display": 7.9, "road_quality": 2, "marker": 0, "trip_id": "604F0_Trip19", "hrot_diff": 0, "sample_diff": 1, "time_diff_s": 0.02, "gps_distance_m": 2.3, "original_speed": "", "wheel_diameter_mm": 711, "braking_intensity": 0.0, "is_braking": false, "is_crash": false, "crash_intensity_g": 0.0, "segment_start_sample": 2800, "segment_end_sample": 2801, "time_str": ""}}, {"type": "Feature", "geometry": {"type": "LineString", "coordinates": [[4.78444811785111, 52.3590636763063], [4.78444872197288, 52.3590435523977]]}, "properties": {"Speed": 0.0, "Speed_display": 6.5, "road_quality": 2, "marker": 0, "trip_id": "604F0_Trip19", "hrot_diff": 0, "sample_diff": 1, "time_diff_s": 0.02, "gps_distance_m": 2.2, "original_speed": "", "wheel_diameter_mm": 711, "braking_intensity": 0.0, "is_braking": false, "is_crash": false, "crash_intensity_g": 0.0, "segment_start_sample": 2865, "segment_end_sample": 2866, "time_str": ""}}, {"type": "Feature", "geometry": {"type": "LineString", "coordinates": [[4.78444872197288, 52.3590435523977], [4.78445447840351, 52.3590284403214]]}, "properties": {"Speed": 0.0, "Speed_display": 5.8, "road_quality": 2, "marker": 0, "trip_id": "604F0_Trip19", "hrot_diff": 0, "sample_diff": 1, "time_diff_s": 0.02, "gps_distance_m": 1.7, "original_speed": "", "wheel_diameter_mm": 711, "braking_intensity": 0.0, "is_braking": false, "is_crash": false, "crash_intensity_g": 0.0, "segment_start_sample": 2892, "segment_end_sample": 2893, "time_str": ""}}, {"type": "Feature", "geometry": {"type": "LineString", "coordinates": [[4.78445447840351, 52.3590284403214], [4.78444604491138, 52.3590136462343]]}, "properties": {"Speed": 0.0, "Speed_display": 5.0, "road_quality": 2, "marker": 0, "trip_id": "604F0_Trip19", "hrot_diff": 0, "sample_diff": 1, "time_diff_s": 0.02, "gps_distance_m": 1.7, "original_speed": "", "wheel_diameter_mm": 711, "braking_intensity": 0.0, "is_braking": false, "is_crash": false, "crash_intensity_g": 0.0, "segment_start_sample": 2967, "segment_end_sample": 2968, "time_str": ""}}, {"type": "Feature", "geometry": {"type": "LineString", "coordinates": [[4.78444604491138, 52.3590136462343], [4.78443987404957, 52.3589960190073]]}, "properties": {"Speed": 0.0, "Speed_display": 5.8, "road_quality": 2, "marker": 0, "trip_id": "604F0_Trip19", "hrot_diff": 0, "sample_diff": 1, "time_diff_s": 0.02, "gps_distance_m": 2.0, "original_speed": "", "wheel_diameter_mm": 711, "braking_intensity": 0.0, "is_braking": false, "is_crash": false, "crash_intensity_g": 0.0, "segment_start_sample": 2988, "segment_end_sample": 2989, "time_str": ""}}, {"type": "Feature", "geometry": {"type": "LineString", "coordinates": [[4.78443987404957, 52.3589960190073], [4.78445860131879, 52.3589651094645]]}, "properties": {"Speed": 0.0, "Speed_display": 7.9, "road_quality": 2, "marker": 0, "trip_id": "604F0_Trip19", "hrot_diff": 0, "sample_diff": 1, "time_diff_s": 0.02, "gps_distance_m": 3.7, "original_speed": "", "wheel_diameter_mm": 711, "braking_intensity": 0.0, "is_braking": false, "is_crash": false, "crash_intensity_g": 0.0, "segment_start_sample": 3055, "segment_end_sample": 3056, "time_str": ""}}, {"type": "Feature", "geometry": {"type": "LineString", "coordinates": [[4.78445860131879, 52.3589651094645], [4.78449215098409, 52.3589441077659]]}, "properties": {"Speed": 0.0, "Speed_display": 7.2, "road_quality": 2, "marker": 0, "trip_id": "604F0_Trip19", "hrot_diff": 0, "sample_diff": 1, "time_diff_s": 0.02, "gps_distance_m": 3.3, "original_speed": "", "wheel_diameter_mm": 711, "braking_intensity": 0.0, "is_braking": false, "is_crash": false, "crash_intensity_g": 0.0, "segment_start_sample": 3112, "segment_end_sample": 3113, "time_str": ""}}, {"type": "Feature", "geometry": {"type": "LineString", "coordinates": [[4.78449215098409, 52.3589441077659], [4.78453378261227, 52.3589269424253]]}, "properties": {"Speed": 0.0, "Speed_display": 7.2, "road_quality": 2, "marker": 0, "trip_id": "604F0_Trip19", "hrot_diff": 0, "sample_diff": 1, "time_diff_s": 0.02, "gps_distance_m": 3.4, "original_speed": "", "wheel_diameter_mm": 711, "braking_intensity": 0.0, "is_braking": false, "is_crash": false, "crash_intensity_g": 0.0, "segment_start_sample": 3147, "segment_end_sample": 3148, "time_str": ""}}, {"type": "Feature", "geometry": {"type": "LineString", "coordinates": [[4.78453378261227, 52.3589269424253], [4.78459514688763, 52.3589210579571]]}, "properties": {"Speed": 0.0, "Speed_display": 8.6, "road_quality": 2, "marker": 0, "trip_id": "604F0_Trip19", "hrot_diff": 0, "sample_diff": 1, "time_diff_s": 0.02, "gps_distance_m": 4.2, "original_speed": "", "wheel_diameter_mm": 711, "braking_intensity": 0.0, "is_braking": false, "is_crash": false, "crash_intensity_g": 0.0, "segment_start_sample": 3190, "segment_end_sample": 3191, "time_str": ""}}, {"type": "Feature", "geometry": {"type": "LineString", "coordinates": [[4.78459514688763, 52.3589210579571], [4.78466133958154, 52.358914477674]]}, "properties": {"Speed": 0.0, "Speed_display": 10.1, "road_quality": 2, "marker": 0, "trip_id": "604F0_Trip19", "hrot_diff": 0, "sample_diff": 1, "time_diff_s": 0.02, "gps_distance_m": 4.6, "original_speed": "", "wheel_diameter_mm": 711, "braking_intensity": 0.0, "is_braking": false, "is_crash": false, "crash_intensity_g": 0.0, "segment_start_sample": 3251, "segment_end_sample": 3252, "time_str": ""}}, {"type": "Feature", "geometry": {"type": "LineString", "coordinates": [[4.78466133958154, 52.358914477674], [4.78473546024658, 52.3589160018451]]}, "properties": {"Speed": 0.0, "Speed_display": 11.5, "road_quality": 2, "marker": 0, "trip_id": "604F0_Trip19", "hrot_diff": 0, "sample_diff": 1, "time_diff_s": 0.02, "gps_distance_m": 5.0, "original_speed": "", "wheel_diameter_mm": 711, "braking_intensity": 0.0, "is_braking": false, "is_crash": false, "crash_intensity_g": 0.0, "segment_start_sample": 3294, "segment_end_sample": 3295, "time_str": ""}}, {"type": "Feature", "geometry": {"type": "LineString", "coordinates": [[4.78473546024658, 52.3589160018451], [4.78482170955538, 52.3589248886955]]}, "properties": {"Speed": 0.0, "Speed_display": 13.7, "road_quality": 2, "marker": 0, "trip_id": "604F0_Trip19", "hrot_diff": 0, "sample_diff": 1, "time_diff_s": 0.02, "gps_distance_m": 5.9, "original_speed": "", "wheel_diameter_mm": 711, "braking_intensity": 0.0, "is_braking": false, "is_crash": false, "crash_intensity_g": 0.0, "segment_start_sample": 3342, "segment_end_sample": 3343, "time_str": ""}}, {"type": "Feature", "geometry": {"type": "LineString", "coordinates": [[4.78482170955538, 52.3589248886955], [4.78491269586465, 52.3589486588415]]}, "properties": {"Speed": 0.0, "Speed_display": 14.4, "road_quality": 2, "marker": 0, "trip_id": "604F0_Trip19", "hrot_diff": 0, "sample_diff": 1, "time_diff_s": 0.02, "gps_distance_m": 6.7, "original_speed": "", "wheel_diameter_mm": 711, "braking_intensity": 0.0, "is_braking": false, "is_crash": false, "crash_intensity_g": 0.0, "segment_start_sample": 3402, "segment_end_sample": 3403, "time_str": ""}}, {"type": "Feature", "geometry": {"type": "LineString", "coordinates": [[4.78491269586465, 52.3589486588415], [4.78501655544214, 52.3589757453671]]}, "properties": {"Speed": 0.0, "Speed_display": 15.8, "road_quality": 2, "marker": 0, "trip_id": "604F0_Trip19", "hrot_diff": 0, "sample_diff": 1, "time_diff_s": 0.02, "gps_distance_m": 7.7, "original_speed": "", "wheel_diameter_mm": 711, "braking_intensity": 0.0, "is_braking": false, "is_crash": false, "crash_intensity_g": 0.0, "segment_start_sample": 3441, "segment_end_sample": 3442, "time_str": ""}}, {"type": "Feature", "geometry": {"type": "LineString", "coordinates": [[4.78501655544214, 52.3589757453671], [4.78514398381293, 52.3589944394445]]}, "properties": {"Speed": 0.0, "Speed_display": 18.7, "road_quality": 2, "marker": 0, "trip_id": "604F0_Trip19", "hrot_diff": 0, "sample_diff": 1, "time_diff_s": 0.02, "gps_distance_m": 8.9, "original_speed": "", "wheel_diameter_mm": 711, "braking_intensity": 0.0, "is_braking": false, "is_crash": false, "crash_intensity_g": 0.0, "segment_start_sample": 3494, "segment_end_sample": 3495, "time_str": ""}}, {"type": "Feature", "geometry": {"type": "LineString", "coordinates": [[4.78514398381293, 52.3589944394445], [4.78525639227726, 52.3589994990341]]}, "properties": {"Speed": 0.0, "Speed_display": 18.0, "road_quality": 2, "marker": 0, "trip_id": "604F0_Trip19", "hrot_diff": 0, "sample_diff": 1, "time_diff_s": 0.02, "gps_distance_m": 7.7, "original_speed": "", "wheel_diameter_mm": 711, "braking_intensity": 0.0, "is_braking": false, "is_crash": false, "crash_intensity_g": 0.0, "segment_start_sample": 3552, "segment_end_sample": 3553, "time_str": ""}}, {"type": "Feature", "geometry": {"type": "LineString", "coordinates": [[4.78525639227726, 52.3589994990341], [4.78537505671872, 52.359013359759]]}, "properties": {"Speed": 0.0, "Speed_display": 18.7, "road_quality": 2, "marker": 0, "trip_id": "604F0_Trip19", "hrot_diff": 0, "sample_diff": 1, "time_diff_s": 0.02, "gps_distance_m": 8.2, "original_speed": "", "wheel_diameter_mm": 711, "braking_intensity": 0.0, "is_braking": false, "is_crash": false, "crash_intensity_g": 0.0, "segment_start_sample": 3595, "segment_end_sample": 3596, "time_str": ""}}, {"type": "Feature", "geometry": {"type": "LineString", "coordinates": [[4.78537505671872, 52.359013359759], [4.78547961883629, 52.3590325219839]]}, "properties": {"Speed": 0.0, "Speed_display": 18.7, "road_quality": 2, "marker": 0, "trip_id": "604F0_Trip19", "hrot_diff": 0, "sample_diff": 1, "time_diff_s": 0.02, "gps_distance_m": 7.4, "original_speed": "", "wheel_diameter_mm": 711, "braking_intensity": 0.0, "is_braking": false, "is_crash": false, "crash_intensity_g": 0.0, "segment_start_sample": 3642, "segment_end_sample": 3643, "time_str": ""}}, {"type": "Feature", "geometry": {"type": "LineString", "coordinates": [[4.78547961883629, 52.3590325219839], [4.78558619590671, 52.3590480238525]]}, "properties": {"Speed": 0.0, "Speed_display": 18.7, "road_quality": 2, "marker": 0, "trip_id": "604F0_Trip19", "hrot_diff": 0, "sample_diff": 1, "time_diff_s": 0.02, "gps_distance_m": 7.4, "original_speed": "", "wheel_diameter_mm": 711, "braking_intensity": 0.0, "is_braking": false, "is_crash": false, "crash_intensity_g": 0.0, "segment_start_sample": 3721, "segment_end_sample": 3722, "time_str": ""}}, {"type": "Feature", "geometry": {"type": "LineString", "coordinates": [[4.78558619590671, 52.3590480238525], [4.78569758511619, 52.3590610059472]]}, "properties": {"Speed": 0.0, "Speed_display": 19.4, "road_quality": 2, "marker": 0, "trip_id": "604F0_Trip19", "hrot_diff": 0, "sample_diff": 1, "time_diff_s": 0.02, "gps_distance_m": 7.7, "original_speed": "", "wheel_diameter_mm": 711, "braking_intensity": 0.0, "is_braking": false, "is_crash": false, "crash_intensity_g": 0.0, "segment_start_sample": 3740, "segment_end_sample": 3741, "time_str": ""}}, {"type": "Feature", "geometry": {"type": "LineString", "coordinates": [[4.78569758511619, 52.3590610059472], [4.78579632241356, 52.3590711321879]]}, "properties": {"Speed": 0.0, "Speed_display": 18.0, "road_quality": 2, "marker": 0, "trip_id": "604F0_Trip19", "hrot_diff": 0, "sample_diff": 1, "time_diff_s": 0.02, "gps_distance_m": 6.8, "original_speed": "", "wheel_diameter_mm": 711, "braking_intensity": 0.0, "is_braking": false, "is_crash": false, "crash_intensity_g": 0.0, "segment_start_sample": 3792, "segment_end_sample": 3793, "time_str": ""}}, {"type": "Feature", "geometry": {"type": "LineString", "coordinates": [[4.78579632241356, 52.3590711321879], [4.78590486890169, 52.3590876408879]]}, "properties": {"Speed": 0.0, "Speed_display": 18.7, "road_quality": 2, "marker": 0, "trip_id": "604F0_Trip19", "hrot_diff": 0, "sample_diff": 1, "time_diff_s": 0.02, "gps_distance_m": 7.6, "original_speed": "", "wheel_diameter_mm": 711, "braking_intensity": 0.0, "is_braking": false, "is_crash": false, "crash_intensity_g": 0.0, "segment_start_sample": 3839, "segment_end_sample": 3840, "time_str": ""}}, {"type": "Feature", "geometry": {"type": "LineString", "coordinates": [[4.78590486890169, 52.3590876408879], [4.7860102112184, 52.3591070315128]]}, "properties": {"Speed": 0.0, "Speed_display": 19.4, "road_quality": 2, "marker": 0, "trip_id": "604F0_Trip19", "hrot_diff": 0, "sample_diff": 1, "time_diff_s": 0.02, "gps_distance_m": 7.5, "original_speed": "", "wheel_diameter_mm": 711, "braking_intensity": 0.0, "is_braking": false, "is_crash": false, "crash_intensity_g": 0.0, "segment_start_sample": 3904, "segment_end_sample": 3905, "time_str": ""}}, {"type": "Feature", "geometry": {"type": "LineString", "coordinates": [[4.7860102112184, 52.3591070315128], [4.78611176264767, 52.3591263500248]]}, "properties": {"Speed": 0.0, "Speed_display": 18.7, "road_quality": 2, "marker": 0, "trip_id": "604F0_Trip19", "hrot_diff": 0, "sample_diff": 1, "time_diff_s": 0.02, "gps_distance_m": 7.2, "original_speed": "", "wheel_diameter_mm": 711, "braking_intensity": 0.0, "is_braking": false, "is_crash": false, "crash_intensity_g": 0.0, "segment_start_sample": 3938, "segment_end_sample": 3939, "time_str": ""}}, {"type": "Feature", "geometry": {"type": "LineString", "coordinates": [[4.78611176264767, 52.3591263500248], [4.78621625195415, 52.3591512265821]]}, "properties": {"Speed": 0.0, "Speed_display": 18.7, "road_quality": 2, "marker": 0, "trip_id": "604F0_Trip19", "hrot_diff": 0, "sample_diff": 1, "time_diff_s": 0.02, "gps_distance_m": 7.6, "original_speed": "", "wheel_diameter_mm": 711, "braking_intensity": 0.0, "is_braking": false, "is_crash": false, "crash_intensity_g": 0.0, "segment_start_sample": 3990, "segment_end_sample": 3991, "time_str": ""}}, {"type": "Feature", "geometry": {"type": "LineString", "coordinates": [[4.78621625195415, 52.3591512265821], [4.78631845617252, 52.3591561875267]]}, "properties": {"Speed": 0.0, "Speed_display": 18.0, "road_quality": 2, "marker": 0, "trip_id": "604F0_Trip19", "hrot_diff": 0, "sample_diff": 1, "time_diff_s": 0.02, "gps_distance_m": 7.0, "original_speed": "", "wheel_diameter_mm": 711, "braking_intensity": 0.0, "is_braking": false, "is_crash": false, "crash_intensity_g": 0.0, "segment_start_sample": 4038, "segment_end_sample": 4039, "time_str": ""}}, {"type": "Feature", "geometry": {"type": "LineString", "coordinates": [[4.78631845617252, 52.3591561875267], [4.78641769320918, 52.3591854134972]]}, "properties": {"Speed": 0.0, "Speed_display": 18.7, "road_quality": 2, "marker": 0, "trip_id": "604F0_Trip19", "hrot_diff": 0, "sample_diff": 1, "time_diff_s": 0.02, "gps_distance_m": 7.5, "original_speed": "", "wheel_diameter_mm": 711, "braking_intensity": 0.0, "is_braking": false, "is_crash": false, "crash_intensity_g": 0.0, "segment_start_sample": 4105, "segment_end_sample": 4106, "time_str": ""}}, {"type": "Feature", "geometry": {"type": "LineString", "coordinates": [[4.78641769320918, 52.3591854134972], [4.78651729512015, 52.359195848766]]}, "properties": {"Speed": 0.0, "Speed_display": 18.0, "road_quality": 2, "marker": 0, "trip_id": "604F0_Trip19", "hrot_diff": 0, "sample_diff": 1, "time_diff_s": 0.02, "gps_distance_m": 6.9, "original_speed": "", "wheel_diameter_mm": 711, "braking_intensity": 0.0, "is_braking": false, "is_crash": false, "crash_intensity_g": 0.0, "segment_start_sample": 4139, "segment_end_sample": 4140, "time_str": ""}}, {"type": "Feature", "geometry": {"type": "LineString", "coordinates": [[4.78651729512015, 52.359195848766], [4.7866068621872, 52.3592416403007]]}, "properties": {"Speed": 0.0, "Speed_display": 18.7, "road_quality": 2, "marker": 0, "trip_id": "604F0_Trip19", "hrot_diff": 0, "sample_diff": 1, "time_diff_s": 0.02, "gps_distance_m": 7.9, "original_speed": "", "wheel_diameter_mm": 711, "braking_intensity": 0.0, "is_braking": false, "is_crash": false, "crash_intensity_g": 0.0, "segment_start_sample": 4192, "segment_end_sample": 4193, "time_str": ""}}, {"type": "Feature", "geometry": {"type": "LineString", "coordinates": [[4.7866068621872, 52.3592416403007], [4.7866992012676, 52.3592722954102]]}, "properties": {"Speed": 0.0, "Speed_display": 18.0, "road_quality": 2, "marker": 0, "trip_id": "604F0_Trip19", "hrot_diff": 0, "sample_diff": 1, "time_diff_s": 0.02, "gps_distance_m": 7.1, "original_speed": "", "wheel_diameter_mm": 711, "braking_intensity": 0.0, "is_braking": false, "is_crash": false, "crash_intensity_g": 0.0, "segment_start_sample": 4243, "segment_end_sample": 4244, "time_str": ""}}, {"type": "Feature", "geometry": {"type": "LineString", "coordinates": [[4.7866992012676, 52.3592722954102], [4.78678887943616, 52.3592976064916]]}, "properties": {"Speed": 0.0, "Speed_display": 18.0, "road_quality": 2, "marker": 0, "trip_id": "604F0_Trip19", "hrot_diff": 0, "sample_diff": 1, "time_diff_s": 0.02, "gps_distance_m": 6.7, "original_speed": "", "wheel_diameter_mm": 711, "braking_intensity": 0.0, "is_braking": false, "is_crash": false, "crash_intensity_g": 0.0, "segment_start_sample": 4288, "segment_end_sample": 4289, "time_str": ""}}, {"type": "Feature", "geometry": {"type": "LineString", "coordinates": [[4.78678887943616, 52.3592976064916], [4.78687296248177, 52.3593187424009]]}, "properties": {"Speed": 0.0, "Speed_display": 17.3, "road_quality": 2, "marker": 0, "trip_id": "604F0_Trip19", "hrot_diff": 0, "sample_diff": 1, "time_diff_s": 0.02, "gps_distance_m": 6.2, "original_speed": "", "wheel_diameter_mm": 711, "braking_intensity": 0.0, "is_braking": false, "is_crash": false, "crash_intensity_g": 0.0, "segment_start_sample": 4343, "segment_end_sample": 4344, "time_str": ""}}, {"type": "Feature", "geometry": {"type": "LineString", "coordinates": [[4.78687296248177, 52.3593187424009], [4.78696444191133, 52.3593380704388]]}, "properties": {"Speed": 0.0, "Speed_display": 17.3, "road_quality": 2, "marker": 0, "trip_id": "604F0_Trip19", "hrot_diff": 0, "sample_diff": 1, "time_diff_s": 0.02, "gps_distance_m": 6.6, "original_speed": "", "wheel_diameter_mm": 711, "braking_intensity": 0.0, "is_braking": false, "is_crash": false, "crash_intensity_g": 0.0, "segment_start_sample": 4389, "segment_end_sample": 4390, "time_str": ""}}, {"type": "Feature", "geometry": {"type": "LineString", "coordinates": [[4.78696444191133, 52.3593380704388], [4.78704882103352, 52.3593614355973]]}, "properties": {"Speed": 0.0, "Speed_display": 16.6, "road_quality": 2, "marker": 0, "trip_id": "604F0_Trip19", "hrot_diff": 0, "sample_diff": 1, "time_diff_s": 0.02, "gps_distance_m": 6.3, "original_speed": "", "wheel_diameter_mm": 711, "braking_intensity": 0.0, "is_braking": false, "is_crash": false, "crash_intensity_g": 0.0, "segment_start_sample": 4438, "segment_end_sample": 4439, "time_str": ""}}, {"type": "Feature", "geometry": {"type": "LineString", "coordinates": [[4.78704882103352, 52.3593614355973], [4.78713248461193, 52.3593813658956]]}, "properties": {"Speed": 0.0, "Speed_display": 16.6, "road_quality": 2, "marker": 0, "trip_id": "604F0_Trip19", "hrot_diff": 0, "sample_diff": 1, "time_diff_s": 0.02, "gps_distance_m": 6.1, "original_speed": "", "wheel_diameter_mm": 711, "braking_intensity": 0.0, "is_braking": false, "is_crash": false, "crash_intensity_g": 0.0, "segment_start_sample": 4494, "segment_end_sample": 4495, "time_str": ""}}, {"type": "Feature", "geometry": {"type": "LineString", "coordinates": [[4.78713248461193, 52.3593813658956], [4.78721934537111, 52.3593962713868]]}, "properties": {"Speed": 0.0, "Speed_display": 15.8, "road_quality": 2, "marker": 0, "trip_id": "604F0_Trip19", "hrot_diff": 0, "sample_diff": 1, "time_diff_s": 0.02, "gps_distance_m": 6.1, "original_speed": "", "wheel_diameter_mm": 711, "braking_intensity": 0.0, "is_braking": false, "is_crash": false, "crash_intensity_g": 0.0, "segment_start_sample": 4545, "segment_end_sample": 4546, "time_str": ""}}, {"type": "Feature", "geometry": {"type": "LineString", "coordinates": [[4.78721934537111, 52.3593962713868], [4.78730696032979, 52.3594171585918]]}, "properties": {"Speed": 0.0, "Speed_display": 15.8, "road_quality": 2, "marker": 0, "trip_id": "604F0_Trip19", "hrot_diff": 0, "sample_diff": 1, "time_diff_s": 0.02, "gps_distance_m": 6.4, "original_speed": "", "wheel_diameter_mm": 711, "braking_intensity": 0.0, "is_braking": false, "is_crash": false, "crash_intensity_g": 0.0, "segment_start_sample": 4596, "segment_end_sample": 4597, "time_str": ""}}, {"type": "Feature", "geometry": {"type": "LineString", "coordinates": [[4.78730696032979, 52.3594171585918], [4.78738924736955, 52.3594398966663]]}, "properties": {"Speed": 0.0, "Speed_display": 15.8, "road_quality": 2, "marker": 0, "trip_id": "604F0_Trip19", "hrot_diff": 0, "sample_diff": 1, "time_diff_s": 0.02, "gps_distance_m": 6.1, "original_speed": "", "wheel_diameter_mm": 711, "braking_intensity": 0.0, "is_braking": false, "is_crash": false, "crash_intensity_g": 0.0, "segment_start_sample": 4643, "segment_end_sample": 4644, "time_str": ""}}, {"type": "Feature", "geometry": {"type": "LineString", "coordinates": [[4.78738924736955, 52.3594398966663], [4.78748999580444, 52.3594594049948]]}, "properties": {"Speed": 0.0, "Speed_display": 17.3, "road_quality": 2, "marker": 0, "trip_id": "604F0_Trip19", "hrot_diff": 0, "sample_diff": 1, "time_diff_s": 0.02, "gps_distance_m": 7.2, "original_speed": "", "wheel_diameter_mm": 711, "braking_intensity": 0.0, "is_braking": false, "is_crash": false, "crash_intensity_g": 0.0, "segment_start_sample": 4689, "segment_end_sample": 4690, "time_str": ""}}, {"type": "Feature", "geometry": {"type": "LineString", "coordinates": [[4.78748999580444, 52.3594594049948], [4.78759240284677, 52.3594801504495]]}, "properties": {"Speed": 0.0, "Speed_display": 18.0, "road_quality": 2, "marker": 0, "trip_id": "604F0_Trip19", "hrot_diff": 0, "sample_diff": 1, "time_diff_s": 0.02, "gps_distance_m": 7.3, "original_speed": "", "wheel_diameter_mm": 711, "braking_intensity": 0.0, "is_braking": false, "is_crash": false, "crash_intensity_g": 0.0, "segment_start_sample": 4743, "segment_end_sample": 4744, "time_str": ""}}, {"type": "Feature", "geometry": {"type": "LineString", "coordinates": [[4.78759240284677, 52.3594801504495], [4.78768816408845, 52.3595000235901]]}, "properties": {"Speed": 0.0, "Speed_display": 18.0, "road_quality": 2, "marker": 0, "trip_id": "604F0_Trip19", "hrot_diff": 0, "sample_diff": 1, "time_diff_s": 0.02, "gps_distance_m": 6.9, "original_speed": "", "wheel_diameter_mm": 711, "braking_intensity": 0.0, "is_braking": false, "is_crash": false, "crash_intensity_g": 0.0, "segment_start_sample": 4788, "segment_end_sample": 4789, "time_str": ""}}, {"type": "Feature", "geometry": {"type": "LineString", "coordinates": [[4.78768816408845, 52.3595000235901], [4.78778849978297, 52.3595190669007]]}, "properties": {"Speed": 0.0, "Speed_display": 18.7, "road_quality": 2, "marker": 0, "trip_id": "604F0_Trip19", "hrot_diff": 0, "sample_diff": 1, "time_diff_s": 0.02, "gps_distance_m": 7.1, "original_speed": "", "wheel_diameter_mm": 711, "braking_intensity": 0.0, "is_braking": false, "is_crash": false, "crash_intensity_g": 0.0, "segment_start_sample": 4846, "segment_end_sample": 4847, "time_str": ""}}, {"type": "Feature", "geometry": {"type": "LineString", "coordinates": [[4.78778849978297, 52.3595190669007], [4.78788792310677, 52.3595423546421]]}, "properties": {"Speed": 0.0, "Speed_display": 18.7, "road_quality": 2, "marker": 0, "trip_id": "604F0_Trip19", "hrot_diff": 0, "sample_diff": 1, "time_diff_s": 0.02, "gps_distance_m": 7.2, "original_speed": "", "wheel_diameter_mm": 711, "braking_intensity": 0.0, "is_braking": false, "is_crash": false, "crash_intensity_g": 0.0, "segment_start_sample": 4889, "segment_end_sample": 4890, "time_str": ""}}, {"type": "Feature", "geometry": {"type": "LineString", "coordinates": [[4.78788792310677, 52.3595423546421], [4.78798731987392, 52.3595647879925]]}, "properties": {"Speed": 0.0, "Speed_display": 18.7, "road_quality": 2, "marker": 0, "trip_id": "604F0_Trip19", "hrot_diff": 0, "sample_diff": 1, "time_diff_s": 0.02, "gps_distance_m": 7.2, "original_speed": "", "wheel_diameter_mm": 711, "braking_intensity": 0.0, "is_braking": false, "is_crash": false, "crash_intensity_g": 0.0, "segment_start_sample": 4939, "segment_end_sample": 4940, "time_str": ""}}, {"type": "Feature", "geometry": {"type": "LineString", "coordinates": [[4.78798731987392, 52.3595647879925], [4.78807677549175, 52.3595854835069]]}, "properties": {"Speed": 0.0, "Speed_display": 18.0, "road_quality": 2, "marker": 0, "trip_id": "604F0_Trip19", "hrot_diff": 0, "sample_diff": 1, "time_diff_s": 0.02, "gps_distance_m": 6.5, "original_speed": "", "wheel_diameter_mm": 711, "braking_intensity": 0.0, "is_braking": false, "is_crash": false, "crash_intensity_g": 0.0, "segment_start_sample": 4993, "segment_end_sample": 4994, "time_str": ""}}, {"type": "Feature", "geometry": {"type": "LineString", "coordinates": [[4.78807677549175, 52.3595854835069], [4.78816589217261, 52.3596031575991]]}, "properties": {"Speed": 0.0, "Speed_display": 17.3, "road_quality": 2, "marker": 0, "trip_id": "604F0_Trip19", "hrot_diff": 0, "sample_diff": 1, "time_diff_s": 0.02, "gps_distance_m": 6.4, "original_speed": "", "wheel_diameter_mm": 711, "braking_intensity": 0.0, "is_braking": false, "is_crash": false, "crash_intensity_g": 0.0, "segment_start_sample": 5041, "segment_end_sample": 5042, "time_str": ""}}, {"type": "Feature", "geometry": {"type": "LineString", "coordinates": [[4.78816589217261, 52.3596031575991], [4.78825097862696, 52.3596185821907]]}, "properties": {"Speed": 0.0, "Speed_display": 15.8, "road_quality": 2, "marker": 0, "trip_id": "604F0_Trip19", "hrot_diff": 0, "sample_diff": 1, "time_diff_s": 0.02, "gps_distance_m": 6.0, "original_speed": "", "wheel_diameter_mm": 711, "braking_intensity": 0.0, "is_braking": false, "is_crash": false, "crash_intensity_g": 0.0, "segment_start_sample": 5091, "segment_end_sample": 5092, "time_str": ""}}, {"type": "Feature", "geometry": {"type": "LineString", "coordinates": [[4.78825097862696, 52.3596185821907], [4.78833237620535, 52.3596292137141]]}, "properties": {"Speed": 0.0, "Speed_display": 15.1, "road_quality": 2, "marker": 0, "trip_id": "604F0_Trip19", "hrot_diff": 0, "sample_diff": 1, "time_diff_s": 0.02, "gps_distance_m": 5.7, "original_speed": "", "wheel_diameter_mm": 711, "braking_intensity": 0.0, "is_braking": false, "is_crash": false, "crash_intensity_g": 0.0, "segment_start_sample": 5144, "segment_end_sample": 5145, "time_str": ""}}, {"type": "Feature", "geometry": {"type": "LineString", "coordinates": [[4.78833237620535, 52.3596292137141], [4.78841025239178, 52.3596373113473]]}, "properties": {"Speed": 0.0, "Speed_display": 14.4, "road_quality": 2, "marker": 0, "trip_id": "604F0_Trip19", "hrot_diff": 0, "sample_diff": 1, "time_diff_s": 0.02, "gps_distance_m": 5.4, "original_speed": "", "wheel_diameter_mm": 711, "braking_intensity": 0.0, "is_braking": false, "is_crash": false, "crash_intensity_g": 0.0, "segment_start_sample": 5192, "segment_end_sample": 5193, "time_str": ""}}, {"type": "Feature", "geometry": {"type": "LineString", "coordinates": [[4.78841025239178, 52.3596373113473], [4.78848894078349, 52.3596534954746]]}, "properties": {"Speed": 0.0, "Speed_display": 14.4, "road_quality": 2, "marker": 0, "trip_id": "604F0_Trip19", "hrot_diff": 0, "sample_diff": 1, "time_diff_s": 0.02, "gps_distance_m": 5.6, "original_speed": "", "wheel_diameter_mm": 711, "braking_intensity": 0.0, "is_braking": false, "is_crash": false, "crash_intensity_g": 0.0, "segment_start_sample": 5244, "segment_end_sample": 5245, "time_str": ""}}, {"type": "Feature", "geometry": {"type": "LineString", "coordinates": [[4.78848894078349, 52.3596534954746], [4.78858192441542, 52.3596810312212]]}, "properties": {"Speed": 0.0, "Speed_display": 16.6, "road_quality": 2, "marker": 0, "trip_id": "604F0_Trip19", "hrot_diff": 0, "sample_diff": 1, "time_diff_s": 0.02, "gps_distance_m": 7.0, "original_speed": "", "wheel_diameter_mm": 711, "braking_intensity": 0.0, "is_braking": false, "is_crash": false, "crash_intensity_g": 0.0, "segment_start_sample": 5291, "segment_end_sample": 5292, "time_str": ""}}, {"type": "Feature", "geometry": {"type": "LineString", "coordinates": [[4.78858192441542, 52.3596810312212], [4.78867733501632, 52.3597067843957]]}, "properties": {"Speed": 0.0, "Speed_display": 17.3, "road_quality": 2, "marker": 0, "trip_id": "604F0_Trip19", "hrot_diff": 0, "sample_diff": 1, "time_diff_s": 0.02, "gps_distance_m": 7.1, "original_speed": "", "wheel_diameter_mm": 711, "braking_intensity": 0.0, "is_braking": false, "is_crash": false, "crash_intensity_g": 0.0, "segment_start_sample": 5345, "segment_end_sample": 5346, "time_str": ""}}, {"type": "Feature", "geometry": {"type": "LineString", "coordinates": [[4.78867733501632, 52.3597067843957], [4.78876723416692, 52.3597254663409]]}, "properties": {"Speed": 0.0, "Speed_display": 17.3, "road_quality": 2, "marker": 0, "trip_id": "604F0_Trip19", "hrot_diff": 0, "sample_diff": 1, "time_diff_s": 0.02, "gps_distance_m": 6.4, "original_speed": "", "wheel_diameter_mm": 711, "braking_intensity": 0.0, "is_braking": false, "is_crash": false, "crash_intensity_g": 0.0, "segment_start_sample": 5393, "segment_end_sample": 5394, "time_str": ""}}, {"type": "Feature", "geometry": {"type": "LineString", "coordinates": [[4.78876723416692, 52.3597254663409], [4.78885014326917, 52.3597419233215]]}, "properties": {"Speed": 0.0, "Speed_display": 15.8, "road_quality": 2, "marker": 0, "trip_id": "604F0_Trip19", "hrot_diff": 0, "sample_diff": 1, "time_diff_s": 0.02, "gps_distance_m": 5.9, "original_speed": "", "wheel_diameter_mm": 711, "braking_intensity": 0.0, "is_braking": false, "is_crash": false, "crash_intensity_g": 0.0, "segment_start_sample": 5443, "segment_end_sample": 5444, "time_str": ""}}, {"type": "Feature", "geometry": {"type": "LineString", "coordinates": [[4.78885014326917, 52.3597419233215], [4.78892106545067, 52.3597511567939]]}, "properties": {"Speed": 0.0, "Speed_display": 14.4, "road_quality": 3, "marker": 0, "trip_id": "604F0_Trip19", "hrot_diff": 0, "sample_diff": 1, "time_diff_s": 0.02, "gps_distance_m": 4.9, "original_speed": "", "wheel_diameter_mm": 711, "braking_intensity": 0.0, "is_braking": false, "is_crash": false, "crash_intensity_g": 0.0, "segment_start_sample": 5489, "segment_end_sample": 5490, "time_str": ""}}, {"type": "Feature", "geometry": {"type": "LineString", "coordinates": [[4.78892106545067, 52.3597511567939], [4.7889911089548, 52.3597435128277]]}, "properties": {"Speed": 0.0, "Speed_display": 13.0, "road_quality": 3, "marker": 0, "trip_id": "604F0_Trip19", "hrot_diff": 0, "sample_diff": 1, "time_diff_s": 0.02, "gps_distance_m": 4.8, "original_speed": "", "wheel_diameter_mm": 711, "braking_intensity": 0.0, "is_braking": false, "is_crash": false, "crash_intensity_g": 0.0, "segment_start_sample": 5540, "segment_end_sample": 5541, "time_str": ""}}, {"type": "Feature", "geometry": {"type": "LineString", "coordinates": [[4.7889911089548, 52.3597435128277], [4.78905542253151, 52.3597207481282]]}, "properties": {"Speed": 0.0, "Speed_display": 13.0, "road_quality": 2, "marker": 0, "trip_id": "604F0_Trip19", "hrot_diff": 0, "sample_diff": 1, "time_diff_s": 0.02, "gps_distance_m": 5.0, "original_speed": "", "wheel_diameter_mm": 711, "braking_intensity": 0.0, "is_braking": false, "is_crash": false, "crash_intensity_g": 0.0, "segment_start_sample": 5595, "segment_end_sample": 5596, "time_str": ""}}, {"type": "Feature", "geometry": {"type": "LineString", "coordinates": [[4.78905542253151, 52.3597207481282], [4.78911734792417, 52.3597104139285]]}, "properties": {"Speed": 0.0, "Speed_display": 12.2, "road_quality": 2, "marker": 0, "trip_id": "604F0_Trip19", "hrot_diff": 0, "sample_diff": 1, "time_diff_s": 0.02, "gps_distance_m": 4.4, "original_speed": "", "wheel_diameter_mm": 711, "braking_intensity": 0.0, "is_braking": false, "is_crash": false, "crash_intensity_g": 0.0, "segment_start_sample": 5641, "segment_end_sample": 5642, "time_str": ""}}, {"type": "Feature", "geometry": {"type": "LineString", "coordinates": [[4.78911734792417, 52.3597104139285], [4.78918495230728, 52.3597121622536]]}, "properties": {"Speed": 0.0, "Speed_display": 12.2, "road_quality": 2, "marker": 0, "trip_id": "604F0_Trip19", "hrot_diff": 0, "sample_diff": 1, "time_diff_s": 0.02, "gps_distance_m": 4.6, "original_speed": "", "wheel_diameter_mm": 711, "braking_intensity": 0.0, "is_braking": false, "is_crash": false, "crash_intensity_g": 0.0, "segment_start_sample": 5691, "segment_end_sample": 5692, "time_str": ""}}, {"type": "Feature", "geometry": {"type": "LineString", "coordinates": [[4.78918495230728, 52.3597121622536], [4.78926666935687, 52.3597375708021]]}, "properties": {"Speed": 0.0, "Speed_display": 13.7, "road_quality": 2, "marker": 0, "trip_id": "604F0_Trip19", "hrot_diff": 0, "sample_diff": 1, "time_diff_s": 0.02, "gps_distance_m": 6.2, "original_speed": "", "wheel_diameter_mm": 711, "braking_intensity": 0.0, "is_braking": false, "is_crash": false, "crash_intensity_g": 0.0, "segment_start_sample": 5746, "segment_end_sample": 5747, "time_str": ""}}, {"type": "Feature", "geometry": {"type": "LineString", "coordinates": [[4.78926666935687, 52.3597375708021], [4.78935465039054, 52.3597768028353]]}, "properties": {"Speed": 0.0, "Speed_display": 16.6, "road_quality": 2, "marker": 0, "trip_id": "604F0_Trip19", "hrot_diff": 0, "sample_diff": 1, "time_diff_s": 0.02, "gps_distance_m": 7.4, "original_speed": "", "wheel_diameter_mm": 711, "braking_intensity": 0.0, "is_braking": false, "is_crash": false, "crash_intensity_g": 0.0, "segment_start_sample": 5793, "segment_end_sample": 5794, "time_str": ""}}, {"type": "Feature", "geometry": {"type": "LineString", "coordinates": [[4.78935465039054, 52.3597768028353], [4.78943201885315, 52.3598303625493]]}, "properties": {"Speed": 0.0, "Speed_display": 18.7, "road_quality": 2, "marker": 0, "trip_id": "604F0_Trip19", "hrot_diff": 0, "sample_diff": 1, "time_diff_s": 0.02, "gps_distance_m": 7.9, "original_speed": "", "wheel_diameter_mm": 711, "braking_intensity": 0.0, "is_braking": false, "is_crash": false, "crash_intensity_g": 0.0, "segment_start_sample": 5839, "segment_end_sample": 5840, "time_str": ""}}, {"type": "Feature", "geometry": {"type": "LineString", "coordinates": [[4.78943201885315, 52.3598303625493], [4.78956562492085, 52.3598827801557]]}, "properties": {"Speed": 0.0, "Speed_display": 23.8, "road_quality": 3, "marker": 0, "trip_id": "604F0_Trip19", "hrot_diff": 0, "sample_diff": 1, "time_diff_s": 0.02, "gps_distance_m": 10.8, "original_speed": "", "wheel_diameter_mm": 711, "braking_intensity": 0.0, "is_braking": false, "is_crash": false, "crash_intensity_g": 0.0, "segment_start_sample": 5891, "segment_end_sample": 5892, "time_str": ""}}, {"type": "Feature", "geometry": {"type": "LineString", "coordinates": [[4.78956562492085, 52.3598827801557], [4.78958226392642, 52.3599054698931]]}, "properties": {"Speed": 0.0, "Speed_display": 16.6, "road_quality": 2, "marker": 0, "trip_id": "604F0_Trip19", "hrot_diff": 0, "sample_diff": 1, "time_diff_s": 0.02, "gps_distance_m": 2.8, "original_speed": "", "wheel_diameter_mm": 711, "braking_intensity": 0.0, "is_braking": false, "is_crash": false, "crash_intensity_g": 0.0, "segment_start_sample": 5940, "segment_end_sample": 5941, "time_str": ""}}, {"type": "Feature", "geometry": {"type": "LineString", "coordinates": [[4.78958226392642, 52.3599054698931], [4.78967549698786, 52.3599075285017]]}, "properties": {"Speed": 0.0, "Speed_display": 16.6, "road_quality": 2, "marker": 0, "trip_id": "604F0_Trip19", "hrot_diff": 0, "sample_diff": 1, "time_diff_s": 0.02, "gps_distance_m": 6.3, "original_speed": "", "wheel_diameter_mm": 711, "braking_intensity": 0.0, "is_braking": false, "is_crash": false, "crash_intensity_g": 0.0, "segment_start_sample": 5992, "segment_end_sample": 5993, "time_str": ""}}, {"type": "Feature", "geometry": {"type": "LineString", "coordinates": [[4.78967549698786, 52.3599075285017], [4.78976139397969, 52.3599161533559]]}, "properties": {"Speed": 0.0, "Speed_display": 15.1, "road_quality": 2, "marker": 0, "trip_id": "604F0_Trip19", "hrot_diff": 0, "sample_diff": 1, "time_diff_s": 0.02, "gps_distance_m": 5.9, "original_speed": "", "wheel_diameter_mm": 711, "braking_intensity": 0.0, "is_braking": false, "is_crash": false, "crash_intensity_g": 0.0, "segment_start_sample": 6043, "segment_end_sample": 6044, "time_str": ""}}, {"type": "Feature", "geometry": {"type": "LineString", "coordinates": [[4.78976139397969, 52.3599161533559], [4.78984102357695, 52.3599249811445]]}, "properties": {"Speed": 0.0, "Speed_display": 15.1, "road_quality": 2, "marker": 0, "trip_id": "604F0_Trip19", "hrot_diff": 0, "sample_diff": 1, "time_diff_s": 0.02, "gps_distance_m": 5.5, "original_speed": "", "wheel_diameter_mm": 711, "braking_intensity": 0.0, "is_braking": false, "is_crash": false, "crash_intensity_g": 0.0, "segment_start_sample": 6088, "segment_end_sample": 6089, "time_str": ""}}, {"type": "Feature", "geometry": {"type": "LineString", "coordinates": [[4.78984102357695, 52.3599249811445], [4.78991354608033, 52.3599411960849]]}, "properties": {"Speed": 0.0, "Speed_display": 14.4, "road_quality": 2, "marker": 0, "trip_id": "604F0_Trip19", "hrot_diff": 0, "sample_diff": 1, "time_diff_s": 0.02, "gps_distance_m": 5.2, "original_speed": "", "wheel_diameter_mm": 711, "braking_intensity": 0.0, "is_braking": false, "is_crash": false, "crash_intensity_g": 0.0, "segment_start_sample": 6145, "segment_end_sample": 6146, "time_str": ""}}, {"type": "Feature", "geometry": {"type": "LineString", "coordinates": [[4.78991354608033, 52.3599411960849], [4.78998528909814, 52.3599579190875]]}, "properties": {"Speed": 0.0, "Speed_display": 14.4, "road_quality": 2, "marker": 0, "trip_id": "604F0_Trip19", "hrot_diff": 0, "sample_diff": 1, "time_diff_s": 0.02, "gps_distance_m": 5.2, "original_speed": "", "wheel_diameter_mm": 711, "braking_intensity": 0.0, "is_braking": false, "is_crash": false, "crash_intensity_g": 0.0, "segment_start_sample": 6193, "segment_end_sample": 6194, "time_str": ""}}, {"type": "Feature", "geometry": {"type": "LineString", "coordinates": [[4.78998528909814, 52.3599579190875], [4.79005107346866, 52.3599780023927]]}, "properties": {"Speed": 0.0, "Speed_display": 13.7, "road_quality": 2, "marker": 0, "trip_id": "604F0_Trip19", "hrot_diff": 0, "sample_diff": 1, "time_diff_s": 0.02, "gps_distance_m": 5.0, "original_speed": "", "wheel_diameter_mm": 711, "braking_intensity": 0.0, "is_braking": false, "is_crash": false, "crash_intensity_g": 0.0, "segment_start_sample": 6243, "segment_end_sample": 6244, "time_str": ""}}, {"type": "Feature", "geometry": {"type": "LineString", "coordinates": [[4.79005107346866, 52.3599780023927], [4.79011730560282, 52.3599960976683]]}, "properties": {"Speed": 0.0, "Speed_display": 13.0, "road_quality": 2, "marker": 0, "trip_id": "604F0_Trip19", "hrot_diff": 0, "sample_diff": 1, "time_diff_s": 0.02, "gps_distance_m": 4.9, "original_speed": "", "wheel_diameter_mm": 711, "braking_intensity": 0.0, "is_braking": false, "is_crash": false, "crash_intensity_g": 0.0, "segment_start_sample": 6296, "segment_end_sample": 6297, "time_str": ""}}, {"type": "Feature", "geometry": {"type": "LineString", "coordinates": [[4.79011730560282, 52.3599960976683], [4.79018618403371, 52.3600087659149]]}, "properties": {"Speed": 0.0, "Speed_display": 13.0, "road_quality": 2, "marker": 0, "trip_id": "604F0_Trip19", "hrot_diff": 0, "sample_diff": 1, "time_diff_s": 0.02, "gps_distance_m": 4.9, "original_speed": "", "wheel_diameter_mm": 711, "braking_intensity": 0.0, "is_braking": false, "is_crash": false, "crash_intensity_g": 0.0, "segment_start_sample": 6338, "segment_end_sample": 6339, "time_str": ""}}, {"type": "Feature", "geometry": {"type": "LineString", "coordinates": [[4.79018618403371, 52.3600087659149], [4.79025975872382, 52.3600140885153]]}, "properties": {"Speed": 0.0, "Speed_display": 12.2, "road_quality": 2, "marker": 0, "trip_id": "604F0_Trip19", "hrot_diff": 0, "sample_diff": 1, "time_diff_s": 0.02, "gps_distance_m": 5.0, "original_speed": "", "wheel_diameter_mm": 711, "braking_intensity": 0.0, "is_braking": false, "is_crash": false, "crash_intensity_g": 0.0, "segment_start_sample": 6388, "segment_end_sample": 6389, "time_str": ""}}, {"type": "Feature", "geometry": {"type": "LineString", "coordinates": [[4.79025975872382, 52.3600140885153], [4.79034729335302, 52.3600255097171]]}, "properties": {"Speed": 0.0, "Speed_display": 13.7, "road_quality": 3, "marker": 0, "trip_id": "604F0_Trip19", "hrot_diff": 0, "sample_diff": 1, "time_diff_s": 0.02, "gps_distance_m": 6.1, "original_speed": "", "wheel_diameter_mm": 711, "braking_intensity": 0.0, "is_braking": false, "is_crash": false, "crash_intensity_g": 0.0, "segment_start_sample": 6457, "segment_end_sample": 6458, "time_str": ""}}, {"type": "Feature", "geometry": {"type": "LineString", "coordinates": [[4.79034729335302, 52.3600255097171], [4.79043809483314, 52.3600470935877]]}, "properties": {"Speed": 0.0, "Speed_display": 15.1, "road_quality": 2, "marker": 0, "trip_id": "604F0_Trip19", "hrot_diff": 0, "sample_diff": 1, "time_diff_s": 0.02, "gps_distance_m": 6.6, "original_speed": "", "wheel_diameter_mm": 711, "braking_intensity": 0.0, "is_braking": false, "is_crash": false, "crash_intensity_g": 0.0, "segment_start_sample": 6490, "segment_end_sample": 6491, "time_str": ""}}, {"type": "Feature", "geometry": {"type": "LineString", "coordinates": [[4.79043809483314, 52.3600470935877], [4.79053120326445, 52.3600674559709]]}, "properties": {"Speed": 0.0, "Speed_display": 16.6, "road_quality": 2, "marker": 0, "trip_id": "604F0_Trip19", "hrot_diff": 0, "sample_diff": 1, "time_diff_s": 0.02, "gps_distance_m": 6.7, "original_speed": "", "wheel_diameter_mm": 711, "braking_intensity": 0.0, "is_braking": false, "is_crash": false, "crash_intensity_g": 0.0, "segment_start_sample": 6541, "segment_end_sample": 6542, "time_str": ""}}, {"type": "Feature", "geometry": {"type": "LineString", "coordinates": [[4.79053120326445, 52.3600674559709], [4.79063016030713, 52.3600871360416]]}, "properties": {"Speed": 0.0, "Speed_display": 17.3, "road_quality": 2, "marker": 0, "trip_id": "604F0_Trip19", "hrot_diff": 0, "sample_diff": 1, "time_diff_s": 0.02, "gps_distance_m": 7.1, "original_speed": "", "wheel_diameter_mm": 711, "braking_intensity": 0.0, "is_braking": false, "is_crash": false, "crash_intensity_g": 0.0, "segment_start_sample": 6595, "segment_end_sample": 6596, "time_str": ""}}, {"type": "Feature", "geometry": {"type": "LineString", "coordinates": [[4.79063016030713, 52.3600871360416], [4.79073196606105, 52.3601053589544]]}, "properties": {"Speed": 0.0, "Speed_display": 18.0, "road_quality": 3, "marker": 0, "trip_id": "604F0_Trip19", "hrot_diff": 0, "sample_diff": 1, "time_diff_s": 0.02, "gps_distance_m": 7.2, "original_speed": "", "wheel_diameter_mm": 711, "braking_intensity": 0.0, "is_braking": false, "is_crash": false, "crash_intensity_g": 0.0, "segment_start_sample": 6639, "segment_end_sample": 6640, "time_str": ""}}, {"type": "Feature", "geometry": {"type": "LineString", "coordinates": [[4.79073196606105, 52.3601053589544], [4.79084032880196, 52.3601239233151]]}, "properties": {"Speed": 0.0, "Speed_display": 18.7, "road_quality": 3, "marker": 0, "trip_id": "604F0_Trip19", "hrot_diff": 0, "sample_diff": 1, "time_diff_s": 0.02, "gps_distance_m": 7.6, "original_speed": "", "wheel_diameter_mm": 711, "braking_intensity": 0.0, "is_braking": false, "is_crash": false, "crash_intensity_g": 0.0, "segment_start_sample": 6689, "segment_end_sample": 6690, "time_str": ""}}, {"type": "Feature", "geometry": {"type": "LineString", "coordinates": [[4.79084032880196, 52.3601239233151], [4.79093358565647, 52.3601422801356]]}, "properties": {"Speed": 0.0, "Speed_display": 17.3, "road_quality": 2, "marker": 0, "trip_id": "604F0_Trip19", "hrot_diff": 0, "sample_diff": 1, "time_diff_s": 0.02, "gps_distance_m": 6.7, "original_speed": "", "wheel_diameter_mm": 711, "braking_intensity": 0.0, "is_braking": false, "is_crash": false, "crash_intensity_g": 0.0, "segment_start_sample": 6739, "segment_end_sample": 6740, "time_str": ""}}, {"type": "Feature", "geometry": {"type": "LineString", "coordinates": [[4.79093358565647, 52.3601422801356], [4.79102864218213, 52.3601594396852]]}, "properties": {"Speed": 0.0, "Speed_display": 16.6, "road_quality": 2, "marker": 0, "trip_id": "604F0_Trip19", "hrot_diff": 0, "sample_diff": 1, "time_diff_s": 0.02, "gps_distance_m": 6.7, "original_speed": "", "wheel_diameter_mm": 711, "braking_intensity": 0.0, "is_braking": false, "is_crash": false, "crash_intensity_g": 0.0, "segment_start_sample": 6795, "segment_end_sample": 6796, "time_str": ""}}, {"type": "Feature", "geometry": {"type": "LineString", "coordinates": [[4.79102864218213, 52.3601594396852], [4.7911211349452, 52.3601733501912]]}, "properties": {"Speed": 0.0, "Speed_display": 15.8, "road_quality": 2, "marker": 0, "trip_id": "604F0_Trip19", "hrot_diff": 0, "sample_diff": 1, "time_diff_s": 0.02, "gps_distance_m": 6.5, "original_speed": "", "wheel_diameter_mm": 711, "braking_intensity": 0.0, "is_braking": false, "is_crash": false, "crash_intensity_g": 0.0, "segment_start_sample": 6839, "segment_end_sample": 6840, "time_str": ""}}, {"type": "Feature", "geometry": {"type": "LineString", "coordinates": [[4.7911211349452, 52.3601733501912], [4.79120564923029, 52.360190358947]]}, "properties": {"Speed": 0.0, "Speed_display": 15.1, "road_quality": 2, "marker": 0, "trip_id": "604F0_Trip19", "hrot_diff": 0, "sample_diff": 1, "time_diff_s": 0.02, "gps_distance_m": 6.0, "original_speed": "", "wheel_diameter_mm": 711, "braking_intensity": 0.0, "is_braking": false, "is_crash": false, "crash_intensity_g": 0.0, "segment_start_sample": 6890, "segment_end_sample": 6891, "time_str": ""}}, {"type": "Feature", "geometry": {"type": "LineString", "coordinates": [[4.79120564923029, 52.360190358947], [4.79128637757824, 52.3602079065865]]}, "properties": {"Speed": 0.0, "Speed_display": 15.1, "road_quality": 2, "marker": 0, "trip_id": "604F0_Trip19", "hrot_diff": 0, "sample_diff": 1, "time_diff_s": 0.02, "gps_distance_m": 5.8, "original_speed": "", "wheel_diameter_mm": 711, "braking_intensity": 0.0, "is_braking": false, "is_crash": false, "crash_intensity_g": 0.0, "segment_start_sample": 6943, "segment_end_sample": 6944, "time_str": ""}}, {"type": "Feature", "geometry": {"type": "LineString", "coordinates": [[4.79128637757824, 52.3602079065865], [4.79136701990599, 52.3602175181468]]}, "properties": {"Speed": 0.0, "Speed_display": 15.1, "road_quality": 2, "marker": 0, "trip_id": "604F0_Trip19", "hrot_diff": 0, "sample_diff": 1, "time_diff_s": 0.02, "gps_distance_m": 5.6, "original_speed": "", "wheel_diameter_mm": 711, "braking_intensity": 0.0, "is_braking": false, "is_crash": false, "crash_intensity_g": 0.0, "segment_start_sample": 6995, "segment_end_sample": 6996, "time_str": ""}}, {"type": "Feature", "geometry": {"type": "LineString", "coordinates": [[4.79136701990599, 52.3602175181468], [4.79143979960625, 52.3602360616877]]}, "properties": {"Speed": 0.0, "Speed_display": 14.4, "road_quality": 2, "marker": 0, "trip_id": "604F0_Trip19", "hrot_diff": 0, "sample_diff": 1, "time_diff_s": 0.02, "gps_distance_m": 5.4, "original_speed": "", "wheel_diameter_mm": 711, "braking_intensity": 0.0, "is_braking": false, "is_crash": false, "crash_intensity_g": 0.0, "segment_start_sample": 7044, "segment_end_sample": 7045, "time_str": ""}}, {"type": "Feature", "geometry": {"type": "LineString", "coordinates": [[4.79143979960625, 52.3602360616877], [4.79149019174137, 52.3602574574548]]}, "properties": {"Speed": 0.0, "Speed_display": 13.7, "road_quality": 2, "marker": 0, "trip_id": "604F0_Trip19", "hrot_diff": 0, "sample_diff": 1, "time_diff_s": 0.02, "gps_distance_m": 4.2, "original_speed": "", "wheel_diameter_mm": 711, "braking_intensity": 0.0, "is_braking": false, "is_crash": false, "crash_intensity_g": 0.0, "segment_start_sample": 7091, "segment_end_sample": 7092, "time_str": ""}}, {"type": "Feature", "geometry": {"type": "LineString", "coordinates": [[4.79149019174137, 52.3602574574548], [4.7915577944203, 52.360271491907]]}, "properties": {"Speed": 0.0, "Speed_display": 13.0, "road_quality": 2, "marker": 0, "trip_id": "604F0_Trip19", "hrot_diff": 0, "sample_diff": 1, "time_diff_s": 0.02, "gps_distance_m": 4.8, "original_speed": "", "wheel_diameter_mm": 711, "braking_intensity": 0.0, "is_braking": false, "is_crash": false, "crash_intensity_g": 0.0, "segment_start_sample": 7139, "segment_end_sample": 7140, "time_str": ""}}, {"type": "Feature", "geometry": {"type": "LineString", "coordinates": [[4.7915577944203, 52.360271491907], [4.79163651605779, 52.3602850887036]]}, "properties": {"Speed": 0.0, "Speed_display": 13.7, "road_quality": 2, "marker": 0, "trip_id": "604F0_Trip19", "hrot_diff": 0, "sample_diff": 1, "time_diff_s": 0.02, "gps_distance_m": 5.6, "original_speed": "", "wheel_diameter_mm": 711, "braking_intensity": 0.0, "is_braking": false, "is_crash": false, "crash_intensity_g": 0.0, "segment_start_sample": 7191, "segment_end_sample": 7192, "time_str": ""}}, {"type": "Feature", "geometry": {"type": "LineString", "coordinates": [[4.79163651605779, 52.3602850887036], [4.79170495159152, 52.3602972366347]]}, "properties": {"Speed": 0.0, "Speed_display": 13.0, "road_quality": 2, "marker": 0, "trip_id": "604F0_Trip19", "hrot_diff": 0, "sample_diff": 1, "time_diff_s": 0.02, "gps_distance_m": 4.8, "original_speed": "", "wheel_diameter_mm": 711, "braking_intensity": 0.0, "is_braking": false, "is_crash": false, "crash_intensity_g": 0.0, "segment_start_sample": 7242, "segment_end_sample": 7243, "time_str": ""}}, {"type": "Feature", "geometry": {"type": "LineString", "coordinates": [[4.79170495159152, 52.3602972366347], [4.79178096635526, 52.3603109472466]]}, "properties": {"Speed": 0.0, "Speed_display": 13.7, "road_quality": 2, "marker": 0, "trip_id": "604F0_Trip19", "hrot_diff": 0, "sample_diff": 1, "time_diff_s": 0.02, "gps_distance_m": 5.4, "original_speed": "", "wheel_diameter_mm": 711, "braking_intensity": 0.0, "is_braking": false, "is_crash": false, "crash_intensity_g": 0.0, "segment_start_sample": 7288, "segment_end_sample": 7289, "time_str": ""}}, {"type": "Feature", "geometry": {"type": "LineString", "coordinates": [[4.79178096635526, 52.3603109472466], [4.79186676667952, 52.3603300773318]]}, "properties": {"Speed": 0.0, "Speed_display": 14.4, "road_quality": 2, "marker": 0, "trip_id": "604F0_Trip19", "hrot_diff": 0, "sample_diff": 1, "time_diff_s": 0.02, "gps_distance_m": 6.2, "original_speed": "", "wheel_diameter_mm": 711, "braking_intensity": 0.0, "is_braking": false, "is_crash": false, "crash_intensity_g": 0.0, "segment_start_sample": 7344, "segment_end_sample": 7345, "time_str": ""}}, {"type": "Feature", "geometry": {"type": "LineString", "coordinates": [[4.79186676667952, 52.3603300773318], [4.79197390639641, 52.3603451821895]]}, "properties": {"Speed": 0.0, "Speed_display": 17.3, "road_quality": 2, "marker": 0, "trip_id": "604F0_Trip19", "hrot_diff": 0, "sample_diff": 1, "time_diff_s": 0.02, "gps_distance_m": 7.5, "original_speed": "", "wheel_diameter_mm": 711, "braking_intensity": 0.0, "is_braking": false, "is_crash": false, "crash_intensity_g": 0.0, "segment_start_sample": 7390, "segment_end_sample": 7391, "time_str": ""}}, {"type": "Feature", "geometry": {"type": "LineString", "coordinates": [[4.79197390639641, 52.3603451821895], [4.79205829040746, 52.3603787223691]]}, "properties": {"Speed": 0.0, "Speed_display": 17.3, "road_quality": 2, "marker": 0, "trip_id": "604F0_Trip19", "hrot_diff": 0, "sample_diff": 1, "time_diff_s": 0.02, "gps_distance_m": 6.8, "original_speed": "", "wheel_diameter_mm": 711, "braking_intensity": 0.0, "is_braking": false, "is_crash": false, "crash_intensity_g": 0.0, "segment_start_sample": 7440, "segment_end_sample": 7441, "time_str": ""}}, {"type": "Feature", "geometry": {"type": "LineString", "coordinates": [[4.79205829040746, 52.3603787223691], [4.79215380422262, 52.3603978976646]]}, "properties": {"Speed": 0.0, "Speed_display": 17.3, "road_quality": 2, "marker": 0, "trip_id": "604F0_Trip19", "hrot_diff": 0, "sample_diff": 1, "time_diff_s": 0.02, "gps_distance_m": 6.8, "original_speed": "", "wheel_diameter_mm": 711, "braking_intensity": 0.0, "is_braking": false, "is_crash": false, "crash_intensity_g": 0.0, "segment_start_sample": 7496, "segment_end_sample": 7497, "time_str": ""}}, {"type": "Feature", "geometry": {"type": "LineString", "coordinates": [[4.79215380422262, 52.3603978976646], [4.79224371785724, 52.3604118322249]]}, "properties": {"Speed": 0.0, "Speed_display": 16.6, "road_quality": 2, "marker": 0, "trip_id": "604F0_Trip19", "hrot_diff": 0, "sample_diff": 1, "time_diff_s": 0.02, "gps_distance_m": 6.3, "original_speed": "", "wheel_diameter_mm": 711, "braking_intensity": 0.0, "is_braking": false, "is_crash": false, "crash_intensity_g": 0.0, "segment_start_sample": 7545, "segment_end_sample": 7546, "time_str": ""}}, {"type": "Feature", "geometry": {"type": "LineString", "coordinates": [[4.79224371785724, 52.3604118322249], [4.79232729786788, 52.3604259975793]]}, "properties": {"Speed": 0.0, "Speed_display": 15.8, "road_quality": 2, "marker": 0, "trip_id": "604F0_Trip19", "hrot_diff": 0, "sample_diff": 1, "time_diff_s": 0.02, "gps_distance_m": 5.9, "original_speed": "", "wheel_diameter_mm": 711, "braking_intensity": 0.0, "is_braking": false, "is_crash": false, "crash_intensity_g": 0.0, "segment_start_sample": 7589, "segment_end_sample": 7590, "time_str": ""}}, {"type": "Feature", "geometry": {"type": "LineString", "coordinates": [[4.79232729786788, 52.3604259975793], [4.79240802128333, 52.3604396825587]]}, "properties": {"Speed": 0.0, "Speed_display": 15.1, "road_quality": 2, "marker": 0, "trip_id": "604F0_Trip19", "hrot_diff": 0, "sample_diff": 1, "time_diff_s": 0.02, "gps_distance_m": 5.7, "original_speed": "", "wheel_diameter_mm": 711, "braking_intensity": 0.0, "is_braking": false, "is_crash": false, "crash_intensity_g": 0.0, "segment_start_sample": 7641, "segment_end_sample": 7642, "time_str": ""}}, {"type": "Feature", "geometry": {"type": "LineString", "coordinates": [[4.79240802128333, 52.3604396825587], [4.7924935703714, 52.3604553364745]]}, "properties": {"Speed": 0.0, "Speed_display": 15.1, "road_quality": 2, "marker": 0, "trip_id": "604F0_Trip19", "hrot_diff": 0, "sample_diff": 1, "time_diff_s": 0.02, "gps_distance_m": 6.1, "original_speed": "", "wheel_diameter_mm": 711, "braking_intensity": 0.0, "is_braking": false, "is_crash": false, "crash_intensity_g": 0.0, "segment_start_sample": 7694, "segment_end_sample": 7695, "time_str": ""}}, {"type": "Feature", "geometry": {"type": "LineString", "coordinates": [[4.7924935703714, 52.3604553364745], [4.79257578192374, 52.360474769597]]}, "properties": {"Speed": 0.0, "Speed_display": 15.1, "road_quality": 2, "marker": 0, "trip_id": "604F0_Trip19", "hrot_diff": 0, "sample_diff": 1, "time_diff_s": 0.02, "gps_distance_m": 6.0, "original_speed": "", "wheel_diameter_mm": 711, "braking_intensity": 0.0, "is_braking": false, "is_crash": false, "crash_intensity_g": 0.0, "segment_start_sample": 7746, "segment_end_sample": 7747, "time_str": ""}}, {"type": "Feature", "geometry": {"type": "LineString", "coordinates": [[4.79257578192374, 52.360474769597], [4.79265944749337, 52.3604901015831]]}, "properties": {"Speed": 0.0, "Speed_display": 15.1, "road_quality": 2, "marker": 0, "trip_id": "604F0_Trip19", "hrot_diff": 0, "sample_diff": 1, "time_diff_s": 0.02, "gps_distance_m": 5.9, "original_speed": "", "wheel_diameter_mm": 711, "braking_intensity": 0.0, "is_braking": false, "is_crash": false, "crash_intensity_g": 0.0, "segment_start_sample": 7789, "segment_end_sample": 7790, "time_str": ""}}, {"type": "Feature", "geometry": {"type": "LineString", "coordinates": [[4.79265944749337, 52.3604901015831], [4.79274618902023, 52.3605082460256]]}, "properties": {"Speed": 0.0, "Speed_display": 15.1, "road_quality": 2, "marker": 0, "trip_id": "604F0_Trip19", "hrot_diff": 0, "sample_diff": 1, "time_diff_s": 0.02, "gps_distance_m": 6.2, "original_speed": "", "wheel_diameter_mm": 711, "braking_intensity": 0.0, "is_braking": false, "is_crash": false, "crash_intensity_g": 0.0, "segment_start_sample": 7840, "segment_end_sample": 7841, "time_str": ""}}, {"type": "Feature", "geometry": {"type": "LineString", "coordinates": [[4.79274618902023, 52.3605082460256], [4.79283314222694, 52.3605242187247]]}, "properties": {"Speed": 0.0, "Speed_display": 15.1, "road_quality": 2, "marker": 0, "trip_id": "604F0_Trip19", "hrot_diff": 0, "sample_diff": 1, "time_diff_s": 0.02, "gps_distance_m": 6.2, "original_speed": "", "wheel_diameter_mm": 711, "braking_intensity": 0.0, "is_braking": false, "is_crash": false, "crash_intensity_g": 0.0, "segment_start_sample": 7891, "segment_end_sample": 7892, "time_str": ""}}, {"type": "Feature", "geometry": {"type": "LineString", "coordinates": [[4.79283314222694, 52.3605242187247], [4.79292244784696, 52.3605419177546]]}, "properties": {"Speed": 0.0, "Speed_display": 15.8, "road_quality": 2, "marker": 0, "trip_id": "604F0_Trip19", "hrot_diff": 0, "sample_diff": 1, "time_diff_s": 0.02, "gps_distance_m": 6.4, "original_speed": "", "wheel_diameter_mm": 711, "braking_intensity": 0.0, "is_braking": false, "is_crash": false, "crash_intensity_g": 0.0, "segment_start_sample": 7941, "segment_end_sample": 7942, "time_str": ""}}, {"type": "Feature", "geometry": {"type": "LineString", "coordinates": [[4.79292244784696, 52.3605419177546], [4.79301276211255, 52.3605615457933]]}, "properties": {"Speed": 0.0, "Speed_display": 16.6, "road_quality": 2, "marker": 0, "trip_id": "604F0_Trip19", "hrot_diff": 0, "sample_diff": 1, "time_diff_s": 0.02, "gps_distance_m": 6.5, "original_speed": "", "wheel_diameter_mm": 711, "braking_intensity": 0.0, "is_braking": false, "is_crash": false, "crash_intensity_g": 0.0, "segment_start_sample": 7991, "segment_end_sample": 7992, "time_str": ""}}, {"type": "Feature", "geometry": {"type": "LineString", "coordinates": [[4.79301276211255, 52.3605615457933], [4.79309922596159, 52.3605724137295]]}, "properties": {"Speed": 0.0, "Speed_display": 15.8, "road_quality": 2, "marker": 0, "trip_id": "604F0_Trip19", "hrot_diff": 0, "sample_diff": 1, "time_diff_s": 0.02, "gps_distance_m": 6.0, "original_speed": "", "wheel_diameter_mm": 711, "braking_intensity": 0.0, "is_braking": false, "is_crash": false, "crash_intensity_g": 0.0, "segment_start_sample": 8041, "segment_end_sample": 8042, "time_str": ""}}, {"type": "Feature", "geometry": {"type": "LineString", "coordinates": [[4.79309922596159, 52.3605724137295], [4.79318175569066, 52.3605882768697]]}, "properties": {"Speed": 0.0, "Speed_display": 15.1, "road_quality": 2, "marker": 0, "trip_id": "604F0_Trip19", "hrot_diff": 0, "sample_diff": 1, "time_diff_s": 0.02, "gps_distance_m": 5.9, "original_speed": "", "wheel_diameter_mm": 711, "braking_intensity": 0.0, "is_braking": false, "is_crash": false, "crash_intensity_g": 0.0, "segment_start_sample": 8090, "segment_end_sample": 8091, "time_str": ""}}, {"type": "Feature", "geometry": {"type": "LineString", "coordinates": [[4.79318175569066, 52.3605882768697], [4.79327705395898, 52.3606068976681]]}, "properties": {"Speed": 0.0, "Speed_display": 15.8, "road_quality": 2, "marker": 0, "trip_id": "604F0_Trip19", "hrot_diff": 0, "sample_diff": 1, "time_diff_s": 0.02, "gps_distance_m": 6.8, "original_speed": "", "wheel_diameter_mm": 711, "braking_intensity": 0.0, "is_braking": false, "is_crash": false, "crash_intensity_g": 0.0, "segment_start_sample": 8140, "segment_end_sample": 8141, "time_str": ""}}, {"type": "Feature", "geometry": {"type": "LineString", "coordinates": [[4.79327705395898, 52.3606068976681], [4.7933622643599, 52.3606288911522]]}, "properties": {"Speed": 0.0, "Speed_display": 15.8, "road_quality": 2, "marker": 0, "trip_id": "604F0_Trip19", "hrot_diff": 0, "sample_diff": 1, "time_diff_s": 0.02, "gps_distance_m": 6.3, "original_speed": "", "wheel_diameter_mm": 711, "braking_intensity": 0.0, "is_braking": false, "is_crash": false, "crash_intensity_g": 0.0, "segment_start_sample": 8189, "segment_end_sample": 8190, "time_str": ""}}, {"type": "Feature", "geometry": {"type": "LineString", "coordinates": [[4.7933622643599, 52.3606288911522], [4.79344127101119, 52.3606503669703]]}, "properties": {"Speed": 0.0, "Speed_display": 15.1, "road_quality": 2, "marker": 0, "trip_id": "604F0_Trip19", "hrot_diff": 0, "sample_diff": 1, "time_diff_s": 0.02, "gps_distance_m": 5.9, "original_speed": "", "wheel_diameter_mm": 711, "braking_intensity": 0.0, "is_braking": false, "is_crash": false, "crash_intensity_g": 0.0, "segment_start_sample": 8245, "segment_end_sample": 8246, "time_str": ""}}, {"type": "Feature", "geometry": {"type": "LineString", "coordinates": [[4.79344127101119, 52.3606503669703], [4.79354810919045, 52.3606626589156]]}, "properties": {"Speed": 0.0, "Speed_display": 16.6, "road_quality": 2, "marker": 0, "trip_id": "604F0_Trip19", "hrot_diff": 0, "sample_diff": 1, "time_diff_s": 0.02, "gps_distance_m": 7.4, "original_speed": "", "wheel_diameter_mm": 711, "braking_intensity": 0.0, "is_braking": false, "is_crash": false, "crash_intensity_g": 0.0, "segment_start_sample": 8292, "segment_end_sample": 8293, "time_str": ""}}, {"type": "Feature", "geometry": {"type": "LineString", "coordinates": [[4.79354810919045, 52.3606626589156], [4.79364277023522, 52.3606799758724]]}, "properties": {"Speed": 0.0, "Speed_display": 16.6, "road_quality": 2, "marker": 0, "trip_id": "604F0_Trip19", "hrot_diff": 0, "sample_diff": 1, "time_diff_s": 0.02, "gps_distance_m": 6.7, "original_speed": "", "wheel_diameter_mm": 711, "braking_intensity": 0.0, "is_braking": false, "is_crash": false, "crash_intensity_g": 0.0, "segment_start_sample": 8340, "segment_end_sample": 8341, "time_str": ""}}, {"type": "Feature", "geometry": {"type": "LineString", "coordinates": [[4.79364277023522, 52.3606799758724], [4.79371880635827, 52.3607036000519]]}, "properties": {"Speed": 0.0, "Speed_display": 15.8, "road_quality": 2, "marker": 0, "trip_id": "604F0_Trip19", "hrot_diff": 0, "sample_diff": 1, "time_diff_s": 0.02, "gps_distance_m": 5.8, "original_speed": "", "wheel_diameter_mm": 711, "braking_intensity": 0.0, "is_braking": false, "is_crash": false, "crash_intensity_g": 0.0, "segment_start_sample": 8390, "segment_end_sample": 8391, "time_str": ""}}, {"type": "Feature", "geometry": {"type": "LineString", "coordinates": [[4.79371880635827, 52.3607036000519], [4.79380834012486, 52.36071940009]]}, "properties": {"Speed": 0.0, "Speed_display": 15.8, "road_quality": 2, "marker": 0, "trip_id": "604F0_Trip19", "hrot_diff": 0, "sample_diff": 1, "time_diff_s": 0.02, "gps_distance_m": 6.3, "original_speed": "", "wheel_diameter_mm": 711, "braking_intensity": 0.0, "is_braking": false, "is_crash": false, "crash_intensity_g": 0.0, "segment_start_sample": 8439, "segment_end_sample": 8440, "time_str": ""}}, {"type": "Feature", "geometry": {"type": "LineString", "coordinates": [[4.79380834012486, 52.36071940009], [4.79389808155598, 52.3607342075522]]}, "properties": {"Speed": 0.0, "Speed_display": 15.8, "road_quality": 2, "marker": 0, "trip_id": "604F0_Trip19", "hrot_diff": 0, "sample_diff": 1, "time_diff_s": 0.02, "gps_distance_m": 6.3, "original_speed": "", "wheel_diameter_mm": 711, "braking_intensity": 0.0, "is_braking": false, "is_crash": false, "crash_intensity_g": 0.0, "segment_start_sample": 8491, "segment_end_sample": 8492, "time_str": ""}}, {"type": "Feature", "geometry": {"type": "LineString", "coordinates": [[4.79389808155598, 52.3607342075522], [4.7939859633827, 52.3607495663258]]}, "properties": {"Speed": 0.0, "Speed_display": 15.8, "road_quality": 2, "marker": 0, "trip_id": "604F0_Trip19", "hrot_diff": 0, "sample_diff": 1, "time_diff_s": 0.02, "gps_distance_m": 6.2, "original_speed": "", "wheel_diameter_mm": 711, "braking_intensity": 0.0, "is_braking": false, "is_crash": false, "crash_intensity_g": 0.0, "segment_start_sample": 8543, "segment_end_sample": 8544, "time_str": ""}}, {"type": "Feature", "geometry": {"type": "LineString", "coordinates": [[4.7939859633827, 52.3607495663258], [4.7940709470862, 52.3607640348024]]}, "properties": {"Speed": 0.0, "Speed_display": 15.1, "road_quality": 2, "marker": 0, "trip_id": "604F0_Trip19", "hrot_diff": 0, "sample_diff": 1, "time_diff_s": 0.02, "gps_distance_m": 6.0, "original_speed": "", "wheel_diameter_mm": 711, "braking_intensity": 0.0, "is_braking": false, "is_crash": false, "crash_intensity_g": 0.0, "segment_start_sample": 8589, "segment_end_sample": 8590, "time_str": ""}}, {"type": "Feature", "geometry": {"type": "LineString", "coordinates": [[4.7940709470862, 52.3607640348024], [4.7941388359707, 52.360781452478]]}, "properties": {"Speed": 0.0, "Speed_display": 13.7, "road_quality": 2, "marker": 0, "trip_id": "604F0_Trip19", "hrot_diff": 0, "sample_diff": 1, "time_diff_s": 0.02, "gps_distance_m": 5.0, "original_speed": "", "wheel_diameter_mm": 711, "braking_intensity": 0.0, "is_braking": false, "is_crash": false, "crash_intensity_g": 0.0, "segment_start_sample": 8644, "segment_end_sample": 8645, "time_str": ""}}, {"type": "Feature", "geometry": {"type": "LineString", "coordinates": [[4.7941388359707, 52.360781452478], [4.79421393809539, 52.3607938681912]]}, "properties": {"Speed": 0.0, "Speed_display": 13.7, "road_quality": 2, "marker": 0, "trip_id": "604F0_Trip19", "hrot_diff": 0, "sample_diff": 1, "time_diff_s": 0.02, "gps_distance_m": 5.3, "original_speed": "", "wheel_diameter_mm": 711, "braking_intensity": 0.0, "is_braking": false, "is_crash": false, "crash_intensity_g": 0.0, "segment_start_sample": 8693, "segment_end_sample": 8694, "time_str": ""}}, {"type": "Feature", "geometry": {"type": "LineString", "coordinates": [[4.79421393809539, 52.3607938681912], [4.79428510910361, 52.360810154279]]}, "properties": {"Speed": 0.0, "Speed_display": 13.7, "road_quality": 2, "marker": 0, "trip_id": "604F0_Trip19", "hrot_diff": 0, "sample_diff": 1, "time_diff_s": 0.02, "gps_distance_m": 5.2, "original_speed": "", "wheel_diameter_mm": 711, "braking_intensity": 0.0, "is_braking": false, "is_crash": false, "crash_intensity_g": 0.0, "segment_start_sample": 8744, "segment_end_sample": 8745, "time_str": ""}}, {"type": "Feature", "geometry": {"type": "LineString", "coordinates": [[4.79428510910361, 52.360810154279], [4.79434731905363, 52.3608259158551]]}, "properties": {"Speed": 0.0, "Speed_display": 12.2, "road_quality": 2, "marker": 0, "trip_id": "604F0_Trip19", "hrot_diff": 0, "sample_diff": 1, "time_diff_s": 0.02, "gps_distance_m": 4.6, "original_speed": "", "wheel_diameter_mm": 711, "braking_intensity": 0.0, "is_braking": false, "is_crash": false, "crash_intensity_g": 0.0, "segment_start_sample": 8795, "segment_end_sample": 8796, "time_str": ""}}, {"type": "Feature", "geometry": {"type": "LineString", "coordinates": [[4.79434731905363, 52.3608259158551], [4.79441215893499, 52.3608388321358]]}, "properties": {"Speed": 0.0, "Speed_display": 12.2, "road_quality": 2, "marker": 0, "trip_id": "604F0_Trip19", "hrot_diff": 0, "sample_diff": 1, "time_diff_s": 0.02, "gps_distance_m": 4.6, "original_speed": "", "wheel_diameter_mm": 711, "braking_intensity": 0.0, "is_braking": false, "is_crash": false, "crash_intensity_g": 0.0, "segment_start_sample": 8838, "segment_end_sample": 8839, "time_str": ""}}, {"type": "Feature", "geometry": {"type": "LineString", "coordinates": [[4.79441215893499, 52.3608388321358], [4.79447679045574, 52.3608544790732]]}, "properties": {"Speed": 0.0, "Speed_display": 12.2, "road_quality": 2, "marker": 0, "trip_id": "604F0_Trip19", "hrot_diff": 0, "sample_diff": 1, "time_diff_s": 0.02, "gps_distance_m": 4.7, "original_speed": "", "wheel_diameter_mm": 711, "braking_intensity": 0.0, "is_braking": false, "is_crash": false, "crash_intensity_g": 0.0, "segment_start_sample": 8893, "segment_end_sample": 8894, "time_str": ""}}, {"type": "Feature", "geometry": {"type": "LineString", "coordinates": [[4.79447679045574, 52.3608544790732], [4.79453627996552, 52.3608725689895]]}, "properties": {"Speed": 0.0, "Speed_display": 11.5, "road_quality": 3, "marker": 0, "trip_id": "604F0_Trip19", "hrot_diff": 0, "sample_diff": 1, "time_diff_s": 0.02, "gps_distance_m": 4.5, "original_speed": "", "wheel_diameter_mm": 711, "braking_intensity": 0.0, "is_braking": false, "is_crash": false, "crash_intensity_g": 0.0, "segment_start_sample": 8938, "segment_end_sample": 8939, "time_str": ""}}, {"type": "Feature", "geometry": {"type": "LineString", "coordinates": [[4.79453627996552, 52.3608725689895], [4.79459884276358, 52.3608825833811]]}, "properties": {"Speed": 0.0, "Speed_display": 11.5, "road_quality": 3, "marker": 0, "trip_id": "604F0_Trip19", "hrot_diff": 0, "sample_diff": 1, "time_diff_s": 0.02, "gps_distance_m": 4.4, "original_speed": "", "wheel_diameter_mm": 711, "braking_intensity": 0.0, "is_braking": false, "is_crash": false, "crash_intensity_g": 0.0, "segment_start_sample": 8997, "segment_end_sample": 8998, "time_str": ""}}, {"type": "Feature", "geometry": {"type": "LineString", "coordinates": [[4.79459884276358, 52.3608825833811], [4.79466191488523, 52.360892118483]]}, "properties": {"Speed": 0.0, "Speed_display": 10.8, "road_quality": 3, "marker": 0, "trip_id": "604F0_Trip19", "hrot_diff": 0, "sample_diff": 1, "time_diff_s": 0.02, "gps_distance_m": 4.4, "original_speed": "", "wheel_diameter_mm": 711, "braking_intensity": 0.0, "is_braking": false, "is_crash": false, "crash_intensity_g": 0.0, "segment_start_sample": 9045, "segment_end_sample": 9046, "time_str": ""}}, {"type": "Feature", "geometry": {"type": "LineString", "coordinates": [[4.79466191488523, 52.360892118483], [4.79472946625664, 52.3608936891529]]}, "properties": {"Speed": 0.0, "Speed_display": 10.8, "road_quality": 2, "marker": 0, "trip_id": "604F0_Trip19", "hrot_diff": 0, "sample_diff": 1, "time_diff_s": 0.02, "gps_distance_m": 4.6, "original_speed": "", "wheel_diameter_mm": 711, "braking_intensity": 0.0, "is_braking": false, "is_crash": false, "crash_intensity_g": 0.0, "segment_start_sample": 9094, "segment_end_sample": 9095, "time_str": ""}}, {"type": "Feature", "geometry": {"type": "LineString", "coordinates": [[4.79472946625664, 52.3608936891529], [4.79478350880139, 52.3609093578768]]}, "properties": {"Speed": 0.0, "Speed_display": 10.8, "road_quality": 2, "marker": 0, "trip_id": "604F0_Trip19", "hrot_diff": 0, "sample_diff": 1, "time_diff_s": 0.02, "gps_distance_m": 4.1, "original_speed": "", "wheel_diameter_mm": 711, "braking_intensity": 0.0, "is_braking": false, "is_crash": false, "crash_intensity_g": 0.0, "segment_start_sample": 9146, "segment_end_sample": 9147, "time_str": ""}}, {"type": "Feature", "geometry": {"type": "LineString", "coordinates": [[4.79478350880139, 52.3609093578768], [4.79483735191215, 52.3609258947363]]}, "properties": {"Speed": 0.0, "Speed_display": 10.1, "road_quality": 2, "marker": 0, "trip_id": "604F0_Trip19", "hrot_diff": 0, "sample_diff": 1, "time_diff_s": 0.02, "gps_distance_m": 4.1, "original_speed": "", "wheel_diameter_mm": 711, "braking_intensity": 0.0, "is_braking": false, "is_crash": false, "crash_intensity_g": 0.0, "segment_start_sample": 9200, "segment_end_sample": 9201, "time_str": ""}}, {"type": "Feature", "geometry": {"type": "LineString", "coordinates": [[4.79483735191215, 52.3609258947363], [4.79488151790443, 52.3609376793729]]}, "properties": {"Speed": 0.0, "Speed_display": 9.4, "road_quality": 3, "marker": 0, "trip_id": "604F0_Trip19", "hrot_diff": 0, "sample_diff": 1, "time_diff_s": 0.02, "gps_distance_m": 3.3, "original_speed": "", "wheel_diameter_mm": 711, "braking_intensity": 0.0, "is_braking": false, "is_crash": false, "crash_intensity_g": 0.0, "segment_start_sample": 9241, "segment_end_sample": 9242, "time_str": ""}}, {"type": "Feature", "geometry": {"type": "LineString", "coordinates": [[4.79488151790443, 52.3609376793729], [4.79490970026816, 52.3609628596291]]}, "properties": {"Speed": 0.0, "Speed_display": 8.6, "road_quality": 3, "marker": 0, "trip_id": "604F0_Trip19", "hrot_diff": 0, "sample_diff": 1, "time_diff_s": 0.02, "gps_distance_m": 3.4, "original_speed": "", "wheel_diameter_mm": 711, "braking_intensity": 0.0, "is_braking": false, "is_crash": false, "crash_intensity_g": 0.0, "segment_start_sample": 9297, "segment_end_sample": 9298, "time_str": ""}}, {"type": "Feature", "geometry": {"type": "LineString", "coordinates": [[4.79490970026816, 52.3609628596291], [4.79497114609555, 52.3609623252144]]}, "properties": {"Speed": 0.0, "Speed_display": 8.6, "road_quality": 2, "marker": 0, "trip_id": "604F0_Trip19", "hrot_diff": 0, "sample_diff": 1, "time_diff_s": 0.02, "gps_distance_m": 4.2, "original_speed": "", "wheel_diameter_mm": 711, "braking_intensity": 0.0, "is_braking": false, "is_crash": false, "crash_intensity_g": 0.0, "segment_start_sample": 9345, "segment_end_sample": 9346, "time_str": ""}}, {"type": "Feature", "geometry": {"type": "LineString", "coordinates": [[4.79497114609555, 52.3609623252144], [4.79502005170183, 52.3609568967567]]}, "properties": {"Speed": 0.0, "Speed_display": 7.9, "road_quality": 2, "marker": 0, "trip_id": "604F0_Trip19", "hrot_diff": 0, "sample_diff": 1, "time_diff_s": 0.02, "gps_distance_m": 3.4, "original_speed": "", "wheel_diameter_mm": 711, "braking_intensity": 0.0, "is_braking": false, "is_crash": false, "crash_intensity_g": 0.0, "segment_start_sample": 9391, "segment_end_sample": 9392, "time_str": ""}}, {"type": "Feature", "geometry": {"type": "LineString", "coordinates": [[4.79502005170183, 52.3609568967567], [4.79505710211215, 52.3609308552313]]}, "properties": {"Speed": 0.0, "Speed_display": 7.9, "road_quality": 2, "marker": 0, "trip_id": "604F0_Trip19", "hrot_diff": 0, "sample_diff": 1, "time_diff_s": 0.02, "gps_distance_m": 3.8, "original_speed": "", "wheel_diameter_mm": 711, "braking_intensity": 0.0, "is_braking": false, "is_crash": false, "crash_intensity_g": 0.0, "segment_start_sample": 9440, "segment_end_sample": 9441, "time_str": ""}}, {"type": "Feature", "geometry": {"type": "LineString", "coordinates": [[4.79505710211215, 52.3609308552313], [4.79507094366812, 52.3608969190123]]}, "properties": {"Speed": 0.0, "Speed_display": 9.4, "road_quality": 2, "marker": 0, "trip_id": "604F0_Trip19", "hrot_diff": 0, "sample_diff": 1, "time_diff_s": 0.02, "gps_distance_m": 3.9, "original_speed": "", "wheel_diameter_mm": 711, "braking_intensity": 0.0, "is_braking": false, "is_crash": false, "crash_intensity_g": 0.0, "segment_start_sample": 9480, "segment_end_sample": 9481, "time_str": ""}}, {"type": "Feature", "geometry": {"type": "LineString", "coordinates": [[4.79507094366812, 52.3608969190123], [4.79507894844852, 52.3608507933752]]}, "properties": {"Speed": 0.0, "Speed_display": 11.5, "road_quality": 2, "marker": 0, "trip_id": "604F0_Trip19", "hrot_diff": 0, "sample_diff": 1, "time_diff_s": 0.02, "gps_distance_m": 5.2, "original_speed": "", "wheel_diameter_mm": 711, "braking_intensity": 0.0, "is_braking": false, "is_crash": false, "crash_intensity_g": 0.0, "segment_start_sample": 9530, "segment_end_sample": 9531, "time_str": ""}}, {"type": "Feature", "geometry": {"type": "LineString", "coordinates": [[4.79507894844852, 52.3608507933752], [4.79510061125362, 52.3608065651123]]}, "properties": {"Speed": 0.0, "Speed_display": 13.7, "road_quality": 2, "marker": 0, "trip_id": "604F0_Trip19", "hrot_diff": 0, "sample_diff": 1, "time_diff_s": 0.02, "gps_distance_m": 5.1, "original_speed": "", "wheel_diameter_mm": 711, "braking_intensity": 0.0, "is_braking": false, "is_crash": false, "crash_intensity_g": 0.0, "segment_start_sample": 9588, "segment_end_sample": 9589, "time_str": ""}}, {"type": "Feature", "geometry": {"type": "LineString", "coordinates": [[4.79510061125362, 52.3608065651123], [4.79512452148037, 52.3607570063278]]}, "properties": {"Speed": 0.0, "Speed_display": 14.4, "road_quality": 2, "marker": 0, "trip_id": "604F0_Trip19", "hrot_diff": 0, "sample_diff": 1, "time_diff_s": 0.02, "gps_distance_m": 5.7, "original_speed": "", "wheel_diameter_mm": 711, "braking_intensity": 0.0, "is_braking": false, "is_crash": false, "crash_intensity_g": 0.0, "segment_start_sample": 9631, "segment_end_sample": 9632, "time_str": ""}}, {"type": "Feature", "geometry": {"type": "LineString", "coordinates": [[4.79512452148037, 52.3607570063278], [4.7951597990661, 52.3607016381271]]}, "properties": {"Speed": 0.0, "Speed_display": 15.8, "road_quality": 2, "marker": 0, "trip_id": "604F0_Trip19", "hrot_diff": 0, "sample_diff": 1, "time_diff_s": 0.02, "gps_distance_m": 6.6, "original_speed": "", "wheel_diameter_mm": 711, "braking_intensity": 0.0, "is_braking": false, "is_crash": false, "crash_intensity_g": 0.0, "segment_start_sample": 9678, "segment_end_sample": 9679, "time_str": ""}}, {"type": "Feature", "geometry": {"type": "LineString", "coordinates": [[4.7951597990661, 52.3607016381271], [4.79515631216823, 52.3606321727105]]}, "properties": {"Speed": 0.0, "Speed_display": 18.0, "road_quality": 2, "marker": 0, "trip_id": "604F0_Trip19", "hrot_diff": 0, "sample_diff": 1, "time_diff_s": 0.02, "gps_distance_m": 7.7, "original_speed": "", "wheel_diameter_mm": 711, "braking_intensity": 0.0, "is_braking": false, "is_crash": false, "crash_intensity_g": 0.0, "segment_start_sample": 9732, "segment_end_sample": 9733, "time_str": ""}}, {"type": "Feature", "geometry": {"type": "LineString", "coordinates": [[4.79515631216823, 52.3606321727105], [4.79518605113973, 52.3605700811876]]}, "properties": {"Speed": 0.0, "Speed_display": 18.0, "road_quality": 2, "marker": 0, "trip_id": "604F0_Trip19", "hrot_diff": 0, "sample_diff": 1, "time_diff_s": 0.02, "gps_distance_m": 7.2, "original_speed": "", "wheel_diameter_mm": 711, "braking_intensity": 0.0, "is_braking": false, "is_crash": false, "crash_intensity_g": 0.0, "segment_start_sample": 9781, "segment_end_sample": 9782, "time_str": ""}}, {"type": "Feature", "geometry": {"type": "LineString", "coordinates": [[4.79518605113973, 52.3605700811876], [4.79521945467107, 52.360510311979]]}, "properties": {"Speed": 0.0, "Speed_display": 18.7, "road_quality": 2, "marker": 0, "trip_id": "604F0_Trip19", "hrot_diff": 0, "sample_diff": 1, "time_diff_s": 0.02, "gps_distance_m": 7.0, "original_speed": "", "wheel_diameter_mm": 711, "braking_intensity": 0.0, "is_braking": false, "is_crash": false, "crash_intensity_g": 0.0, "segment_start_sample": 9833, "segment_end_sample": 9834, "time_str": ""}}, {"type": "Feature", "geometry": {"type": "LineString", "coordinates": [[4.79521945467107, 52.360510311979], [4.79524261821089, 52.3604467262995]]}, "properties": {"Speed": 0.0, "Speed_display": 18.7, "road_quality": 2, "marker": 0, "trip_id": "604F0_Trip19", "hrot_diff": 0, "sample_diff": 1, "time_diff_s": 0.02, "gps_distance_m": 7.2, "original_speed": "", "wheel_diameter_mm": 711, "braking_intensity": 0.0, "is_braking": false, "is_crash": false, "crash_intensity_g": 0.0, "segment_start_sample": 9883, "segment_end_sample": 9884, "time_str": ""}}, {"type": "Feature", "geometry": {"type": "LineString", "coordinates": [[4.79524261821089, 52.3604467262995], [4.7952669672296, 52.3603779143617]]}, "properties": {"Speed": 0.0, "Speed_display": 18.7, "road_quality": 2, "marker": 0, "trip_id": "604F0_Trip19", "hrot_diff": 0, "sample_diff": 1, "time_diff_s": 0.02, "gps_distance_m": 7.8, "original_speed": "", "wheel_diameter_mm": 711, "braking_intensity": 0.0, "is_braking": false, "is_crash": false, "crash_intensity_g": 0.0, "segment_start_sample": 9934, "segment_end_sample": 9935, "time_str": ""}}, {"type": "Feature", "geometry": {"type": "LineString", "coordinates": [[4.7952669672296, 52.3603779143617], [4.79529995447383, 52.3603142733149]]}, "properties": {"Speed": 0.0, "Speed_display": 18.7, "road_quality": 2, "marker": 0, "trip_id": "604F0_Trip19", "hrot_diff": 0, "sample_diff": 1, "time_diff_s": 0.02, "gps_distance_m": 7.4, "original_speed": "", "wheel_diameter_mm": 711, "braking_intensity": 0.0, "is_braking": false, "is_crash": false, "crash_intensity_g": 0.0, "segment_start_sample": 9979, "segment_end_sample": 9980, "time_str": ""}}, {"type": "Feature", "geometry": {"type": "LineString", "coordinates": [[4.79529995447383, 52.3603142733149], [4.79533412471493, 52.360262151647]]}, "properties": {"Speed": 0.0, "Speed_display": 17.3, "road_quality": 2, "marker": 0, "trip_id": "604F0_Trip19", "hrot_diff": 0, "sample_diff": 1, "time_diff_s": 0.02, "gps_distance_m": 6.2, "original_speed": "", "wheel_diameter_mm": 711, "braking_intensity": 0.0, "is_braking": false, "is_crash": false, "crash_intensity_g": 0.0, "segment_start_sample": 10029, "segment_end_sample": 10030, "time_str": ""}}, {"type": "Feature", "geometry": {"type": "LineString", "coordinates": [[4.79533412471493, 52.360262151647], [4.7953607666502, 52.3601986696204]]}, "properties": {"Speed": 0.0, "Speed_display": 18.0, "road_quality": 2, "marker": 0, "trip_id": "604F0_Trip19", "hrot_diff": 0, "sample_diff": 1, "time_diff_s": 0.02, "gps_distance_m": 7.3, "original_speed": "", "wheel_diameter_mm": 711, "braking_intensity": 0.0, "is_braking": false, "is_crash": false, "crash_intensity_g": 0.0, "segment_start_sample": 10083, "segment_end_sample": 10084, "time_str": ""}}, {"type": "Feature", "geometry": {"type": "LineString", "coordinates": [[4.7953607666502, 52.3601986696204], [4.79539601053064, 52.3601396740825]]}, "properties": {"Speed": 0.0, "Speed_display": 18.0, "road_quality": 2, "marker": 0, "trip_id": "604F0_Trip19", "hrot_diff": 0, "sample_diff": 1, "time_diff_s": 0.02, "gps_distance_m": 7.0, "original_speed": "", "wheel_diameter_mm": 711, "braking_intensity": 0.0, "is_braking": false, "is_crash": false, "crash_intensity_g": 0.0, "segment_start_sample": 10129, "segment_end_sample": 10130, "time_str": ""}}, {"type": "Feature", "geometry": {"type": "LineString", "coordinates": [[4.79539601053064, 52.3601396740825], [4.79544838050986, 52.3600880620051]]}, "properties": {"Speed": 0.0, "Speed_display": 18.0, "road_quality": 2, "marker": 0, "trip_id": "604F0_Trip19", "hrot_diff": 0, "sample_diff": 1, "time_diff_s": 0.02, "gps_distance_m": 6.8, "original_speed": "", "wheel_diameter_mm": 711, "braking_intensity": 0.0, "is_braking": false, "is_crash": false, "crash_intensity_g": 0.0, "segment_start_sample": 10180, "segment_end_sample": 10181, "time_str": ""}}, {"type": "Feature", "geometry": {"type": "LineString", "coordinates": [[4.79544838050986, 52.3600880620051], [4.79553857412009, 52.360055088522]]}, "properties": {"Speed": 0.0, "Speed_display": 17.3, "road_quality": 2, "marker": 0, "trip_id": "604F0_Trip19", "hrot_diff": 0, "sample_diff": 1, "time_diff_s": 0.02, "gps_distance_m": 7.1, "original_speed": "", "wheel_diameter_mm": 711, "braking_intensity": 0.0, "is_braking": false, "is_crash": false, "crash_intensity_g": 0.0, "segment_start_sample": 10234, "segment_end_sample": 10235, "time_str": ""}}, {"type": "Feature", "geometry": {"type": "LineString", "coordinates": [[4.79553857412009, 52.360055088522], [4.79563506990146, 52.3600489265895]]}, "properties": {"Speed": 0.0, "Speed_display": 16.6, "road_quality": 2, "marker": 0, "trip_id": "604F0_Trip19", "hrot_diff": 0, "sample_diff": 1, "time_diff_s": 0.02, "gps_distance_m": 6.6, "original_speed": "", "wheel_diameter_mm": 711, "braking_intensity": 0.0, "is_braking": false, "is_crash": false, "crash_intensity_g": 0.0, "segment_start_sample": 10281, "segment_end_sample": 10282, "time_str": ""}}, {"type": "Feature", "geometry": {"type": "LineString", "coordinates": [[4.79563506990146, 52.3600489265895], [4.79572655536516, 52.3600577305765]]}, "properties": {"Speed": 0.0, "Speed_display": 15.8, "road_quality": 2, "marker": 0, "trip_id": "604F0_Trip19", "hrot_diff": 0, "sample_diff": 1, "time_diff_s": 0.02, "gps_distance_m": 6.3, "original_speed": "", "wheel_diameter_mm": 711, "braking_intensity": 0.0, "is_braking": false, "is_crash": false, "crash_intensity_g": 0.0, "segment_start_sample": 10333, "segment_end_sample": 10334, "time_str": ""}}, {"type": "Feature", "geometry": {"type": "LineString", "coordinates": [[4.79572655536516, 52.3600577305765], [4.79583325084132, 52.3600592661306]]}, "properties": {"Speed": 0.0, "Speed_display": 17.3, "road_quality": 2, "marker": 0, "trip_id": "604F0_Trip19", "hrot_diff": 0, "sample_diff": 1, "time_diff_s": 0.02, "gps_distance_m": 7.2, "original_speed": "", "wheel_diameter_mm": 711, "braking_intensity": 0.0, "is_braking": false, "is_crash": false, "crash_intensity_g": 0.0, "segment_start_sample": 10386, "segment_end_sample": 10387, "time_str": ""}}, {"type": "Feature", "geometry": {"type": "LineString", "coordinates": [[4.79583325084132, 52.3600592661306], [4.79593597686022, 52.3600564780418]]}, "properties": {"Speed": 0.0, "Speed_display": 18.0, "road_quality": 2, "marker": 0, "trip_id": "604F0_Trip19", "hrot_diff": 0, "sample_diff": 1, "time_diff_s": 0.02, "gps_distance_m": 7.0, "original_speed": "", "wheel_diameter_mm": 711, "braking_intensity": 0.0, "is_braking": false, "is_crash": false, "crash_intensity_g": 0.0, "segment_start_sample": 10430, "segment_end_sample": 10431, "time_str": ""}}, {"type": "Feature", "geometry": {"type": "LineString", "coordinates": [[4.79593597686022, 52.3600564780418], [4.79603928924203, 52.3600530503278]]}, "properties": {"Speed": 0.0, "Speed_display": 18.0, "road_quality": 2, "marker": 0, "trip_id": "604F0_Trip19", "hrot_diff": 0, "sample_diff": 1, "time_diff_s": 0.02, "gps_distance_m": 7.0, "original_speed": "", "wheel_diameter_mm": 711, "braking_intensity": 0.0, "is_braking": false, "is_crash": false, "crash_intensity_g": 0.0, "segment_start_sample": 10480, "segment_end_sample": 10481, "time_str": ""}}, {"type": "Feature", "geometry": {"type": "LineString", "coordinates": [[4.79603928924203, 52.3600530503278], [4.79613842314936, 52.360053100969]]}, "properties": {"Speed": 0.0, "Speed_display": 18.0, "road_quality": 2, "marker": 0, "trip_id": "604F0_Trip19", "hrot_diff": 0, "sample_diff": 1, "time_diff_s": 0.02, "gps_distance_m": 6.7, "original_speed": "", "wheel_diameter_mm": 711, "braking_intensity": 0.0, "is_braking": false, "is_crash": false, "crash_intensity_g": 0.0, "segment_start_sample": 10532, "segment_end_sample": 10533, "time_str": ""}}, {"type": "Feature", "geometry": {"type": "LineString", "coordinates": [[4.79613842314936, 52.360053100969], [4.79624635291014, 52.3600600653078]]}, "properties": {"Speed": 0.0, "Speed_display": 18.7, "road_quality": 2, "marker": 0, "trip_id": "604F0_Trip19", "hrot_diff": 0, "sample_diff": 1, "time_diff_s": 0.02, "gps_distance_m": 7.4, "original_speed": "", "wheel_diameter_mm": 711, "braking_intensity": 0.0, "is_braking": false, "is_crash": false, "crash_intensity_g": 0.0, "segment_start_sample": 10580, "segment_end_sample": 10581, "time_str": ""}}, {"type": "Feature", "geometry": {"type": "LineString", "coordinates": [[4.79624635291014, 52.3600600653078], [4.7963574878854, 52.3600544576441]]}, "properties": {"Speed": 0.0, "Speed_display": 18.7, "road_quality": 2, "marker": 0, "trip_id": "604F0_Trip19", "hrot_diff": 0, "sample_diff": 1, "time_diff_s": 0.02, "gps_distance_m": 7.6, "original_speed": "", "wheel_diameter_mm": 711, "braking_intensity": 0.0, "is_braking": false, "is_crash": false, "crash_intensity_g": 0.0, "segment_start_sample": 10632, "segment_end_sample": 10633, "time_str": ""}}, {"type": "Feature", "geometry": {"type": "LineString", "coordinates": [[4.7963574878854, 52.3600544576441], [4.79646374584976, 52.3600452938093]]}, "properties": {"Speed": 0.0, "Speed_display": 18.7, "road_quality": 2, "marker": 0, "trip_id": "604F0_Trip19", "hrot_diff": 0, "sample_diff": 1, "time_diff_s": 0.02, "gps_distance_m": 7.3, "original_speed": "", "wheel_diameter_mm": 711, "braking_intensity": 0.0, "is_braking": false, "is_crash": false, "crash_intensity_g": 0.0, "segment_start_sample": 10680, "segment_end_sample": 10681, "time_str": ""}}, {"type": "Feature", "geometry": {"type": "LineString", "coordinates": [[4.79646374584976, 52.3600452938093], [4.79657137672424, 52.3600400946533]]}, "properties": {"Speed": 0.0, "Speed_display": 18.7, "road_quality": 2, "marker": 0, "trip_id": "604F0_Trip19", "hrot_diff": 0, "sample_diff": 1, "time_diff_s": 0.02, "gps_distance_m": 7.3, "original_speed": "", "wheel_diameter_mm": 711, "braking_intensity": 0.0, "is_braking": false, "is_crash": false, "crash_intensity_g": 0.0, "segment_start_sample": 10732, "segment_end_sample": 10733, "time_str": ""}}, {"type": "Feature", "geometry": {"type": "LineString", "coordinates": [[4.79657137672424, 52.3600400946533], [4.79668703229535, 52.360038993303]]}, "properties": {"Speed": 0.0, "Speed_display": 19.4, "road_quality": 2, "marker": 0, "trip_id": "604F0_Trip19", "hrot_diff": 0, "sample_diff": 1, "time_diff_s": 0.02, "gps_distance_m": 7.9, "original_speed": "", "wheel_diameter_mm": 711, "braking_intensity": 0.0, "is_braking": false, "is_crash": false, "crash_intensity_g": 0.0, "segment_start_sample": 10779, "segment_end_sample": 10780, "time_str": ""}}, {"type": "Feature", "geometry": {"type": "LineString", "coordinates": [[4.79668703229535, 52.360038993303], [4.79679529744885, 52.3600348639868]]}, "properties": {"Speed": 0.0, "Speed_display": 18.7, "road_quality": 2, "marker": 0, "trip_id": "604F0_Trip19", "hrot_diff": 0, "sample_diff": 1, "time_diff_s": 0.02, "gps_distance_m": 7.4, "original_speed": "", "wheel_diameter_mm": 711, "braking_intensity": 0.0, "is_braking": false, "is_crash": false, "crash_intensity_g": 0.0, "segment_start_sample": 10831, "segment_end_sample": 10832, "time_str": ""}}, {"type": "Feature", "geometry": {"type": "LineString", "coordinates": [[4.79679529744885, 52.3600348639868], [4.79690367643392, 52.3600324386547]]}, "properties": {"Speed": 0.0, "Speed_display": 18.7, "road_quality": 2, "marker": 0, "trip_id": "604F0_Trip19", "hrot_diff": 0, "sample_diff": 1, "time_diff_s": 0.02, "gps_distance_m": 7.4, "original_speed": "", "wheel_diameter_mm": 711, "braking_intensity": 0.0, "is_braking": false, "is_crash": false, "crash_intensity_g": 0.0, "segment_start_sample": 10878, "segment_end_sample": 10879, "time_str": ""}}, {"type": "Feature", "geometry": {"type": "LineString", "coordinates": [[4.79690367643392, 52.3600324386547], [4.79700953535142, 52.3600276842319]]}, "properties": {"Speed": 0.0, "Speed_display": 18.7, "road_quality": 2, "marker": 0, "trip_id": "604F0_Trip19", "hrot_diff": 0, "sample_diff": 1, "time_diff_s": 0.02, "gps_distance_m": 7.2, "original_speed": "", "wheel_diameter_mm": 711, "braking_intensity": 0.0, "is_braking": false, "is_crash": false, "crash_intensity_g": 0.0, "segment_start_sample": 10930, "segment_end_sample": 10931, "time_str": ""}}, {"type": "Feature", "geometry": {"type": "LineString", "coordinates": [[4.79700953535142, 52.3600276842319], [4.79710646333498, 52.3600199771772]]}, "properties": {"Speed": 0.0, "Speed_display": 18.0, "road_quality": 2, "marker": 0, "trip_id": "604F0_Trip19", "hrot_diff": 0, "sample_diff": 1, "time_diff_s": 0.02, "gps_distance_m": 6.6, "original_speed": "", "wheel_diameter_mm": 711, "braking_intensity": 0.0, "is_braking": false, "is_crash": false, "crash_intensity_g": 0.0, "segment_start_sample": 10984, "segment_end_sample": 10985, "time_str": ""}}, {"type": "Feature", "geometry": {"type": "LineString", "coordinates": [[4.79710646333498, 52.3600199771772], [4.79718629140382, 52.3600115194611]]}, "properties": {"Speed": 0.0, "Speed_display": 15.1, "road_quality": 2, "marker": 0, "trip_id": "604F0_Trip19", "hrot_diff": 0, "sample_diff": 1, "time_diff_s": 0.02, "gps_distance_m": 5.5, "original_speed": "", "wheel_diameter_mm": 711, "braking_intensity": 0.0, "is_braking": false, "is_crash": false, "crash_intensity_g": 0.0, "segment_start_sample": 11028, "segment_end_sample": 11029, "time_str": ""}}, {"type": "Feature", "geometry": {"type": "LineString", "coordinates": [[4.79718629140382, 52.3600115194611], [4.79723836985481, 52.3599844437406]]}, "properties": {"Speed": 0.0, "Speed_display": 12.2, "road_quality": 2, "marker": 0, "trip_id": "604F0_Trip19", "hrot_diff": 0, "sample_diff": 1, "time_diff_s": 0.02, "gps_distance_m": 4.6, "original_speed": "", "wheel_diameter_mm": 711, "braking_intensity": 0.0, "is_braking": false, "is_crash": false, "crash_intensity_g": 0.0, "segment_start_sample": 11087, "segment_end_sample": 11088, "time_str": ""}}, {"type": "Feature", "geometry": {"type": "LineString", "coordinates": [[4.79723836985481, 52.3599844437406], [4.79724811340496, 52.359936044993]]}, "properties": {"Speed": 0.0, "Speed_display": 11.5, "road_quality": 2, "marker": 0, "trip_id": "604F0_Trip19", "hrot_diff": 0, "sample_diff": 1, "time_diff_s": 0.02, "gps_distance_m": 5.4, "original_speed": "", "wheel_diameter_mm": 711, "braking_intensity": 0.0, "is_braking": false, "is_crash": false, "crash_intensity_g": 0.0, "segment_start_sample": 11131, "segment_end_sample": 11132, "time_str": ""}}, {"type": "Feature", "geometry": {"type": "LineString", "coordinates": [[4.79724811340496, 52.359936044993], [4.79726028578846, 52.3598888947861]]}, "properties": {"Speed": 0.0, "Speed_display": 13.0, "road_quality": 2, "marker": 0, "trip_id": "604F0_Trip19", "hrot_diff": 0, "sample_diff": 1, "time_diff_s": 0.02, "gps_distance_m": 5.3, "original_speed": "", "wheel_diameter_mm": 711, "braking_intensity": 0.0, "is_braking": false, "is_crash": false, "crash_intensity_g": 0.0, "segment_start_sample": 11181, "segment_end_sample": 11182, "time_str": ""}}, {"type": "Feature", "geometry": {"type": "LineString", "coordinates": [[4.79726028578846, 52.3598888947861], [4.79728434823208, 52.3598320320475]]}, "properties": {"Speed": 0.0, "Speed_display": 15.1, "road_quality": 2, "marker": 0, "trip_id": "604F0_Trip19", "hrot_diff": 0, "sample_diff": 1, "time_diff_s": 0.02, "gps_distance_m": 6.5, "original_speed": "", "wheel_diameter_mm": 711, "braking_intensity": 0.0, "is_braking": false, "is_crash": false, "crash_intensity_g": 0.0, "segment_start_sample": 11233, "segment_end_sample": 11234, "time_str": ""}}, {"type": "Feature", "geometry": {"type": "LineString", "coordinates": [[4.79728434823208, 52.3598320320475], [4.79733021241943, 52.3597753571076]]}, "properties": {"Speed": 0.0, "Speed_display": 16.6, "road_quality": 2, "marker": 0, "trip_id": "604F0_Trip19", "hrot_diff": 0, "sample_diff": 1, "time_diff_s": 0.02, "gps_distance_m": 7.0, "original_speed": "", "wheel_diameter_mm": 711, "braking_intensity": 0.0, "is_braking": false, "is_crash": false, "crash_intensity_g": 0.0, "segment_start_sample": 11279, "segment_end_sample": 11280, "time_str": ""}}, {"type": "Feature", "geometry": {"type": "LineString", "coordinates": [[4.79733021241943, 52.3597753571076], [4.79735789375465, 52.3597123203284]]}, "properties": {"Speed": 0.0, "Speed_display": 18.0, "road_quality": 2, "marker": 0, "trip_id": "604F0_Trip19", "hrot_diff": 0, "sample_diff": 1, "time_diff_s": 0.02, "gps_distance_m": 7.3, "original_speed": "", "wheel_diameter_mm": 711, "braking_intensity": 0.0, "is_braking": false, "is_crash": false, "crash_intensity_g": 0.0, "segment_start_sample": 11331, "segment_end_sample": 11332, "time_str": ""}}, {"type": "Feature", "geometry": {"type": "LineString", "coordinates": [[4.79735789375465, 52.3597123203284], [4.79739425494929, 52.3596499722388]]}, "properties": {"Speed": 0.0, "Speed_display": 18.0, "road_quality": 2, "marker": 0, "trip_id": "604F0_Trip19", "hrot_diff": 0, "sample_diff": 1, "time_diff_s": 0.02, "gps_distance_m": 7.4, "original_speed": "", "wheel_diameter_mm": 711, "braking_intensity": 0.0, "is_braking": false, "is_crash": false, "crash_intensity_g": 0.0, "segment_start_sample": 11381, "segment_end_sample": 11382, "time_str": ""}}, {"type": "Feature", "geometry": {"type": "LineString", "coordinates": [[4.79739425494929, 52.3596499722388], [4.79742788932935, 52.3595897315106]]}, "properties": {"Speed": 0.0, "Speed_display": 18.0, "road_quality": 2, "marker": 0, "trip_id": "604F0_Trip19", "hrot_diff": 0, "sample_diff": 1, "time_diff_s": 0.02, "gps_distance_m": 7.1, "original_speed": "", "wheel_diameter_mm": 711, "braking_intensity": 0.0, "is_braking": false, "is_crash": false, "crash_intensity_g": 0.0, "segment_start_sample": 11435, "segment_end_sample": 11436, "time_str": ""}}, {"type": "Feature", "geometry": {"type": "LineString", "coordinates": [[4.79742788932935, 52.3595897315106], [4.79745842199611, 52.359524281251]]}, "properties": {"Speed": 0.0, "Speed_display": 18.7, "road_quality": 2, "marker": 0, "trip_id": "604F0_Trip19", "hrot_diff": 0, "sample_diff": 1, "time_diff_s": 0.02, "gps_distance_m": 7.6, "original_speed": "", "wheel_diameter_mm": 711, "braking_intensity": 0.0, "is_braking": false, "is_crash": false, "crash_intensity_g": 0.0, "segment_start_sample": 11478, "segment_end_sample": 11479, "time_str": ""}}, {"type": "Feature", "geometry": {"type": "LineString", "coordinates": [[4.79745842199611, 52.359524281251], [4.79748911627136, 52.3594602508802]]}, "properties": {"Speed": 0.0, "Speed_display": 18.7, "road_quality": 2, "marker": 0, "trip_id": "604F0_Trip19", "hrot_diff": 0, "sample_diff": 1, "time_diff_s": 0.02, "gps_distance_m": 7.4, "original_speed": "", "wheel_diameter_mm": 711, "braking_intensity": 0.0, "is_braking": false, "is_crash": false, "crash_intensity_g": 0.0, "segment_start_sample": 11535, "segment_end_sample": 11536, "time_str": ""}}, {"type": "Feature", "geometry": {"type": "LineString", "coordinates": [[4.79748911627136, 52.3594602508802], [4.79751093455706, 52.3593967451132]]}, "properties": {"Speed": 0.0, "Speed_display": 18.7, "road_quality": 2, "marker": 0, "trip_id": "604F0_Trip19", "hrot_diff": 0, "sample_diff": 1, "time_diff_s": 0.02, "gps_distance_m": 7.2, "original_speed": "", "wheel_diameter_mm": 711, "braking_intensity": 0.0, "is_braking": false, "is_crash": false, "crash_intensity_g": 0.0, "segment_start_sample": 11578, "segment_end_sample": 11579, "time_str": ""}}, {"type": "Feature", "geometry": {"type": "LineString", "coordinates": [[4.79751093455706, 52.3593967451132], [4.79754205119346, 52.3593332122889]]}, "properties": {"Speed": 0.0, "Speed_display": 18.7, "road_quality": 2, "marker": 0, "trip_id": "604F0_Trip19", "hrot_diff": 0, "sample_diff": 1, "time_diff_s": 0.02, "gps_distance_m": 7.4, "original_speed": "", "wheel_diameter_mm": 711, "braking_intensity": 0.0, "is_braking": false, "is_crash": false, "crash_intensity_g": 0.0, "segment_start_sample": 11635, "segment_end_sample": 11636, "time_str": ""}}, {"type": "Feature", "geometry": {"type": "LineString", "coordinates": [[4.79754205119346, 52.3593332122889], [4.79757972848316, 52.359273961704]]}, "properties": {"Speed": 0.0, "Speed_display": 18.0, "road_quality": 2, "marker": 0, "trip_id": "604F0_Trip19", "hrot_diff": 0, "sample_diff": 1, "time_diff_s": 0.02, "gps_distance_m": 7.1, "original_speed": "", "wheel_diameter_mm": 711, "braking_intensity": 0.0, "is_braking": false, "is_crash": false, "crash_intensity_g": 0.0, "segment_start_sample": 11678, "segment_end_sample": 11679, "time_str": ""}}, {"type": "Feature", "geometry": {"type": "LineString", "coordinates": [[4.79757972848316, 52.359273961704], [4.79760796802444, 52.3592081935195]]}, "properties": {"Speed": 0.0, "Speed_display": 18.7, "road_quality": 2, "marker": 0, "trip_id": "604F0_Trip19", "hrot_diff": 0, "sample_diff": 1, "time_diff_s": 0.02, "gps_distance_m": 7.6, "original_speed": "", "wheel_diameter_mm": 711, "braking_intensity": 0.0, "is_braking": false, "is_crash": false, "crash_intensity_g": 0.0, "segment_start_sample": 11735, "segment_end_sample": 11736, "time_str": ""}}, {"type": "Feature", "geometry": {"type": "LineString", "coordinates": [[4.79760796802444, 52.3592081935195], [4.79764772365122, 52.359144389902]]}, "properties": {"Speed": 0.0, "Speed_display": 19.4, "road_quality": 2, "marker": 0, "trip_id": "604F0_Trip19", "hrot_diff": 0, "sample_diff": 1, "time_diff_s": 0.02, "gps_distance_m": 7.6, "original_speed": "", "wheel_diameter_mm": 711, "braking_intensity": 0.0, "is_braking": false, "is_crash": false, "crash_intensity_g": 0.0, "segment_start_sample": 11778, "segment_end_sample": 11779, "time_str": ""}}, {"type": "Feature", "geometry": {"type": "LineString", "coordinates": [[4.79764772365122, 52.359144389902], [4.79768371445945, 52.3590755427386]]}, "properties": {"Speed": 0.0, "Speed_display": 20.2, "road_quality": 2, "marker": 0, "trip_id": "604F0_Trip19", "hrot_diff": 0, "sample_diff": 1, "time_diff_s": 0.02, "gps_distance_m": 8.0, "original_speed": "", "wheel_diameter_mm": 711, "braking_intensity": 0.0, "is_braking": false, "is_crash": false, "crash_intensity_g": 0.0, "segment_start_sample": 11835, "segment_end_sample": 11836, "time_str": ""}}, {"type": "Feature", "geometry": {"type": "LineString", "coordinates": [[4.79768371445945, 52.3590755427386], [4.79772350474393, 52.3590169031993]]}, "properties": {"Speed": 0.0, "Speed_display": 19.4, "road_quality": 2, "marker": 0, "trip_id": "604F0_Trip19", "hrot_diff": 0, "sample_diff": 1, "time_diff_s": 0.02, "gps_distance_m": 7.1, "original_speed": "", "wheel_diameter_mm": 711, "braking_intensity": 0.0, "is_braking": false, "is_crash": false, "crash_intensity_g": 0.0, "segment_start_sample": 11879, "segment_end_sample": 11880, "time_str": ""}}, {"type": "Feature", "geometry": {"type": "LineString", "coordinates": [[4.79772350474393, 52.3590169031993], [4.79775287425805, 52.3589524219075]]}, "properties": {"Speed": 0.0, "Speed_display": 19.4, "road_quality": 3, "marker": 0, "trip_id": "604F0_Trip19", "hrot_diff": 0, "sample_diff": 1, "time_diff_s": 0.02, "gps_distance_m": 7.4, "original_speed": "", "wheel_diameter_mm": 711, "braking_intensity": 0.0, "is_braking": false, "is_crash": false, "crash_intensity_g": 0.0, "segment_start_sample": 11950, "segment_end_sample": 11951, "time_str": ""}}, {"type": "Feature", "geometry": {"type": "LineString", "coordinates": [[4.79775287425805, 52.3589524219075], [4.7977788223079, 52.3588867229283]]}, "properties": {"Speed": 0.0, "Speed_display": 19.4, "road_quality": 3, "marker": 0, "trip_id": "604F0_Trip19", "hrot_diff": 0, "sample_diff": 1, "time_diff_s": 0.02, "gps_distance_m": 7.5, "original_speed": "", "wheel_diameter_mm": 711, "braking_intensity": 0.0, "is_braking": false, "is_crash": false, "crash_intensity_g": 0.0, "segment_start_sample": 11992, "segment_end_sample": 11993, "time_str": ""}}, {"type": "Feature", "geometry": {"type": "LineString", "coordinates": [[4.7977788223079, 52.3588867229283], [4.79781924675967, 52.3588289815897]]}, "properties": {"Speed": 0.0, "Speed_display": 18.7, "road_quality": 2, "marker": 0, "trip_id": "604F0_Trip19", "hrot_diff": 0, "sample_diff": 1, "time_diff_s": 0.02, "gps_distance_m": 7.0, "original_speed": "", "wheel_diameter_mm": 711, "braking_intensity": 0.0, "is_braking": false, "is_crash": false, "crash_intensity_g": 0.0, "segment_start_sample": 12035, "segment_end_sample": 12036, "time_str": ""}}, {"type": "Feature", "geometry": {"type": "LineString", "coordinates": [[4.79781924675967, 52.3588289815897], [4.79784723995158, 52.3587688027008]]}, "properties": {"Speed": 0.0, "Speed_display": 18.7, "road_quality": 2, "marker": 0, "trip_id": "604F0_Trip19", "hrot_diff": 0, "sample_diff": 1, "time_diff_s": 0.02, "gps_distance_m": 7.0, "original_speed": "", "wheel_diameter_mm": 711, "braking_intensity": 0.0, "is_braking": false, "is_crash": false, "crash_intensity_g": 0.0, "segment_start_sample": 12092, "segment_end_sample": 12093, "time_str": ""}}, {"type": "Feature", "geometry": {"type": "LineString", "coordinates": [[4.79784723995158, 52.3587688027008], [4.79788093316353, 52.3587064655483]]}, "properties": {"Speed": 0.0, "Speed_display": 18.7, "road_quality": 2, "marker": 0, "trip_id": "604F0_Trip19", "hrot_diff": 0, "sample_diff": 1, "time_diff_s": 0.02, "gps_distance_m": 7.3, "original_speed": "", "wheel_diameter_mm": 711, "braking_intensity": 0.0, "is_braking": false, "is_crash": false, "crash_intensity_g": 0.0, "segment_start_sample": 12149, "segment_end_sample": 12150, "time_str": ""}}, {"type": "Feature", "geometry": {"type": "LineString", "coordinates": [[4.79788093316353, 52.3587064655483], [4.79791817895205, 52.3586496749082]]}, "properties": {"Speed": 0.0, "Speed_display": 18.7, "road_quality": 2, "marker": 0, "trip_id": "604F0_Trip19", "hrot_diff": 0, "sample_diff": 1, "time_diff_s": 0.02, "gps_distance_m": 6.8, "original_speed": "", "wheel_diameter_mm": 711, "braking_intensity": 0.0, "is_braking": false, "is_crash": false, "crash_intensity_g": 0.0, "segment_start_sample": 12182, "segment_end_sample": 12183, "time_str": ""}}, {"type": "Feature", "geometry": {"type": "LineString", "coordinates": [[4.79791817895205, 52.3586496749082], [4.79795344475119, 52.358578570616]]}, "properties": {"Speed": 0.0, "Speed_display": 20.2, "road_quality": 2, "marker": 0, "trip_id": "604F0_Trip19", "hrot_diff": 0, "sample_diff": 1, "time_diff_s": 0.02, "gps_distance_m": 8.3, "original_speed": "", "wheel_diameter_mm": 711, "braking_intensity": 0.0, "is_braking": false, "is_crash": false, "crash_intensity_g": 0.0, "segment_start_sample": 12234, "segment_end_sample": 12235, "time_str": ""}}, {"type": "Feature", "geometry": {"type": "LineString", "coordinates": [[4.79795344475119, 52.358578570616], [4.79798132067406, 52.3585139083646]]}, "properties": {"Speed": 0.0, "Speed_display": 19.4, "road_quality": 2, "marker": 0, "trip_id": "604F0_Trip19", "hrot_diff": 0, "sample_diff": 1, "time_diff_s": 0.02, "gps_distance_m": 7.4, "original_speed": "", "wheel_diameter_mm": 711, "braking_intensity": 0.0, "is_braking": false, "is_crash": false, "crash_intensity_g": 0.0, "segment_start_sample": 12282, "segment_end_sample": 12283, "time_str": ""}}, {"type": "Feature", "geometry": {"type": "LineString", "coordinates": [[4.79798132067406, 52.3585139083646], [4.79801574300633, 52.3584547829118]]}, "properties": {"Speed": 0.0, "Speed_display": 18.7, "road_quality": 2, "marker": 0, "trip_id": "604F0_Trip19", "hrot_diff": 0, "sample_diff": 1, "time_diff_s": 0.02, "gps_distance_m": 7.0, "original_speed": "", "wheel_diameter_mm": 711, "braking_intensity": 0.0, "is_braking": false, "is_crash": false, "crash_intensity_g": 0.0, "segment_start_sample": 12335, "segment_end_sample": 12336, "time_str": ""}}, {"type": "Feature", "geometry": {"type": "LineString", "coordinates": [[4.79801574300633, 52.3584547829118], [4.79804482482934, 52.3583938633097]]}, "properties": {"Speed": 0.0, "Speed_display": 18.7, "road_quality": 2, "marker": 0, "trip_id": "604F0_Trip19", "hrot_diff": 0, "sample_diff": 1, "time_diff_s": 0.02, "gps_distance_m": 7.1, "original_speed": "", "wheel_diameter_mm": 711, "braking_intensity": 0.0, "is_braking": false, "is_crash": false, "crash_intensity_g": 0.0, "segment_start_sample": 12383, "segment_end_sample": 12384, "time_str": ""}}, {"type": "Feature", "geometry": {"type": "LineString", "coordinates": [[4.79804482482934, 52.3583938633097], [4.79808216334066, 52.3583355254699]]}, "properties": {"Speed": 0.0, "Speed_display": 18.7, "road_quality": 2, "marker": 0, "trip_id": "604F0_Trip19", "hrot_diff": 0, "sample_diff": 1, "time_diff_s": 0.02, "gps_distance_m": 7.0, "original_speed": "", "wheel_diameter_mm": 711, "braking_intensity": 0.0, "is_braking": false, "is_crash": false, "crash_intensity_g": 0.0, "segment_start_sample": 12436, "segment_end_sample": 12437, "time_str": ""}}, {"type": "Feature", "geometry": {"type": "LineString", "coordinates": [[4.79808216334066, 52.3583355254699], [4.79810423069021, 52.3582740667091]]}, "properties": {"Speed": 0.0, "Speed_display": 18.7, "road_quality": 2, "marker": 0, "trip_id": "604F0_Trip19", "hrot_diff": 0, "sample_diff": 1, "time_diff_s": 0.02, "gps_distance_m": 7.0, "original_speed": "", "wheel_diameter_mm": 711, "braking_intensity": 0.0, "is_braking": false, "is_crash": false, "crash_intensity_g": 0.0, "segment_start_sample": 12479, "segment_end_sample": 12480, "time_str": ""}}, {"type": "Feature", "geometry": {"type": "LineString", "coordinates": [[4.79810423069021, 52.3582740667091], [4.79813230052685, 52.35821923662]]}, "properties": {"Speed": 0.0, "Speed_display": 18.0, "road_quality": 2, "marker": 0, "trip_id": "604F0_Trip19", "hrot_diff": 0, "sample_diff": 1, "time_diff_s": 0.02, "gps_distance_m": 6.4, "original_speed": "", "wheel_diameter_mm": 711, "braking_intensity": 0.0, "is_braking": false, "is_crash": false, "crash_intensity_g": 0.0, "segment_start_sample": 12531, "segment_end_sample": 12532, "time_str": ""}}, {"type": "Feature", "geometry": {"type": "LineString", "coordinates": [[4.79813230052685, 52.35821923662], [4.79816094735529, 52.3581631668707]]}, "properties": {"Speed": 0.0, "Speed_display": 17.3, "road_quality": 2, "marker": 0, "trip_id": "604F0_Trip19", "hrot_diff": 0, "sample_diff": 1, "time_diff_s": 0.02, "gps_distance_m": 6.5, "original_speed": "", "wheel_diameter_mm": 711, "braking_intensity": 0.0, "is_braking": false, "is_crash": false, "crash_intensity_g": 0.0, "segment_start_sample": 12580, "segment_end_sample": 12581, "time_str": ""}}, {"type": "Feature", "geometry": {"type": "LineString", "coordinates": [[4.79816094735529, 52.3581631668707], [4.79817839536539, 52.3581081359915]]}, "properties": {"Speed": 0.0, "Speed_display": 16.6, "road_quality": 2, "marker": 0, "trip_id": "604F0_Trip19", "hrot_diff": 0, "sample_diff": 1, "time_diff_s": 0.02, "gps_distance_m": 6.2, "original_speed": "", "wheel_diameter_mm": 711, "braking_intensity": 0.0, "is_braking": false, "is_crash": false, "crash_intensity_g": 0.0, "segment_start_sample": 12631, "segment_end_sample": 12632, "time_str": ""}}, {"type": "Feature", "geometry": {"type": "LineString", "coordinates": [[4.79817839536539, 52.3581081359915], [4.79821200172847, 52.3580596505003]]}, "properties": {"Speed": 0.0, "Speed_display": 15.1, "road_quality": 2, "marker": 0, "trip_id": "604F0_Trip19", "hrot_diff": 0, "sample_diff": 1, "time_diff_s": 0.02, "gps_distance_m": 5.9, "original_speed": "", "wheel_diameter_mm": 711, "braking_intensity": 0.0, "is_braking": false, "is_crash": false, "crash_intensity_g": 0.0, "segment_start_sample": 12684, "segment_end_sample": 12685, "time_str": ""}}, {"type": "Feature", "geometry": {"type": "LineString", "coordinates": [[4.79821200172847, 52.3580596505003], [4.79823087668906, 52.3580063293927]]}, "properties": {"Speed": 0.0, "Speed_display": 15.1, "road_quality": 2, "marker": 0, "trip_id": "604F0_Trip19", "hrot_diff": 0, "sample_diff": 1, "time_diff_s": 0.02, "gps_distance_m": 6.1, "original_speed": "", "wheel_diameter_mm": 711, "braking_intensity": 0.0, "is_braking": false, "is_crash": false, "crash_intensity_g": 0.0, "segment_start_sample": 12730, "segment_end_sample": 12731, "time_str": ""}}, {"type": "Feature", "geometry": {"type": "LineString", "coordinates": [[4.79823087668906, 52.3580063293927], [4.79824495075741, 52.3579592682184]]}, "properties": {"Speed": 0.0, "Speed_display": 13.7, "road_quality": 2, "marker": 0, "trip_id": "604F0_Trip19", "hrot_diff": 0, "sample_diff": 1, "time_diff_s": 0.02, "gps_distance_m": 5.3, "original_speed": "", "wheel_diameter_mm": 711, "braking_intensity": 0.0, "is_braking": false, "is_crash": false, "crash_intensity_g": 0.0, "segment_start_sample": 12777, "segment_end_sample": 12778, "time_str": ""}}, {"type": "Feature", "geometry": {"type": "LineString", "coordinates": [[4.79824495075741, 52.3579592682184], [4.79825607596807, 52.3579190694427]]}, "properties": {"Speed": 0.0, "Speed_display": 12.2, "road_quality": 3, "marker": 0, "trip_id": "604F0_Trip19", "hrot_diff": 0, "sample_diff": 1, "time_diff_s": 0.02, "gps_distance_m": 4.5, "original_speed": "", "wheel_diameter_mm": 711, "braking_intensity": 0.0, "is_braking": false, "is_crash": false, "crash_intensity_g": 0.0, "segment_start_sample": 12833, "segment_end_sample": 12834, "time_str": ""}}, {"type": "Feature", "geometry": {"type": "LineString", "coordinates": [[4.79825607596807, 52.3579190694427], [4.79826877146618, 52.3578868463095]]}, "properties": {"Speed": 0.0, "Speed_display": 10.8, "road_quality": 3, "marker": 0, "trip_id": "604F0_Trip19", "hrot_diff": 0, "sample_diff": 1, "time_diff_s": 0.02, "gps_distance_m": 3.7, "original_speed": "", "wheel_diameter_mm": 711, "braking_intensity": 0.0, "is_braking": false, "is_crash": false, "crash_intensity_g": 0.0, "segment_start_sample": 12880, "segment_end_sample": 12881, "time_str": ""}}, {"type": "Feature", "geometry": {"type": "LineString", "coordinates": [[4.79826877146618, 52.3578868463095], [4.79828200979594, 52.357858939019]]}, "properties": {"Speed": 0.0, "Speed_display": 10.1, "road_quality": 2, "marker": 0, "trip_id": "604F0_Trip19", "hrot_diff": 0, "sample_diff": 1, "time_diff_s": 0.02, "gps_distance_m": 3.2, "original_speed": "", "wheel_diameter_mm": 711, "braking_intensity": 0.0, "is_braking": false, "is_crash": false, "crash_intensity_g": 0.0, "segment_start_sample": 12937, "segment_end_sample": 12938, "time_str": ""}}, {"type": "Feature", "geometry": {"type": "LineString", "coordinates": [[4.79828200979594, 52.357858939019], [4.79829850153427, 52.3578389119441]]}, "properties": {"Speed": 0.0, "Speed_display": 7.9, "road_quality": 2, "marker": 0, "trip_id": "604F0_Trip19", "hrot_diff": 0, "sample_diff": 1, "time_diff_s": 0.02, "gps_distance_m": 2.5, "original_speed": "", "wheel_diameter_mm": 711, "braking_intensity": 0.0, "is_braking": false, "is_crash": false, "crash_intensity_g": 0.0, "segment_start_sample": 12990, "segment_end_sample": 12991, "time_str": ""}}, {"type": "Feature", "geometry": {"type": "LineString", "coordinates": [[4.79829850153427, 52.3578389119441], [4.79831468495513, 52.3578174687033]]}, "properties": {"Speed": 0.0, "Speed_display": 7.2, "road_quality": 2, "marker": 0, "trip_id": "604F0_Trip19", "hrot_diff": 0, "sample_diff": 1, "time_diff_s": 0.02, "gps_distance_m": 2.6, "original_speed": "", "wheel_diameter_mm": 711, "braking_intensity": 0.0, "is_braking": false, "is_crash": false, "crash_intensity_g": 0.0, "segment_start_sample": 13044, "segment_end_sample": 13045, "time_str": ""}}, {"type": "Feature", "geometry": {"type": "LineString", "coordinates": [[4.79831468495513, 52.3578174687033], [4.79833126046163, 52.3577942663682]]}, "properties": {"Speed": 0.0, "Speed_display": 7.9, "road_quality": 2, "marker": 0, "trip_id": "604F0_Trip19", "hrot_diff": 0, "sample_diff": 1, "time_diff_s": 0.02, "gps_distance_m": 2.8, "original_speed": "", "wheel_diameter_mm": 711, "braking_intensity": 0.0, "is_braking": false, "is_crash": false, "crash_intensity_g": 0.0, "segment_start_sample": 13080, "segment_end_sample": 13081, "time_str": ""}}, {"type": "Feature", "geometry": {"type": "LineString", "coordinates": [[4.79833126046163, 52.3577942663682], [4.79835896443791, 52.3577704695233]]}, "properties": {"Speed": 0.0, "Speed_display": 8.6, "road_quality": 2, "marker": 0, "trip_id": "604F0_Trip19", "hrot_diff": 0, "sample_diff": 1, "time_diff_s": 0.02, "gps_distance_m": 3.2, "original_speed": "", "wheel_diameter_mm": 711, "braking_intensity": 0.0, "is_braking": false, "is_crash": false, "crash_intensity_g": 0.0, "segment_start_sample": 13128, "segment_end_sample": 13129, "time_str": ""}}, {"type": "Feature", "geometry": {"type": "LineString", "coordinates": [[4.79835896443791, 52.3577704695233], [4.79840839398517, 52.3577439352709]]}, "properties": {"Speed": 0.0, "Speed_display": 10.1, "road_quality": 3, "marker": 0, "trip_id": "604F0_Trip19", "hrot_diff": 0, "sample_diff": 1, "time_diff_s": 0.02, "gps_distance_m": 4.5, "original_speed": "", "wheel_diameter_mm": 711, "braking_intensity": 0.0, "is_braking": false, "is_crash": false, "crash_intensity_g": 0.0, "segment_start_sample": 13178, "segment_end_sample": 13179, "time_str": ""}}, {"type": "Feature", "geometry": {"type": "LineString", "coordinates": [[4.79840839398517, 52.3577439352709], [4.79849451294925, 52.3577457774073]]}, "properties": {"Speed": 0.0, "Speed_display": 11.5, "road_quality": 3, "marker": 0, "trip_id": "604F0_Trip19", "hrot_diff": 0, "sample_diff": 1, "time_diff_s": 0.02, "gps_distance_m": 5.9, "original_speed": "", "wheel_diameter_mm": 711, "braking_intensity": 0.0, "is_braking": false, "is_crash": false, "crash_intensity_g": 0.0, "segment_start_sample": 13231, "segment_end_sample": 13232, "time_str": ""}}, {"type": "Feature", "geometry": {"type": "LineString", "coordinates": [[4.79849451294925, 52.3577457774073], [4.79857735304896, 52.3577756675139]]}, "properties": {"Speed": 0.0, "Speed_display": 13.7, "road_quality": 2, "marker": 0, "trip_id": "604F0_Trip19", "hrot_diff": 0, "sample_diff": 1, "time_diff_s": 0.02, "gps_distance_m": 6.5, "original_speed": "", "wheel_diameter_mm": 711, "braking_intensity": 0.0, "is_braking": false, "is_crash": false, "crash_intensity_g": 0.0, "segment_start_sample": 13279, "segment_end_sample": 13280, "time_str": ""}}, {"type": "Feature", "geometry": {"type": "LineString", "coordinates": [[4.79857735304896, 52.3577756675139], [4.79866054850339, 52.3577968368964]]}, "properties": {"Speed": 0.0, "Speed_display": 14.4, "road_quality": 2, "marker": 0, "trip_id": "604F0_Trip19", "hrot_diff": 0, "sample_diff": 1, "time_diff_s": 0.02, "gps_distance_m": 6.1, "original_speed": "", "wheel_diameter_mm": 711, "braking_intensity": 0.0, "is_braking": false, "is_crash": false, "crash_intensity_g": 0.0, "segment_start_sample": 13332, "segment_end_sample": 13333, "time_str": ""}}, {"type": "Feature", "geometry": {"type": "LineString", "coordinates": [[4.79866054850339, 52.3577968368964], [4.79875934995267, 52.3578160676654]]}, "properties": {"Speed": 0.0, "Speed_display": 16.6, "road_quality": 2, "marker": 0, "trip_id": "604F0_Trip19", "hrot_diff": 0, "sample_diff": 1, "time_diff_s": 0.02, "gps_distance_m": 7.0, "original_speed": "", "wheel_diameter_mm": 711, "braking_intensity": 0.0, "is_braking": false, "is_crash": false, "crash_intensity_g": 0.0, "segment_start_sample": 13379, "segment_end_sample": 13380, "time_str": ""}}, {"type": "Feature", "geometry": {"type": "LineString", "coordinates": [[4.79875934995267, 52.3578160676654], [4.79886042694966, 52.3578345962931]]}, "properties": {"Speed": 0.0, "Speed_display": 17.3, "road_quality": 2, "marker": 0, "trip_id": "604F0_Trip19", "hrot_diff": 0, "sample_diff": 1, "time_diff_s": 0.02, "gps_distance_m": 7.2, "original_speed": "", "wheel_diameter_mm": 711, "braking_intensity": 0.0, "is_braking": false, "is_crash": false, "crash_intensity_g": 0.0, "segment_start_sample": 13434, "segment_end_sample": 13435, "time_str": ""}}, {"type": "Feature", "geometry": {"type": "LineString", "coordinates": [[4.79886042694966, 52.3578345962931], [4.79896175149359, 52.3578535085395]]}, "properties": {"Speed": 0.0, "Speed_display": 18.0, "road_quality": 3, "marker": 0, "trip_id": "604F0_Trip19", "hrot_diff": 0, "sample_diff": 1, "time_diff_s": 0.02, "gps_distance_m": 7.2, "original_speed": "", "wheel_diameter_mm": 711, "braking_intensity": 0.0, "is_braking": false, "is_crash": false, "crash_intensity_g": 0.0, "segment_start_sample": 13478, "segment_end_sample": 13479, "time_str": ""}}, {"type": "Feature", "geometry": {"type": "LineString", "coordinates": [[4.79896175149359, 52.3578535085395], [4.79906282787825, 52.3578743236517]]}, "properties": {"Speed": 0.0, "Speed_display": 18.0, "road_quality": 3, "marker": 0, "trip_id": "604F0_Trip19", "hrot_diff": 0, "sample_diff": 1, "time_diff_s": 0.02, "gps_distance_m": 7.2, "original_speed": "", "wheel_diameter_mm": 711, "braking_intensity": 0.0, "is_braking": false, "is_crash": false, "crash_intensity_g": 0.0, "segment_start_sample": 13529, "segment_end_sample": 13530, "time_str": ""}}, {"type": "Feature", "geometry": {"type": "LineString", "coordinates": [[4.79906282787825, 52.3578743236517], [4.79916734386183, 52.3578944658644]]}, "properties": {"Speed": 0.0, "Speed_display": 18.7, "road_quality": 2, "marker": 0, "trip_id": "604F0_Trip19", "hrot_diff": 0, "sample_diff": 1, "time_diff_s": 0.02, "gps_distance_m": 7.4, "original_speed": "", "wheel_diameter_mm": 711, "braking_intensity": 0.0, "is_braking": false, "is_crash": false, "crash_intensity_g": 0.0, "segment_start_sample": 13581, "segment_end_sample": 13582, "time_str": ""}}, {"type": "Feature", "geometry": {"type": "LineString", "coordinates": [[4.79916734386183, 52.3578944658644], [4.79926562605914, 52.3579109393192]]}, "properties": {"Speed": 0.0, "Speed_display": 18.0, "road_quality": 2, "marker": 0, "trip_id": "604F0_Trip19", "hrot_diff": 0, "sample_diff": 1, "time_diff_s": 0.02, "gps_distance_m": 6.9, "original_speed": "", "wheel_diameter_mm": 711, "braking_intensity": 0.0, "is_braking": false, "is_crash": false, "crash_intensity_g": 0.0, "segment_start_sample": 13640, "segment_end_sample": 13641, "time_str": ""}}, {"type": "Feature", "geometry": {"type": "LineString", "coordinates": [[4.79926562605914, 52.3579109393192], [4.79936573211884, 52.3579314441053]]}, "properties": {"Speed": 0.0, "Speed_display": 18.0, "road_quality": 2, "marker": 0, "trip_id": "604F0_Trip19", "hrot_diff": 0, "sample_diff": 1, "time_diff_s": 0.02, "gps_distance_m": 7.2, "original_speed": "", "wheel_diameter_mm": 711, "braking_intensity": 0.0, "is_braking": false, "is_crash": false, "crash_intensity_g": 0.0, "segment_start_sample": 13685, "segment_end_sample": 13686, "time_str": ""}}, {"type": "Feature", "geometry": {"type": "LineString", "coordinates": [[4.79936573211884, 52.3579314441053], [4.79946555025286, 52.3579464616841]]}, "properties": {"Speed": 0.0, "Speed_display": 18.0, "road_quality": 2, "marker": 0, "trip_id": "604F0_Trip19", "hrot_diff": 0, "sample_diff": 1, "time_diff_s": 0.02, "gps_distance_m": 7.0, "original_speed": "", "wheel_diameter_mm": 711, "braking_intensity": 0.0, "is_braking": false, "is_crash": false, "crash_intensity_g": 0.0, "segment_start_sample": 13735, "segment_end_sample": 13736, "time_str": ""}}, {"type": "Feature", "geometry": {"type": "LineString", "coordinates": [[4.79946555025286, 52.3579464616841], [4.79955673027237, 52.3579634339991]]}, "properties": {"Speed": 0.0, "Speed_display": 17.3, "road_quality": 2, "marker": 0, "trip_id": "604F0_Trip19", "hrot_diff": 0, "sample_diff": 1, "time_diff_s": 0.02, "gps_distance_m": 6.5, "original_speed": "", "wheel_diameter_mm": 711, "braking_intensity": 0.0, "is_braking": false, "is_crash": false, "crash_intensity_g": 0.0, "segment_start_sample": 13783, "segment_end_sample": 13784, "time_str": ""}}, {"type": "Feature", "geometry": {"type": "LineString", "coordinates": [[4.79955673027237, 52.3579634339991], [4.7996477011867, 52.3579814098462]]}, "properties": {"Speed": 0.0, "Speed_display": 16.6, "road_quality": 2, "marker": 0, "trip_id": "604F0_Trip19", "hrot_diff": 0, "sample_diff": 1, "time_diff_s": 0.02, "gps_distance_m": 6.5, "original_speed": "", "wheel_diameter_mm": 711, "braking_intensity": 0.0, "is_braking": false, "is_crash": false, "crash_intensity_g": 0.0, "segment_start_sample": 13837, "segment_end_sample": 13838, "time_str": ""}}, {"type": "Feature", "geometry": {"type": "LineString", "coordinates": [[4.7996477011867, 52.3579814098462], [4.79974303701147, 52.3579974871775]]}, "properties": {"Speed": 0.0, "Speed_display": 17.3, "road_quality": 2, "marker": 0, "trip_id": "604F0_Trip19", "hrot_diff": 0, "sample_diff": 1, "time_diff_s": 0.02, "gps_distance_m": 6.7, "original_speed": "", "wheel_diameter_mm": 711, "braking_intensity": 0.0, "is_braking": false, "is_crash": false, "crash_intensity_g": 0.0, "segment_start_sample": 13884, "segment_end_sample": 13885, "time_str": ""}}, {"type": "Feature", "geometry": {"type": "LineString", "coordinates": [[4.79974303701147, 52.3579974871775], [4.79982943340497, 52.3580141042171]]}, "properties": {"Speed": 0.0, "Speed_display": 16.6, "road_quality": 2, "marker": 0, "trip_id": "604F0_Trip19", "hrot_diff": 0, "sample_diff": 1, "time_diff_s": 0.02, "gps_distance_m": 6.2, "original_speed": "", "wheel_diameter_mm": 711, "braking_intensity": 0.0, "is_braking": false, "is_crash": false, "crash_intensity_g": 0.0, "segment_start_sample": 13934, "segment_end_sample": 13935, "time_str": ""}}, {"type": "Feature", "geometry": {"type": "LineString", "coordinates": [[4.79982943340497, 52.3580141042171], [4.79991818457256, 52.3580313959415]]}, "properties": {"Speed": 0.0, "Speed_display": 16.6, "road_quality": 2, "marker": 0, "trip_id": "604F0_Trip19", "hrot_diff": 0, "sample_diff": 1, "time_diff_s": 0.02, "gps_distance_m": 6.3, "original_speed": "", "wheel_diameter_mm": 711, "braking_intensity": 0.0, "is_braking": false, "is_crash": false, "crash_intensity_g": 0.0, "segment_start_sample": 13984, "segment_end_sample": 13985, "time_str": ""}}, {"type": "Feature", "geometry": {"type": "LineString", "coordinates": [[4.79991818457256, 52.3580313959415], [4.80000360480217, 52.3580471581786]]}, "properties": {"Speed": 0.0, "Speed_display": 15.8, "road_quality": 2, "marker": 0, "trip_id": "604F0_Trip19", "hrot_diff": 0, "sample_diff": 1, "time_diff_s": 0.02, "gps_distance_m": 6.1, "original_speed": "", "wheel_diameter_mm": 711, "braking_intensity": 0.0, "is_braking": false, "is_crash": false, "crash_intensity_g": 0.0, "segment_start_sample": 14041, "segment_end_sample": 14042, "time_str": ""}}, {"type": "Feature", "geometry": {"type": "LineString", "coordinates": [[4.80000360480217, 52.3580471581786], [4.80009128086592, 52.3580577166147]]}, "properties": {"Speed": 0.0, "Speed_display": 15.8, "road_quality": 2, "marker": 0, "trip_id": "604F0_Trip19", "hrot_diff": 0, "sample_diff": 1, "time_diff_s": 0.02, "gps_distance_m": 6.1, "original_speed": "", "wheel_diameter_mm": 711, "braking_intensity": 0.0, "is_braking": false, "is_crash": false, "crash_intensity_g": 0.0, "segment_start_sample": 14083, "segment_end_sample": 14084, "time_str": ""}}, {"type": "Feature", "geometry": {"type": "LineString", "coordinates": [[4.80009128086592, 52.3580577166147], [4.80017764113016, 52.3580768178417]]}, "properties": {"Speed": 0.0, "Speed_display": 15.8, "road_quality": 2, "marker": 0, "trip_id": "604F0_Trip19", "hrot_diff": 0, "sample_diff": 1, "time_diff_s": 0.02, "gps_distance_m": 6.2, "original_speed": "", "wheel_diameter_mm": 711, "braking_intensity": 0.0, "is_braking": false, "is_crash": false, "crash_intensity_g": 0.0, "segment_start_sample": 14135, "segment_end_sample": 14136, "time_str": ""}}, {"type": "Feature", "geometry": {"type": "LineString", "coordinates": [[4.80017764113016, 52.3580768178417], [4.80026086574179, 52.3580835642445]]}, "properties": {"Speed": 0.0, "Speed_display": 15.1, "road_quality": 2, "marker": 0, "trip_id": "604F0_Trip19", "hrot_diff": 0, "sample_diff": 1, "time_diff_s": 0.02, "gps_distance_m": 5.7, "original_speed": "", "wheel_diameter_mm": 711, "braking_intensity": 0.0, "is_braking": false, "is_crash": false, "crash_intensity_g": 0.0, "segment_start_sample": 14183, "segment_end_sample": 14184, "time_str": ""}}, {"type": "Feature", "geometry": {"type": "LineString", "coordinates": [[4.80026086574179, 52.3580835642445], [4.80035553769131, 52.358105823357]]}, "properties": {"Speed": 0.0, "Speed_display": 16.6, "road_quality": 2, "marker": 0, "trip_id": "604F0_Trip19", "hrot_diff": 0, "sample_diff": 1, "time_diff_s": 0.02, "gps_distance_m": 6.9, "original_speed": "", "wheel_diameter_mm": 711, "braking_intensity": 0.0, "is_braking": false, "is_crash": false, "crash_intensity_g": 0.0, "segment_start_sample": 14237, "segment_end_sample": 14238, "time_str": ""}}, {"type": "Feature", "geometry": {"type": "LineString", "coordinates": [[4.80035553769131, 52.358105823357], [4.80044598206815, 52.3581244789834]]}, "properties": {"Speed": 0.0, "Speed_display": 16.6, "road_quality": 2, "marker": 0, "trip_id": "604F0_Trip19", "hrot_diff": 0, "sample_diff": 1, "time_diff_s": 0.02, "gps_distance_m": 6.5, "original_speed": "", "wheel_diameter_mm": 711, "braking_intensity": 0.0, "is_braking": false, "is_crash": false, "crash_intensity_g": 0.0, "segment_start_sample": 14284, "segment_end_sample": 14285, "time_str": ""}}, {"type": "Feature", "geometry": {"type": "LineString", "coordinates": [[4.80044598206815, 52.3581244789834], [4.80053971012813, 52.3581425859753]]}, "properties": {"Speed": 0.0, "Speed_display": 16.6, "road_quality": 2, "marker": 0, "trip_id": "604F0_Trip19", "hrot_diff": 0, "sample_diff": 1, "time_diff_s": 0.02, "gps_distance_m": 6.7, "original_speed": "", "wheel_diameter_mm": 711, "braking_intensity": 0.0, "is_braking": false, "is_crash": false, "crash_intensity_g": 0.0, "segment_start_sample": 14340, "segment_end_sample": 14341, "time_str": ""}}, {"type": "Feature", "geometry": {"type": "LineString", "coordinates": [[4.80053971012813, 52.3581425859753], [4.80062967797336, 52.3581584248841]]}, "properties": {"Speed": 0.0, "Speed_display": 16.6, "road_quality": 2, "marker": 0, "trip_id": "604F0_Trip19", "hrot_diff": 0, "sample_diff": 1, "time_diff_s": 0.02, "gps_distance_m": 6.4, "original_speed": "", "wheel_diameter_mm": 711, "braking_intensity": 0.0, "is_braking": false, "is_crash": false, "crash_intensity_g": 0.0, "segment_start_sample": 14382, "segment_end_sample": 14383, "time_str": ""}}, {"type": "Feature", "geometry": {"type": "LineString", "coordinates": [[4.80062967797336, 52.3581584248841], [4.80071809739917, 52.3581734470338]]}, "properties": {"Speed": 0.0, "Speed_display": 15.8, "road_quality": 2, "marker": 0, "trip_id": "604F0_Trip19", "hrot_diff": 0, "sample_diff": 1, "time_diff_s": 0.02, "gps_distance_m": 6.2, "original_speed": "", "wheel_diameter_mm": 711, "braking_intensity": 0.0, "is_braking": false, "is_crash": false, "crash_intensity_g": 0.0, "segment_start_sample": 14432, "segment_end_sample": 14433, "time_str": ""}}, {"type": "Feature", "geometry": {"type": "LineString", "coordinates": [[4.80071809739917, 52.3581734470338], [4.80081050284647, 52.3581876949907]]}, "properties": {"Speed": 0.0, "Speed_display": 16.6, "road_quality": 2, "marker": 0, "trip_id": "604F0_Trip19", "hrot_diff": 0, "sample_diff": 1, "time_diff_s": 0.02, "gps_distance_m": 6.5, "original_speed": "", "wheel_diameter_mm": 711, "braking_intensity": 0.0, "is_braking": false, "is_crash": false, "crash_intensity_g": 0.0, "segment_start_sample": 14482, "segment_end_sample": 14483, "time_str": ""}}, {"type": "Feature", "geometry": {"type": "LineString", "coordinates": [[4.80081050284647, 52.3581876949907], [4.8008925742211, 52.3582064819151]]}, "properties": {"Speed": 0.0, "Speed_display": 15.8, "road_quality": 2, "marker": 0, "trip_id": "604F0_Trip19", "hrot_diff": 0, "sample_diff": 1, "time_diff_s": 0.02, "gps_distance_m": 6.0, "original_speed": "", "wheel_diameter_mm": 711, "braking_intensity": 0.0, "is_braking": false, "is_crash": false, "crash_intensity_g": 0.0, "segment_start_sample": 14535, "segment_end_sample": 14536, "time_str": ""}}, {"type": "Feature", "geometry": {"type": "LineString", "coordinates": [[4.8008925742211, 52.3582064819151], [4.80097536689581, 52.3582212798813]]}, "properties": {"Speed": 0.0, "Speed_display": 15.1, "road_quality": 2, "marker": 0, "trip_id": "604F0_Trip19", "hrot_diff": 0, "sample_diff": 1, "time_diff_s": 0.02, "gps_distance_m": 5.9, "original_speed": "", "wheel_diameter_mm": 711, "braking_intensity": 0.0, "is_braking": false, "is_crash": false, "crash_intensity_g": 0.0, "segment_start_sample": 14580, "segment_end_sample": 14581, "time_str": ""}}, {"type": "Feature", "geometry": {"type": "LineString", "coordinates": [[4.80097536689581, 52.3582212798813], [4.8010593603759, 52.3582357082659]]}, "properties": {"Speed": 0.0, "Speed_display": 15.1, "road_quality": 2, "marker": 0, "trip_id": "604F0_Trip19", "hrot_diff": 0, "sample_diff": 1, "time_diff_s": 0.02, "gps_distance_m": 5.9, "original_speed": "", "wheel_diameter_mm": 711, "braking_intensity": 0.0, "is_braking": false, "is_crash": false, "crash_intensity_g": 0.0, "segment_start_sample": 14632, "segment_end_sample": 14633, "time_str": ""}}, {"type": "Feature", "geometry": {"type": "LineString", "coordinates": [[4.8010593603759, 52.3582357082659], [4.80109565279505, 52.3583369478961]]}, "properties": {"Speed": 0.0, "Speed_display": 15.1, "road_quality": 2, "marker": 0, "trip_id": "604F0_Trip19", "hrot_diff": 0, "sample_diff": 1, "time_diff_s": 0.02, "gps_distance_m": 11.5, "original_speed": "", "wheel_diameter_mm": 711, "braking_intensity": 0.0, "is_braking": false, "is_crash": false, "crash_intensity_g": 0.0, "segment_start_sample": 14682, "segment_end_sample": 14683, "time_str": ""}}, {"type": "Feature", "geometry": {"type": "LineString", "coordinates": [[4.80109565279505, 52.3583369478961], [4.80117234108557, 52.358351175895]]}, "properties": {"Speed": 0.0, "Speed_display": 14.4, "road_quality": 2, "marker": 0, "trip_id": "604F0_Trip19", "hrot_diff": 0, "sample_diff": 1, "time_diff_s": 0.02, "gps_distance_m": 5.4, "original_speed": "", "wheel_diameter_mm": 711, "braking_intensity": 0.0, "is_braking": false, "is_crash": false, "crash_intensity_g": 0.0, "segment_start_sample": 14725, "segment_end_sample": 14726, "time_str": ""}}, {"type": "Feature", "geometry": {"type": "LineString", "coordinates": [[4.80117234108557, 52.358351175895], [4.80124966429696, 52.3583655217136]]}, "properties": {"Speed": 0.0, "Speed_display": 14.4, "road_quality": 2, "marker": 0, "trip_id": "604F0_Trip19", "hrot_diff": 0, "sample_diff": 1, "time_diff_s": 0.02, "gps_distance_m": 5.5, "original_speed": "", "wheel_diameter_mm": 711, "braking_intensity": 0.0, "is_braking": false, "is_crash": false, "crash_intensity_g": 0.0, "segment_start_sample": 14774, "segment_end_sample": 14775, "time_str": ""}}, {"type": "Feature", "geometry": {"type": "LineString", "coordinates": [[4.80124966429696, 52.3583655217136], [4.80131583030055, 52.3583785570559]]}, "properties": {"Speed": 0.0, "Speed_display": 13.0, "road_quality": 2, "marker": 0, "trip_id": "604F0_Trip19", "hrot_diff": 0, "sample_diff": 1, "time_diff_s": 0.02, "gps_distance_m": 4.7, "original_speed": "", "wheel_diameter_mm": 711, "braking_intensity": 0.0, "is_braking": false, "is_crash": false, "crash_intensity_g": 0.0, "segment_start_sample": 14835, "segment_end_sample": 14836, "time_str": ""}}, {"type": "Feature", "geometry": {"type": "LineString", "coordinates": [[4.80131583030055, 52.3583785570559], [4.80138858739812, 52.3583929605593]]}, "properties": {"Speed": 0.0, "Speed_display": 13.0, "road_quality": 2, "marker": 0, "trip_id": "604F0_Trip19", "hrot_diff": 0, "sample_diff": 1, "time_diff_s": 0.02, "gps_distance_m": 5.2, "original_speed": "", "wheel_diameter_mm": 711, "braking_intensity": 0.0, "is_braking": false, "is_crash": false, "crash_intensity_g": 0.0, "segment_start_sample": 14874, "segment_end_sample": 14875, "time_str": ""}}, {"type": "Feature", "geometry": {"type": "LineString", "coordinates": [[4.80138858739812, 52.3583929605593], [4.80145315709412, 52.3584057432381]]}, "properties": {"Speed": 0.0, "Speed_display": 12.2, "road_quality": 2, "marker": 0, "trip_id": "604F0_Trip19", "hrot_diff": 0, "sample_diff": 1, "time_diff_s": 0.02, "gps_distance_m": 4.6, "original_speed": "", "wheel_diameter_mm": 711, "braking_intensity": 0.0, "is_braking": false, "is_crash": false, "crash_intensity_g": 0.0, "segment_start_sample": 14928, "segment_end_sample": 14929, "time_str": ""}}]}