{"type": "FeatureCollection", "features": [{"type": "Feature", "geometry": {"type": "LineString", "coordinates": [[4.82725242497675, 52.3560684257488], [4.82730433249197, 52.3560749576147]]}, "properties": {"Speed": 0.0, "Speed_display": 7.2, "road_quality": 3, "marker": 0, "trip_id": "604F0_Trip4", "hrot_diff": 0, "sample_diff": 1, "time_diff_s": 0.02, "gps_distance_m": 3.6, "original_speed": "", "wheel_diameter_mm": 711, "braking_intensity": 0.0, "is_braking": false, "is_crash": false, "crash_intensity_g": 0.0, "segment_start_sample": 12137, "segment_end_sample": 12138, "time_str": ""}}, {"type": "Feature", "geometry": {"type": "LineString", "coordinates": [[4.82730433249197, 52.3560749576147], [4.82737065739123, 52.3560813041704]]}, "properties": {"Speed": 0.0, "Speed_display": 9.4, "road_quality": 3, "marker": 0, "trip_id": "604F0_Trip4", "hrot_diff": 0, "sample_diff": 1, "time_diff_s": 0.02, "gps_distance_m": 4.6, "original_speed": "", "wheel_diameter_mm": 711, "braking_intensity": 0.0, "is_braking": false, "is_crash": false, "crash_intensity_g": 0.0, "segment_start_sample": 12188, "segment_end_sample": 12189, "time_str": ""}}, {"type": "Feature", "geometry": {"type": "LineString", "coordinates": [[4.82737065739123, 52.3560813041704], [4.82744000929055, 52.3560833230879]]}, "properties": {"Speed": 0.0, "Speed_display": 10.8, "road_quality": 3, "marker": 0, "trip_id": "604F0_Trip4", "hrot_diff": 0, "sample_diff": 1, "time_diff_s": 0.02, "gps_distance_m": 4.7, "original_speed": "", "wheel_diameter_mm": 711, "braking_intensity": 0.0, "is_braking": false, "is_crash": false, "crash_intensity_g": 0.0, "segment_start_sample": 12233, "segment_end_sample": 12234, "time_str": ""}}, {"type": "Feature", "geometry": {"type": "LineString", "coordinates": [[4.82744000929055, 52.3560833230879], [4.82751489808027, 52.3560859795851]]}, "properties": {"Speed": 0.0, "Speed_display": 12.2, "road_quality": 3, "marker": 0, "trip_id": "604F0_Trip4", "hrot_diff": 0, "sample_diff": 1, "time_diff_s": 0.02, "gps_distance_m": 5.1, "original_speed": "", "wheel_diameter_mm": 711, "braking_intensity": 0.0, "is_braking": false, "is_crash": false, "crash_intensity_g": 0.0, "segment_start_sample": 12289, "segment_end_sample": 12290, "time_str": ""}}, {"type": "Feature", "geometry": {"type": "LineString", "coordinates": [[4.82751489808027, 52.3560859795851], [4.82758903545863, 52.3561034547344]]}, "properties": {"Speed": 0.0, "Speed_display": 13.0, "road_quality": 3, "marker": 0, "trip_id": "604F0_Trip4", "hrot_diff": 0, "sample_diff": 1, "time_diff_s": 0.02, "gps_distance_m": 5.4, "original_speed": "", "wheel_diameter_mm": 711, "braking_intensity": 0.0, "is_braking": false, "is_crash": false, "crash_intensity_g": 0.0, "segment_start_sample": 12334, "segment_end_sample": 12335, "time_str": ""}}, {"type": "Feature", "geometry": {"type": "LineString", "coordinates": [[4.82758903545863, 52.3561034547344], [4.82764654021667, 52.3561355038347]]}, "properties": {"Speed": 0.0, "Speed_display": 13.0, "road_quality": 3, "marker": 0, "trip_id": "604F0_Trip4", "hrot_diff": 0, "sample_diff": 1, "time_diff_s": 0.02, "gps_distance_m": 5.3, "original_speed": "", "wheel_diameter_mm": 711, "braking_intensity": 0.0, "is_braking": false, "is_crash": false, "crash_intensity_g": 0.0, "segment_start_sample": 12387, "segment_end_sample": 12388, "time_str": ""}}, {"type": "Feature", "geometry": {"type": "LineString", "coordinates": [[4.82764654021667, 52.3561355038347], [4.82772036631154, 52.3561532461182]]}, "properties": {"Speed": 0.0, "Speed_display": 13.7, "road_quality": 3, "marker": 0, "trip_id": "604F0_Trip4", "hrot_diff": 0, "sample_diff": 1, "time_diff_s": 0.02, "gps_distance_m": 5.4, "original_speed": "", "wheel_diameter_mm": 711, "braking_intensity": 0.0, "is_braking": false, "is_crash": false, "crash_intensity_g": 0.0, "segment_start_sample": 12432, "segment_end_sample": 12433, "time_str": ""}}, {"type": "Feature", "geometry": {"type": "LineString", "coordinates": [[4.82772036631154, 52.3561532461182], [4.82778536715219, 52.3561509059531]]}, "properties": {"Speed": 0.0, "Speed_display": 11.5, "road_quality": 3, "marker": 0, "trip_id": "604F0_Trip4", "hrot_diff": 0, "sample_diff": 1, "time_diff_s": 0.02, "gps_distance_m": 4.4, "original_speed": "", "wheel_diameter_mm": 711, "braking_intensity": 0.0, "is_braking": false, "is_crash": false, "crash_intensity_g": 0.0, "segment_start_sample": 12484, "segment_end_sample": 12485, "time_str": ""}}, {"type": "Feature", "geometry": {"type": "LineString", "coordinates": [[4.82778536715219, 52.3561509059531], [4.82786138711261, 52.3561488281442]]}, "properties": {"Speed": 0.0, "Speed_display": 12.2, "road_quality": 3, "marker": 0, "trip_id": "604F0_Trip4", "hrot_diff": 0, "sample_diff": 1, "time_diff_s": 0.02, "gps_distance_m": 5.2, "original_speed": "", "wheel_diameter_mm": 711, "braking_intensity": 0.0, "is_braking": false, "is_crash": false, "crash_intensity_g": 0.0, "segment_start_sample": 12532, "segment_end_sample": 12533, "time_str": ""}}, {"type": "Feature", "geometry": {"type": "LineString", "coordinates": [[4.82786138711261, 52.3561488281442], [4.82794330688861, 52.3561450237321]]}, "properties": {"Speed": 0.0, "Speed_display": 13.0, "road_quality": 3, "marker": 0, "trip_id": "604F0_Trip4", "hrot_diff": 0, "sample_diff": 1, "time_diff_s": 0.02, "gps_distance_m": 5.6, "original_speed": "", "wheel_diameter_mm": 711, "braking_intensity": 0.0, "is_braking": false, "is_crash": false, "crash_intensity_g": 0.0, "segment_start_sample": 12581, "segment_end_sample": 12582, "time_str": ""}}, {"type": "Feature", "geometry": {"type": "LineString", "coordinates": [[4.82794330688861, 52.3561450237321], [4.82804461598717, 52.3561447997442]]}, "properties": {"Speed": 0.0, "Speed_display": 15.8, "road_quality": 3, "marker": 0, "trip_id": "604F0_Trip4", "hrot_diff": 0, "sample_diff": 1, "time_diff_s": 0.02, "gps_distance_m": 6.9, "original_speed": "", "wheel_diameter_mm": 711, "braking_intensity": 0.0, "is_braking": false, "is_crash": false, "crash_intensity_g": 0.0, "segment_start_sample": 12664, "segment_end_sample": 12665, "time_str": ""}}, {"type": "Feature", "geometry": {"type": "LineString", "coordinates": [[4.85342905849943, 52.3547908600097], [4.8535717583176, 52.3547729932602]]}, "properties": {"Speed": 0.0, "Speed_display": 12.2, "road_quality": 3, "marker": 0, "trip_id": "604F0_Trip4", "hrot_diff": 0, "sample_diff": 1, "time_diff_s": 0.02, "gps_distance_m": 9.9, "original_speed": "", "wheel_diameter_mm": 711, "braking_intensity": 0.0, "is_braking": false, "is_crash": false, "crash_intensity_g": 0.0, "segment_start_sample": 26670, "segment_end_sample": 26671, "time_str": ""}}, {"type": "Feature", "geometry": {"type": "LineString", "coordinates": [[4.8535717583176, 52.3547729932602], [4.8552320297824, 52.3548076907173]]}, "properties": {"Speed": 0.0, "Speed_display": 7.9, "road_quality": 3, "marker": 0, "trip_id": "604F0_Trip4", "hrot_diff": 0, "sample_diff": 1, "time_diff_s": 0.02, "gps_distance_m": 112.8, "original_speed": "", "wheel_diameter_mm": 711, "braking_intensity": 0.0, "is_braking": false, "is_crash": false, "crash_intensity_g": 0.0, "segment_start_sample": 27679, "segment_end_sample": 27680, "time_str": ""}}, {"type": "Feature", "geometry": {"type": "LineString", "coordinates": [[4.8552320297824, 52.3548076907173], [4.85527027988225, 52.3548202578605]]}, "properties": {"Speed": 0.0, "Speed_display": 7.2, "road_quality": 3, "marker": 0, "trip_id": "604F0_Trip4", "hrot_diff": 0, "sample_diff": 1, "time_diff_s": 0.02, "gps_distance_m": 2.9, "original_speed": "", "wheel_diameter_mm": 711, "braking_intensity": 0.0, "is_braking": false, "is_crash": false, "crash_intensity_g": 0.0, "segment_start_sample": 27715, "segment_end_sample": 27716, "time_str": ""}}, {"type": "Feature", "geometry": {"type": "LineString", "coordinates": [[4.85527027988225, 52.3548202578605], [4.85529738843451, 52.3548291644601]]}, "properties": {"Speed": 0.0, "Speed_display": 6.5, "road_quality": 3, "marker": 0, "trip_id": "604F0_Trip4", "hrot_diff": 0, "sample_diff": 1, "time_diff_s": 0.02, "gps_distance_m": 2.1, "original_speed": "", "wheel_diameter_mm": 711, "braking_intensity": 0.0, "is_braking": false, "is_crash": false, "crash_intensity_g": 0.0, "segment_start_sample": 27772, "segment_end_sample": 27773, "time_str": ""}}, {"type": "Feature", "geometry": {"type": "LineString", "coordinates": [[4.85529738843451, 52.3548291644601], [4.85533450338517, 52.3548415509511]]}, "properties": {"Speed": 0.0, "Speed_display": 6.5, "road_quality": 3, "marker": 0, "trip_id": "604F0_Trip4", "hrot_diff": 0, "sample_diff": 1, "time_diff_s": 0.02, "gps_distance_m": 2.9, "original_speed": "", "wheel_diameter_mm": 711, "braking_intensity": 0.0, "is_braking": false, "is_crash": false, "crash_intensity_g": 0.0, "segment_start_sample": 27808, "segment_end_sample": 27809, "time_str": ""}}, {"type": "Feature", "geometry": {"type": "LineString", "coordinates": [[4.85533450338517, 52.3548415509511], [4.85538985723719, 52.3548532252259]]}, "properties": {"Speed": 0.0, "Speed_display": 7.9, "road_quality": 2, "marker": 0, "trip_id": "604F0_Trip4", "hrot_diff": 0, "sample_diff": 1, "time_diff_s": 0.02, "gps_distance_m": 4.0, "original_speed": "", "wheel_diameter_mm": 711, "braking_intensity": 0.0, "is_braking": false, "is_crash": false, "crash_intensity_g": 0.0, "segment_start_sample": 27872, "segment_end_sample": 27873, "time_str": ""}}, {"type": "Feature", "geometry": {"type": "LineString", "coordinates": [[4.85538985723719, 52.3548532252259], [4.85545097103048, 52.3548682488944]]}, "properties": {"Speed": 0.0, "Speed_display": 10.1, "road_quality": 3, "marker": 0, "trip_id": "604F0_Trip4", "hrot_diff": 0, "sample_diff": 1, "time_diff_s": 0.02, "gps_distance_m": 4.5, "original_speed": "", "wheel_diameter_mm": 711, "braking_intensity": 0.0, "is_braking": false, "is_crash": false, "crash_intensity_g": 0.0, "segment_start_sample": 27903, "segment_end_sample": 27904, "time_str": ""}}, {"type": "Feature", "geometry": {"type": "LineString", "coordinates": [[4.85545097103048, 52.3548682488944], [4.8555101467219, 52.3548821527217]]}, "properties": {"Speed": 0.0, "Speed_display": 11.5, "road_quality": 3, "marker": 0, "trip_id": "604F0_Trip4", "hrot_diff": 0, "sample_diff": 1, "time_diff_s": 0.02, "gps_distance_m": 4.3, "original_speed": "", "wheel_diameter_mm": 711, "braking_intensity": 0.0, "is_braking": false, "is_crash": false, "crash_intensity_g": 0.0, "segment_start_sample": 27959, "segment_end_sample": 27960, "time_str": ""}}, {"type": "Feature", "geometry": {"type": "LineString", "coordinates": [[4.8555101467219, 52.3548821527217], [4.85558767779287, 52.3549003535654]]}, "properties": {"Speed": 0.0, "Speed_display": 13.0, "road_quality": 3, "marker": 0, "trip_id": "604F0_Trip4", "hrot_diff": 0, "sample_diff": 1, "time_diff_s": 0.02, "gps_distance_m": 5.6, "original_speed": "", "wheel_diameter_mm": 711, "braking_intensity": 0.0, "is_braking": false, "is_crash": false, "crash_intensity_g": 0.0, "segment_start_sample": 28014, "segment_end_sample": 28015, "time_str": ""}}, {"type": "Feature", "geometry": {"type": "LineString", "coordinates": [[4.85558767779287, 52.3549003535654], [4.8556633065865, 52.3549096173372]]}, "properties": {"Speed": 0.0, "Speed_display": 13.0, "road_quality": 3, "marker": 0, "trip_id": "604F0_Trip4", "hrot_diff": 0, "sample_diff": 1, "time_diff_s": 0.02, "gps_distance_m": 5.2, "original_speed": "", "wheel_diameter_mm": 711, "braking_intensity": 0.0, "is_braking": false, "is_crash": false, "crash_intensity_g": 0.0, "segment_start_sample": 28070, "segment_end_sample": 28071, "time_str": ""}}, {"type": "Feature", "geometry": {"type": "LineString", "coordinates": [[4.8556633065865, 52.3549096173372], [4.85572494272847, 52.3549264524103]]}, "properties": {"Speed": 0.0, "Speed_display": 13.0, "road_quality": 3, "marker": 0, "trip_id": "604F0_Trip4", "hrot_diff": 0, "sample_diff": 1, "time_diff_s": 0.02, "gps_distance_m": 4.6, "original_speed": "", "wheel_diameter_mm": 711, "braking_intensity": 0.0, "is_braking": false, "is_crash": false, "crash_intensity_g": 0.0, "segment_start_sample": 28114, "segment_end_sample": 28115, "time_str": ""}}, {"type": "Feature", "geometry": {"type": "LineString", "coordinates": [[4.85572494272847, 52.3549264524103], [4.85578622303756, 52.3549438900876]]}, "properties": {"Speed": 0.0, "Speed_display": 12.2, "road_quality": 3, "marker": 0, "trip_id": "604F0_Trip4", "hrot_diff": 0, "sample_diff": 1, "time_diff_s": 0.02, "gps_distance_m": 4.6, "original_speed": "", "wheel_diameter_mm": 711, "braking_intensity": 0.0, "is_braking": false, "is_crash": false, "crash_intensity_g": 0.0, "segment_start_sample": 28159, "segment_end_sample": 28160, "time_str": ""}}, {"type": "Feature", "geometry": {"type": "LineString", "coordinates": [[4.85578622303756, 52.3549438900876], [4.85584816699769, 52.3549557980864]]}, "properties": {"Speed": 0.0, "Speed_display": 11.5, "road_quality": 3, "marker": 0, "trip_id": "604F0_Trip4", "hrot_diff": 0, "sample_diff": 1, "time_diff_s": 0.02, "gps_distance_m": 4.4, "original_speed": "", "wheel_diameter_mm": 711, "braking_intensity": 0.0, "is_braking": false, "is_crash": false, "crash_intensity_g": 0.0, "segment_start_sample": 28215, "segment_end_sample": 28216, "time_str": ""}}, {"type": "Feature", "geometry": {"type": "LineString", "coordinates": [[4.85584816699769, 52.3549557980864], [4.85591545038902, 52.354968578818]]}, "properties": {"Speed": 0.0, "Speed_display": 12.2, "road_quality": 3, "marker": 0, "trip_id": "604F0_Trip4", "hrot_diff": 0, "sample_diff": 1, "time_diff_s": 0.02, "gps_distance_m": 4.8, "original_speed": "", "wheel_diameter_mm": 711, "braking_intensity": 0.0, "is_braking": false, "is_crash": false, "crash_intensity_g": 0.0, "segment_start_sample": 28259, "segment_end_sample": 28260, "time_str": ""}}, {"type": "Feature", "geometry": {"type": "LineString", "coordinates": [[4.85591545038902, 52.354968578818], [4.85598140322777, 52.3549795353246]]}, "properties": {"Speed": 0.0, "Speed_display": 12.2, "road_quality": 3, "marker": 0, "trip_id": "604F0_Trip4", "hrot_diff": 0, "sample_diff": 1, "time_diff_s": 0.02, "gps_distance_m": 4.6, "original_speed": "", "wheel_diameter_mm": 711, "braking_intensity": 0.0, "is_braking": false, "is_crash": false, "crash_intensity_g": 0.0, "segment_start_sample": 28355, "segment_end_sample": 28356, "time_str": ""}}, {"type": "Feature", "geometry": {"type": "LineString", "coordinates": [[4.88164247526736, 52.3615933036157], [4.8816746886472, 52.3616075029814]]}, "properties": {"Speed": 0.0, "Speed_display": 8.6, "road_quality": 2, "marker": 0, "trip_id": "604F0_Trip4", "hrot_diff": 0, "sample_diff": 1, "time_diff_s": 0.02, "gps_distance_m": 2.7, "original_speed": "", "wheel_diameter_mm": 711, "braking_intensity": 0.0, "is_braking": false, "is_crash": false, "crash_intensity_g": 0.0, "segment_start_sample": 41839, "segment_end_sample": 41840, "time_str": ""}}, {"type": "Feature", "geometry": {"type": "LineString", "coordinates": [[4.8816746886472, 52.3616075029814], [4.88169215336527, 52.3616247932519]]}, "properties": {"Speed": 0.0, "Speed_display": 7.2, "road_quality": 2, "marker": 0, "trip_id": "604F0_Trip4", "hrot_diff": 0, "sample_diff": 1, "time_diff_s": 0.02, "gps_distance_m": 2.3, "original_speed": "", "wheel_diameter_mm": 711, "braking_intensity": 0.0, "is_braking": false, "is_crash": false, "crash_intensity_g": 0.0, "segment_start_sample": 41902, "segment_end_sample": 41903, "time_str": ""}}, {"type": "Feature", "geometry": {"type": "LineString", "coordinates": [[4.88169215336527, 52.3616247932519], [4.88171650338613, 52.3616362391955]]}, "properties": {"Speed": 0.0, "Speed_display": 5.8, "road_quality": 2, "marker": 0, "trip_id": "604F0_Trip4", "hrot_diff": 0, "sample_diff": 1, "time_diff_s": 0.02, "gps_distance_m": 2.1, "original_speed": "", "wheel_diameter_mm": 711, "braking_intensity": 0.0, "is_braking": false, "is_crash": false, "crash_intensity_g": 0.0, "segment_start_sample": 41953, "segment_end_sample": 41954, "time_str": ""}}, {"type": "Feature", "geometry": {"type": "LineString", "coordinates": [[4.88171650338613, 52.3616362391955], [4.88173692295038, 52.3616335686146]]}, "properties": {"Speed": 0.0, "Speed_display": 4.3, "road_quality": 2, "marker": 0, "trip_id": "604F0_Trip4", "hrot_diff": 0, "sample_diff": 1, "time_diff_s": 0.02, "gps_distance_m": 1.4, "original_speed": "", "wheel_diameter_mm": 711, "braking_intensity": 0.0, "is_braking": false, "is_crash": false, "crash_intensity_g": 0.0, "segment_start_sample": 41998, "segment_end_sample": 41999, "time_str": ""}}, {"type": "Feature", "geometry": {"type": "LineString", "coordinates": [[4.88173692295038, 52.3616335686146], [4.88176973321729, 52.3616393017579]]}, "properties": {"Speed": 0.0, "Speed_display": 2.2, "road_quality": 3, "marker": 0, "trip_id": "604F0_Trip4", "hrot_diff": 0, "sample_diff": 1, "time_diff_s": 0.02, "gps_distance_m": 2.3, "original_speed": "", "wheel_diameter_mm": 711, "braking_intensity": 0.0, "is_braking": false, "is_crash": false, "crash_intensity_g": 0.0, "segment_start_sample": 42552, "segment_end_sample": 42553, "time_str": ""}}, {"type": "Feature", "geometry": {"type": "LineString", "coordinates": [[4.88176973321729, 52.3616393017579], [4.88178643100766, 52.361645375421]]}, "properties": {"Speed": 0.0, "Speed_display": 2.9, "road_quality": 3, "marker": 0, "trip_id": "604F0_Trip4", "hrot_diff": 0, "sample_diff": 1, "time_diff_s": 0.02, "gps_distance_m": 1.3, "original_speed": "", "wheel_diameter_mm": 711, "braking_intensity": 0.0, "is_braking": false, "is_crash": false, "crash_intensity_g": 0.0, "segment_start_sample": 42592, "segment_end_sample": 42593, "time_str": ""}}, {"type": "Feature", "geometry": {"type": "LineString", "coordinates": [[4.88178643100766, 52.361645375421], [4.88180070139737, 52.3616620202226]]}, "properties": {"Speed": 0.0, "Speed_display": 3.6, "road_quality": 3, "marker": 0, "trip_id": "604F0_Trip4", "hrot_diff": 0, "sample_diff": 1, "time_diff_s": 0.02, "gps_distance_m": 2.1, "original_speed": "", "wheel_diameter_mm": 711, "braking_intensity": 0.0, "is_braking": false, "is_crash": false, "crash_intensity_g": 0.0, "segment_start_sample": 42646, "segment_end_sample": 42647, "time_str": ""}}, {"type": "Feature", "geometry": {"type": "LineString", "coordinates": [[4.88180070139737, 52.3616620202226], [4.88179358551375, 52.3616780657951]]}, "properties": {"Speed": 0.0, "Speed_display": 2.9, "road_quality": 3, "marker": 0, "trip_id": "604F0_Trip4", "hrot_diff": 0, "sample_diff": 1, "time_diff_s": 0.02, "gps_distance_m": 1.8, "original_speed": "", "wheel_diameter_mm": 711, "braking_intensity": 0.0, "is_braking": false, "is_crash": false, "crash_intensity_g": 0.0, "segment_start_sample": 42698, "segment_end_sample": 42699, "time_str": ""}}, {"type": "Feature", "geometry": {"type": "LineString", "coordinates": [[4.88179358551375, 52.3616780657951], [4.88180453917488, 52.3617075236372]]}, "properties": {"Speed": 0.0, "Speed_display": 5.8, "road_quality": 3, "marker": 0, "trip_id": "604F0_Trip4", "hrot_diff": 0, "sample_diff": 1, "time_diff_s": 0.02, "gps_distance_m": 3.4, "original_speed": "", "wheel_diameter_mm": 711, "braking_intensity": 0.0, "is_braking": false, "is_crash": false, "crash_intensity_g": 0.0, "segment_start_sample": 42739, "segment_end_sample": 42740, "time_str": ""}}, {"type": "Feature", "geometry": {"type": "LineString", "coordinates": [[4.88180453917488, 52.3617075236372], [4.88183424256464, 52.3617409822329]]}, "properties": {"Speed": 0.0, "Speed_display": 8.6, "road_quality": 3, "marker": 0, "trip_id": "604F0_Trip4", "hrot_diff": 0, "sample_diff": 1, "time_diff_s": 0.02, "gps_distance_m": 4.2, "original_speed": "", "wheel_diameter_mm": 711, "braking_intensity": 0.0, "is_braking": false, "is_crash": false, "crash_intensity_g": 0.0, "segment_start_sample": 42795, "segment_end_sample": 42796, "time_str": ""}}, {"type": "Feature", "geometry": {"type": "LineString", "coordinates": [[4.88183424256464, 52.3617409822329], [4.88186572357849, 52.3617842590793]]}, "properties": {"Speed": 0.0, "Speed_display": 10.8, "road_quality": 2, "marker": 0, "trip_id": "604F0_Trip4", "hrot_diff": 0, "sample_diff": 1, "time_diff_s": 0.02, "gps_distance_m": 5.3, "original_speed": "", "wheel_diameter_mm": 711, "braking_intensity": 0.0, "is_braking": false, "is_crash": false, "crash_intensity_g": 0.0, "segment_start_sample": 42832, "segment_end_sample": 42833, "time_str": ""}}, {"type": "Feature", "geometry": {"type": "LineString", "coordinates": [[4.88186572357849, 52.3617842590793], [4.88190083692876, 52.361815708812]]}, "properties": {"Speed": 0.0, "Speed_display": 10.8, "road_quality": 2, "marker": 0, "trip_id": "604F0_Trip4", "hrot_diff": 0, "sample_diff": 1, "time_diff_s": 0.02, "gps_distance_m": 4.2, "original_speed": "", "wheel_diameter_mm": 711, "braking_intensity": 0.0, "is_braking": false, "is_crash": false, "crash_intensity_g": 0.0, "segment_start_sample": 42897, "segment_end_sample": 42898, "time_str": ""}}, {"type": "Feature", "geometry": {"type": "LineString", "coordinates": [[4.88190083692876, 52.361815708812], [4.88193028586885, 52.3618448370064]]}, "properties": {"Speed": 0.0, "Speed_display": 10.8, "road_quality": 4, "marker": 0, "trip_id": "604F0_Trip4", "hrot_diff": 0, "sample_diff": 1, "time_diff_s": 0.02, "gps_distance_m": 3.8, "original_speed": "", "wheel_diameter_mm": 711, "braking_intensity": 0.0, "is_braking": false, "is_crash": false, "crash_intensity_g": 0.0, "segment_start_sample": 42947, "segment_end_sample": 42948, "time_str": ""}}, {"type": "Feature", "geometry": {"type": "LineString", "coordinates": [[4.88193028586885, 52.3618448370064], [4.88195936701002, 52.3618739463493]]}, "properties": {"Speed": 0.0, "Speed_display": 10.1, "road_quality": 4, "marker": 0, "trip_id": "604F0_Trip4", "hrot_diff": 0, "sample_diff": 1, "time_diff_s": 0.02, "gps_distance_m": 3.8, "original_speed": "", "wheel_diameter_mm": 711, "braking_intensity": 0.0, "is_braking": false, "is_crash": false, "crash_intensity_g": 0.0, "segment_start_sample": 42990, "segment_end_sample": 42991, "time_str": ""}}, {"type": "Feature", "geometry": {"type": "LineString", "coordinates": [[4.88195936701002, 52.3618739463493], [4.88198694652916, 52.3619009520151]]}, "properties": {"Speed": 0.0, "Speed_display": 9.4, "road_quality": 3, "marker": 0, "trip_id": "604F0_Trip4", "hrot_diff": 0, "sample_diff": 1, "time_diff_s": 0.02, "gps_distance_m": 3.5, "original_speed": "", "wheel_diameter_mm": 711, "braking_intensity": 0.0, "is_braking": false, "is_crash": false, "crash_intensity_g": 0.0, "segment_start_sample": 43048, "segment_end_sample": 43049, "time_str": ""}}, {"type": "Feature", "geometry": {"type": "LineString", "coordinates": [[4.88198694652916, 52.3619009520151], [4.88201369576871, 52.3619276597776]]}, "properties": {"Speed": 0.0, "Speed_display": 9.4, "road_quality": 3, "marker": 0, "trip_id": "604F0_Trip4", "hrot_diff": 0, "sample_diff": 1, "time_diff_s": 0.02, "gps_distance_m": 3.5, "original_speed": "", "wheel_diameter_mm": 711, "braking_intensity": 0.0, "is_braking": false, "is_crash": false, "crash_intensity_g": 0.0, "segment_start_sample": 43092, "segment_end_sample": 43093, "time_str": ""}}, {"type": "Feature", "geometry": {"type": "LineString", "coordinates": [[4.88201369576871, 52.3619276597776], [4.88205605939759, 52.3619530006787]]}, "properties": {"Speed": 0.0, "Speed_display": 9.4, "road_quality": 3, "marker": 0, "trip_id": "604F0_Trip4", "hrot_diff": 0, "sample_diff": 1, "time_diff_s": 0.02, "gps_distance_m": 4.0, "original_speed": "", "wheel_diameter_mm": 711, "braking_intensity": 0.0, "is_braking": false, "is_crash": false, "crash_intensity_g": 0.0, "segment_start_sample": 43149, "segment_end_sample": 43150, "time_str": ""}}, {"type": "Feature", "geometry": {"type": "LineString", "coordinates": [[4.88205605939759, 52.3619530006787], [4.88209953399299, 52.3619790462612]]}, "properties": {"Speed": 0.0, "Speed_display": 10.1, "road_quality": 3, "marker": 0, "trip_id": "604F0_Trip4", "hrot_diff": 0, "sample_diff": 1, "time_diff_s": 0.02, "gps_distance_m": 4.1, "original_speed": "", "wheel_diameter_mm": 711, "braking_intensity": 0.0, "is_braking": false, "is_crash": false, "crash_intensity_g": 0.0, "segment_start_sample": 43200, "segment_end_sample": 43201, "time_str": ""}}, {"type": "Feature", "geometry": {"type": "LineString", "coordinates": [[4.88209953399299, 52.3619790462612], [4.88214100949076, 52.3620041037074]]}, "properties": {"Speed": 0.0, "Speed_display": 10.1, "road_quality": 3, "marker": 0, "trip_id": "604F0_Trip4", "hrot_diff": 0, "sample_diff": 1, "time_diff_s": 0.02, "gps_distance_m": 4.0, "original_speed": "", "wheel_diameter_mm": 711, "braking_intensity": 0.0, "is_braking": false, "is_crash": false, "crash_intensity_g": 0.0, "segment_start_sample": 43237, "segment_end_sample": 43238, "time_str": ""}}, {"type": "Feature", "geometry": {"type": "LineString", "coordinates": [[4.88214100949076, 52.3620041037074], [4.88218106880226, 52.362028335137]]}, "properties": {"Speed": 0.0, "Speed_display": 10.1, "road_quality": 3, "marker": 0, "trip_id": "604F0_Trip4", "hrot_diff": 0, "sample_diff": 1, "time_diff_s": 0.02, "gps_distance_m": 3.8, "original_speed": "", "wheel_diameter_mm": 711, "braking_intensity": 0.0, "is_braking": false, "is_crash": false, "crash_intensity_g": 0.0, "segment_start_sample": 43289, "segment_end_sample": 43290, "time_str": ""}}, {"type": "Feature", "geometry": {"type": "LineString", "coordinates": [[4.88218106880226, 52.362028335137], [4.88222228515148, 52.3620568045336]]}, "properties": {"Speed": 0.0, "Speed_display": 10.8, "road_quality": 2, "marker": 0, "trip_id": "604F0_Trip4", "hrot_diff": 0, "sample_diff": 1, "time_diff_s": 0.02, "gps_distance_m": 4.2, "original_speed": "", "wheel_diameter_mm": 711, "braking_intensity": 0.0, "is_braking": false, "is_crash": false, "crash_intensity_g": 0.0, "segment_start_sample": 43340, "segment_end_sample": 43341, "time_str": ""}}, {"type": "Feature", "geometry": {"type": "LineString", "coordinates": [[4.88222228515148, 52.3620568045336], [4.88226638047462, 52.3620936911426]]}, "properties": {"Speed": 0.0, "Speed_display": 11.5, "road_quality": 2, "marker": 0, "trip_id": "604F0_Trip4", "hrot_diff": 0, "sample_diff": 1, "time_diff_s": 0.02, "gps_distance_m": 5.1, "original_speed": "", "wheel_diameter_mm": 711, "braking_intensity": 0.0, "is_braking": false, "is_crash": false, "crash_intensity_g": 0.0, "segment_start_sample": 43417, "segment_end_sample": 43418, "time_str": ""}}, {"type": "Feature", "geometry": {"type": "LineString", "coordinates": [[4.88226638047462, 52.3620936911426], [4.88233789536742, 52.3621261598895]]}, "properties": {"Speed": 0.0, "Speed_display": 25.2, "road_quality": 2, "marker": 0, "trip_id": "604F0_Trip4", "hrot_diff": 0, "sample_diff": 1, "time_diff_s": 0.02, "gps_distance_m": 6.1, "original_speed": "", "wheel_diameter_mm": 711, "braking_intensity": 0.0, "is_braking": false, "is_crash": false, "crash_intensity_g": 0.0, "segment_start_sample": 43440, "segment_end_sample": 43441, "time_str": ""}}, {"type": "Feature", "geometry": {"type": "LineString", "coordinates": [[4.88233789536742, 52.3621261598895], [4.88245926680428, 52.3622003746207]]}, "properties": {"Speed": 0.0, "Speed_display": 15.1, "road_quality": 2, "marker": 0, "trip_id": "604F0_Trip4", "hrot_diff": 0, "sample_diff": 1, "time_diff_s": 0.02, "gps_distance_m": 11.7, "original_speed": "", "wheel_diameter_mm": 711, "braking_intensity": 0.0, "is_braking": false, "is_crash": false, "crash_intensity_g": 0.0, "segment_start_sample": 43544, "segment_end_sample": 43545, "time_str": ""}}, {"type": "Feature", "geometry": {"type": "LineString", "coordinates": [[4.88245926680428, 52.3622003746207], [4.88253182993552, 52.3622314143284]]}, "properties": {"Speed": 0.0, "Speed_display": 14.4, "road_quality": 2, "marker": 0, "trip_id": "604F0_Trip4", "hrot_diff": 0, "sample_diff": 1, "time_diff_s": 0.02, "gps_distance_m": 6.0, "original_speed": "", "wheel_diameter_mm": 711, "braking_intensity": 0.0, "is_braking": false, "is_crash": false, "crash_intensity_g": 0.0, "segment_start_sample": 43599, "segment_end_sample": 43600, "time_str": ""}}, {"type": "Feature", "geometry": {"type": "LineString", "coordinates": [[4.88253182993552, 52.3622314143284], [4.88260543092041, 52.3622488675903]]}, "properties": {"Speed": 0.0, "Speed_display": 13.7, "road_quality": 2, "marker": 0, "trip_id": "604F0_Trip4", "hrot_diff": 0, "sample_diff": 1, "time_diff_s": 0.02, "gps_distance_m": 5.4, "original_speed": "", "wheel_diameter_mm": 711, "braking_intensity": 0.0, "is_braking": false, "is_crash": false, "crash_intensity_g": 0.0, "segment_start_sample": 43637, "segment_end_sample": 43638, "time_str": ""}}, {"type": "Feature", "geometry": {"type": "LineString", "coordinates": [[4.88260543092041, 52.3622488675903], [4.88268101697554, 52.3622604478225]]}, "properties": {"Speed": 0.0, "Speed_display": 13.7, "road_quality": 2, "marker": 0, "trip_id": "604F0_Trip4", "hrot_diff": 0, "sample_diff": 1, "time_diff_s": 0.02, "gps_distance_m": 5.3, "original_speed": "", "wheel_diameter_mm": 711, "braking_intensity": 0.0, "is_braking": false, "is_crash": false, "crash_intensity_g": 0.0, "segment_start_sample": 43712, "segment_end_sample": 43713, "time_str": ""}}, {"type": "Feature", "geometry": {"type": "LineString", "coordinates": [[4.88268101697554, 52.3622604478225], [4.88275255691043, 52.3622645795542]]}, "properties": {"Speed": 0.0, "Speed_display": 13.7, "road_quality": 2, "marker": 0, "trip_id": "604F0_Trip4", "hrot_diff": 0, "sample_diff": 1, "time_diff_s": 0.02, "gps_distance_m": 4.9, "original_speed": "", "wheel_diameter_mm": 711, "braking_intensity": 0.0, "is_braking": false, "is_crash": false, "crash_intensity_g": 0.0, "segment_start_sample": 43751, "segment_end_sample": 43752, "time_str": ""}}, {"type": "Feature", "geometry": {"type": "LineString", "coordinates": [[4.88275255691043, 52.3622645795542], [4.88284480614493, 52.3622561050217]]}, "properties": {"Speed": 0.0, "Speed_display": 14.4, "road_quality": 2, "marker": 0, "trip_id": "604F0_Trip4", "hrot_diff": 0, "sample_diff": 1, "time_diff_s": 0.02, "gps_distance_m": 6.3, "original_speed": "", "wheel_diameter_mm": 711, "braking_intensity": 0.0, "is_braking": false, "is_crash": false, "crash_intensity_g": 0.0, "segment_start_sample": 43789, "segment_end_sample": 43790, "time_str": ""}}, {"type": "Feature", "geometry": {"type": "LineString", "coordinates": [[4.88284480614493, 52.3622561050217], [4.88292997924269, 52.3622466573475]]}, "properties": {"Speed": 0.0, "Speed_display": 14.4, "road_quality": 2, "marker": 0, "trip_id": "604F0_Trip4", "hrot_diff": 0, "sample_diff": 1, "time_diff_s": 0.02, "gps_distance_m": 5.9, "original_speed": "", "wheel_diameter_mm": 711, "braking_intensity": 0.0, "is_braking": false, "is_crash": false, "crash_intensity_g": 0.0, "segment_start_sample": 43843, "segment_end_sample": 43844, "time_str": ""}}, {"type": "Feature", "geometry": {"type": "LineString", "coordinates": [[4.88292997924269, 52.3622466573475], [4.88301192104936, 52.3622375808231]]}, "properties": {"Speed": 0.0, "Speed_display": 14.4, "road_quality": 2, "marker": 0, "trip_id": "604F0_Trip4", "hrot_diff": 0, "sample_diff": 1, "time_diff_s": 0.02, "gps_distance_m": 5.7, "original_speed": "", "wheel_diameter_mm": 711, "braking_intensity": 0.0, "is_braking": false, "is_crash": false, "crash_intensity_g": 0.0, "segment_start_sample": 43882, "segment_end_sample": 43883, "time_str": ""}}, {"type": "Feature", "geometry": {"type": "LineString", "coordinates": [[4.88301192104936, 52.3622375808231], [4.88309283075871, 52.362236779727]]}, "properties": {"Speed": 0.0, "Speed_display": 14.4, "road_quality": 2, "marker": 0, "trip_id": "604F0_Trip4", "hrot_diff": 0, "sample_diff": 1, "time_diff_s": 0.02, "gps_distance_m": 5.5, "original_speed": "", "wheel_diameter_mm": 711, "braking_intensity": 0.0, "is_braking": false, "is_crash": false, "crash_intensity_g": 0.0, "segment_start_sample": 43928, "segment_end_sample": 43929, "time_str": ""}}, {"type": "Feature", "geometry": {"type": "LineString", "coordinates": [[4.88309283075871, 52.362236779727], [4.88317653161318, 52.3622565164122]]}, "properties": {"Speed": 0.0, "Speed_display": 14.4, "road_quality": 3, "marker": 0, "trip_id": "604F0_Trip4", "hrot_diff": 0, "sample_diff": 1, "time_diff_s": 0.02, "gps_distance_m": 6.1, "original_speed": "", "wheel_diameter_mm": 711, "braking_intensity": 0.0, "is_braking": false, "is_crash": false, "crash_intensity_g": 0.0, "segment_start_sample": 43983, "segment_end_sample": 43984, "time_str": ""}}, {"type": "Feature", "geometry": {"type": "LineString", "coordinates": [[4.88317653161318, 52.3622565164122], [4.88322986040065, 52.3622884449226]]}, "properties": {"Speed": 0.0, "Speed_display": 13.7, "road_quality": 3, "marker": 0, "trip_id": "604F0_Trip4", "hrot_diff": 0, "sample_diff": 1, "time_diff_s": 0.02, "gps_distance_m": 5.1, "original_speed": "", "wheel_diameter_mm": 711, "braking_intensity": 0.0, "is_braking": false, "is_crash": false, "crash_intensity_g": 0.0, "segment_start_sample": 44042, "segment_end_sample": 44043, "time_str": ""}}, {"type": "Feature", "geometry": {"type": "LineString", "coordinates": [[4.88322986040065, 52.3622884449226], [4.88327544151181, 52.3623249739544]]}, "properties": {"Speed": 0.0, "Speed_display": 13.0, "road_quality": 2, "marker": 0, "trip_id": "604F0_Trip4", "hrot_diff": 0, "sample_diff": 1, "time_diff_s": 0.02, "gps_distance_m": 5.1, "original_speed": "", "wheel_diameter_mm": 711, "braking_intensity": 0.0, "is_braking": false, "is_crash": false, "crash_intensity_g": 0.0, "segment_start_sample": 44092, "segment_end_sample": 44093, "time_str": ""}}, {"type": "Feature", "geometry": {"type": "LineString", "coordinates": [[4.88327544151181, 52.3623249739544], [4.88331321923239, 52.3623617252888]]}, "properties": {"Speed": 0.0, "Speed_display": 12.2, "road_quality": 2, "marker": 0, "trip_id": "604F0_Trip4", "hrot_diff": 0, "sample_diff": 1, "time_diff_s": 0.02, "gps_distance_m": 4.8, "original_speed": "", "wheel_diameter_mm": 711, "braking_intensity": 0.0, "is_braking": false, "is_crash": false, "crash_intensity_g": 0.0, "segment_start_sample": 44136, "segment_end_sample": 44137, "time_str": ""}}, {"type": "Feature", "geometry": {"type": "LineString", "coordinates": [[4.88331321923239, 52.3623617252888], [4.88335607883406, 52.362382890809]]}, "properties": {"Speed": 0.0, "Speed_display": 11.5, "road_quality": 2, "marker": 0, "trip_id": "604F0_Trip4", "hrot_diff": 0, "sample_diff": 1, "time_diff_s": 0.02, "gps_distance_m": 3.7, "original_speed": "", "wheel_diameter_mm": 711, "braking_intensity": 0.0, "is_braking": false, "is_crash": false, "crash_intensity_g": 0.0, "segment_start_sample": 44180, "segment_end_sample": 44181, "time_str": ""}}, {"type": "Feature", "geometry": {"type": "LineString", "coordinates": [[4.88335607883406, 52.362382890809], [4.88340464167495, 52.3624041495856]]}, "properties": {"Speed": 0.0, "Speed_display": 10.8, "road_quality": 2, "marker": 0, "trip_id": "604F0_Trip4", "hrot_diff": 0, "sample_diff": 1, "time_diff_s": 0.02, "gps_distance_m": 4.1, "original_speed": "", "wheel_diameter_mm": 711, "braking_intensity": 0.0, "is_braking": false, "is_crash": false, "crash_intensity_g": 0.0, "segment_start_sample": 44237, "segment_end_sample": 44238, "time_str": ""}}, {"type": "Feature", "geometry": {"type": "LineString", "coordinates": [[4.88340464167495, 52.3624041495856], [4.88343278260512, 52.3624191137612]]}, "properties": {"Speed": 0.0, "Speed_display": 8.6, "road_quality": 3, "marker": 0, "trip_id": "604F0_Trip4", "hrot_diff": 0, "sample_diff": 1, "time_diff_s": 0.02, "gps_distance_m": 2.5, "original_speed": "", "wheel_diameter_mm": 711, "braking_intensity": 0.0, "is_braking": false, "is_crash": false, "crash_intensity_g": 0.0, "segment_start_sample": 44284, "segment_end_sample": 44285, "time_str": ""}}, {"type": "Feature", "geometry": {"type": "LineString", "coordinates": [[4.88343278260512, 52.3624191137612], [4.88348814006377, 52.3624449752182]]}, "properties": {"Speed": 0.0, "Speed_display": 10.1, "road_quality": 3, "marker": 0, "trip_id": "604F0_Trip4", "hrot_diff": 0, "sample_diff": 1, "time_diff_s": 0.02, "gps_distance_m": 4.7, "original_speed": "", "wheel_diameter_mm": 711, "braking_intensity": 0.0, "is_braking": false, "is_crash": false, "crash_intensity_g": 0.0, "segment_start_sample": 44332, "segment_end_sample": 44333, "time_str": ""}}, {"type": "Feature", "geometry": {"type": "LineString", "coordinates": [[4.88348814006377, 52.3624449752182], [4.88355115920436, 52.3624771381722]]}, "properties": {"Speed": 0.0, "Speed_display": 10.8, "road_quality": 3, "marker": 0, "trip_id": "604F0_Trip4", "hrot_diff": 0, "sample_diff": 1, "time_diff_s": 0.02, "gps_distance_m": 5.6, "original_speed": "", "wheel_diameter_mm": 711, "braking_intensity": 0.0, "is_braking": false, "is_crash": false, "crash_intensity_g": 0.0, "segment_start_sample": 44389, "segment_end_sample": 44390, "time_str": ""}}, {"type": "Feature", "geometry": {"type": "LineString", "coordinates": [[4.88355115920436, 52.3624771381722], [4.88361292258263, 52.3625071091152]]}, "properties": {"Speed": 0.0, "Speed_display": 10.8, "road_quality": 3, "marker": 0, "trip_id": "604F0_Trip4", "hrot_diff": 0, "sample_diff": 1, "time_diff_s": 0.02, "gps_distance_m": 5.4, "original_speed": "", "wheel_diameter_mm": 711, "braking_intensity": 0.0, "is_braking": false, "is_crash": false, "crash_intensity_g": 0.0, "segment_start_sample": 44438, "segment_end_sample": 44439, "time_str": ""}}, {"type": "Feature", "geometry": {"type": "LineString", "coordinates": [[4.88361292258263, 52.3625071091152], [4.88366676197845, 52.3625231827798]]}, "properties": {"Speed": 0.0, "Speed_display": 10.1, "road_quality": 3, "marker": 0, "trip_id": "604F0_Trip4", "hrot_diff": 0, "sample_diff": 1, "time_diff_s": 0.02, "gps_distance_m": 4.1, "original_speed": "", "wheel_diameter_mm": 711, "braking_intensity": 0.0, "is_braking": false, "is_crash": false, "crash_intensity_g": 0.0, "segment_start_sample": 44496, "segment_end_sample": 44497, "time_str": ""}}, {"type": "Feature", "geometry": {"type": "LineString", "coordinates": [[4.88366676197845, 52.3625231827798], [4.88370150861317, 52.3625344688256]]}, "properties": {"Speed": 0.0, "Speed_display": 8.6, "road_quality": 3, "marker": 0, "trip_id": "604F0_Trip4", "hrot_diff": 0, "sample_diff": 1, "time_diff_s": 0.02, "gps_distance_m": 2.7, "original_speed": "", "wheel_diameter_mm": 711, "braking_intensity": 0.0, "is_braking": false, "is_crash": false, "crash_intensity_g": 0.0, "segment_start_sample": 44541, "segment_end_sample": 44542, "time_str": ""}}, {"type": "Feature", "geometry": {"type": "LineString", "coordinates": [[4.88370150861317, 52.3625344688256], [4.88373743293416, 52.3625344992359]]}, "properties": {"Speed": 0.0, "Speed_display": 8.6, "road_quality": 3, "marker": 0, "trip_id": "604F0_Trip4", "hrot_diff": 0, "sample_diff": 1, "time_diff_s": 0.02, "gps_distance_m": 2.4, "original_speed": "", "wheel_diameter_mm": 711, "braking_intensity": 0.0, "is_braking": false, "is_crash": false, "crash_intensity_g": 0.0, "segment_start_sample": 44580, "segment_end_sample": 44581, "time_str": ""}}, {"type": "Feature", "geometry": {"type": "LineString", "coordinates": [[4.88373743293416, 52.3625344992359], [4.88375983166145, 52.3625237449372]]}, "properties": {"Speed": 0.0, "Speed_display": 9.4, "road_quality": 3, "marker": 0, "trip_id": "604F0_Trip4", "hrot_diff": 0, "sample_diff": 1, "time_diff_s": 0.02, "gps_distance_m": 1.9, "original_speed": "", "wheel_diameter_mm": 711, "braking_intensity": 0.0, "is_braking": false, "is_crash": false, "crash_intensity_g": 0.0, "segment_start_sample": 44631, "segment_end_sample": 44632, "time_str": ""}}, {"type": "Feature", "geometry": {"type": "LineString", "coordinates": [[4.88375983166145, 52.3625237449372], [4.88387770301098, 52.3624788823878]]}, "properties": {"Speed": 0.0, "Speed_display": 14.4, "road_quality": 3, "marker": 0, "trip_id": "604F0_Trip4", "hrot_diff": 0, "sample_diff": 1, "time_diff_s": 0.02, "gps_distance_m": 9.4, "original_speed": "", "wheel_diameter_mm": 711, "braking_intensity": 0.0, "is_braking": false, "is_crash": false, "crash_intensity_g": 0.0, "segment_start_sample": 44749, "segment_end_sample": 44750, "time_str": ""}}, {"type": "Feature", "geometry": {"type": "LineString", "coordinates": [[4.88387770301098, 52.3624788823878], [4.8903645705196, 52.3595473134451]]}, "properties": {"Speed": 0.0, "Speed_display": 8.6, "road_quality": 2, "marker": 0, "trip_id": "604F0_Trip4", "hrot_diff": 0, "sample_diff": 1, "time_diff_s": 0.02, "gps_distance_m": 548.0, "original_speed": "", "wheel_diameter_mm": 711, "braking_intensity": 0.0, "is_braking": false, "is_crash": false, "crash_intensity_g": 0.0, "segment_start_sample": 48738, "segment_end_sample": 48739, "time_str": ""}}, {"type": "Feature", "geometry": {"type": "LineString", "coordinates": [[4.8903645705196, 52.3595473134451], [4.89039716893418, 52.3595432662771]]}, "properties": {"Speed": 0.0, "Speed_display": 7.2, "road_quality": 2, "marker": 0, "trip_id": "604F0_Trip4", "hrot_diff": 0, "sample_diff": 1, "time_diff_s": 0.02, "gps_distance_m": 2.3, "original_speed": "", "wheel_diameter_mm": 711, "braking_intensity": 0.0, "is_braking": false, "is_crash": false, "crash_intensity_g": 0.0, "segment_start_sample": 48781, "segment_end_sample": 48782, "time_str": ""}}, {"type": "Feature", "geometry": {"type": "LineString", "coordinates": [[4.89039716893418, 52.3595432662771], [4.89042235403626, 52.3595385933993]]}, "properties": {"Speed": 0.0, "Speed_display": 5.8, "road_quality": 2, "marker": 0, "trip_id": "604F0_Trip4", "hrot_diff": 0, "sample_diff": 1, "time_diff_s": 0.02, "gps_distance_m": 1.8, "original_speed": "", "wheel_diameter_mm": 711, "braking_intensity": 0.0, "is_braking": false, "is_crash": false, "crash_intensity_g": 0.0, "segment_start_sample": 48837, "segment_end_sample": 48838, "time_str": ""}}, {"type": "Feature", "geometry": {"type": "LineString", "coordinates": [[4.89042235403626, 52.3595385933993], [4.89044401362478, 52.3595381858431]]}, "properties": {"Speed": 0.0, "Speed_display": 2.2, "road_quality": 2, "marker": 0, "trip_id": "604F0_Trip4", "hrot_diff": 0, "sample_diff": 1, "time_diff_s": 0.02, "gps_distance_m": 1.5, "original_speed": "", "wheel_diameter_mm": 711, "braking_intensity": 0.0, "is_braking": false, "is_crash": false, "crash_intensity_g": 0.0, "segment_start_sample": 48930, "segment_end_sample": 48931, "time_str": ""}}, {"type": "Feature", "geometry": {"type": "LineString", "coordinates": [[4.89044401362478, 52.3595381858431], [4.89046102831656, 52.3595450651101]]}, "properties": {"Speed": 0.0, "Speed_display": 2.2, "road_quality": 3, "marker": 0, "trip_id": "604F0_Trip4", "hrot_diff": 0, "sample_diff": 1, "time_diff_s": 0.02, "gps_distance_m": 1.4, "original_speed": "", "wheel_diameter_mm": 711, "braking_intensity": 0.0, "is_braking": false, "is_crash": false, "crash_intensity_g": 0.0, "segment_start_sample": 52154, "segment_end_sample": 52155, "time_str": ""}}, {"type": "Feature", "geometry": {"type": "LineString", "coordinates": [[4.89046102831656, 52.3595450651101], [4.89048261566772, 52.3595452641706]]}, "properties": {"Speed": 0.0, "Speed_display": 3.6, "road_quality": 3, "marker": 0, "trip_id": "604F0_Trip4", "hrot_diff": 0, "sample_diff": 1, "time_diff_s": 0.02, "gps_distance_m": 1.5, "original_speed": "", "wheel_diameter_mm": 711, "braking_intensity": 0.0, "is_braking": false, "is_crash": false, "crash_intensity_g": 0.0, "segment_start_sample": 52181, "segment_end_sample": 52182, "time_str": ""}}, {"type": "Feature", "geometry": {"type": "LineString", "coordinates": [[4.89048261566772, 52.3595452641706], [4.89053655290257, 52.3595323699625]]}, "properties": {"Speed": 0.0, "Speed_display": 7.2, "road_quality": 3, "marker": 0, "trip_id": "604F0_Trip4", "hrot_diff": 0, "sample_diff": 1, "time_diff_s": 0.02, "gps_distance_m": 3.9, "original_speed": "", "wheel_diameter_mm": 711, "braking_intensity": 0.0, "is_braking": false, "is_crash": false, "crash_intensity_g": 0.0, "segment_start_sample": 52222, "segment_end_sample": 52223, "time_str": ""}}, {"type": "Feature", "geometry": {"type": "LineString", "coordinates": [[4.89053655290257, 52.3595323699625], [4.89062060639008, 52.3595320977551]]}, "properties": {"Speed": 0.0, "Speed_display": 11.5, "road_quality": 3, "marker": 0, "trip_id": "604F0_Trip4", "hrot_diff": 0, "sample_diff": 1, "time_diff_s": 0.02, "gps_distance_m": 5.7, "original_speed": "", "wheel_diameter_mm": 711, "braking_intensity": 0.0, "is_braking": false, "is_crash": false, "crash_intensity_g": 0.0, "segment_start_sample": 52271, "segment_end_sample": 52272, "time_str": ""}}, {"type": "Feature", "geometry": {"type": "LineString", "coordinates": [[4.89062060639008, 52.3595320977551], [4.89069731382134, 52.3595405483921]]}, "properties": {"Speed": 0.0, "Speed_display": 13.0, "road_quality": 3, "marker": 0, "trip_id": "604F0_Trip4", "hrot_diff": 0, "sample_diff": 1, "time_diff_s": 0.02, "gps_distance_m": 5.3, "original_speed": "", "wheel_diameter_mm": 711, "braking_intensity": 0.0, "is_braking": false, "is_crash": false, "crash_intensity_g": 0.0, "segment_start_sample": 52329, "segment_end_sample": 52330, "time_str": ""}}, {"type": "Feature", "geometry": {"type": "LineString", "coordinates": [[4.89069731382134, 52.3595405483921], [4.89087498445036, 52.3595358563593]]}, "properties": {"Speed": 0.0, "Speed_display": 15.8, "road_quality": 3, "marker": 0, "trip_id": "604F0_Trip4", "hrot_diff": 0, "sample_diff": 1, "time_diff_s": 0.02, "gps_distance_m": 12.1, "original_speed": "", "wheel_diameter_mm": 711, "braking_intensity": 0.0, "is_braking": false, "is_crash": false, "crash_intensity_g": 0.0, "segment_start_sample": 52422, "segment_end_sample": 52423, "time_str": ""}}, {"type": "Feature", "geometry": {"type": "LineString", "coordinates": [[4.89087498445036, 52.3595358563593], [4.89749903944878, 52.3593353516169]]}, "properties": {"Speed": 0.0, "Speed_display": 8.6, "road_quality": 2, "marker": 0, "trip_id": "604F0_Trip4", "hrot_diff": 0, "sample_diff": 1, "time_diff_s": 0.02, "gps_distance_m": 450.4, "original_speed": "", "wheel_diameter_mm": 711, "braking_intensity": 0.0, "is_braking": false, "is_crash": false, "crash_intensity_g": 0.0, "segment_start_sample": 55670, "segment_end_sample": 55671, "time_str": ""}}, {"type": "Feature", "geometry": {"type": "LineString", "coordinates": [[4.89749903944878, 52.3593353516169], [4.89753179095419, 52.3593503025831]]}, "properties": {"Speed": 0.0, "Speed_display": 7.2, "road_quality": 2, "marker": 0, "trip_id": "604F0_Trip4", "hrot_diff": 0, "sample_diff": 1, "time_diff_s": 0.02, "gps_distance_m": 2.8, "original_speed": "", "wheel_diameter_mm": 711, "braking_intensity": 0.0, "is_braking": false, "is_crash": false, "crash_intensity_g": 0.0, "segment_start_sample": 55729, "segment_end_sample": 55730, "time_str": ""}}, {"type": "Feature", "geometry": {"type": "LineString", "coordinates": [[4.89753179095419, 52.3593503025831], [4.89758602040818, 52.3593636846859]]}, "properties": {"Speed": 0.0, "Speed_display": 7.9, "road_quality": 2, "marker": 0, "trip_id": "604F0_Trip4", "hrot_diff": 0, "sample_diff": 1, "time_diff_s": 0.02, "gps_distance_m": 4.0, "original_speed": "", "wheel_diameter_mm": 711, "braking_intensity": 0.0, "is_braking": false, "is_crash": false, "crash_intensity_g": 0.0, "segment_start_sample": 55782, "segment_end_sample": 55783, "time_str": ""}}, {"type": "Feature", "geometry": {"type": "LineString", "coordinates": [[4.89758602040818, 52.3593636846859], [4.8976157838902, 52.3593754474809]]}, "properties": {"Speed": 0.0, "Speed_display": 6.5, "road_quality": 2, "marker": 0, "trip_id": "604F0_Trip4", "hrot_diff": 0, "sample_diff": 1, "time_diff_s": 0.02, "gps_distance_m": 2.4, "original_speed": "", "wheel_diameter_mm": 711, "braking_intensity": 0.0, "is_braking": false, "is_crash": false, "crash_intensity_g": 0.0, "segment_start_sample": 55824, "segment_end_sample": 55825, "time_str": ""}}, {"type": "Feature", "geometry": {"type": "LineString", "coordinates": [[4.8976157838902, 52.3593754474809], [4.89765154599446, 52.3593871058722]]}, "properties": {"Speed": 0.0, "Speed_display": 6.5, "road_quality": 2, "marker": 0, "trip_id": "604F0_Trip4", "hrot_diff": 0, "sample_diff": 1, "time_diff_s": 0.02, "gps_distance_m": 2.8, "original_speed": "", "wheel_diameter_mm": 711, "braking_intensity": 0.0, "is_braking": false, "is_crash": false, "crash_intensity_g": 0.0, "segment_start_sample": 55882, "segment_end_sample": 55883, "time_str": ""}}, {"type": "Feature", "geometry": {"type": "LineString", "coordinates": [[4.89765154599446, 52.3593871058722], [4.89770270318533, 52.3593937928836]]}, "properties": {"Speed": 0.0, "Speed_display": 8.6, "road_quality": 2, "marker": 0, "trip_id": "604F0_Trip4", "hrot_diff": 0, "sample_diff": 1, "time_diff_s": 0.02, "gps_distance_m": 3.6, "original_speed": "", "wheel_diameter_mm": 711, "braking_intensity": 0.0, "is_braking": false, "is_crash": false, "crash_intensity_g": 0.0, "segment_start_sample": 55923, "segment_end_sample": 55924, "time_str": ""}}, {"type": "Feature", "geometry": {"type": "LineString", "coordinates": [[4.89770270318533, 52.3593937928836], [4.89777371545172, 52.3594030752532]]}, "properties": {"Speed": 0.0, "Speed_display": 10.8, "road_quality": 2, "marker": 0, "trip_id": "604F0_Trip4", "hrot_diff": 0, "sample_diff": 1, "time_diff_s": 0.02, "gps_distance_m": 4.9, "original_speed": "", "wheel_diameter_mm": 711, "braking_intensity": 0.0, "is_braking": false, "is_crash": false, "crash_intensity_g": 0.0, "segment_start_sample": 55971, "segment_end_sample": 55972, "time_str": ""}}, {"type": "Feature", "geometry": {"type": "LineString", "coordinates": [[4.89777371545172, 52.3594030752532], [4.89784891297369, 52.3594129046906]]}, "properties": {"Speed": 0.0, "Speed_display": 12.2, "road_quality": 2, "marker": 0, "trip_id": "604F0_Trip4", "hrot_diff": 0, "sample_diff": 1, "time_diff_s": 0.02, "gps_distance_m": 5.2, "original_speed": "", "wheel_diameter_mm": 711, "braking_intensity": 0.0, "is_braking": false, "is_crash": false, "crash_intensity_g": 0.0, "segment_start_sample": 56023, "segment_end_sample": 56024, "time_str": ""}}, {"type": "Feature", "geometry": {"type": "LineString", "coordinates": [[4.89784891297369, 52.3594129046906], [4.89791097744783, 52.3594210174358]]}, "properties": {"Speed": 0.0, "Speed_display": 11.5, "road_quality": 2, "marker": 0, "trip_id": "604F0_Trip4", "hrot_diff": 0, "sample_diff": 1, "time_diff_s": 0.02, "gps_distance_m": 4.3, "original_speed": "", "wheel_diameter_mm": 711, "braking_intensity": 0.0, "is_braking": false, "is_crash": false, "crash_intensity_g": 0.0, "segment_start_sample": 56073, "segment_end_sample": 56074, "time_str": ""}}, {"type": "Feature", "geometry": {"type": "LineString", "coordinates": [[4.89791097744783, 52.3594210174358], [4.89797389205497, 52.359429701849]]}, "properties": {"Speed": 0.0, "Speed_display": 11.5, "road_quality": 2, "marker": 0, "trip_id": "604F0_Trip4", "hrot_diff": 0, "sample_diff": 1, "time_diff_s": 0.02, "gps_distance_m": 4.4, "original_speed": "", "wheel_diameter_mm": 711, "braking_intensity": 0.0, "is_braking": false, "is_crash": false, "crash_intensity_g": 0.0, "segment_start_sample": 56127, "segment_end_sample": 56128, "time_str": ""}}, {"type": "Feature", "geometry": {"type": "LineString", "coordinates": [[4.89797389205497, 52.359429701849], [4.89803906835994, 52.3594391890541]]}, "properties": {"Speed": 0.0, "Speed_display": 11.5, "road_quality": 2, "marker": 0, "trip_id": "604F0_Trip4", "hrot_diff": 0, "sample_diff": 1, "time_diff_s": 0.02, "gps_distance_m": 4.5, "original_speed": "", "wheel_diameter_mm": 711, "braking_intensity": 0.0, "is_braking": false, "is_crash": false, "crash_intensity_g": 0.0, "segment_start_sample": 56176, "segment_end_sample": 56177, "time_str": ""}}, {"type": "Feature", "geometry": {"type": "LineString", "coordinates": [[4.89803906835994, 52.3594391890541], [4.89808325833399, 52.3594456214441]]}, "properties": {"Speed": 0.0, "Speed_display": 9.4, "road_quality": 2, "marker": 0, "trip_id": "604F0_Trip4", "hrot_diff": 0, "sample_diff": 1, "time_diff_s": 0.02, "gps_distance_m": 3.1, "original_speed": "", "wheel_diameter_mm": 711, "braking_intensity": 0.0, "is_braking": false, "is_crash": false, "crash_intensity_g": 0.0, "segment_start_sample": 56220, "segment_end_sample": 56221, "time_str": ""}}, {"type": "Feature", "geometry": {"type": "LineString", "coordinates": [[4.89808325833399, 52.3594456214441], [4.89812640047528, 52.3594519013057]]}, "properties": {"Speed": 0.0, "Speed_display": 8.6, "road_quality": 2, "marker": 0, "trip_id": "604F0_Trip4", "hrot_diff": 0, "sample_diff": 1, "time_diff_s": 0.02, "gps_distance_m": 3.0, "original_speed": "", "wheel_diameter_mm": 711, "braking_intensity": 0.0, "is_braking": false, "is_crash": false, "crash_intensity_g": 0.0, "segment_start_sample": 56268, "segment_end_sample": 56269, "time_str": ""}}, {"type": "Feature", "geometry": {"type": "LineString", "coordinates": [[4.89812640047528, 52.3594519013057], [4.89818314412233, 52.3594601610303]]}, "properties": {"Speed": 0.0, "Speed_display": 5.8, "road_quality": 3, "marker": 0, "trip_id": "604F0_Trip4", "hrot_diff": 0, "sample_diff": 1, "time_diff_s": 0.02, "gps_distance_m": 4.0, "original_speed": "", "wheel_diameter_mm": 711, "braking_intensity": 0.0, "is_braking": false, "is_crash": false, "crash_intensity_g": 0.0, "segment_start_sample": 56338, "segment_end_sample": 56339, "time_str": ""}}, {"type": "Feature", "geometry": {"type": "LineString", "coordinates": [[4.89818314412233, 52.3594601610303], [4.89820592926369, 52.3594634132774]]}, "properties": {"Speed": 0.0, "Speed_display": 4.3, "road_quality": 3, "marker": 0, "trip_id": "604F0_Trip4", "hrot_diff": 0, "sample_diff": 1, "time_diff_s": 0.02, "gps_distance_m": 1.6, "original_speed": "", "wheel_diameter_mm": 711, "braking_intensity": 0.0, "is_braking": false, "is_crash": false, "crash_intensity_g": 0.0, "segment_start_sample": 56422, "segment_end_sample": 56423, "time_str": ""}}, {"type": "Feature", "geometry": {"type": "LineString", "coordinates": [[4.89820592926369, 52.3594634132774], [4.8982287886912, 52.3594665774588]]}, "properties": {"Speed": 0.0, "Speed_display": 3.6, "road_quality": 3, "marker": 0, "trip_id": "604F0_Trip4", "hrot_diff": 0, "sample_diff": 1, "time_diff_s": 0.02, "gps_distance_m": 1.6, "original_speed": "", "wheel_diameter_mm": 711, "braking_intensity": 0.0, "is_braking": false, "is_crash": false, "crash_intensity_g": 0.0, "segment_start_sample": 56496, "segment_end_sample": 56497, "time_str": ""}}, {"type": "Feature", "geometry": {"type": "LineString", "coordinates": [[4.8982287886912, 52.3594665774588], [4.89825019217111, 52.3594695401068]]}, "properties": {"Speed": 0.0, "Speed_display": 3.6, "road_quality": 3, "marker": 0, "trip_id": "604F0_Trip4", "hrot_diff": 0, "sample_diff": 1, "time_diff_s": 0.02, "gps_distance_m": 1.5, "original_speed": "", "wheel_diameter_mm": 711, "braking_intensity": 0.0, "is_braking": false, "is_crash": false, "crash_intensity_g": 0.0, "segment_start_sample": 56531, "segment_end_sample": 56532, "time_str": ""}}, {"type": "Feature", "geometry": {"type": "LineString", "coordinates": [[4.89825019217111, 52.3594695401068], [4.89829001187642, 52.3594750519201]]}, "properties": {"Speed": 0.0, "Speed_display": 5.8, "road_quality": 3, "marker": 0, "trip_id": "604F0_Trip4", "hrot_diff": 0, "sample_diff": 1, "time_diff_s": 0.02, "gps_distance_m": 2.8, "original_speed": "", "wheel_diameter_mm": 711, "braking_intensity": 0.0, "is_braking": false, "is_crash": false, "crash_intensity_g": 0.0, "segment_start_sample": 56574, "segment_end_sample": 56575, "time_str": ""}}, {"type": "Feature", "geometry": {"type": "LineString", "coordinates": [[4.89829001187642, 52.3594750519201], [4.89834286741796, 52.359482368131]]}, "properties": {"Speed": 0.0, "Speed_display": 7.9, "road_quality": 3, "marker": 0, "trip_id": "604F0_Trip4", "hrot_diff": 0, "sample_diff": 1, "time_diff_s": 0.02, "gps_distance_m": 3.7, "original_speed": "", "wheel_diameter_mm": 711, "braking_intensity": 0.0, "is_braking": false, "is_crash": false, "crash_intensity_g": 0.0, "segment_start_sample": 56624, "segment_end_sample": 56625, "time_str": ""}}, {"type": "Feature", "geometry": {"type": "LineString", "coordinates": [[4.89834286741796, 52.359482368131], [4.89839985161545, 52.3594902558161]]}, "properties": {"Speed": 0.0, "Speed_display": 9.4, "road_quality": 3, "marker": 0, "trip_id": "604F0_Trip4", "hrot_diff": 0, "sample_diff": 1, "time_diff_s": 0.02, "gps_distance_m": 4.0, "original_speed": "", "wheel_diameter_mm": 711, "braking_intensity": 0.0, "is_braking": false, "is_crash": false, "crash_intensity_g": 0.0, "segment_start_sample": 56674, "segment_end_sample": 56675, "time_str": ""}}, {"type": "Feature", "geometry": {"type": "LineString", "coordinates": [[4.89839985161545, 52.3594902558161], [4.89845306908546, 52.3594976221152]]}, "properties": {"Speed": 0.0, "Speed_display": 9.4, "road_quality": 3, "marker": 0, "trip_id": "604F0_Trip4", "hrot_diff": 0, "sample_diff": 1, "time_diff_s": 0.02, "gps_distance_m": 3.7, "original_speed": "", "wheel_diameter_mm": 711, "braking_intensity": 0.0, "is_braking": false, "is_crash": false, "crash_intensity_g": 0.0, "segment_start_sample": 56724, "segment_end_sample": 56725, "time_str": ""}}, {"type": "Feature", "geometry": {"type": "LineString", "coordinates": [[4.89845306908546, 52.3594976221152], [4.89855082435641, 52.359511153364]]}, "properties": {"Speed": 0.0, "Speed_display": 13.0, "road_quality": 3, "marker": 0, "trip_id": "604F0_Trip4", "hrot_diff": 0, "sample_diff": 1, "time_diff_s": 0.02, "gps_distance_m": 6.8, "original_speed": "", "wheel_diameter_mm": 711, "braking_intensity": 0.0, "is_braking": false, "is_crash": false, "crash_intensity_g": 0.0, "segment_start_sample": 56792, "segment_end_sample": 56793, "time_str": ""}}, {"type": "Feature", "geometry": {"type": "LineString", "coordinates": [[4.89855082435641, 52.359511153364], [4.89868156468912, 52.3594117960542]]}, "properties": {"Speed": 0.0, "Speed_display": 14.4, "road_quality": 3, "marker": 0, "trip_id": "604F0_Trip4", "hrot_diff": 0, "sample_diff": 1, "time_diff_s": 0.02, "gps_distance_m": 14.2, "original_speed": "", "wheel_diameter_mm": 711, "braking_intensity": 0.0, "is_braking": false, "is_crash": false, "crash_intensity_g": 0.0, "segment_start_sample": 56818, "segment_end_sample": 56819, "time_str": ""}}, {"type": "Feature", "geometry": {"type": "LineString", "coordinates": [[4.89868156468912, 52.3594117960542], [4.89875169659287, 52.3594296350604]]}, "properties": {"Speed": 0.0, "Speed_display": 14.4, "road_quality": 2, "marker": 0, "trip_id": "604F0_Trip4", "hrot_diff": 0, "sample_diff": 1, "time_diff_s": 0.02, "gps_distance_m": 5.2, "original_speed": "", "wheel_diameter_mm": 711, "braking_intensity": 0.0, "is_braking": false, "is_crash": false, "crash_intensity_g": 0.0, "segment_start_sample": 56886, "segment_end_sample": 56887, "time_str": ""}}, {"type": "Feature", "geometry": {"type": "LineString", "coordinates": [[4.89875169659287, 52.3594296350604], [4.89890615900753, 52.3594519860553]]}, "properties": {"Speed": 0.0, "Speed_display": 14.4, "road_quality": 2, "marker": 0, "trip_id": "604F0_Trip4", "hrot_diff": 0, "sample_diff": 1, "time_diff_s": 0.02, "gps_distance_m": 10.8, "original_speed": "", "wheel_diameter_mm": 711, "braking_intensity": 0.0, "is_braking": false, "is_crash": false, "crash_intensity_g": 0.0, "segment_start_sample": 56970, "segment_end_sample": 56971, "time_str": ""}}, {"type": "Feature", "geometry": {"type": "LineString", "coordinates": [[4.89890615900753, 52.3594519860553], [4.90764686261738, 52.360992346432]]}, "properties": {"Speed": 0.0, "Speed_display": 8.6, "road_quality": 2, "marker": 0, "trip_id": "604F0_Trip4", "hrot_diff": 0, "sample_diff": 1, "time_diff_s": 0.02, "gps_distance_m": 617.8, "original_speed": "", "wheel_diameter_mm": 711, "braking_intensity": 0.0, "is_braking": false, "is_crash": false, "crash_intensity_g": 0.0, "segment_start_sample": 61650, "segment_end_sample": 61651, "time_str": ""}}, {"type": "Feature", "geometry": {"type": "LineString", "coordinates": [[4.90764686261738, 52.360992346432], [4.90768681290083, 52.3610019140757]]}, "properties": {"Speed": 0.0, "Speed_display": 7.9, "road_quality": 2, "marker": 0, "trip_id": "604F0_Trip4", "hrot_diff": 0, "sample_diff": 1, "time_diff_s": 0.02, "gps_distance_m": 2.9, "original_speed": "", "wheel_diameter_mm": 711, "braking_intensity": 0.0, "is_braking": false, "is_crash": false, "crash_intensity_g": 0.0, "segment_start_sample": 61670, "segment_end_sample": 61671, "time_str": ""}}, {"type": "Feature", "geometry": {"type": "LineString", "coordinates": [[4.90768681290083, 52.3610019140757], [4.90772261869257, 52.3610103298373]]}, "properties": {"Speed": 0.0, "Speed_display": 7.2, "road_quality": 2, "marker": 0, "trip_id": "604F0_Trip4", "hrot_diff": 0, "sample_diff": 1, "time_diff_s": 0.02, "gps_distance_m": 2.6, "original_speed": "", "wheel_diameter_mm": 711, "braking_intensity": 0.0, "is_braking": false, "is_crash": false, "crash_intensity_g": 0.0, "segment_start_sample": 61708, "segment_end_sample": 61709, "time_str": ""}}, {"type": "Feature", "geometry": {"type": "LineString", "coordinates": [[4.90772261869257, 52.3610103298373], [4.9077519999914, 52.3610172355942]]}, "properties": {"Speed": 0.0, "Speed_display": 5.8, "road_quality": 2, "marker": 0, "trip_id": "604F0_Trip4", "hrot_diff": 0, "sample_diff": 1, "time_diff_s": 0.02, "gps_distance_m": 2.1, "original_speed": "", "wheel_diameter_mm": 711, "braking_intensity": 0.0, "is_braking": false, "is_crash": false, "crash_intensity_g": 0.0, "segment_start_sample": 61773, "segment_end_sample": 61774, "time_str": ""}}, {"type": "Feature", "geometry": {"type": "LineString", "coordinates": [[4.9077519999914, 52.3610172355942], [4.9077773573431, 52.3610231955636]]}, "properties": {"Speed": 0.0, "Speed_display": 5.0, "road_quality": 2, "marker": 0, "trip_id": "604F0_Trip4", "hrot_diff": 0, "sample_diff": 1, "time_diff_s": 0.02, "gps_distance_m": 1.8, "original_speed": "", "wheel_diameter_mm": 711, "braking_intensity": 0.0, "is_braking": false, "is_crash": false, "crash_intensity_g": 0.0, "segment_start_sample": 61829, "segment_end_sample": 61830, "time_str": ""}}, {"type": "Feature", "geometry": {"type": "LineString", "coordinates": [[4.9077773573431, 52.3610231955636], [4.9077936777168, 52.3610270315185]]}, "properties": {"Speed": 0.0, "Speed_display": 2.9, "road_quality": 2, "marker": 0, "trip_id": "604F0_Trip4", "hrot_diff": 0, "sample_diff": 1, "time_diff_s": 0.02, "gps_distance_m": 1.2, "original_speed": "", "wheel_diameter_mm": 711, "braking_intensity": 0.0, "is_braking": false, "is_crash": false, "crash_intensity_g": 0.0, "segment_start_sample": 61869, "segment_end_sample": 61870, "time_str": ""}}, {"type": "Feature", "geometry": {"type": "LineString", "coordinates": [[4.9077936777168, 52.3610270315185], [4.90781673042035, 52.3609906884537]]}, "properties": {"Speed": 0.0, "Speed_display": 1.4, "road_quality": 2, "marker": 0, "trip_id": "604F0_Trip4", "hrot_diff": 0, "sample_diff": 1, "time_diff_s": 0.02, "gps_distance_m": 4.3, "original_speed": "", "wheel_diameter_mm": 711, "braking_intensity": 0.0, "is_braking": false, "is_crash": false, "crash_intensity_g": 0.0, "segment_start_sample": 61945, "segment_end_sample": 61946, "time_str": ""}}, {"type": "Feature", "geometry": {"type": "LineString", "coordinates": [[4.90781673042035, 52.3609906884537], [4.90784059320574, 52.361002979344]]}, "properties": {"Speed": 0.0, "Speed_display": 3.6, "road_quality": 1, "marker": 0, "trip_id": "604F0_Trip4", "hrot_diff": 0, "sample_diff": 1, "time_diff_s": 0.02, "gps_distance_m": 2.1, "original_speed": "", "wheel_diameter_mm": 711, "braking_intensity": 0.0, "is_braking": false, "is_crash": false, "crash_intensity_g": 0.0, "segment_start_sample": 62308, "segment_end_sample": 62309, "time_str": ""}}, {"type": "Feature", "geometry": {"type": "LineString", "coordinates": [[4.90784059320574, 52.361002979344], [4.90785700234374, 52.3610065811825]]}, "properties": {"Speed": 0.0, "Speed_display": 2.9, "road_quality": 1, "marker": 0, "trip_id": "604F0_Trip4", "hrot_diff": 0, "sample_diff": 1, "time_diff_s": 0.02, "gps_distance_m": 1.2, "original_speed": "", "wheel_diameter_mm": 711, "braking_intensity": 0.0, "is_braking": false, "is_crash": false, "crash_intensity_g": 0.0, "segment_start_sample": 62381, "segment_end_sample": 62382, "time_str": ""}}, {"type": "Feature", "geometry": {"type": "LineString", "coordinates": [[4.90785700234374, 52.3610065811825], [4.9078940828934, 52.3610126860315]]}, "properties": {"Speed": 0.0, "Speed_display": 3.6, "road_quality": 1, "marker": 0, "trip_id": "604F0_Trip4", "hrot_diff": 0, "sample_diff": 1, "time_diff_s": 0.02, "gps_distance_m": 2.6, "original_speed": "", "wheel_diameter_mm": 711, "braking_intensity": 0.0, "is_braking": false, "is_crash": false, "crash_intensity_g": 0.0, "segment_start_sample": 62456, "segment_end_sample": 62457, "time_str": ""}}, {"type": "Feature", "geometry": {"type": "LineString", "coordinates": [[4.9078940828934, 52.3610126860315], [4.9079089527394, 52.3610095108871]]}, "properties": {"Speed": 0.0, "Speed_display": 2.2, "road_quality": 1, "marker": 0, "trip_id": "604F0_Trip4", "hrot_diff": 0, "sample_diff": 1, "time_diff_s": 0.02, "gps_distance_m": 1.1, "original_speed": "", "wheel_diameter_mm": 711, "braking_intensity": 0.0, "is_braking": false, "is_crash": false, "crash_intensity_g": 0.0, "segment_start_sample": 62572, "segment_end_sample": 62573, "time_str": ""}}, {"type": "Feature", "geometry": {"type": "LineString", "coordinates": [[4.9079089527394, 52.3610095108871], [4.90793028542596, 52.3610159978628]]}, "properties": {"Speed": 0.0, "Speed_display": 1.4, "road_quality": 3, "marker": 0, "trip_id": "604F0_Trip4", "hrot_diff": 0, "sample_diff": 1, "time_diff_s": 0.02, "gps_distance_m": 1.6, "original_speed": "", "wheel_diameter_mm": 711, "braking_intensity": 0.0, "is_braking": false, "is_crash": false, "crash_intensity_g": 0.0, "segment_start_sample": 63426, "segment_end_sample": 63427, "time_str": ""}}, {"type": "Feature", "geometry": {"type": "LineString", "coordinates": [[4.90793028542596, 52.3610159978628], [4.90794766313939, 52.3610189629607]]}, "properties": {"Speed": 0.0, "Speed_display": 2.2, "road_quality": 3, "marker": 0, "trip_id": "604F0_Trip4", "hrot_diff": 0, "sample_diff": 1, "time_diff_s": 0.02, "gps_distance_m": 1.2, "original_speed": "", "wheel_diameter_mm": 711, "braking_intensity": 0.0, "is_braking": false, "is_crash": false, "crash_intensity_g": 0.0, "segment_start_sample": 63460, "segment_end_sample": 63461, "time_str": ""}}, {"type": "Feature", "geometry": {"type": "LineString", "coordinates": [[4.90794766313939, 52.3610189629607], [4.90797698568587, 52.3610262840163]]}, "properties": {"Speed": 0.0, "Speed_display": 3.6, "road_quality": 3, "marker": 0, "trip_id": "604F0_Trip4", "hrot_diff": 0, "sample_diff": 1, "time_diff_s": 0.02, "gps_distance_m": 2.2, "original_speed": "", "wheel_diameter_mm": 711, "braking_intensity": 0.0, "is_braking": false, "is_crash": false, "crash_intensity_g": 0.0, "segment_start_sample": 63520, "segment_end_sample": 63521, "time_str": ""}}, {"type": "Feature", "geometry": {"type": "LineString", "coordinates": [[4.90797698568587, 52.3610262840163], [4.90800870482457, 52.3610369704877]]}, "properties": {"Speed": 0.0, "Speed_display": 5.0, "road_quality": 3, "marker": 0, "trip_id": "604F0_Trip4", "hrot_diff": 0, "sample_diff": 1, "time_diff_s": 0.02, "gps_distance_m": 2.5, "original_speed": "", "wheel_diameter_mm": 711, "braking_intensity": 0.0, "is_braking": false, "is_crash": false, "crash_intensity_g": 0.0, "segment_start_sample": 63566, "segment_end_sample": 63567, "time_str": ""}}, {"type": "Feature", "geometry": {"type": "LineString", "coordinates": [[4.90800870482457, 52.3610369704877], [4.90806065472713, 52.3610478284029]]}, "properties": {"Speed": 0.0, "Speed_display": 7.9, "road_quality": 3, "marker": 0, "trip_id": "604F0_Trip4", "hrot_diff": 0, "sample_diff": 1, "time_diff_s": 0.02, "gps_distance_m": 3.7, "original_speed": "", "wheel_diameter_mm": 711, "braking_intensity": 0.0, "is_braking": false, "is_crash": false, "crash_intensity_g": 0.0, "segment_start_sample": 63611, "segment_end_sample": 63612, "time_str": ""}}, {"type": "Feature", "geometry": {"type": "LineString", "coordinates": [[4.90806065472713, 52.3610478284029], [4.90811814802438, 52.3610640698283]]}, "properties": {"Speed": 0.0, "Speed_display": 10.1, "road_quality": 3, "marker": 0, "trip_id": "604F0_Trip4", "hrot_diff": 0, "sample_diff": 1, "time_diff_s": 0.02, "gps_distance_m": 4.3, "original_speed": "", "wheel_diameter_mm": 711, "braking_intensity": 0.0, "is_braking": false, "is_crash": false, "crash_intensity_g": 0.0, "segment_start_sample": 63662, "segment_end_sample": 63663, "time_str": ""}}, {"type": "Feature", "geometry": {"type": "LineString", "coordinates": [[4.90811814802438, 52.3610640698283], [4.90818071595459, 52.3610838975886]]}, "properties": {"Speed": 0.0, "Speed_display": 11.5, "road_quality": 3, "marker": 0, "trip_id": "604F0_Trip4", "hrot_diff": 0, "sample_diff": 1, "time_diff_s": 0.02, "gps_distance_m": 4.8, "original_speed": "", "wheel_diameter_mm": 711, "braking_intensity": 0.0, "is_braking": false, "is_crash": false, "crash_intensity_g": 0.0, "segment_start_sample": 63721, "segment_end_sample": 63722, "time_str": ""}}, {"type": "Feature", "geometry": {"type": "LineString", "coordinates": [[4.90818071595459, 52.3610838975886], [4.90825593625198, 52.361109727346]]}, "properties": {"Speed": 0.0, "Speed_display": 13.7, "road_quality": 3, "marker": 0, "trip_id": "604F0_Trip4", "hrot_diff": 0, "sample_diff": 1, "time_diff_s": 0.02, "gps_distance_m": 5.9, "original_speed": "", "wheel_diameter_mm": 711, "braking_intensity": 0.0, "is_braking": false, "is_crash": false, "crash_intensity_g": 0.0, "segment_start_sample": 63800, "segment_end_sample": 63801, "time_str": ""}}, {"type": "Feature", "geometry": {"type": "LineString", "coordinates": [[4.90825593625198, 52.361109727346], [4.91146211866533, 52.3618506606552]]}, "properties": {"Speed": 0.0, "Speed_display": 8.6, "road_quality": 2, "marker": 0, "trip_id": "604F0_Trip4", "hrot_diff": 0, "sample_diff": 1, "time_diff_s": 0.02, "gps_distance_m": 232.8, "original_speed": "", "wheel_diameter_mm": 711, "braking_intensity": 0.0, "is_braking": false, "is_crash": false, "crash_intensity_g": 0.0, "segment_start_sample": 65588, "segment_end_sample": 65589, "time_str": ""}}, {"type": "Feature", "geometry": {"type": "LineString", "coordinates": [[4.91146211866533, 52.3618506606552], [4.91145881813777, 52.36188539149]]}, "properties": {"Speed": 0.0, "Speed_display": 7.9, "road_quality": 2, "marker": 0, "trip_id": "604F0_Trip4", "hrot_diff": 0, "sample_diff": 1, "time_diff_s": 0.02, "gps_distance_m": 3.9, "original_speed": "", "wheel_diameter_mm": 711, "braking_intensity": 0.0, "is_braking": false, "is_crash": false, "crash_intensity_g": 0.0, "segment_start_sample": 65608, "segment_end_sample": 65609, "time_str": ""}}, {"type": "Feature", "geometry": {"type": "LineString", "coordinates": [[4.91145881813777, 52.36188539149], [4.91146122968555, 52.3619164263665]]}, "properties": {"Speed": 0.0, "Speed_display": 8.6, "road_quality": 3, "marker": 0, "trip_id": "604F0_Trip4", "hrot_diff": 0, "sample_diff": 1, "time_diff_s": 0.02, "gps_distance_m": 3.5, "original_speed": "", "wheel_diameter_mm": 711, "braking_intensity": 0.0, "is_braking": false, "is_crash": false, "crash_intensity_g": 0.0, "segment_start_sample": 65672, "segment_end_sample": 65673, "time_str": ""}}, {"type": "Feature", "geometry": {"type": "LineString", "coordinates": [[4.91146122968555, 52.3619164263665], [4.9114614111916, 52.3619505452827]]}, "properties": {"Speed": 0.0, "Speed_display": 9.4, "road_quality": 3, "marker": 0, "trip_id": "604F0_Trip4", "hrot_diff": 0, "sample_diff": 1, "time_diff_s": 0.02, "gps_distance_m": 3.8, "original_speed": "", "wheel_diameter_mm": 711, "braking_intensity": 0.0, "is_braking": false, "is_crash": false, "crash_intensity_g": 0.0, "segment_start_sample": 65698, "segment_end_sample": 65699, "time_str": ""}}, {"type": "Feature", "geometry": {"type": "LineString", "coordinates": [[4.9114614111916, 52.3619505452827], [4.91144123999733, 52.361985798881]]}, "properties": {"Speed": 0.0, "Speed_display": 9.4, "road_quality": 2, "marker": 0, "trip_id": "604F0_Trip4", "hrot_diff": 0, "sample_diff": 1, "time_diff_s": 0.02, "gps_distance_m": 4.2, "original_speed": "", "wheel_diameter_mm": 711, "braking_intensity": 0.0, "is_braking": false, "is_crash": false, "crash_intensity_g": 0.0, "segment_start_sample": 65751, "segment_end_sample": 65752, "time_str": ""}}, {"type": "Feature", "geometry": {"type": "LineString", "coordinates": [[4.91144123999733, 52.361985798881], [4.91142087372157, 52.3620404309613]]}, "properties": {"Speed": 0.0, "Speed_display": 12.2, "road_quality": 2, "marker": 0, "trip_id": "604F0_Trip4", "hrot_diff": 0, "sample_diff": 1, "time_diff_s": 0.02, "gps_distance_m": 6.2, "original_speed": "", "wheel_diameter_mm": 711, "braking_intensity": 0.0, "is_braking": false, "is_crash": false, "crash_intensity_g": 0.0, "segment_start_sample": 65827, "segment_end_sample": 65828, "time_str": ""}}, {"type": "Feature", "geometry": {"type": "LineString", "coordinates": [[4.91142087372157, 52.3620404309613], [4.91160876952463, 52.3662041251662]]}, "properties": {"Speed": 0.0, "Speed_display": 10.1, "road_quality": 2, "marker": 0, "trip_id": "604F0_Trip4", "hrot_diff": 0, "sample_diff": 1, "time_diff_s": 0.02, "gps_distance_m": 463.2, "original_speed": "", "wheel_diameter_mm": 711, "braking_intensity": 0.0, "is_braking": false, "is_crash": false, "crash_intensity_g": 0.0, "segment_start_sample": 69586, "segment_end_sample": 69587, "time_str": ""}}, {"type": "Feature", "geometry": {"type": "LineString", "coordinates": [[4.91160876952463, 52.3662041251662], [4.91163599150845, 52.3662183863076]]}, "properties": {"Speed": 0.0, "Speed_display": 8.6, "road_quality": 2, "marker": 0, "trip_id": "604F0_Trip4", "hrot_diff": 0, "sample_diff": 1, "time_diff_s": 0.02, "gps_distance_m": 2.4, "original_speed": "", "wheel_diameter_mm": 711, "braking_intensity": 0.0, "is_braking": false, "is_crash": false, "crash_intensity_g": 0.0, "segment_start_sample": 69608, "segment_end_sample": 69609, "time_str": ""}}, {"type": "Feature", "geometry": {"type": "LineString", "coordinates": [[4.91163599150845, 52.3662183863076], [4.91165789949794, 52.366229144029]]}, "properties": {"Speed": 0.0, "Speed_display": 6.5, "road_quality": 2, "marker": 0, "trip_id": "604F0_Trip4", "hrot_diff": 0, "sample_diff": 1, "time_diff_s": 0.02, "gps_distance_m": 1.9, "original_speed": "", "wheel_diameter_mm": 711, "braking_intensity": 0.0, "is_braking": false, "is_crash": false, "crash_intensity_g": 0.0, "segment_start_sample": 69654, "segment_end_sample": 69655, "time_str": ""}}, {"type": "Feature", "geometry": {"type": "LineString", "coordinates": [[4.91165789949794, 52.366229144029], [4.91167239109894, 52.3662373051457]]}, "properties": {"Speed": 0.0, "Speed_display": 5.0, "road_quality": 2, "marker": 0, "trip_id": "604F0_Trip4", "hrot_diff": 0, "sample_diff": 1, "time_diff_s": 0.02, "gps_distance_m": 1.3, "original_speed": "", "wheel_diameter_mm": 711, "braking_intensity": 0.0, "is_braking": false, "is_crash": false, "crash_intensity_g": 0.0, "segment_start_sample": 69709, "segment_end_sample": 69710, "time_str": ""}}, {"type": "Feature", "geometry": {"type": "LineString", "coordinates": [[4.91167239109894, 52.3662373051457], [4.91172001769882, 52.3662318961821]]}, "properties": {"Speed": 0.0, "Speed_display": 3.6, "road_quality": 2, "marker": 0, "trip_id": "604F0_Trip4", "hrot_diff": 0, "sample_diff": 1, "time_diff_s": 0.02, "gps_distance_m": 3.3, "original_speed": "", "wheel_diameter_mm": 711, "braking_intensity": 0.0, "is_braking": false, "is_crash": false, "crash_intensity_g": 0.0, "segment_start_sample": 69749, "segment_end_sample": 69750, "time_str": ""}}, {"type": "Feature", "geometry": {"type": "LineString", "coordinates": [[4.91172001769882, 52.3662318961821], [4.91173543302382, 52.3662213844776]]}, "properties": {"Speed": 0.0, "Speed_display": 3.6, "road_quality": 2, "marker": 0, "trip_id": "604F0_Trip4", "hrot_diff": 0, "sample_diff": 1, "time_diff_s": 0.02, "gps_distance_m": 1.6, "original_speed": "", "wheel_diameter_mm": 711, "braking_intensity": 0.0, "is_braking": false, "is_crash": false, "crash_intensity_g": 0.0, "segment_start_sample": 69869, "segment_end_sample": 69870, "time_str": ""}}, {"type": "Feature", "geometry": {"type": "LineString", "coordinates": [[4.91173543302382, 52.3662213844776], [4.9117493800029, 52.3662362031393]]}, "properties": {"Speed": 0.0, "Speed_display": 0.7, "road_quality": 3, "marker": 0, "trip_id": "604F0_Trip4", "hrot_diff": 0, "sample_diff": 1, "time_diff_s": 0.02, "gps_distance_m": 1.9, "original_speed": "", "wheel_diameter_mm": 711, "braking_intensity": 0.0, "is_braking": false, "is_crash": false, "crash_intensity_g": 0.0, "segment_start_sample": 70197, "segment_end_sample": 70198, "time_str": ""}}, {"type": "Feature", "geometry": {"type": "LineString", "coordinates": [[4.9117493800029, 52.3662362031393], [4.91176371098762, 52.366251429109]]}, "properties": {"Speed": 0.0, "Speed_display": 4.3, "road_quality": 3, "marker": 0, "trip_id": "604F0_Trip4", "hrot_diff": 0, "sample_diff": 1, "time_diff_s": 0.02, "gps_distance_m": 2.0, "original_speed": "", "wheel_diameter_mm": 711, "braking_intensity": 0.0, "is_braking": false, "is_crash": false, "crash_intensity_g": 0.0, "segment_start_sample": 70232, "segment_end_sample": 70233, "time_str": ""}}, {"type": "Feature", "geometry": {"type": "LineString", "coordinates": [[4.91176371098762, 52.366251429109], [4.91178151029059, 52.3662703349679]]}, "properties": {"Speed": 0.0, "Speed_display": 5.0, "road_quality": 2, "marker": 0, "trip_id": "604F0_Trip4", "hrot_diff": 0, "sample_diff": 1, "time_diff_s": 0.02, "gps_distance_m": 2.4, "original_speed": "", "wheel_diameter_mm": 711, "braking_intensity": 0.0, "is_braking": false, "is_crash": false, "crash_intensity_g": 0.0, "segment_start_sample": 70368, "segment_end_sample": 70369, "time_str": ""}}, {"type": "Feature", "geometry": {"type": "LineString", "coordinates": [[4.91178151029059, 52.3662703349679], [4.91181749165784, 52.3663085531063]]}, "properties": {"Speed": 0.0, "Speed_display": 6.5, "road_quality": 2, "marker": 0, "trip_id": "604F0_Trip4", "hrot_diff": 0, "sample_diff": 1, "time_diff_s": 0.02, "gps_distance_m": 4.9, "original_speed": "", "wheel_diameter_mm": 711, "braking_intensity": 0.0, "is_braking": false, "is_crash": false, "crash_intensity_g": 0.0, "segment_start_sample": 70424, "segment_end_sample": 70425, "time_str": ""}}, {"type": "Feature", "geometry": {"type": "LineString", "coordinates": [[4.91181749165784, 52.3663085531063], [4.91184097563063, 52.3663334971273]]}, "properties": {"Speed": 0.0, "Speed_display": 7.2, "road_quality": 2, "marker": 0, "trip_id": "604F0_Trip4", "hrot_diff": 0, "sample_diff": 1, "time_diff_s": 0.02, "gps_distance_m": 3.2, "original_speed": "", "wheel_diameter_mm": 711, "braking_intensity": 0.0, "is_braking": false, "is_crash": false, "crash_intensity_g": 0.0, "segment_start_sample": 70488, "segment_end_sample": 70489, "time_str": ""}}, {"type": "Feature", "geometry": {"type": "LineString", "coordinates": [[4.91184097563063, 52.3663334971273], [4.91186763681185, 52.3663618159033]]}, "properties": {"Speed": 0.0, "Speed_display": 8.6, "road_quality": 2, "marker": 0, "trip_id": "604F0_Trip4", "hrot_diff": 0, "sample_diff": 1, "time_diff_s": 0.02, "gps_distance_m": 3.6, "original_speed": "", "wheel_diameter_mm": 711, "braking_intensity": 0.0, "is_braking": false, "is_crash": false, "crash_intensity_g": 0.0, "segment_start_sample": 70560, "segment_end_sample": 70561, "time_str": ""}}, {"type": "Feature", "geometry": {"type": "LineString", "coordinates": [[4.91186763681185, 52.3663618159033], [4.91189489903032, 52.3663907730832]]}, "properties": {"Speed": 0.0, "Speed_display": 9.4, "road_quality": 2, "marker": 0, "trip_id": "604F0_Trip4", "hrot_diff": 0, "sample_diff": 1, "time_diff_s": 0.02, "gps_distance_m": 3.7, "original_speed": "", "wheel_diameter_mm": 711, "braking_intensity": 0.0, "is_braking": false, "is_crash": false, "crash_intensity_g": 0.0, "segment_start_sample": 70588, "segment_end_sample": 70589, "time_str": ""}}, {"type": "Feature", "geometry": {"type": "LineString", "coordinates": [[4.91189489903032, 52.3663907730832], [4.91192434361693, 52.3664220483079]]}, "properties": {"Speed": 0.0, "Speed_display": 10.1, "road_quality": 2, "marker": 0, "trip_id": "604F0_Trip4", "hrot_diff": 0, "sample_diff": 1, "time_diff_s": 0.02, "gps_distance_m": 4.0, "original_speed": "", "wheel_diameter_mm": 711, "braking_intensity": 0.0, "is_braking": false, "is_crash": false, "crash_intensity_g": 0.0, "segment_start_sample": 70638, "segment_end_sample": 70639, "time_str": ""}}, {"type": "Feature", "geometry": {"type": "LineString", "coordinates": [[4.91192434361693, 52.3664220483079], [4.91195762409551, 52.366459156312]]}, "properties": {"Speed": 0.0, "Speed_display": 10.8, "road_quality": 2, "marker": 0, "trip_id": "604F0_Trip4", "hrot_diff": 0, "sample_diff": 1, "time_diff_s": 0.02, "gps_distance_m": 4.7, "original_speed": "", "wheel_diameter_mm": 711, "braking_intensity": 0.0, "is_braking": false, "is_crash": false, "crash_intensity_g": 0.0, "segment_start_sample": 70707, "segment_end_sample": 70708, "time_str": ""}}, {"type": "Feature", "geometry": {"type": "LineString", "coordinates": [[4.91195762409551, 52.366459156312], [4.91199181927685, 52.3665166887428]]}, "properties": {"Speed": 0.0, "Speed_display": 13.7, "road_quality": 2, "marker": 0, "trip_id": "604F0_Trip4", "hrot_diff": 0, "sample_diff": 1, "time_diff_s": 0.02, "gps_distance_m": 6.8, "original_speed": "", "wheel_diameter_mm": 711, "braking_intensity": 0.0, "is_braking": false, "is_crash": false, "crash_intensity_g": 0.0, "segment_start_sample": 70750, "segment_end_sample": 70751, "time_str": ""}}, {"type": "Feature", "geometry": {"type": "LineString", "coordinates": [[4.91199181927685, 52.3665166887428], [4.91202234134006, 52.3665621768087]]}, "properties": {"Speed": 0.0, "Speed_display": 14.4, "road_quality": 2, "marker": 0, "trip_id": "604F0_Trip4", "hrot_diff": 0, "sample_diff": 1, "time_diff_s": 0.02, "gps_distance_m": 5.5, "original_speed": "", "wheel_diameter_mm": 711, "braking_intensity": 0.0, "is_braking": false, "is_crash": false, "crash_intensity_g": 0.0, "segment_start_sample": 70793, "segment_end_sample": 70794, "time_str": ""}}, {"type": "Feature", "geometry": {"type": "LineString", "coordinates": [[4.91202234134006, 52.3665621768087], [4.91205547441019, 52.3665939435255]]}, "properties": {"Speed": 0.0, "Speed_display": 13.0, "road_quality": 2, "marker": 0, "trip_id": "604F0_Trip4", "hrot_diff": 0, "sample_diff": 1, "time_diff_s": 0.02, "gps_distance_m": 4.2, "original_speed": "", "wheel_diameter_mm": 711, "braking_intensity": 0.0, "is_braking": false, "is_crash": false, "crash_intensity_g": 0.0, "segment_start_sample": 70849, "segment_end_sample": 70850, "time_str": ""}}, {"type": "Feature", "geometry": {"type": "LineString", "coordinates": [[4.91205547441019, 52.3665939435255], [4.91209054082173, 52.366625747351]]}, "properties": {"Speed": 0.0, "Speed_display": 12.2, "road_quality": 2, "marker": 0, "trip_id": "604F0_Trip4", "hrot_diff": 0, "sample_diff": 1, "time_diff_s": 0.02, "gps_distance_m": 4.3, "original_speed": "", "wheel_diameter_mm": 711, "braking_intensity": 0.0, "is_braking": false, "is_crash": false, "crash_intensity_g": 0.0, "segment_start_sample": 70909, "segment_end_sample": 70910, "time_str": ""}}, {"type": "Feature", "geometry": {"type": "LineString", "coordinates": [[4.91209054082173, 52.366625747351], [4.91212638922009, 52.3666717433982]]}, "properties": {"Speed": 0.0, "Speed_display": 13.0, "road_quality": 2, "marker": 0, "trip_id": "604F0_Trip4", "hrot_diff": 0, "sample_diff": 1, "time_diff_s": 0.02, "gps_distance_m": 5.7, "original_speed": "", "wheel_diameter_mm": 711, "braking_intensity": 0.0, "is_braking": false, "is_crash": false, "crash_intensity_g": 0.0, "segment_start_sample": 70950, "segment_end_sample": 70951, "time_str": ""}}, {"type": "Feature", "geometry": {"type": "LineString", "coordinates": [[4.91212638922009, 52.3666717433982], [4.91215803813907, 52.3667111787021]]}, "properties": {"Speed": 0.0, "Speed_display": 12.2, "road_quality": 2, "marker": 0, "trip_id": "604F0_Trip4", "hrot_diff": 0, "sample_diff": 1, "time_diff_s": 0.02, "gps_distance_m": 4.9, "original_speed": "", "wheel_diameter_mm": 711, "braking_intensity": 0.0, "is_braking": false, "is_crash": false, "crash_intensity_g": 0.0, "segment_start_sample": 71001, "segment_end_sample": 71002, "time_str": ""}}, {"type": "Feature", "geometry": {"type": "LineString", "coordinates": [[4.91215803813907, 52.3667111787021], [4.91219263887668, 52.3667496442521]]}, "properties": {"Speed": 0.0, "Speed_display": 12.2, "road_quality": 2, "marker": 0, "trip_id": "604F0_Trip4", "hrot_diff": 0, "sample_diff": 1, "time_diff_s": 0.02, "gps_distance_m": 4.9, "original_speed": "", "wheel_diameter_mm": 711, "braking_intensity": 0.0, "is_braking": false, "is_crash": false, "crash_intensity_g": 0.0, "segment_start_sample": 71055, "segment_end_sample": 71056, "time_str": ""}}, {"type": "Feature", "geometry": {"type": "LineString", "coordinates": [[4.91219263887668, 52.3667496442521], [4.9122382415496, 52.3667852561319]]}, "properties": {"Speed": 0.0, "Speed_display": 13.0, "road_quality": 2, "marker": 0, "trip_id": "604F0_Trip4", "hrot_diff": 0, "sample_diff": 1, "time_diff_s": 0.02, "gps_distance_m": 5.0, "original_speed": "", "wheel_diameter_mm": 711, "braking_intensity": 0.0, "is_braking": false, "is_crash": false, "crash_intensity_g": 0.0, "segment_start_sample": 71099, "segment_end_sample": 71100, "time_str": ""}}, {"type": "Feature", "geometry": {"type": "LineString", "coordinates": [[4.9122382415496, 52.3667852561319], [4.91227186552883, 52.3668186616161]]}, "properties": {"Speed": 0.0, "Speed_display": 12.2, "road_quality": 2, "marker": 0, "trip_id": "604F0_Trip4", "hrot_diff": 0, "sample_diff": 1, "time_diff_s": 0.02, "gps_distance_m": 4.4, "original_speed": "", "wheel_diameter_mm": 711, "braking_intensity": 0.0, "is_braking": false, "is_crash": false, "crash_intensity_g": 0.0, "segment_start_sample": 71153, "segment_end_sample": 71154, "time_str": ""}}, {"type": "Feature", "geometry": {"type": "LineString", "coordinates": [[4.91227186552883, 52.3668186616161], [4.91231066510609, 52.3668592975632]]}, "properties": {"Speed": 0.0, "Speed_display": 13.0, "road_quality": 2, "marker": 0, "trip_id": "604F0_Trip4", "hrot_diff": 0, "sample_diff": 1, "time_diff_s": 0.02, "gps_distance_m": 5.2, "original_speed": "", "wheel_diameter_mm": 711, "braking_intensity": 0.0, "is_braking": false, "is_crash": false, "crash_intensity_g": 0.0, "segment_start_sample": 71206, "segment_end_sample": 71207, "time_str": ""}}, {"type": "Feature", "geometry": {"type": "LineString", "coordinates": [[4.91231066510609, 52.3668592975632], [4.91235796403744, 52.3668873312967]]}, "properties": {"Speed": 0.0, "Speed_display": 11.5, "road_quality": 2, "marker": 0, "trip_id": "604F0_Trip4", "hrot_diff": 0, "sample_diff": 1, "time_diff_s": 0.02, "gps_distance_m": 4.5, "original_speed": "", "wheel_diameter_mm": 711, "braking_intensity": 0.0, "is_braking": false, "is_crash": false, "crash_intensity_g": 0.0, "segment_start_sample": 71250, "segment_end_sample": 71251, "time_str": ""}}, {"type": "Feature", "geometry": {"type": "LineString", "coordinates": [[4.91235796403744, 52.3668873312967], [4.91239743854726, 52.3669227015228]]}, "properties": {"Speed": 0.0, "Speed_display": 11.5, "road_quality": 2, "marker": 0, "trip_id": "604F0_Trip4", "hrot_diff": 0, "sample_diff": 1, "time_diff_s": 0.02, "gps_distance_m": 4.8, "original_speed": "", "wheel_diameter_mm": 711, "braking_intensity": 0.0, "is_braking": false, "is_crash": false, "crash_intensity_g": 0.0, "segment_start_sample": 71301, "segment_end_sample": 71302, "time_str": ""}}, {"type": "Feature", "geometry": {"type": "LineString", "coordinates": [[4.91239743854726, 52.3669227015228], [4.91243263027964, 52.3669698274452]]}, "properties": {"Speed": 0.0, "Speed_display": 12.2, "road_quality": 2, "marker": 0, "trip_id": "604F0_Trip4", "hrot_diff": 0, "sample_diff": 1, "time_diff_s": 0.02, "gps_distance_m": 5.8, "original_speed": "", "wheel_diameter_mm": 711, "braking_intensity": 0.0, "is_braking": false, "is_crash": false, "crash_intensity_g": 0.0, "segment_start_sample": 71360, "segment_end_sample": 71361, "time_str": ""}}, {"type": "Feature", "geometry": {"type": "LineString", "coordinates": [[4.91243263027964, 52.3669698274452], [4.91246985298659, 52.3670142494082]]}, "properties": {"Speed": 0.0, "Speed_display": 13.0, "road_quality": 3, "marker": 0, "trip_id": "604F0_Trip4", "hrot_diff": 0, "sample_diff": 1, "time_diff_s": 0.02, "gps_distance_m": 5.5, "original_speed": "", "wheel_diameter_mm": 711, "braking_intensity": 0.0, "is_braking": false, "is_crash": false, "crash_intensity_g": 0.0, "segment_start_sample": 71401, "segment_end_sample": 71402, "time_str": ""}}, {"type": "Feature", "geometry": {"type": "LineString", "coordinates": [[4.91246985298659, 52.3670142494082], [4.91250909749641, 52.3670475043178]]}, "properties": {"Speed": 0.0, "Speed_display": 12.2, "road_quality": 3, "marker": 0, "trip_id": "604F0_Trip4", "hrot_diff": 0, "sample_diff": 1, "time_diff_s": 0.02, "gps_distance_m": 4.6, "original_speed": "", "wheel_diameter_mm": 711, "braking_intensity": 0.0, "is_braking": false, "is_crash": false, "crash_intensity_g": 0.0, "segment_start_sample": 71444, "segment_end_sample": 71445, "time_str": ""}}, {"type": "Feature", "geometry": {"type": "LineString", "coordinates": [[4.91250909749641, 52.3670475043178], [4.91255072903206, 52.3670833223148]]}, "properties": {"Speed": 0.0, "Speed_display": 12.2, "road_quality": 3, "marker": 0, "trip_id": "604F0_Trip4", "hrot_diff": 0, "sample_diff": 1, "time_diff_s": 0.02, "gps_distance_m": 4.9, "original_speed": "", "wheel_diameter_mm": 711, "braking_intensity": 0.0, "is_braking": false, "is_crash": false, "crash_intensity_g": 0.0, "segment_start_sample": 71518, "segment_end_sample": 71519, "time_str": ""}}, {"type": "Feature", "geometry": {"type": "LineString", "coordinates": [[4.91255072903206, 52.3670833223148], [4.91259759849895, 52.3671286047455]]}, "properties": {"Speed": 0.0, "Speed_display": 13.7, "road_quality": 3, "marker": 0, "trip_id": "604F0_Trip4", "hrot_diff": 0, "sample_diff": 1, "time_diff_s": 0.02, "gps_distance_m": 6.0, "original_speed": "", "wheel_diameter_mm": 711, "braking_intensity": 0.0, "is_braking": false, "is_crash": false, "crash_intensity_g": 0.0, "segment_start_sample": 71574, "segment_end_sample": 71575, "time_str": ""}}, {"type": "Feature", "geometry": {"type": "LineString", "coordinates": [[4.91259759849895, 52.3671286047455], [4.91264032010483, 52.3671757629403]]}, "properties": {"Speed": 0.0, "Speed_display": 13.7, "road_quality": 3, "marker": 0, "trip_id": "604F0_Trip4", "hrot_diff": 0, "sample_diff": 1, "time_diff_s": 0.02, "gps_distance_m": 6.0, "original_speed": "", "wheel_diameter_mm": 711, "braking_intensity": 0.0, "is_braking": false, "is_crash": false, "crash_intensity_g": 0.0, "segment_start_sample": 71600, "segment_end_sample": 71601, "time_str": ""}}, {"type": "Feature", "geometry": {"type": "LineString", "coordinates": [[4.91264032010483, 52.3671757629403], [4.91267811472901, 52.3672174861059]]}, "properties": {"Speed": 0.0, "Speed_display": 13.7, "road_quality": 2, "marker": 0, "trip_id": "604F0_Trip4", "hrot_diff": 0, "sample_diff": 1, "time_diff_s": 0.02, "gps_distance_m": 5.3, "original_speed": "", "wheel_diameter_mm": 711, "braking_intensity": 0.0, "is_braking": false, "is_crash": false, "crash_intensity_g": 0.0, "segment_start_sample": 71651, "segment_end_sample": 71652, "time_str": ""}}, {"type": "Feature", "geometry": {"type": "LineString", "coordinates": [[4.91267811472901, 52.3672174861059], [4.91272121194492, 52.3672618617609]]}, "properties": {"Speed": 0.0, "Speed_display": 13.7, "road_quality": 2, "marker": 0, "trip_id": "604F0_Trip4", "hrot_diff": 0, "sample_diff": 1, "time_diff_s": 0.02, "gps_distance_m": 5.7, "original_speed": "", "wheel_diameter_mm": 711, "braking_intensity": 0.0, "is_braking": false, "is_crash": false, "crash_intensity_g": 0.0, "segment_start_sample": 71679, "segment_end_sample": 71680, "time_str": ""}}, {"type": "Feature", "geometry": {"type": "LineString", "coordinates": [[4.91272121194492, 52.3672618617609], [4.91275711829915, 52.3673084540174]]}, "properties": {"Speed": 0.0, "Speed_display": 13.7, "road_quality": 2, "marker": 0, "trip_id": "604F0_Trip4", "hrot_diff": 0, "sample_diff": 1, "time_diff_s": 0.02, "gps_distance_m": 5.7, "original_speed": "", "wheel_diameter_mm": 711, "braking_intensity": 0.0, "is_braking": false, "is_crash": false, "crash_intensity_g": 0.0, "segment_start_sample": 71739, "segment_end_sample": 71740, "time_str": ""}}, {"type": "Feature", "geometry": {"type": "LineString", "coordinates": [[4.91275711829915, 52.3673084540174], [4.91283594550873, 52.3673983545642]]}, "properties": {"Speed": 0.0, "Speed_display": 14.4, "road_quality": 2, "marker": 0, "trip_id": "604F0_Trip4", "hrot_diff": 0, "sample_diff": 1, "time_diff_s": 0.02, "gps_distance_m": 11.3, "original_speed": "", "wheel_diameter_mm": 711, "braking_intensity": 0.0, "is_braking": false, "is_crash": false, "crash_intensity_g": 0.0, "segment_start_sample": 71855, "segment_end_sample": 71856, "time_str": ""}}, {"type": "Feature", "geometry": {"type": "LineString", "coordinates": [[4.91283594550873, 52.3673983545642], [4.91362642793083, 52.36840114203]]}, "properties": {"Speed": 0.0, "Speed_display": 14.4, "road_quality": 2, "marker": 0, "trip_id": "604F0_Trip4", "hrot_diff": 0, "sample_diff": 1, "time_diff_s": 0.02, "gps_distance_m": 123.7, "original_speed": "", "wheel_diameter_mm": 711, "braking_intensity": 0.0, "is_braking": false, "is_crash": false, "crash_intensity_g": 0.0, "segment_start_sample": 72949, "segment_end_sample": 72950, "time_str": ""}}, {"type": "Feature", "geometry": {"type": "LineString", "coordinates": [[4.91362642793083, 52.36840114203], [4.91366530201916, 52.3684473104303]]}, "properties": {"Speed": 0.0, "Speed_display": 14.4, "road_quality": 2, "marker": 0, "trip_id": "604F0_Trip4", "hrot_diff": 0, "sample_diff": 1, "time_diff_s": 0.02, "gps_distance_m": 5.8, "original_speed": "", "wheel_diameter_mm": 711, "braking_intensity": 0.0, "is_braking": false, "is_crash": false, "crash_intensity_g": 0.0, "segment_start_sample": 73025, "segment_end_sample": 73026, "time_str": ""}}, {"type": "Feature", "geometry": {"type": "LineString", "coordinates": [[4.91366530201916, 52.3684473104303], [4.91382338322227, 52.3686152563919]]}, "properties": {"Speed": 0.0, "Speed_display": 14.0, "road_quality": 3, "marker": 0, "trip_id": "604F0_Trip4", "hrot_diff": 0, "sample_diff": 1, "time_diff_s": 0.02, "gps_distance_m": 21.5, "original_speed": "", "wheel_diameter_mm": 711, "braking_intensity": 0.0, "is_braking": false, "is_crash": false, "crash_intensity_g": 0.0, "segment_start_sample": 73238, "segment_end_sample": 73239, "time_str": ""}}, {"type": "Feature", "geometry": {"type": "LineString", "coordinates": [[4.91382338322227, 52.3686152563919], [4.91399339958509, 52.3687917088686]]}, "properties": {"Speed": 0.0, "Speed_display": 10.8, "road_quality": 3, "marker": 0, "trip_id": "604F0_Trip4", "hrot_diff": 0, "sample_diff": 1, "time_diff_s": 0.02, "gps_distance_m": 22.8, "original_speed": "", "wheel_diameter_mm": 711, "braking_intensity": 0.0, "is_braking": false, "is_crash": false, "crash_intensity_g": 0.0, "segment_start_sample": 73580, "segment_end_sample": 73581, "time_str": ""}}, {"type": "Feature", "geometry": {"type": "LineString", "coordinates": [[4.91399339958509, 52.3687917088686], [4.91401436473807, 52.3688201535209]]}, "properties": {"Speed": 0.0, "Speed_display": 10.1, "road_quality": 3, "marker": 0, "trip_id": "604F0_Trip4", "hrot_diff": 0, "sample_diff": 1, "time_diff_s": 0.02, "gps_distance_m": 3.5, "original_speed": "", "wheel_diameter_mm": 711, "braking_intensity": 0.0, "is_braking": false, "is_crash": false, "crash_intensity_g": 0.0, "segment_start_sample": 73600, "segment_end_sample": 73601, "time_str": ""}}, {"type": "Feature", "geometry": {"type": "LineString", "coordinates": [[4.91401436473807, 52.3688201535209], [4.91402060747909, 52.3688407380968]]}, "properties": {"Speed": 0.0, "Speed_display": 8.6, "road_quality": 3, "marker": 0, "trip_id": "604F0_Trip4", "hrot_diff": 0, "sample_diff": 1, "time_diff_s": 0.02, "gps_distance_m": 2.3, "original_speed": "", "wheel_diameter_mm": 711, "braking_intensity": 0.0, "is_braking": false, "is_crash": false, "crash_intensity_g": 0.0, "segment_start_sample": 73653, "segment_end_sample": 73654, "time_str": ""}}, {"type": "Feature", "geometry": {"type": "LineString", "coordinates": [[4.91402060747909, 52.3688407380968], [4.91394573242531, 52.3688729261078]]}, "properties": {"Speed": 0.0, "Speed_display": 9.4, "road_quality": 3, "marker": 0, "trip_id": "604F0_Trip4", "hrot_diff": 0, "sample_diff": 1, "time_diff_s": 0.02, "gps_distance_m": 6.2, "original_speed": "", "wheel_diameter_mm": 711, "braking_intensity": 0.0, "is_braking": false, "is_crash": false, "crash_intensity_g": 0.0, "segment_start_sample": 73688, "segment_end_sample": 73689, "time_str": ""}}, {"type": "Feature", "geometry": {"type": "LineString", "coordinates": [[4.91394573242531, 52.3688729261078], [4.91388748564919, 52.368887708876]]}, "properties": {"Speed": 0.0, "Speed_display": 10.1, "road_quality": 3, "marker": 0, "trip_id": "604F0_Trip4", "hrot_diff": 0, "sample_diff": 1, "time_diff_s": 0.02, "gps_distance_m": 4.3, "original_speed": "", "wheel_diameter_mm": 711, "braking_intensity": 0.0, "is_braking": false, "is_crash": false, "crash_intensity_g": 0.0, "segment_start_sample": 73738, "segment_end_sample": 73739, "time_str": ""}}, {"type": "Feature", "geometry": {"type": "LineString", "coordinates": [[4.91388748564919, 52.368887708876], [4.91380822484131, 52.3689112671612]]}, "properties": {"Speed": 0.0, "Speed_display": 13.0, "road_quality": 3, "marker": 0, "trip_id": "604F0_Trip4", "hrot_diff": 0, "sample_diff": 1, "time_diff_s": 0.02, "gps_distance_m": 6.0, "original_speed": "", "wheel_diameter_mm": 711, "braking_intensity": 0.0, "is_braking": false, "is_crash": false, "crash_intensity_g": 0.0, "segment_start_sample": 73813, "segment_end_sample": 73814, "time_str": ""}}, {"type": "Feature", "geometry": {"type": "LineString", "coordinates": [[4.91380822484131, 52.3689112671612], [4.91374036007685, 52.3689391660424]]}, "properties": {"Speed": 0.0, "Speed_display": 13.7, "road_quality": 3, "marker": 0, "trip_id": "604F0_Trip4", "hrot_diff": 0, "sample_diff": 1, "time_diff_s": 0.02, "gps_distance_m": 5.6, "original_speed": "", "wheel_diameter_mm": 711, "braking_intensity": 0.0, "is_braking": false, "is_crash": false, "crash_intensity_g": 0.0, "segment_start_sample": 73843, "segment_end_sample": 73844, "time_str": ""}}, {"type": "Feature", "geometry": {"type": "LineString", "coordinates": [[4.91374036007685, 52.3689391660424], [4.91365280200928, 52.3689708338459]]}, "properties": {"Speed": 0.0, "Speed_display": 15.8, "road_quality": 2, "marker": 0, "trip_id": "604F0_Trip4", "hrot_diff": 0, "sample_diff": 1, "time_diff_s": 0.02, "gps_distance_m": 6.9, "original_speed": "", "wheel_diameter_mm": 711, "braking_intensity": 0.0, "is_braking": false, "is_crash": false, "crash_intensity_g": 0.0, "segment_start_sample": 73925, "segment_end_sample": 73926, "time_str": ""}}, {"type": "Feature", "geometry": {"type": "LineString", "coordinates": [[4.91365280200928, 52.3689708338459], [4.91227025058513, 52.3695018109597]]}, "properties": {"Speed": 0.0, "Speed_display": 9.4, "road_quality": 3, "marker": 0, "trip_id": "604F0_Trip4", "hrot_diff": 0, "sample_diff": 1, "time_diff_s": 0.02, "gps_distance_m": 110.9, "original_speed": "", "wheel_diameter_mm": 711, "braking_intensity": 0.0, "is_braking": false, "is_crash": false, "crash_intensity_g": 0.0, "segment_start_sample": 74917, "segment_end_sample": 74918, "time_str": ""}}, {"type": "Feature", "geometry": {"type": "LineString", "coordinates": [[4.91227025058513, 52.3695018109597], [4.91230441622071, 52.3695250338655]]}, "properties": {"Speed": 0.0, "Speed_display": 7.9, "road_quality": 3, "marker": 0, "trip_id": "604F0_Trip4", "hrot_diff": 0, "sample_diff": 1, "time_diff_s": 0.02, "gps_distance_m": 3.5, "original_speed": "", "wheel_diameter_mm": 711, "braking_intensity": 0.0, "is_braking": false, "is_crash": false, "crash_intensity_g": 0.0, "segment_start_sample": 74947, "segment_end_sample": 74948, "time_str": ""}}, {"type": "Feature", "geometry": {"type": "LineString", "coordinates": [[4.91230441622071, 52.3695250338655], [4.9123287025463, 52.3695428758299]]}, "properties": {"Speed": 0.0, "Speed_display": 6.5, "road_quality": 3, "marker": 0, "trip_id": "604F0_Trip4", "hrot_diff": 0, "sample_diff": 1, "time_diff_s": 0.02, "gps_distance_m": 2.6, "original_speed": "", "wheel_diameter_mm": 711, "braking_intensity": 0.0, "is_braking": false, "is_crash": false, "crash_intensity_g": 0.0, "segment_start_sample": 74997, "segment_end_sample": 74998, "time_str": ""}}, {"type": "Feature", "geometry": {"type": "LineString", "coordinates": [[4.9123287025463, 52.3695428758299], [4.91231401167492, 52.3695445569988]]}, "properties": {"Speed": 0.0, "Speed_display": 3.6, "road_quality": 3, "marker": 0, "trip_id": "604F0_Trip4", "hrot_diff": 0, "sample_diff": 1, "time_diff_s": 0.02, "gps_distance_m": 1.0, "original_speed": "", "wheel_diameter_mm": 711, "braking_intensity": 0.0, "is_braking": false, "is_crash": false, "crash_intensity_g": 0.0, "segment_start_sample": 75045, "segment_end_sample": 75046, "time_str": ""}}, {"type": "Feature", "geometry": {"type": "LineString", "coordinates": [[4.91231401167492, 52.3695445569988], [4.91233444941987, 52.3695550608026]]}, "properties": {"Speed": 0.0, "Speed_display": 3.6, "road_quality": 3, "marker": 0, "trip_id": "604F0_Trip4", "hrot_diff": 0, "sample_diff": 1, "time_diff_s": 0.02, "gps_distance_m": 1.8, "original_speed": "", "wheel_diameter_mm": 711, "braking_intensity": 0.0, "is_braking": false, "is_crash": false, "crash_intensity_g": 0.0, "segment_start_sample": 75089, "segment_end_sample": 75090, "time_str": ""}}, {"type": "Feature", "geometry": {"type": "LineString", "coordinates": [[4.91233444941987, 52.3695550608026], [4.91237327253787, 52.3696053452812]]}, "properties": {"Speed": 0.0, "Speed_display": 7.9, "road_quality": 3, "marker": 0, "trip_id": "604F0_Trip4", "hrot_diff": 0, "sample_diff": 1, "time_diff_s": 0.02, "gps_distance_m": 6.2, "original_speed": "", "wheel_diameter_mm": 711, "braking_intensity": 0.0, "is_braking": false, "is_crash": false, "crash_intensity_g": 0.0, "segment_start_sample": 75144, "segment_end_sample": 75145, "time_str": ""}}, {"type": "Feature", "geometry": {"type": "LineString", "coordinates": [[4.91237327253787, 52.3696053452812], [4.91242455395014, 52.3696393034702]]}, "properties": {"Speed": 0.0, "Speed_display": 10.1, "road_quality": 3, "marker": 0, "trip_id": "604F0_Trip4", "hrot_diff": 0, "sample_diff": 1, "time_diff_s": 0.02, "gps_distance_m": 5.1, "original_speed": "", "wheel_diameter_mm": 711, "braking_intensity": 0.0, "is_braking": false, "is_crash": false, "crash_intensity_g": 0.0, "segment_start_sample": 75189, "segment_end_sample": 75190, "time_str": ""}}, {"type": "Feature", "geometry": {"type": "LineString", "coordinates": [[4.91242455395014, 52.3696393034702], [4.91246737878095, 52.3696826073673]]}, "properties": {"Speed": 0.0, "Speed_display": 12.2, "road_quality": 2, "marker": 0, "trip_id": "604F0_Trip4", "hrot_diff": 0, "sample_diff": 1, "time_diff_s": 0.02, "gps_distance_m": 5.6, "original_speed": "", "wheel_diameter_mm": 711, "braking_intensity": 0.0, "is_braking": false, "is_crash": false, "crash_intensity_g": 0.0, "segment_start_sample": 75241, "segment_end_sample": 75242, "time_str": ""}}, {"type": "Feature", "geometry": {"type": "LineString", "coordinates": [[4.91246737878095, 52.3696826073673], [4.91250922014101, 52.3697278587079]]}, "properties": {"Speed": 0.0, "Speed_display": 12.2, "road_quality": 2, "marker": 0, "trip_id": "604F0_Trip4", "hrot_diff": 0, "sample_diff": 1, "time_diff_s": 0.02, "gps_distance_m": 5.8, "original_speed": "", "wheel_diameter_mm": 711, "braking_intensity": 0.0, "is_braking": false, "is_crash": false, "crash_intensity_g": 0.0, "segment_start_sample": 75298, "segment_end_sample": 75299, "time_str": ""}}, {"type": "Feature", "geometry": {"type": "LineString", "coordinates": [[4.91250922014101, 52.3697278587079], [4.91250608947124, 52.369775526916]]}, "properties": {"Speed": 0.0, "Speed_display": 12.2, "road_quality": 2, "marker": 0, "trip_id": "604F0_Trip4", "hrot_diff": 0, "sample_diff": 1, "time_diff_s": 0.02, "gps_distance_m": 5.3, "original_speed": "", "wheel_diameter_mm": 711, "braking_intensity": 0.0, "is_braking": false, "is_crash": false, "crash_intensity_g": 0.0, "segment_start_sample": 75330, "segment_end_sample": 75331, "time_str": ""}}, {"type": "Feature", "geometry": {"type": "LineString", "coordinates": [[4.91250608947124, 52.369775526916], [4.91247704741644, 52.3698239316972]]}, "properties": {"Speed": 0.0, "Speed_display": 13.0, "road_quality": 2, "marker": 0, "trip_id": "604F0_Trip4", "hrot_diff": 0, "sample_diff": 1, "time_diff_s": 0.02, "gps_distance_m": 5.7, "original_speed": "", "wheel_diameter_mm": 711, "braking_intensity": 0.0, "is_braking": false, "is_crash": false, "crash_intensity_g": 0.0, "segment_start_sample": 75392, "segment_end_sample": 75393, "time_str": ""}}, {"type": "Feature", "geometry": {"type": "LineString", "coordinates": [[4.91247704741644, 52.3698239316972], [4.91242683907588, 52.3698653213488]]}, "properties": {"Speed": 0.0, "Speed_display": 13.7, "road_quality": 2, "marker": 0, "trip_id": "604F0_Trip4", "hrot_diff": 0, "sample_diff": 1, "time_diff_s": 0.02, "gps_distance_m": 5.7, "original_speed": "", "wheel_diameter_mm": 711, "braking_intensity": 0.0, "is_braking": false, "is_crash": false, "crash_intensity_g": 0.0, "segment_start_sample": 75463, "segment_end_sample": 75464, "time_str": ""}}, {"type": "Feature", "geometry": {"type": "LineString", "coordinates": [[4.91242683907588, 52.3698653213488], [4.91237478967911, 52.3699089942569]]}, "properties": {"Speed": 0.0, "Speed_display": 13.7, "road_quality": 2, "marker": 0, "trip_id": "604F0_Trip4", "hrot_diff": 0, "sample_diff": 1, "time_diff_s": 0.02, "gps_distance_m": 6.0, "original_speed": "", "wheel_diameter_mm": 711, "braking_intensity": 0.0, "is_braking": false, "is_crash": false, "crash_intensity_g": 0.0, "segment_start_sample": 75497, "segment_end_sample": 75498, "time_str": ""}}, {"type": "Feature", "geometry": {"type": "LineString", "coordinates": [[4.91237478967911, 52.3699089942569], [4.91230992027133, 52.3699541248585]]}, "properties": {"Speed": 0.0, "Speed_display": 15.1, "road_quality": 3, "marker": 0, "trip_id": "604F0_Trip4", "hrot_diff": 0, "sample_diff": 1, "time_diff_s": 0.02, "gps_distance_m": 6.7, "original_speed": "", "wheel_diameter_mm": 711, "braking_intensity": 0.0, "is_braking": false, "is_crash": false, "crash_intensity_g": 0.0, "segment_start_sample": 75578, "segment_end_sample": 75579, "time_str": ""}}, {"type": "Feature", "geometry": {"type": "LineString", "coordinates": [[4.91230992027133, 52.3699541248585], [4.91195529002827, 52.3701859891481]]}, "properties": {"Speed": 0.0, "Speed_display": 7.9, "road_quality": 3, "marker": 0, "trip_id": "604F0_Trip4", "hrot_diff": 0, "sample_diff": 1, "time_diff_s": 0.02, "gps_distance_m": 35.3, "original_speed": "", "wheel_diameter_mm": 711, "braking_intensity": 0.0, "is_braking": false, "is_crash": false, "crash_intensity_g": 0.0, "segment_start_sample": 75948, "segment_end_sample": 75949, "time_str": ""}}, {"type": "Feature", "geometry": {"type": "LineString", "coordinates": [[4.91195529002827, 52.3701859891481], [4.91201798895656, 52.3701998224447]]}, "properties": {"Speed": 0.0, "Speed_display": 8.6, "road_quality": 3, "marker": 0, "trip_id": "604F0_Trip4", "hrot_diff": 0, "sample_diff": 1, "time_diff_s": 0.02, "gps_distance_m": 4.5, "original_speed": "", "wheel_diameter_mm": 711, "braking_intensity": 0.0, "is_braking": false, "is_crash": false, "crash_intensity_g": 0.0, "segment_start_sample": 75995, "segment_end_sample": 75996, "time_str": ""}}, {"type": "Feature", "geometry": {"type": "LineString", "coordinates": [[4.91201798895656, 52.3701998224447], [4.9120764795576, 52.3702267460305]]}, "properties": {"Speed": 0.0, "Speed_display": 10.8, "road_quality": 3, "marker": 0, "trip_id": "604F0_Trip4", "hrot_diff": 0, "sample_diff": 1, "time_diff_s": 0.02, "gps_distance_m": 5.0, "original_speed": "", "wheel_diameter_mm": 711, "braking_intensity": 0.0, "is_braking": false, "is_crash": false, "crash_intensity_g": 0.0, "segment_start_sample": 76038, "segment_end_sample": 76039, "time_str": ""}}, {"type": "Feature", "geometry": {"type": "LineString", "coordinates": [[4.9120764795576, 52.3702267460305], [4.91212432480341, 52.3702732514139]]}, "properties": {"Speed": 0.0, "Speed_display": 13.0, "road_quality": 3, "marker": 0, "trip_id": "604F0_Trip4", "hrot_diff": 0, "sample_diff": 1, "time_diff_s": 0.02, "gps_distance_m": 6.1, "original_speed": "", "wheel_diameter_mm": 711, "braking_intensity": 0.0, "is_braking": false, "is_crash": false, "crash_intensity_g": 0.0, "segment_start_sample": 76098, "segment_end_sample": 76099, "time_str": ""}}, {"type": "Feature", "geometry": {"type": "LineString", "coordinates": [[4.91212432480341, 52.3702732514139], [4.91218773387177, 52.3703152689638]]}, "properties": {"Speed": 0.0, "Speed_display": 15.1, "road_quality": 3, "marker": 0, "trip_id": "604F0_Trip4", "hrot_diff": 0, "sample_diff": 1, "time_diff_s": 0.02, "gps_distance_m": 6.4, "original_speed": "", "wheel_diameter_mm": 711, "braking_intensity": 0.0, "is_braking": false, "is_crash": false, "crash_intensity_g": 0.0, "segment_start_sample": 76180, "segment_end_sample": 76181, "time_str": ""}}, {"type": "Feature", "geometry": {"type": "LineString", "coordinates": [[4.91218773387177, 52.3703152689638], [4.91506474852342, 52.3710073380306]]}, "properties": {"Speed": 0.0, "Speed_display": 8.6, "road_quality": 2, "marker": 0, "trip_id": "604F0_Trip4", "hrot_diff": 0, "sample_diff": 1, "time_diff_s": 0.02, "gps_distance_m": 209.9, "original_speed": "", "wheel_diameter_mm": 711, "braking_intensity": 0.0, "is_braking": false, "is_crash": false, "crash_intensity_g": 0.0, "segment_start_sample": 78011, "segment_end_sample": 78012, "time_str": ""}}, {"type": "Feature", "geometry": {"type": "LineString", "coordinates": [[4.91506474852342, 52.3710073380306], [4.9151000921868, 52.3710090840625]]}, "properties": {"Speed": 0.0, "Speed_display": 7.2, "road_quality": 2, "marker": 0, "trip_id": "604F0_Trip4", "hrot_diff": 0, "sample_diff": 1, "time_diff_s": 0.02, "gps_distance_m": 2.4, "original_speed": "", "wheel_diameter_mm": 711, "braking_intensity": 0.0, "is_braking": false, "is_crash": false, "crash_intensity_g": 0.0, "segment_start_sample": 78035, "segment_end_sample": 78036, "time_str": ""}}, {"type": "Feature", "geometry": {"type": "LineString", "coordinates": [[4.9151000921868, 52.3710090840625], [4.91512616480802, 52.3710120111599]]}, "properties": {"Speed": 0.0, "Speed_display": 5.8, "road_quality": 2, "marker": 0, "trip_id": "604F0_Trip4", "hrot_diff": 0, "sample_diff": 1, "time_diff_s": 0.02, "gps_distance_m": 1.8, "original_speed": "", "wheel_diameter_mm": 711, "braking_intensity": 0.0, "is_braking": false, "is_crash": false, "crash_intensity_g": 0.0, "segment_start_sample": 78081, "segment_end_sample": 78082, "time_str": ""}}, {"type": "Feature", "geometry": {"type": "LineString", "coordinates": [[4.91512616480802, 52.3710120111599], [4.91515836608438, 52.3710295806649]]}, "properties": {"Speed": 0.0, "Speed_display": 2.9, "road_quality": 3, "marker": 0, "trip_id": "604F0_Trip4", "hrot_diff": 0, "sample_diff": 1, "time_diff_s": 0.02, "gps_distance_m": 2.9, "original_speed": "", "wheel_diameter_mm": 711, "braking_intensity": 0.0, "is_braking": false, "is_crash": false, "crash_intensity_g": 0.0, "segment_start_sample": 78587, "segment_end_sample": 78588, "time_str": ""}}, {"type": "Feature", "geometry": {"type": "LineString", "coordinates": [[4.91515836608438, 52.3710295806649], [4.91518331090571, 52.3710417268809]]}, "properties": {"Speed": 0.0, "Speed_display": 4.3, "road_quality": 3, "marker": 0, "trip_id": "604F0_Trip4", "hrot_diff": 0, "sample_diff": 1, "time_diff_s": 0.02, "gps_distance_m": 2.2, "original_speed": "", "wheel_diameter_mm": 711, "braking_intensity": 0.0, "is_braking": false, "is_crash": false, "crash_intensity_g": 0.0, "segment_start_sample": 78639, "segment_end_sample": 78640, "time_str": ""}}, {"type": "Feature", "geometry": {"type": "LineString", "coordinates": [[4.91518331090571, 52.3710417268809], [4.91522088376224, 52.37105678281]]}, "properties": {"Speed": 0.0, "Speed_display": 6.5, "road_quality": 3, "marker": 0, "trip_id": "604F0_Trip4", "hrot_diff": 0, "sample_diff": 1, "time_diff_s": 0.02, "gps_distance_m": 3.1, "original_speed": "", "wheel_diameter_mm": 711, "braking_intensity": 0.0, "is_braking": false, "is_crash": false, "crash_intensity_g": 0.0, "segment_start_sample": 78694, "segment_end_sample": 78695, "time_str": ""}}, {"type": "Feature", "geometry": {"type": "LineString", "coordinates": [[4.91522088376224, 52.37105678281], [4.91527630691904, 52.3710789422136]]}, "properties": {"Speed": 0.0, "Speed_display": 9.4, "road_quality": 3, "marker": 0, "trip_id": "604F0_Trip4", "hrot_diff": 0, "sample_diff": 1, "time_diff_s": 0.02, "gps_distance_m": 4.5, "original_speed": "", "wheel_diameter_mm": 711, "braking_intensity": 0.0, "is_braking": false, "is_crash": false, "crash_intensity_g": 0.0, "segment_start_sample": 78729, "segment_end_sample": 78730, "time_str": ""}}, {"type": "Feature", "geometry": {"type": "LineString", "coordinates": [[4.91527630691904, 52.3710789422136], [4.91533820187108, 52.3711080120478]]}, "properties": {"Speed": 0.0, "Speed_display": 12.2, "road_quality": 3, "marker": 0, "trip_id": "604F0_Trip4", "hrot_diff": 0, "sample_diff": 1, "time_diff_s": 0.02, "gps_distance_m": 5.3, "original_speed": "", "wheel_diameter_mm": 711, "braking_intensity": 0.0, "is_braking": false, "is_crash": false, "crash_intensity_g": 0.0, "segment_start_sample": 78787, "segment_end_sample": 78788, "time_str": ""}}, {"type": "Feature", "geometry": {"type": "LineString", "coordinates": [[4.91533820187108, 52.3711080120478], [4.91539401135946, 52.3711336787989]]}, "properties": {"Speed": 0.0, "Speed_display": 12.2, "road_quality": 3, "marker": 0, "trip_id": "604F0_Trip4", "hrot_diff": 0, "sample_diff": 1, "time_diff_s": 0.02, "gps_distance_m": 4.7, "original_speed": "", "wheel_diameter_mm": 711, "braking_intensity": 0.0, "is_braking": false, "is_crash": false, "crash_intensity_g": 0.0, "segment_start_sample": 78831, "segment_end_sample": 78832, "time_str": ""}}, {"type": "Feature", "geometry": {"type": "LineString", "coordinates": [[4.91539401135946, 52.3711336787989], [4.91545849041633, 52.3711590713638]]}, "properties": {"Speed": 0.0, "Speed_display": 13.0, "road_quality": 3, "marker": 0, "trip_id": "604F0_Trip4", "hrot_diff": 0, "sample_diff": 1, "time_diff_s": 0.02, "gps_distance_m": 5.2, "original_speed": "", "wheel_diameter_mm": 711, "braking_intensity": 0.0, "is_braking": false, "is_crash": false, "crash_intensity_g": 0.0, "segment_start_sample": 78875, "segment_end_sample": 78876, "time_str": ""}}, {"type": "Feature", "geometry": {"type": "LineString", "coordinates": [[4.91545849041633, 52.3711590713638], [4.91553418552779, 52.3711952647037]]}, "properties": {"Speed": 0.0, "Speed_display": 15.1, "road_quality": 3, "marker": 0, "trip_id": "604F0_Trip4", "hrot_diff": 0, "sample_diff": 1, "time_diff_s": 0.02, "gps_distance_m": 6.5, "original_speed": "", "wheel_diameter_mm": 711, "braking_intensity": 0.0, "is_braking": false, "is_crash": false, "crash_intensity_g": 0.0, "segment_start_sample": 78958, "segment_end_sample": 78959, "time_str": ""}}]}