{
  "type": "FeatureCollection",
  "features": [
    {
      "type": "Feature",
      "geometry": {
        "type": "LineString",
        "coordinates": [
          [
            4.95542678091802,
            52.339916837424
          ],
          [
            4.95542678091802,
            52.339916837424
          ]
        ]
      },
      "properties": {
        "marker": "9",
        "Acc Y (g)": "-0.674",
        "HRot Count": "2",
        "Speed": "26",
        "Samples": "1873",
        "Heading GPS (dg)": "205",
        "Speed GPS": "4",
        "Accuracy GPS": "20",
        "Altitude GPS": "2",
        "GNSS Timestamp": "2026-05-06 08:08:47.999000+00:00",
        "HH:mm:ss": "10:08:47",
        "SSS": "542",
        "trip_id": "602DE_Trip8",
        "timestamp": "2026-05-06 08:08:47.999000+00:00"
      }
    },
    {
      "type": "Feature",
      "geometry": {
        "type": "LineString",
        "coordinates": [
          [
            4.95542678091802,
            52.339916837424
          ],
          [
            4.95542678091802,
            52.339916837424
          ]
        ]
      },
      "properties": {
        "marker": "",
        "Acc Y (g)": "-0.596",
        "HRot Count": "",
        "Speed": "",
        "Samples": "1874",
        "Heading GPS (dg)": "",
        "Speed GPS": "",
        "Accuracy GPS": "",
        "Altitude GPS": "",
        "GNSS Timestamp": "",
        "HH:mm:ss": "",
        "SSS": "",
        "trip_id": "602DE_Trip8"
      }
    },
    {
      "type": "Feature",
      "geometry": {
        "type": "LineString",
        "coordinates": [
          [
            4.95542678091802,
            52.339916837424
          ],
          [
            4.95542678091802,
            52.339916837424
          ]
        ]
      },
      "properties": {
        "marker": "",
        "Acc Y (g)": "-0.634",
        "HRot Count": "",
        "Speed": "",
        "Samples": "1875",
        "Heading GPS (dg)": "",
        "Speed GPS": "",
        "Accuracy GPS": "",
        "Altitude GPS": "",
        "GNSS Timestamp": "",
        "HH:mm:ss": "",
        "SSS": "",
        "trip_id": "602DE_Trip8"
      }
    },
    {
      "type": "Feature",
      "geometry": {
        "type": "LineString",
        "coordinates": [
          [
            4.95542678091802,
            52.339916837424
          ],
          [
            4.95542678091802,
            52.339916837424
          ]
        ]
      },
      "properties": {
        "marker": "",
        "Acc Y (g)": "-0.729",
        "HRot Count": "",
        "Speed": "",
        "Samples": "1876",
        "Heading GPS (dg)": "",
        "Speed GPS": "",
        "Accuracy GPS": "",
        "Altitude GPS": "",
        "GNSS Timestamp": "",
        "HH:mm:ss": "",
        "SSS": "",
        "trip_id": "602DE_Trip8"
      }
    },
    {
      "type": "Feature",
      "geometry": {
        "type": "LineString",
        "coordinates": [
          [
            4.95542678091802,
            52.339916837424
          ],
          [
            4.95542678091802,
            52.339916837424
          ]
        ]
      },
      "properties": {
        "marker": "",
        "Acc Y (g)": "-0.646",
        "HRot Count": "",
        "Speed": "",
        "Samples": "1877",
        "Heading GPS (dg)": "",
        "Speed GPS": "",
        "Accuracy GPS": "",
        "Altitude GPS": "",
        "GNSS Timestamp": "",
        "HH:mm:ss": "",
        "SSS": "",
        "trip_id": "602DE_Trip8"
      }
    },
    {
      "type": "Feature",
      "geometry": {
        "type": "LineString",
        "coordinates": [
          [
            4.95542678091802,
            52.339916837424
          ],
          [
            4.95542678091802,
            52.339916837424
          ]
        ]
      },
      "properties": {
        "marker": "",
        "Acc Y (g)": "-0.522",
        "HRot Count": "",
        "Speed": "",
        "Samples": "1878",
        "Heading GPS (dg)": "",
        "Speed GPS": "",
        "Accuracy GPS": "",
        "Altitude GPS": "",
        "GNSS Timestamp": "",
        "HH:mm:ss": "",
        "SSS": "",
        "trip_id": "602DE_Trip8"
      }
    },
    {
      "type": "Feature",
      "geometry": {
        "type": "LineString",
        "coordinates": [
          [
            4.95542678091802,
            52.339916837424
          ],
          [
            4.95542678091802,
            52.339916837424
          ]
        ]
      },
      "properties": {
        "marker": "",
        "Acc Y (g)": "-0.839",
        "HRot Count": "",
        "Speed": "",
        "Samples": "1879",
        "Heading GPS (dg)": "",
        "Speed GPS": "",
        "Accuracy GPS": "",
        "Altitude GPS": "",
        "GNSS Timestamp": "",
        "HH:mm:ss": "",
        "SSS": "",
        "trip_id": "602DE_Trip8"
      }
    },
    {
      "type": "Feature",
      "geometry": {
        "type": "LineString",
        "coordinates": [
          [
            4.95542678091802,
            52.339916837424
          ],
          [
            4.95542678091802,
            52.339916837424
          ]
        ]
      },
      "properties": {
        "marker": "",
        "Acc Y (g)": "-1.023",
        "HRot Count": "",
        "Speed": "",
        "Samples": "1880",
        "Heading GPS (dg)": "",
        "Speed GPS": "",
        "Accuracy GPS": "",
        "Altitude GPS": "",
        "GNSS Timestamp": "",
        "HH:mm:ss": "",
        "SSS": "",
        "trip_id": "602DE_Trip8"
      }
    },
    {
      "type": "Feature",
      "geometry": {
        "type": "LineString",
        "coordinates": [
          [
            4.95542678091802,
            52.339916837424
          ],
          [
            4.95542678091802,
            52.339916837424
          ]
        ]
      },
      "properties": {
        "marker": "",
        "Acc Y (g)": "-0.883",
        "HRot Count": "",
        "Speed": "",
        "Samples": "1881",
        "Heading GPS (dg)": "",
        "Speed GPS": "",
        "Accuracy GPS": "",
        "Altitude GPS": "",
        "GNSS Timestamp": "",
        "HH:mm:ss": "",
        "SSS": "",
        "trip_id": "602DE_Trip8"
      }
    },
    {
      "type": "Feature",
      "geometry": {
        "type": "LineString",
        "coordinates": [
          [
            4.95542678091802,
            52.339916837424
          ],
          [
            4.95542678091802,
            52.339916837424
          ]
        ]
      },
      "properties": {
        "marker": "",
        "Acc Y (g)": "-1.114",
        "HRot Count": "",
        "Speed": "",
        "Samples": "1882",
        "Heading GPS (dg)": "",
        "Speed GPS": "",
        "Accuracy GPS": "",
        "Altitude GPS": "",
        "GNSS Timestamp": "",
        "HH:mm:ss": "",
        "SSS": "",
        "trip_id": "602DE_Trip8"
      }
    },
    {
      "type": "Feature",
      "geometry": {
        "type": "LineString",
        "coordinates": [
          [
            4.95542678091802,
            52.339916837424
          ],
          [
            4.95542678091802,
            52.339916837424
          ]
        ]
      },
      "properties": {
        "marker": "",
        "Acc Y (g)": "-0.965",
        "HRot Count": "",
        "Speed": "",
        "Samples": "1883",
        "Heading GPS (dg)": "",
        "Speed GPS": "",
        "Accuracy GPS": "",
        "Altitude GPS": "",
        "GNSS Timestamp": "",
        "HH:mm:ss": "",
        "SSS": "",
        "trip_id": "602DE_Trip8"
      }
    },
    {
      "type": "Feature",
      "geometry": {
        "type": "LineString",
        "coordinates": [
          [
            4.95542678091802,
            52.339916837424
          ],
          [
            4.95542678091802,
            52.339916837424
          ]
        ]
      },
      "properties": {
        "marker": "",
        "Acc Y (g)": "-0.861",
        "HRot Count": "",
        "Speed": "",
        "Samples": "1884",
        "Heading GPS (dg)": "",
        "Speed GPS": "",
        "Accuracy GPS": "",
        "Altitude GPS": "",
        "GNSS Timestamp": "",
        "HH:mm:ss": "",
        "SSS": "",
        "trip_id": "602DE_Trip8"
      }
    },
    {
      "type": "Feature",
      "geometry": {
        "type": "LineString",
        "coordinates": [
          [
            4.95542678091802,
            52.339916837424
          ],
          [
            4.95542678091802,
            52.339916837424
          ]
        ]
      },
      "properties": {
        "marker": "",
        "Acc Y (g)": "-1.102",
        "HRot Count": "",
        "Speed": "",
        "Samples": "1885",
        "Heading GPS (dg)": "",
        "Speed GPS": "",
        "Accuracy GPS": "",
        "Altitude GPS": "",
        "GNSS Timestamp": "",
        "HH:mm:ss": "",
        "SSS": "",
        "trip_id": "602DE_Trip8"
      }
    },
    {
      "type": "Feature",
      "geometry": {
        "type": "LineString",
        "coordinates": [
          [
            4.95542678091802,
            52.339916837424
          ],
          [
            4.95542678091802,
            52.339916837424
          ]
        ]
      },
      "properties": {
        "marker": "",
        "Acc Y (g)": "-0.692",
        "HRot Count": "",
        "Speed": "",
        "Samples": "1886",
        "Heading GPS (dg)": "",
        "Speed GPS": "",
        "Accuracy GPS": "",
        "Altitude GPS": "",
        "GNSS Timestamp": "",
        "HH:mm:ss": "",
        "SSS": "",
        "trip_id": "602DE_Trip8"
      }
    },
    {
      "type": "Feature",
      "geometry": {
        "type": "LineString",
        "coordinates": [
          [
            4.95542678091802,
            52.339916837424
          ],
          [
            4.95542678091802,
            52.339916837424
          ]
        ]
      },
      "properties": {
        "marker": "",
        "Acc Y (g)": "-1.380",
        "HRot Count": "",
        "Speed": "",
        "Samples": "1887",
        "Heading GPS (dg)": "",
        "Speed GPS": "",
        "Accuracy GPS": "",
        "Altitude GPS": "",
        "GNSS Timestamp": "",
        "HH:mm:ss": "",
        "SSS": "",
        "trip_id": "602DE_Trip8"
      }
    },
    {
      "type": "Feature",
      "geometry": {
        "type": "LineString",
        "coordinates": [
          [
            4.95542678091802,
            52.339916837424
          ],
          [
            4.95542678091802,
            52.339916837424
          ]
        ]
      },
      "properties": {
        "marker": "",
        "Acc Y (g)": "-1.064",
        "HRot Count": "",
        "Speed": "",
        "Samples": "1888",
        "Heading GPS (dg)": "",
        "Speed GPS": "",
        "Accuracy GPS": "",
        "Altitude GPS": "",
        "GNSS Timestamp": "",
        "HH:mm:ss": "",
        "SSS": "",
        "trip_id": "602DE_Trip8"
      }
    },
    {
      "type": "Feature",
      "geometry": {
        "type": "LineString",
        "coordinates": [
          [
            4.95542678091802,
            52.339916837424
          ],
          [
            4.95542678091802,
            52.339916837424
          ]
        ]
      },
      "properties": {
        "marker": "",
        "Acc Y (g)": "-0.910",
        "HRot Count": "",
        "Speed": "",
        "Samples": "1889",
        "Heading GPS (dg)": "",
        "Speed GPS": "",
        "Accuracy GPS": "",
        "Altitude GPS": "",
        "GNSS Timestamp": "",
        "HH:mm:ss": "",
        "SSS": "",
        "trip_id": "602DE_Trip8"
      }
    },
    {
      "type": "Feature",
      "geometry": {
        "type": "LineString",
        "coordinates": [
          [
            4.95542678091802,
            52.339916837424
          ],
          [
            4.95542678091802,
            52.339916837424
          ]
        ]
      },
      "properties": {
        "marker": "",
        "Acc Y (g)": "-0.766",
        "HRot Count": "",
        "Speed": "",
        "Samples": "1890",
        "Heading GPS (dg)": "",
        "Speed GPS": "",
        "Accuracy GPS": "",
        "Altitude GPS": "",
        "GNSS Timestamp": "",
        "HH:mm:ss": "",
        "SSS": "",
        "trip_id": "602DE_Trip8"
      }
    },
    {
      "type": "Feature",
      "geometry": {
        "type": "LineString",
        "coordinates": [
          [
            4.95542678091802,
            52.339916837424
          ],
          [
            4.95542678091802,
            52.339916837424
          ]
        ]
      },
      "properties": {
        "marker": "",
        "Acc Y (g)": "-0.979",
        "HRot Count": "",
        "Speed": "",
        "Samples": "1891",
        "Heading GPS (dg)": "",
        "Speed GPS": "",
        "Accuracy GPS": "",
        "Altitude GPS": "",
        "GNSS Timestamp": "",
        "HH:mm:ss": "",
        "SSS": "",
        "trip_id": "602DE_Trip8"
      }
    },
    {
      "type": "Feature",
      "geometry": {
        "type": "LineString",
        "coordinates": [
          [
            4.95542678091802,
            52.339916837424
          ],
          [
            4.95542678091802,
            52.339916837424
          ]
        ]
      },
      "properties": {
        "marker": "",
        "Acc Y (g)": "-0.968",
        "HRot Count": "",
        "Speed": "",
        "Samples": "1892",
        "Heading GPS (dg)": "",
        "Speed GPS": "",
        "Accuracy GPS": "",
        "Altitude GPS": "",
        "GNSS Timestamp": "",
        "HH:mm:ss": "",
        "SSS": "",
        "trip_id": "602DE_Trip8"
      }
    },
    {
      "type": "Feature",
      "geometry": {
        "type": "LineString",
        "coordinates": [
          [
            4.95542678091802,
            52.339916837424
          ],
          [
            4.95542678091802,
            52.339916837424
          ]
        ]
      },
      "properties": {
        "marker": "",
        "Acc Y (g)": "-0.751",
        "HRot Count": "",
        "Speed": "",
        "Samples": "1893",
        "Heading GPS (dg)": "",
        "Speed GPS": "",
        "Accuracy GPS": "",
        "Altitude GPS": "",
        "GNSS Timestamp": "",
        "HH:mm:ss": "",
        "SSS": "",
        "trip_id": "602DE_Trip8"
      }
    },
    {
      "type": "Feature",
      "geometry": {
        "type": "LineString",
        "coordinates": [
          [
            4.95542678091802,
            52.339916837424
          ],
          [
            4.95542678091802,
            52.339916837424
          ]
        ]
      },
      "properties": {
        "marker": "",
        "Acc Y (g)": "-0.780",
        "HRot Count": "",
        "Speed": "",
        "Samples": "1894",
        "Heading GPS (dg)": "",
        "Speed GPS": "",
        "Accuracy GPS": "",
        "Altitude GPS": "",
        "GNSS Timestamp": "",
        "HH:mm:ss": "",
        "SSS": "",
        "trip_id": "602DE_Trip8"
      }
    },
    {
      "type": "Feature",
      "geometry": {
        "type": "LineString",
        "coordinates": [
          [
            4.95542678091802,
            52.339916837424
          ],
          [
            4.95542678091802,
            52.339916837424
          ]
        ]
      },
      "properties": {
        "marker": "",
        "Acc Y (g)": "-0.896",
        "HRot Count": "",
        "Speed": "",
        "Samples": "1895",
        "Heading GPS (dg)": "",
        "Speed GPS": "",
        "Accuracy GPS": "",
        "Altitude GPS": "",
        "GNSS Timestamp": "",
        "HH:mm:ss": "",
        "SSS": "",
        "trip_id": "602DE_Trip8"
      }
    },
    {
      "type": "Feature",
      "geometry": {
        "type": "LineString",
        "coordinates": [
          [
            4.95542678091802,
            52.339916837424
          ],
          [
            4.95542678091802,
            52.339916837424
          ]
        ]
      },
      "properties": {
        "marker": "",
        "Acc Y (g)": "-0.687",
        "HRot Count": "",
        "Speed": "",
        "Samples": "1896",
        "Heading GPS (dg)": "",
        "Speed GPS": "",
        "Accuracy GPS": "",
        "Altitude GPS": "",
        "GNSS Timestamp": "",
        "HH:mm:ss": "",
        "SSS": "",
        "trip_id": "602DE_Trip8"
      }
    },
    {
      "type": "Feature",
      "geometry": {
        "type": "LineString",
        "coordinates": [
          [
            4.95542678091802,
            52.339916837424
          ],
          [
            4.95542678091802,
            52.339916837424
          ]
        ]
      },
      "properties": {
        "marker": "",
        "Acc Y (g)": "-0.908",
        "HRot Count": "",
        "Speed": "",
        "Samples": "1897",
        "Heading GPS (dg)": "",
        "Speed GPS": "",
        "Accuracy GPS": "",
        "Altitude GPS": "",
        "GNSS Timestamp": "",
        "HH:mm:ss": "",
        "SSS": "",
        "trip_id": "602DE_Trip8"
      }
    },
    {
      "type": "Feature",
      "geometry": {
        "type": "LineString",
        "coordinates": [
          [
            4.95542678091802,
            52.339916837424
          ],
          [
            4.95542678091802,
            52.339916837424
          ]
        ]
      },
      "properties": {
        "marker": "",
        "Acc Y (g)": "-0.524",
        "HRot Count": "",
        "Speed": "",
        "Samples": "1898",
        "Heading GPS (dg)": "",
        "Speed GPS": "",
        "Accuracy GPS": "",
        "Altitude GPS": "",
        "GNSS Timestamp": "",
        "HH:mm:ss": "",
        "SSS": "",
        "trip_id": "602DE_Trip8"
      }
    },
    {
      "type": "Feature",
      "geometry": {
        "type": "LineString",
        "coordinates": [
          [
            4.95542678091802,
            52.339916837424
          ],
          [
            4.95542678091802,
            52.339916837424
          ]
        ]
      },
      "properties": {
        "marker": "",
        "Acc Y (g)": "-0.497",
        "HRot Count": "",
        "Speed": "",
        "Samples": "1899",
        "Heading GPS (dg)": "",
        "Speed GPS": "",
        "Accuracy GPS": "",
        "Altitude GPS": "",
        "GNSS Timestamp": "",
        "HH:mm:ss": "",
        "SSS": "",
        "trip_id": "602DE_Trip8"
      }
    },
    {
      "type": "Feature",
      "geometry": {
        "type": "LineString",
        "coordinates": [
          [
            4.95542678091802,
            52.339916837424
          ],
          [
            4.95542678091802,
            52.339916837424
          ]
        ]
      },
      "properties": {
        "marker": "",
        "Acc Y (g)": "-0.522",
        "HRot Count": "",
        "Speed": "",
        "Samples": "1900",
        "Heading GPS (dg)": "",
        "Speed GPS": "",
        "Accuracy GPS": "",
        "Altitude GPS": "",
        "GNSS Timestamp": "",
        "HH:mm:ss": "",
        "SSS": "",
        "trip_id": "602DE_Trip8"
      }
    },
    {
      "type": "Feature",
      "geometry": {
        "type": "LineString",
        "coordinates": [
          [
            4.95542678091802,
            52.339916837424
          ],
          [
            4.95542678091802,
            52.339916837424
          ]
        ]
      },
      "properties": {
        "marker": "",
        "Acc Y (g)": "-0.533",
        "HRot Count": "",
        "Speed": "",
        "Samples": "1901",
        "Heading GPS (dg)": "",
        "Speed GPS": "",
        "Accuracy GPS": "",
        "Altitude GPS": "",
        "GNSS Timestamp": "",
        "HH:mm:ss": "",
        "SSS": "",
        "trip_id": "602DE_Trip8"
      }
    },
    {
      "type": "Feature",
      "geometry": {
        "type": "LineString",
        "coordinates": [
          [
            4.95542678091802,
            52.339916837424
          ],
          [
            4.95542678091802,
            52.339916837424
          ]
        ]
      },
      "properties": {
        "marker": "",
        "Acc Y (g)": "-0.172",
        "HRot Count": "",
        "Speed": "",
        "Samples": "1902",
        "Heading GPS (dg)": "",
        "Speed GPS": "",
        "Accuracy GPS": "",
        "Altitude GPS": "",
        "GNSS Timestamp": "",
        "HH:mm:ss": "",
        "SSS": "",
        "trip_id": "602DE_Trip8"
      }
    },
    {
      "type": "Feature",
      "geometry": {
        "type": "LineString",
        "coordinates": [
          [
            4.95542678091802,
            52.339916837424
          ],
          [
            4.95542678091802,
            52.339916837424
          ]
        ]
      },
      "properties": {
        "marker": "",
        "Acc Y (g)": "-0.398",
        "HRot Count": "",
        "Speed": "",
        "Samples": "1903",
        "Heading GPS (dg)": "",
        "Speed GPS": "",
        "Accuracy GPS": "",
        "Altitude GPS": "",
        "GNSS Timestamp": "",
        "HH:mm:ss": "",
        "SSS": "",
        "trip_id": "602DE_Trip8"
      }
    },
    {
      "type": "Feature",
      "geometry": {
        "type": "LineString",
        "coordinates": [
          [
            4.95542678091802,
            52.339916837424
          ],
          [
            4.95542678091802,
            52.339916837424
          ]
        ]
      },
      "properties": {
        "marker": "",
        "Acc Y (g)": "-0.067",
        "HRot Count": "",
        "Speed": "",
        "Samples": "1904",
        "Heading GPS (dg)": "",
        "Speed GPS": "",
        "Accuracy GPS": "",
        "Altitude GPS": "",
        "GNSS Timestamp": "",
        "HH:mm:ss": "",
        "SSS": "",
        "trip_id": "602DE_Trip8"
      }
    },
    {
      "type": "Feature",
      "geometry": {
        "type": "LineString",
        "coordinates": [
          [
            4.95542678091802,
            52.339916837424
          ],
          [
            4.95542678091802,
            52.339916837424
          ]
        ]
      },
      "properties": {
        "marker": "",
        "Acc Y (g)": "-0.271",
        "HRot Count": "",
        "Speed": "",
        "Samples": "1905",
        "Heading GPS (dg)": "",
        "Speed GPS": "",
        "Accuracy GPS": "",
        "Altitude GPS": "",
        "GNSS Timestamp": "",
        "HH:mm:ss": "",
        "SSS": "",
        "trip_id": "602DE_Trip8"
      }
    },
    {
      "type": "Feature",
      "geometry": {
        "type": "LineString",
        "coordinates": [
          [
            4.95542678091802,
            52.339916837424
          ],
          [
            4.95542678091802,
            52.339916837424
          ]
        ]
      },
      "properties": {
        "marker": "",
        "Acc Y (g)": "-0.093",
        "HRot Count": "",
        "Speed": "",
        "Samples": "1906",
        "Heading GPS (dg)": "",
        "Speed GPS": "",
        "Accuracy GPS": "",
        "Altitude GPS": "",
        "GNSS Timestamp": "",
        "HH:mm:ss": "",
        "SSS": "",
        "trip_id": "602DE_Trip8"
      }
    },
    {
      "type": "Feature",
      "geometry": {
        "type": "LineString",
        "coordinates": [
          [
            4.95542678091802,
            52.339916837424
          ],
          [
            4.95542678091802,
            52.339916837424
          ]
        ]
      },
      "properties": {
        "marker": "",
        "Acc Y (g)": "0.073",
        "HRot Count": "",
        "Speed": "",
        "Samples": "1907",
        "Heading GPS (dg)": "",
        "Speed GPS": "",
        "Accuracy GPS": "",
        "Altitude GPS": "",
        "GNSS Timestamp": "",
        "HH:mm:ss": "",
        "SSS": "",
        "trip_id": "602DE_Trip8"
      }
    },
    {
      "type": "Feature",
      "geometry": {
        "type": "LineString",
        "coordinates": [
          [
            4.95542678091802,
            52.339916837424
          ],
          [
            4.95542678091802,
            52.339916837424
          ]
        ]
      },
      "properties": {
        "marker": "",
        "Acc Y (g)": "0.200",
        "HRot Count": "",
        "Speed": "",
        "Samples": "1908",
        "Heading GPS (dg)": "",
        "Speed GPS": "",
        "Accuracy GPS": "",
        "Altitude GPS": "",
        "GNSS Timestamp": "",
        "HH:mm:ss": "",
        "SSS": "",
        "trip_id": "602DE_Trip8"
      }
    },
    {
      "type": "Feature",
      "geometry": {
        "type": "LineString",
        "coordinates": [
          [
            4.95542678091802,
            52.339916837424
          ],
          [
            4.95542678091802,
            52.339916837424
          ]
        ]
      },
      "properties": {
        "marker": "",
        "Acc Y (g)": "0.285",
        "HRot Count": "",
        "Speed": "",
        "Samples": "1909",
        "Heading GPS (dg)": "",
        "Speed GPS": "",
        "Accuracy GPS": "",
        "Altitude GPS": "",
        "GNSS Timestamp": "",
        "HH:mm:ss": "",
        "SSS": "",
        "trip_id": "602DE_Trip8"
      }
    },
    {
      "type": "Feature",
      "geometry": {
        "type": "LineString",
        "coordinates": [
          [
            4.95542678091802,
            52.339916837424
          ],
          [
            4.95542678091802,
            52.339916837424
          ]
        ]
      },
      "properties": {
        "marker": "",
        "Acc Y (g)": "0.375",
        "HRot Count": "",
        "Speed": "",
        "Samples": "1910",
        "Heading GPS (dg)": "",
        "Speed GPS": "",
        "Accuracy GPS": "",
        "Altitude GPS": "",
        "GNSS Timestamp": "",
        "HH:mm:ss": "",
        "SSS": "",
        "trip_id": "602DE_Trip8"
      }
    },
    {
      "type": "Feature",
      "geometry": {
        "type": "LineString",
        "coordinates": [
          [
            4.95542678091802,
            52.339916837424
          ],
          [
            4.95542678091802,
            52.339916837424
          ]
        ]
      },
      "properties": {
        "marker": "",
        "Acc Y (g)": "0.460",
        "HRot Count": "",
        "Speed": "",
        "Samples": "1911",
        "Heading GPS (dg)": "",
        "Speed GPS": "",
        "Accuracy GPS": "",
        "Altitude GPS": "",
        "GNSS Timestamp": "",
        "HH:mm:ss": "",
        "SSS": "",
        "trip_id": "602DE_Trip8"
      }
    },
    {
      "type": "Feature",
      "geometry": {
        "type": "LineString",
        "coordinates": [
          [
            4.95542678091802,
            52.339916837424
          ],
          [
            4.95542678091802,
            52.339916837424
          ]
        ]
      },
      "properties": {
        "marker": "",
        "Acc Y (g)": "0.640",
        "HRot Count": "",
        "Speed": "",
        "Samples": "1912",
        "Heading GPS (dg)": "",
        "Speed GPS": "",
        "Accuracy GPS": "",
        "Altitude GPS": "",
        "GNSS Timestamp": "",
        "HH:mm:ss": "",
        "SSS": "",
        "trip_id": "602DE_Trip8"
      }
    },
    {
      "type": "Feature",
      "geometry": {
        "type": "LineString",
        "coordinates": [
          [
            4.95542678091802,
            52.339916837424
          ],
          [
            4.95542678091802,
            52.339916837424
          ]
        ]
      },
      "properties": {
        "marker": "7",
        "Acc Y (g)": "0.404",
        "HRot Count": "3",
        "Speed": "51",
        "Samples": "1913",
        "Heading GPS (dg)": "205",
        "Speed GPS": "4",
        "Accuracy GPS": "20",
        "Altitude GPS": "2",
        "GNSS Timestamp": "2026-05-06 08:08:47.999000+00:00",
        "HH:mm:ss": "10:08:48",
        "SSS": "351",
        "trip_id": "602DE_Trip8",
        "timestamp": "2026-05-06 08:08:47.999000+00:00"
      }
    },
    {
      "type": "Feature",
      "geometry": {
        "type": "LineString",
        "coordinates": [
          [
            4.95542678091802,
            52.339916837424
          ],
          [
            4.95542678091802,
            52.339916837424
          ]
        ]
      },
      "properties": {
        "marker": "",
        "Acc Y (g)": "0.525",
        "HRot Count": "",
        "Speed": "",
        "Samples": "1914",
        "Heading GPS (dg)": "",
        "Speed GPS": "",
        "Accuracy GPS": "",
        "Altitude GPS": "",
        "GNSS Timestamp": "",
        "HH:mm:ss": "",
        "SSS": "",
        "trip_id": "602DE_Trip8"
      }
    },
    {
      "type": "Feature",
      "geometry": {
        "type": "LineString",
        "coordinates": [
          [
            4.95542678091802,
            52.339916837424
          ],
          [
            4.95542678091802,
            52.339916837424
          ]
        ]
      },
      "properties": {
        "marker": "",
        "Acc Y (g)": "0.840",
        "HRot Count": "",
        "Speed": "",
        "Samples": "1915",
        "Heading GPS (dg)": "",
        "Speed GPS": "",
        "Accuracy GPS": "",
        "Altitude GPS": "",
        "GNSS Timestamp": "",
        "HH:mm:ss": "",
        "SSS": "",
        "trip_id": "602DE_Trip8"
      }
    },
    {
      "type": "Feature",
      "geometry": {
        "type": "LineString",
        "coordinates": [
          [
            4.95542678091802,
            52.339916837424
          ],
          [
            4.95542678091802,
            52.339916837424
          ]
        ]
      },
      "properties": {
        "marker": "",
        "Acc Y (g)": "1.227",
        "HRot Count": "",
        "Speed": "",
        "Samples": "1916",
        "Heading GPS (dg)": "",
        "Speed GPS": "",
        "Accuracy GPS": "",
        "Altitude GPS": "",
        "GNSS Timestamp": "",
        "HH:mm:ss": "",
        "SSS": "",
        "trip_id": "602DE_Trip8"
      }
    },
    {
      "type": "Feature",
      "geometry": {
        "type": "LineString",
        "coordinates": [
          [
            4.95542678091802,
            52.339916837424
          ],
          [
            4.95542678091802,
            52.339916837424
          ]
        ]
      },
      "properties": {
        "marker": "",
        "Acc Y (g)": "1.097",
        "HRot Count": "",
        "Speed": "",
        "Samples": "1917",
        "Heading GPS (dg)": "",
        "Speed GPS": "",
        "Accuracy GPS": "",
        "Altitude GPS": "",
        "GNSS Timestamp": "",
        "HH:mm:ss": "",
        "SSS": "",
        "trip_id": "602DE_Trip8"
      }
    },
    {
      "type": "Feature",
      "geometry": {
        "type": "LineString",
        "coordinates": [
          [
            4.95542678091802,
            52.339916837424
          ],
          [
            4.95542678091802,
            52.339916837424
          ]
        ]
      },
      "properties": {
        "marker": "",
        "Acc Y (g)": "0.845",
        "HRot Count": "",
        "Speed": "",
        "Samples": "1918",
        "Heading GPS (dg)": "",
        "Speed GPS": "",
        "Accuracy GPS": "",
        "Altitude GPS": "",
        "GNSS Timestamp": "",
        "HH:mm:ss": "",
        "SSS": "",
        "trip_id": "602DE_Trip8"
      }
    },
    {
      "type": "Feature",
      "geometry": {
        "type": "LineString",
        "coordinates": [
          [
            4.95542678091802,
            52.339916837424
          ],
          [
            4.95542678091802,
            52.339916837424
          ]
        ]
      },
      "properties": {
        "marker": "",
        "Acc Y (g)": "1.080",
        "HRot Count": "",
        "Speed": "",
        "Samples": "1919",
        "Heading GPS (dg)": "",
        "Speed GPS": "",
        "Accuracy GPS": "",
        "Altitude GPS": "",
        "GNSS Timestamp": "",
        "HH:mm:ss": "",
        "SSS": "",
        "trip_id": "602DE_Trip8"
      }
    },
    {
      "type": "Feature",
      "geometry": {
        "type": "LineString",
        "coordinates": [
          [
            4.95542678091802,
            52.339916837424
          ],
          [
            4.95542678091802,
            52.339916837424
          ]
        ]
      },
      "properties": {
        "marker": "",
        "Acc Y (g)": "1.098",
        "HRot Count": "",
        "Speed": "",
        "Samples": "1920",
        "Heading GPS (dg)": "",
        "Speed GPS": "",
        "Accuracy GPS": "",
        "Altitude GPS": "",
        "GNSS Timestamp": "",
        "HH:mm:ss": "",
        "SSS": "",
        "trip_id": "602DE_Trip8"
      }
    },
    {
      "type": "Feature",
      "geometry": {
        "type": "LineString",
        "coordinates": [
          [
            4.95542678091802,
            52.339916837424
          ],
          [
            4.95542678091802,
            52.339916837424
          ]
        ]
      },
      "properties": {
        "marker": "",
        "Acc Y (g)": "0.983",
        "HRot Count": "",
        "Speed": "",
        "Samples": "1921",
        "Heading GPS (dg)": "",
        "Speed GPS": "",
        "Accuracy GPS": "",
        "Altitude GPS": "",
        "GNSS Timestamp": "",
        "HH:mm:ss": "",
        "SSS": "",
        "trip_id": "602DE_Trip8"
      }
    },
    {
      "type": "Feature",
      "geometry": {
        "type": "LineString",
        "coordinates": [
          [
            4.95542678091802,
            52.339916837424
          ],
          [
            4.95542678091802,
            52.339916837424
          ]
        ]
      },
      "properties": {
        "marker": "",
        "Acc Y (g)": "1.018",
        "HRot Count": "",
        "Speed": "",
        "Samples": "1922",
        "Heading GPS (dg)": "",
        "Speed GPS": "",
        "Accuracy GPS": "",
        "Altitude GPS": "",
        "GNSS Timestamp": "",
        "HH:mm:ss": "",
        "SSS": "",
        "trip_id": "602DE_Trip8"
      }
    },
    {
      "type": "Feature",
      "geometry": {
        "type": "LineString",
        "coordinates": [
          [
            4.95542678091802,
            52.339916837424
          ],
          [
            4.95542678091802,
            52.339916837424
          ]
        ]
      },
      "properties": {
        "marker": "",
        "Acc Y (g)": "1.006",
        "HRot Count": "",
        "Speed": "",
        "Samples": "1923",
        "Heading GPS (dg)": "",
        "Speed GPS": "",
        "Accuracy GPS": "",
        "Altitude GPS": "",
        "GNSS Timestamp": "",
        "HH:mm:ss": "",
        "SSS": "",
        "trip_id": "602DE_Trip8"
      }
    },
    {
      "type": "Feature",
      "geometry": {
        "type": "LineString",
        "coordinates": [
          [
            4.95542678091802,
            52.339916837424
          ],
          [
            4.95542678091802,
            52.339916837424
          ]
        ]
      },
      "properties": {
        "marker": "",
        "Acc Y (g)": "0.589",
        "HRot Count": "",
        "Speed": "",
        "Samples": "1924",
        "Heading GPS (dg)": "",
        "Speed GPS": "",
        "Accuracy GPS": "",
        "Altitude GPS": "",
        "GNSS Timestamp": "",
        "HH:mm:ss": "",
        "SSS": "",
        "trip_id": "602DE_Trip8"
      }
    },
    {
      "type": "Feature",
      "geometry": {
        "type": "LineString",
        "coordinates": [
          [
            4.95542678091802,
            52.339916837424
          ],
          [
            4.95542678091802,
            52.339916837424
          ]
        ]
      },
      "properties": {
        "marker": "",
        "Acc Y (g)": "0.956",
        "HRot Count": "",
        "Speed": "",
        "Samples": "1925",
        "Heading GPS (dg)": "",
        "Speed GPS": "",
        "Accuracy GPS": "",
        "Altitude GPS": "",
        "GNSS Timestamp": "",
        "HH:mm:ss": "",
        "SSS": "",
        "trip_id": "602DE_Trip8"
      }
    },
    {
      "type": "Feature",
      "geometry": {
        "type": "LineString",
        "coordinates": [
          [
            4.95542678091802,
            52.339916837424
          ],
          [
            4.95542678091802,
            52.339916837424
          ]
        ]
      },
      "properties": {
        "marker": "",
        "Acc Y (g)": "0.580",
        "HRot Count": "",
        "Speed": "",
        "Samples": "1926",
        "Heading GPS (dg)": "",
        "Speed GPS": "",
        "Accuracy GPS": "",
        "Altitude GPS": "",
        "GNSS Timestamp": "",
        "HH:mm:ss": "",
        "SSS": "",
        "trip_id": "602DE_Trip8"
      }
    },
    {
      "type": "Feature",
      "geometry": {
        "type": "LineString",
        "coordinates": [
          [
            4.95542678091802,
            52.339916837424
          ],
          [
            4.95542678091802,
            52.339916837424
          ]
        ]
      },
      "properties": {
        "marker": "",
        "Acc Y (g)": "0.818",
        "HRot Count": "",
        "Speed": "",
        "Samples": "1927",
        "Heading GPS (dg)": "",
        "Speed GPS": "",
        "Accuracy GPS": "",
        "Altitude GPS": "",
        "GNSS Timestamp": "",
        "HH:mm:ss": "",
        "SSS": "",
        "trip_id": "602DE_Trip8"
      }
    },
    {
      "type": "Feature",
      "geometry": {
        "type": "LineString",
        "coordinates": [
          [
            4.95542678091802,
            52.339916837424
          ],
          [
            4.95542678091802,
            52.339916837424
          ]
        ]
      },
      "properties": {
        "marker": "",
        "Acc Y (g)": "0.646",
        "HRot Count": "",
        "Speed": "",
        "Samples": "1928",
        "Heading GPS (dg)": "",
        "Speed GPS": "",
        "Accuracy GPS": "",
        "Altitude GPS": "",
        "GNSS Timestamp": "",
        "HH:mm:ss": "",
        "SSS": "",
        "trip_id": "602DE_Trip8"
      }
    },
    {
      "type": "Feature",
      "geometry": {
        "type": "LineString",
        "coordinates": [
          [
            4.95542678091802,
            52.339916837424
          ],
          [
            4.95542678091802,
            52.339916837424
          ]
        ]
      },
      "properties": {
        "marker": "",
        "Acc Y (g)": "0.548",
        "HRot Count": "",
        "Speed": "",
        "Samples": "1929",
        "Heading GPS (dg)": "",
        "Speed GPS": "",
        "Accuracy GPS": "",
        "Altitude GPS": "",
        "GNSS Timestamp": "",
        "HH:mm:ss": "",
        "SSS": "",
        "trip_id": "602DE_Trip8"
      }
    },
    {
      "type": "Feature",
      "geometry": {
        "type": "LineString",
        "coordinates": [
          [
            4.95542678091802,
            52.339916837424
          ],
          [
            4.95542678091802,
            52.339916837424
          ]
        ]
      },
      "properties": {
        "marker": "",
        "Acc Y (g)": "0.415",
        "HRot Count": "",
        "Speed": "",
        "Samples": "1930",
        "Heading GPS (dg)": "",
        "Speed GPS": "",
        "Accuracy GPS": "",
        "Altitude GPS": "",
        "GNSS Timestamp": "",
        "HH:mm:ss": "",
        "SSS": "",
        "trip_id": "602DE_Trip8"
      }
    },
    {
      "type": "Feature",
      "geometry": {
        "type": "LineString",
        "coordinates": [
          [
            4.95542678091802,
            52.339916837424
          ],
          [
            4.95542678091802,
            52.339916837424
          ]
        ]
      },
      "properties": {
        "marker": "",
        "Acc Y (g)": "0.273",
        "HRot Count": "",
        "Speed": "",
        "Samples": "1931",
        "Heading GPS (dg)": "",
        "Speed GPS": "",
        "Accuracy GPS": "",
        "Altitude GPS": "",
        "GNSS Timestamp": "",
        "HH:mm:ss": "",
        "SSS": "",
        "trip_id": "602DE_Trip8"
      }
    },
    {
      "type": "Feature",
      "geometry": {
        "type": "LineString",
        "coordinates": [
          [
            4.95542678091802,
            52.339916837424
          ],
          [
            4.95542678091802,
            52.339916837424
          ]
        ]
      },
      "properties": {
        "marker": "",
        "Acc Y (g)": "0.088",
        "HRot Count": "",
        "Speed": "",
        "Samples": "1932",
        "Heading GPS (dg)": "",
        "Speed GPS": "",
        "Accuracy GPS": "",
        "Altitude GPS": "",
        "GNSS Timestamp": "",
        "HH:mm:ss": "",
        "SSS": "",
        "trip_id": "602DE_Trip8"
      }
    },
    {
      "type": "Feature",
      "geometry": {
        "type": "LineString",
        "coordinates": [
          [
            4.95542678091802,
            52.339916837424
          ],
          [
            4.95542678091802,
            52.339916837424
          ]
        ]
      },
      "properties": {
        "marker": "",
        "Acc Y (g)": "0.078",
        "HRot Count": "",
        "Speed": "",
        "Samples": "1933",
        "Heading GPS (dg)": "",
        "Speed GPS": "",
        "Accuracy GPS": "",
        "Altitude GPS": "",
        "GNSS Timestamp": "",
        "HH:mm:ss": "",
        "SSS": "",
        "trip_id": "602DE_Trip8"
      }
    },
    {
      "type": "Feature",
      "geometry": {
        "type": "LineString",
        "coordinates": [
          [
            4.95542678091802,
            52.339916837424
          ],
          [
            4.95542678091802,
            52.339916837424
          ]
        ]
      },
      "properties": {
        "marker": "",
        "Acc Y (g)": "-0.130",
        "HRot Count": "",
        "Speed": "",
        "Samples": "1934",
        "Heading GPS (dg)": "",
        "Speed GPS": "",
        "Accuracy GPS": "",
        "Altitude GPS": "",
        "GNSS Timestamp": "",
        "HH:mm:ss": "",
        "SSS": "",
        "trip_id": "602DE_Trip8"
      }
    },
    {
      "type": "Feature",
      "geometry": {
        "type": "LineString",
        "coordinates": [
          [
            4.95542678091802,
            52.339916837424
          ],
          [
            4.95542678091802,
            52.339916837424
          ]
        ]
      },
      "properties": {
        "marker": "",
        "Acc Y (g)": "-0.084",
        "HRot Count": "",
        "Speed": "",
        "Samples": "1935",
        "Heading GPS (dg)": "",
        "Speed GPS": "",
        "Accuracy GPS": "",
        "Altitude GPS": "",
        "GNSS Timestamp": "",
        "HH:mm:ss": "",
        "SSS": "",
        "trip_id": "602DE_Trip8"
      }
    },
    {
      "type": "Feature",
      "geometry": {
        "type": "LineString",
        "coordinates": [
          [
            4.95542678091802,
            52.339916837424
          ],
          [
            4.95542678091802,
            52.339916837424
          ]
        ]
      },
      "properties": {
        "marker": "",
        "Acc Y (g)": "-0.314",
        "HRot Count": "",
        "Speed": "",
        "Samples": "1936",
        "Heading GPS (dg)": "",
        "Speed GPS": "",
        "Accuracy GPS": "",
        "Altitude GPS": "",
        "GNSS Timestamp": "",
        "HH:mm:ss": "",
        "SSS": "",
        "trip_id": "602DE_Trip8"
      }
    },
    {
      "type": "Feature",
      "geometry": {
        "type": "LineString",
        "coordinates": [
          [
            4.95542678091802,
            52.339916837424
          ],
          [
            4.95542678091802,
            52.339916837424
          ]
        ]
      },
      "properties": {
        "marker": "",
        "Acc Y (g)": "-0.389",
        "HRot Count": "",
        "Speed": "",
        "Samples": "1937",
        "Heading GPS (dg)": "",
        "Speed GPS": "",
        "Accuracy GPS": "",
        "Altitude GPS": "",
        "GNSS Timestamp": "",
        "HH:mm:ss": "",
        "SSS": "",
        "trip_id": "602DE_Trip8"
      }
    },
    {
      "type": "Feature",
      "geometry": {
        "type": "LineString",
        "coordinates": [
          [
            4.95542678091802,
            52.339916837424
          ],
          [
            4.95543214858744,
            52.3399071634404
          ]
        ]
      },
      "properties": {
        "marker": "",
        "Acc Y (g)": "-0.588",
        "HRot Count": "",
        "Speed": "",
        "Samples": "1938",
        "Heading GPS (dg)": "",
        "Speed GPS": "",
        "Accuracy GPS": "",
        "Altitude GPS": "",
        "GNSS Timestamp": "",
        "HH:mm:ss": "",
        "SSS": "",
        "trip_id": "602DE_Trip8"
      }
    },
    {
      "type": "Feature",
      "geometry": {
        "type": "LineString",
        "coordinates": [
          [
            4.95543214858744,
            52.3399071634404
          ],
          [
            4.95543214858744,
            52.3399071634404
          ]
        ]
      },
      "properties": {
        "marker": "7",
        "Acc Y (g)": "-0.743",
        "HRot Count": "4",
        "Speed": "704",
        "Samples": "1939",
        "Heading GPS (dg)": "176",
        "Speed GPS": "4",
        "Accuracy GPS": "20",
        "Altitude GPS": "2",
        "GNSS Timestamp": "2026-05-06 08:08:48.999000+00:00",
        "HH:mm:ss": "10:08:48",
        "SSS": "753",
        "trip_id": "602DE_Trip8",
        "timestamp": "2026-05-06 08:08:48.999000+00:00"
      }
    },
    {
      "type": "Feature",
      "geometry": {
        "type": "LineString",
        "coordinates": [
          [
            4.95543214858744,
            52.3399071634404
          ],
          [
            4.95543214858744,
            52.3399071634404
          ]
        ]
      },
      "properties": {
        "marker": "",
        "Acc Y (g)": "-0.873",
        "HRot Count": "",
        "Speed": "",
        "Samples": "1940",
        "Heading GPS (dg)": "",
        "Speed GPS": "",
        "Accuracy GPS": "",
        "Altitude GPS": "",
        "GNSS Timestamp": "",
        "HH:mm:ss": "",
        "SSS": "",
        "trip_id": "602DE_Trip8"
      }
    },
    {
      "type": "Feature",
      "geometry": {
        "type": "LineString",
        "coordinates": [
          [
            4.95543214858744,
            52.3399071634404
          ],
          [
            4.95543214858744,
            52.3399071634404
          ]
        ]
      },
      "properties": {
        "marker": "",
        "Acc Y (g)": "-1.136",
        "HRot Count": "",
        "Speed": "",
        "Samples": "1941",
        "Heading GPS (dg)": "",
        "Speed GPS": "",
        "Accuracy GPS": "",
        "Altitude GPS": "",
        "GNSS Timestamp": "",
        "HH:mm:ss": "",
        "SSS": "",
        "trip_id": "602DE_Trip8"
      }
    },
    {
      "type": "Feature",
      "geometry": {
        "type": "LineString",
        "coordinates": [
          [
            4.95543214858744,
            52.3399071634404
          ],
          [
            4.95543214858744,
            52.3399071634404
          ]
        ]
      },
      "properties": {
        "marker": "",
        "Acc Y (g)": "-1.044",
        "HRot Count": "",
        "Speed": "",
        "Samples": "1942",
        "Heading GPS (dg)": "",
        "Speed GPS": "",
        "Accuracy GPS": "",
        "Altitude GPS": "",
        "GNSS Timestamp": "",
        "HH:mm:ss": "",
        "SSS": "",
        "trip_id": "602DE_Trip8"
      }
    },
    {
      "type": "Feature",
      "geometry": {
        "type": "LineString",
        "coordinates": [
          [
            4.95543214858744,
            52.3399071634404
          ],
          [
            4.95543214858744,
            52.3399071634404
          ]
        ]
      },
      "properties": {
        "marker": "",
        "Acc Y (g)": "-0.886",
        "HRot Count": "",
        "Speed": "",
        "Samples": "1943",
        "Heading GPS (dg)": "",
        "Speed GPS": "",
        "Accuracy GPS": "",
        "Altitude GPS": "",
        "GNSS Timestamp": "",
        "HH:mm:ss": "",
        "SSS": "",
        "trip_id": "602DE_Trip8"
      }
    },
    {
      "type": "Feature",
      "geometry": {
        "type": "LineString",
        "coordinates": [
          [
            4.95543214858744,
            52.3399071634404
          ],
          [
            4.95543214858744,
            52.3399071634404
          ]
        ]
      },
      "properties": {
        "marker": "",
        "Acc Y (g)": "-1.039",
        "HRot Count": "",
        "Speed": "",
        "Samples": "1944",
        "Heading GPS (dg)": "",
        "Speed GPS": "",
        "Accuracy GPS": "",
        "Altitude GPS": "",
        "GNSS Timestamp": "",
        "HH:mm:ss": "",
        "SSS": "",
        "trip_id": "602DE_Trip8"
      }
    },
    {
      "type": "Feature",
      "geometry": {
        "type": "LineString",
        "coordinates": [
          [
            4.95543214858744,
            52.3399071634404
          ],
          [
            4.95543214858744,
            52.3399071634404
          ]
        ]
      },
      "properties": {
        "marker": "",
        "Acc Y (g)": "-1.098",
        "HRot Count": "",
        "Speed": "",
        "Samples": "1945",
        "Heading GPS (dg)": "",
        "Speed GPS": "",
        "Accuracy GPS": "",
        "Altitude GPS": "",
        "GNSS Timestamp": "",
        "HH:mm:ss": "",
        "SSS": "",
        "trip_id": "602DE_Trip8"
      }
    },
    {
      "type": "Feature",
      "geometry": {
        "type": "LineString",
        "coordinates": [
          [
            4.95543214858744,
            52.3399071634404
          ],
          [
            4.95543214858744,
            52.3399071634404
          ]
        ]
      },
      "properties": {
        "marker": "",
        "Acc Y (g)": "-1.178",
        "HRot Count": "",
        "Speed": "",
        "Samples": "1946",
        "Heading GPS (dg)": "",
        "Speed GPS": "",
        "Accuracy GPS": "",
        "Altitude GPS": "",
        "GNSS Timestamp": "",
        "HH:mm:ss": "",
        "SSS": "",
        "trip_id": "602DE_Trip8"
      }
    },
    {
      "type": "Feature",
      "geometry": {
        "type": "LineString",
        "coordinates": [
          [
            4.95543214858744,
            52.3399071634404
          ],
          [
            4.95543214858744,
            52.3399071634404
          ]
        ]
      },
      "properties": {
        "marker": "",
        "Acc Y (g)": "-1.056",
        "HRot Count": "",
        "Speed": "",
        "Samples": "1947",
        "Heading GPS (dg)": "",
        "Speed GPS": "",
        "Accuracy GPS": "",
        "Altitude GPS": "",
        "GNSS Timestamp": "",
        "HH:mm:ss": "",
        "SSS": "",
        "trip_id": "602DE_Trip8"
      }
    },
    {
      "type": "Feature",
      "geometry": {
        "type": "LineString",
        "coordinates": [
          [
            4.95543214858744,
            52.3399071634404
          ],
          [
            4.95543214858744,
            52.3399071634404
          ]
        ]
      },
      "properties": {
        "marker": "",
        "Acc Y (g)": "-0.777",
        "HRot Count": "",
        "Speed": "",
        "Samples": "1948",
        "Heading GPS (dg)": "",
        "Speed GPS": "",
        "Accuracy GPS": "",
        "Altitude GPS": "",
        "GNSS Timestamp": "",
        "HH:mm:ss": "",
        "SSS": "",
        "trip_id": "602DE_Trip8"
      }
    },
    {
      "type": "Feature",
      "geometry": {
        "type": "LineString",
        "coordinates": [
          [
            4.95543214858744,
            52.3399071634404
          ],
          [
            4.95543214858744,
            52.3399071634404
          ]
        ]
      },
      "properties": {
        "marker": "",
        "Acc Y (g)": "-0.758",
        "HRot Count": "",
        "Speed": "",
        "Samples": "1949",
        "Heading GPS (dg)": "",
        "Speed GPS": "",
        "Accuracy GPS": "",
        "Altitude GPS": "",
        "GNSS Timestamp": "",
        "HH:mm:ss": "",
        "SSS": "",
        "trip_id": "602DE_Trip8"
      }
    },
    {
      "type": "Feature",
      "geometry": {
        "type": "LineString",
        "coordinates": [
          [
            4.95543214858744,
            52.3399071634404
          ],
          [
            4.95543214858744,
            52.3399071634404
          ]
        ]
      },
      "properties": {
        "marker": "",
        "Acc Y (g)": "-0.734",
        "HRot Count": "",
        "Speed": "",
        "Samples": "1950",
        "Heading GPS (dg)": "",
        "Speed GPS": "",
        "Accuracy GPS": "",
        "Altitude GPS": "",
        "GNSS Timestamp": "",
        "HH:mm:ss": "",
        "SSS": "",
        "trip_id": "602DE_Trip8"
      }
    },
    {
      "type": "Feature",
      "geometry": {
        "type": "LineString",
        "coordinates": [
          [
            4.95543214858744,
            52.3399071634404
          ],
          [
            4.95543214858744,
            52.3399071634404
          ]
        ]
      },
      "properties": {
        "marker": "",
        "Acc Y (g)": "-0.572",
        "HRot Count": "",
        "Speed": "",
        "Samples": "1951",
        "Heading GPS (dg)": "",
        "Speed GPS": "",
        "Accuracy GPS": "",
        "Altitude GPS": "",
        "GNSS Timestamp": "",
        "HH:mm:ss": "",
        "SSS": "",
        "trip_id": "602DE_Trip8"
      }
    },
    {
      "type": "Feature",
      "geometry": {
        "type": "LineString",
        "coordinates": [
          [
            4.95543214858744,
            52.3399071634404
          ],
          [
            4.95543214858744,
            52.3399071634404
          ]
        ]
      },
      "properties": {
        "marker": "",
        "Acc Y (g)": "-0.308",
        "HRot Count": "",
        "Speed": "",
        "Samples": "1952",
        "Heading GPS (dg)": "",
        "Speed GPS": "",
        "Accuracy GPS": "",
        "Altitude GPS": "",
        "GNSS Timestamp": "",
        "HH:mm:ss": "",
        "SSS": "",
        "trip_id": "602DE_Trip8"
      }
    },
    {
      "type": "Feature",
      "geometry": {
        "type": "LineString",
        "coordinates": [
          [
            4.95543214858744,
            52.3399071634404
          ],
          [
            4.95543214858744,
            52.3399071634404
          ]
        ]
      },
      "properties": {
        "marker": "",
        "Acc Y (g)": "-0.324",
        "HRot Count": "",
        "Speed": "",
        "Samples": "1953",
        "Heading GPS (dg)": "",
        "Speed GPS": "",
        "Accuracy GPS": "",
        "Altitude GPS": "",
        "GNSS Timestamp": "",
        "HH:mm:ss": "",
        "SSS": "",
        "trip_id": "602DE_Trip8"
      }
    },
    {
      "type": "Feature",
      "geometry": {
        "type": "LineString",
        "coordinates": [
          [
            4.95543214858744,
            52.3399071634404
          ],
          [
            4.95543214858744,
            52.3399071634404
          ]
        ]
      },
      "properties": {
        "marker": "",
        "Acc Y (g)": "-0.021",
        "HRot Count": "",
        "Speed": "",
        "Samples": "1954",
        "Heading GPS (dg)": "",
        "Speed GPS": "",
        "Accuracy GPS": "",
        "Altitude GPS": "",
        "GNSS Timestamp": "",
        "HH:mm:ss": "",
        "SSS": "",
        "trip_id": "602DE_Trip8"
      }
    },
    {
      "type": "Feature",
      "geometry": {
        "type": "LineString",
        "coordinates": [
          [
            4.95543214858744,
            52.3399071634404
          ],
          [
            4.95543214858744,
            52.3399071634404
          ]
        ]
      },
      "properties": {
        "marker": "",
        "Acc Y (g)": "0.192",
        "HRot Count": "",
        "Speed": "",
        "Samples": "1955",
        "Heading GPS (dg)": "",
        "Speed GPS": "",
        "Accuracy GPS": "",
        "Altitude GPS": "",
        "GNSS Timestamp": "",
        "HH:mm:ss": "",
        "SSS": "",
        "trip_id": "602DE_Trip8"
      }
    },
    {
      "type": "Feature",
      "geometry": {
        "type": "LineString",
        "coordinates": [
          [
            4.95543214858744,
            52.3399071634404
          ],
          [
            4.95543214858744,
            52.3399071634404
          ]
        ]
      },
      "properties": {
        "marker": "",
        "Acc Y (g)": "0.229",
        "HRot Count": "",
        "Speed": "",
        "Samples": "1956",
        "Heading GPS (dg)": "",
        "Speed GPS": "",
        "Accuracy GPS": "",
        "Altitude GPS": "",
        "GNSS Timestamp": "",
        "HH:mm:ss": "",
        "SSS": "",
        "trip_id": "602DE_Trip8"
      }
    },
    {
      "type": "Feature",
      "geometry": {
        "type": "LineString",
        "coordinates": [
          [
            4.95543214858744,
            52.3399071634404
          ],
          [
            4.95543214858744,
            52.3399071634404
          ]
        ]
      },
      "properties": {
        "marker": "",
        "Acc Y (g)": "0.364",
        "HRot Count": "",
        "Speed": "",
        "Samples": "1957",
        "Heading GPS (dg)": "",
        "Speed GPS": "",
        "Accuracy GPS": "",
        "Altitude GPS": "",
        "GNSS Timestamp": "",
        "HH:mm:ss": "",
        "SSS": "",
        "trip_id": "602DE_Trip8"
      }
    },
    {
      "type": "Feature",
      "geometry": {
        "type": "LineString",
        "coordinates": [
          [
            4.95543214858744,
            52.3399071634404
          ],
          [
            4.95543214858744,
            52.3399071634404
          ]
        ]
      },
      "properties": {
        "marker": "",
        "Acc Y (g)": "0.445",
        "HRot Count": "",
        "Speed": "",
        "Samples": "1958",
        "Heading GPS (dg)": "",
        "Speed GPS": "",
        "Accuracy GPS": "",
        "Altitude GPS": "",
        "GNSS Timestamp": "",
        "HH:mm:ss": "",
        "SSS": "",
        "trip_id": "602DE_Trip8"
      }
    },
    {
      "type": "Feature",
      "geometry": {
        "type": "LineString",
        "coordinates": [
          [
            4.95543214858744,
            52.3399071634404
          ],
          [
            4.95543214858744,
            52.3399071634404
          ]
        ]
      },
      "properties": {
        "marker": "",
        "Acc Y (g)": "0.727",
        "HRot Count": "",
        "Speed": "",
        "Samples": "1959",
        "Heading GPS (dg)": "",
        "Speed GPS": "",
        "Accuracy GPS": "",
        "Altitude GPS": "",
        "GNSS Timestamp": "",
        "HH:mm:ss": "",
        "SSS": "",
        "trip_id": "602DE_Trip8"
      }
    },
    {
      "type": "Feature",
      "geometry": {
        "type": "LineString",
        "coordinates": [
          [
            4.95543214858744,
            52.3399071634404
          ],
          [
            4.95543214858744,
            52.3399071634404
          ]
        ]
      },
      "properties": {
        "marker": "7",
        "Acc Y (g)": "0.705",
        "HRot Count": "5",
        "Speed": "884",
        "Samples": "1960",
        "Heading GPS (dg)": "176",
        "Speed GPS": "4",
        "Accuracy GPS": "20",
        "Altitude GPS": "2",
        "GNSS Timestamp": "2026-05-06 08:08:48.999000+00:00",
        "HH:mm:ss": "10:08:49",
        "SSS": "335",
        "trip_id": "602DE_Trip8",
        "timestamp": "2026-05-06 08:08:48.999000+00:00"
      }
    },
    {
      "type": "Feature",
      "geometry": {
        "type": "LineString",
        "coordinates": [
          [
            4.95543214858744,
            52.3399071634404
          ],
          [
            4.95543214858744,
            52.3399071634404
          ]
        ]
      },
      "properties": {
        "marker": "",
        "Acc Y (g)": "0.808",
        "HRot Count": "",
        "Speed": "",
        "Samples": "1961",
        "Heading GPS (dg)": "",
        "Speed GPS": "",
        "Accuracy GPS": "",
        "Altitude GPS": "",
        "GNSS Timestamp": "",
        "HH:mm:ss": "",
        "SSS": "",
        "trip_id": "602DE_Trip8"
      }
    },
    {
      "type": "Feature",
      "geometry": {
        "type": "LineString",
        "coordinates": [
          [
            4.95543214858744,
            52.3399071634404
          ],
          [
            4.95543214858744,
            52.3399071634404
          ]
        ]
      },
      "properties": {
        "marker": "",
        "Acc Y (g)": "0.706",
        "HRot Count": "",
        "Speed": "",
        "Samples": "1962",
        "Heading GPS (dg)": "",
        "Speed GPS": "",
        "Accuracy GPS": "",
        "Altitude GPS": "",
        "GNSS Timestamp": "",
        "HH:mm:ss": "",
        "SSS": "",
        "trip_id": "602DE_Trip8"
      }
    },
    {
      "type": "Feature",
      "geometry": {
        "type": "LineString",
        "coordinates": [
          [
            4.95543214858744,
            52.3399071634404
          ],
          [
            4.95543214858744,
            52.3399071634404
          ]
        ]
      },
      "properties": {
        "marker": "",
        "Acc Y (g)": "0.947",
        "HRot Count": "",
        "Speed": "",
        "Samples": "1963",
        "Heading GPS (dg)": "",
        "Speed GPS": "",
        "Accuracy GPS": "",
        "Altitude GPS": "",
        "GNSS Timestamp": "",
        "HH:mm:ss": "",
        "SSS": "",
        "trip_id": "602DE_Trip8"
      }
    },
    {
      "type": "Feature",
      "geometry": {
        "type": "LineString",
        "coordinates": [
          [
            4.95543214858744,
            52.3399071634404
          ],
          [
            4.95543214858744,
            52.3399071634404
          ]
        ]
      },
      "properties": {
        "marker": "",
        "Acc Y (g)": "1.066",
        "HRot Count": "",
        "Speed": "",
        "Samples": "1964",
        "Heading GPS (dg)": "",
        "Speed GPS": "",
        "Accuracy GPS": "",
        "Altitude GPS": "",
        "GNSS Timestamp": "",
        "HH:mm:ss": "",
        "SSS": "",
        "trip_id": "602DE_Trip8"
      }
    },
    {
      "type": "Feature",
      "geometry": {
        "type": "LineString",
        "coordinates": [
          [
            4.95543214858744,
            52.3399071634404
          ],
          [
            4.95543214858744,
            52.3399071634404
          ]
        ]
      },
      "properties": {
        "marker": "",
        "Acc Y (g)": "0.893",
        "HRot Count": "",
        "Speed": "",
        "Samples": "1965",
        "Heading GPS (dg)": "",
        "Speed GPS": "",
        "Accuracy GPS": "",
        "Altitude GPS": "",
        "GNSS Timestamp": "",
        "HH:mm:ss": "",
        "SSS": "",
        "trip_id": "602DE_Trip8"
      }
    },
    {
      "type": "Feature",
      "geometry": {
        "type": "LineString",
        "coordinates": [
          [
            4.95543214858744,
            52.3399071634404
          ],
          [
            4.95543214858744,
            52.3399071634404
          ]
        ]
      },
      "properties": {
        "marker": "",
        "Acc Y (g)": "0.806",
        "HRot Count": "",
        "Speed": "",
        "Samples": "1966",
        "Heading GPS (dg)": "",
        "Speed GPS": "",
        "Accuracy GPS": "",
        "Altitude GPS": "",
        "GNSS Timestamp": "",
        "HH:mm:ss": "",
        "SSS": "",
        "trip_id": "602DE_Trip8"
      }
    },
    {
      "type": "Feature",
      "geometry": {
        "type": "LineString",
        "coordinates": [
          [
            4.95543214858744,
            52.3399071634404
          ],
          [
            4.95543214858744,
            52.3399071634404
          ]
        ]
      },
      "properties": {
        "marker": "",
        "Acc Y (g)": "0.942",
        "HRot Count": "",
        "Speed": "",
        "Samples": "1967",
        "Heading GPS (dg)": "",
        "Speed GPS": "",
        "Accuracy GPS": "",
        "Altitude GPS": "",
        "GNSS Timestamp": "",
        "HH:mm:ss": "",
        "SSS": "",
        "trip_id": "602DE_Trip8"
      }
    },
    {
      "type": "Feature",
      "geometry": {
        "type": "LineString",
        "coordinates": [
          [
            4.95543214858744,
            52.3399071634404
          ],
          [
            4.95543214858744,
            52.3399071634404
          ]
        ]
      },
      "properties": {
        "marker": "",
        "Acc Y (g)": "1.074",
        "HRot Count": "",
        "Speed": "",
        "Samples": "1968",
        "Heading GPS (dg)": "",
        "Speed GPS": "",
        "Accuracy GPS": "",
        "Altitude GPS": "",
        "GNSS Timestamp": "",
        "HH:mm:ss": "",
        "SSS": "",
        "trip_id": "602DE_Trip8"
      }
    },
    {
      "type": "Feature",
      "geometry": {
        "type": "LineString",
        "coordinates": [
          [
            4.95543214858744,
            52.3399071634404
          ],
          [
            4.95543214858744,
            52.3399071634404
          ]
        ]
      },
      "properties": {
        "marker": "",
        "Acc Y (g)": "0.861",
        "HRot Count": "",
        "Speed": "",
        "Samples": "1969",
        "Heading GPS (dg)": "",
        "Speed GPS": "",
        "Accuracy GPS": "",
        "Altitude GPS": "",
        "GNSS Timestamp": "",
        "HH:mm:ss": "",
        "SSS": "",
        "trip_id": "602DE_Trip8"
      }
    },
    {
      "type": "Feature",
      "geometry": {
        "type": "LineString",
        "coordinates": [
          [
            4.95543214858744,
            52.3399071634404
          ],
          [
            4.95543214858744,
            52.3399071634404
          ]
        ]
      },
      "properties": {
        "marker": "",
        "Acc Y (g)": "0.752",
        "HRot Count": "",
        "Speed": "",
        "Samples": "1970",
        "Heading GPS (dg)": "",
        "Speed GPS": "",
        "Accuracy GPS": "",
        "Altitude GPS": "",
        "GNSS Timestamp": "",
        "HH:mm:ss": "",
        "SSS": "",
        "trip_id": "602DE_Trip8"
      }
    },
    {
      "type": "Feature",
      "geometry": {
        "type": "LineString",
        "coordinates": [
          [
            4.95543214858744,
            52.3399071634404
          ],
          [
            4.95543214858744,
            52.3399071634404
          ]
        ]
      },
      "properties": {
        "marker": "",
        "Acc Y (g)": "0.695",
        "HRot Count": "",
        "Speed": "",
        "Samples": "1971",
        "Heading GPS (dg)": "",
        "Speed GPS": "",
        "Accuracy GPS": "",
        "Altitude GPS": "",
        "GNSS Timestamp": "",
        "HH:mm:ss": "",
        "SSS": "",
        "trip_id": "602DE_Trip8"
      }
    },
    {
      "type": "Feature",
      "geometry": {
        "type": "LineString",
        "coordinates": [
          [
            4.95543214858744,
            52.3399071634404
          ],
          [
            4.95543214858744,
            52.3399071634404
          ]
        ]
      },
      "properties": {
        "marker": "",
        "Acc Y (g)": "0.769",
        "HRot Count": "",
        "Speed": "",
        "Samples": "1972",
        "Heading GPS (dg)": "",
        "Speed GPS": "",
        "Accuracy GPS": "",
        "Altitude GPS": "",
        "GNSS Timestamp": "",
        "HH:mm:ss": "",
        "SSS": "",
        "trip_id": "602DE_Trip8"
      }
    },
    {
      "type": "Feature",
      "geometry": {
        "type": "LineString",
        "coordinates": [
          [
            4.95543214858744,
            52.3399071634404
          ],
          [
            4.95543214858744,
            52.3399071634404
          ]
        ]
      },
      "properties": {
        "marker": "",
        "Acc Y (g)": "0.593",
        "HRot Count": "",
        "Speed": "",
        "Samples": "1973",
        "Heading GPS (dg)": "",
        "Speed GPS": "",
        "Accuracy GPS": "",
        "Altitude GPS": "",
        "GNSS Timestamp": "",
        "HH:mm:ss": "",
        "SSS": "",
        "trip_id": "602DE_Trip8"
      }
    },
    {
      "type": "Feature",
      "geometry": {
        "type": "LineString",
        "coordinates": [
          [
            4.95543214858744,
            52.3399071634404
          ],
          [
            4.95543214858744,
            52.3399071634404
          ]
        ]
      },
      "properties": {
        "marker": "",
        "Acc Y (g)": "0.530",
        "HRot Count": "",
        "Speed": "",
        "Samples": "1974",
        "Heading GPS (dg)": "",
        "Speed GPS": "",
        "Accuracy GPS": "",
        "Altitude GPS": "",
        "GNSS Timestamp": "",
        "HH:mm:ss": "",
        "SSS": "",
        "trip_id": "602DE_Trip8"
      }
    },
    {
      "type": "Feature",
      "geometry": {
        "type": "LineString",
        "coordinates": [
          [
            4.95543214858744,
            52.3399071634404
          ],
          [
            4.95543214858744,
            52.3399071634404
          ]
        ]
      },
      "properties": {
        "marker": "",
        "Acc Y (g)": "0.336",
        "HRot Count": "",
        "Speed": "",
        "Samples": "1975",
        "Heading GPS (dg)": "",
        "Speed GPS": "",
        "Accuracy GPS": "",
        "Altitude GPS": "",
        "GNSS Timestamp": "",
        "HH:mm:ss": "",
        "SSS": "",
        "trip_id": "602DE_Trip8"
      }
    },
    {
      "type": "Feature",
      "geometry": {
        "type": "LineString",
        "coordinates": [
          [
            4.95543214858744,
            52.3399071634404
          ],
          [
            4.95543214858744,
            52.3399071634404
          ]
        ]
      },
      "properties": {
        "marker": "",
        "Acc Y (g)": "0.260",
        "HRot Count": "",
        "Speed": "",
        "Samples": "1976",
        "Heading GPS (dg)": "",
        "Speed GPS": "",
        "Accuracy GPS": "",
        "Altitude GPS": "",
        "GNSS Timestamp": "",
        "HH:mm:ss": "",
        "SSS": "",
        "trip_id": "602DE_Trip8"
      }
    },
    {
      "type": "Feature",
      "geometry": {
        "type": "LineString",
        "coordinates": [
          [
            4.95543214858744,
            52.3399071634404
          ],
          [
            4.95543214858744,
            52.3399071634404
          ]
        ]
      },
      "properties": {
        "marker": "",
        "Acc Y (g)": "0.076",
        "HRot Count": "",
        "Speed": "",
        "Samples": "1977",
        "Heading GPS (dg)": "",
        "Speed GPS": "",
        "Accuracy GPS": "",
        "Altitude GPS": "",
        "GNSS Timestamp": "",
        "HH:mm:ss": "",
        "SSS": "",
        "trip_id": "602DE_Trip8"
      }
    },
    {
      "type": "Feature",
      "geometry": {
        "type": "LineString",
        "coordinates": [
          [
            4.95543214858744,
            52.3399071634404
          ],
          [
            4.95543214858744,
            52.3399071634404
          ]
        ]
      },
      "properties": {
        "marker": "",
        "Acc Y (g)": "-0.081",
        "HRot Count": "",
        "Speed": "",
        "Samples": "1978",
        "Heading GPS (dg)": "",
        "Speed GPS": "",
        "Accuracy GPS": "",
        "Altitude GPS": "",
        "GNSS Timestamp": "",
        "HH:mm:ss": "",
        "SSS": "",
        "trip_id": "602DE_Trip8"
      }
    },
    {
      "type": "Feature",
      "geometry": {
        "type": "LineString",
        "coordinates": [
          [
            4.95543214858744,
            52.3399071634404
          ],
          [
            4.95543214858744,
            52.3399071634404
          ]
        ]
      },
      "properties": {
        "marker": "",
        "Acc Y (g)": "-0.214",
        "HRot Count": "",
        "Speed": "",
        "Samples": "1979",
        "Heading GPS (dg)": "",
        "Speed GPS": "",
        "Accuracy GPS": "",
        "Altitude GPS": "",
        "GNSS Timestamp": "",
        "HH:mm:ss": "",
        "SSS": "",
        "trip_id": "602DE_Trip8"
      }
    },
    {
      "type": "Feature",
      "geometry": {
        "type": "LineString",
        "coordinates": [
          [
            4.95543214858744,
            52.3399071634404
          ],
          [
            4.95543214858744,
            52.3399071634404
          ]
        ]
      },
      "properties": {
        "marker": "",
        "Acc Y (g)": "-0.152",
        "HRot Count": "",
        "Speed": "",
        "Samples": "1980",
        "Heading GPS (dg)": "",
        "Speed GPS": "",
        "Accuracy GPS": "",
        "Altitude GPS": "",
        "GNSS Timestamp": "",
        "HH:mm:ss": "",
        "SSS": "",
        "trip_id": "602DE_Trip8"
      }
    },
    {
      "type": "Feature",
      "geometry": {
        "type": "LineString",
        "coordinates": [
          [
            4.95543214858744,
            52.3399071634404
          ],
          [
            4.95543214858744,
            52.3399071634404
          ]
        ]
      },
      "properties": {
        "marker": "",
        "Acc Y (g)": "-0.458",
        "HRot Count": "",
        "Speed": "",
        "Samples": "1981",
        "Heading GPS (dg)": "",
        "Speed GPS": "",
        "Accuracy GPS": "",
        "Altitude GPS": "",
        "GNSS Timestamp": "",
        "HH:mm:ss": "",
        "SSS": "",
        "trip_id": "602DE_Trip8"
      }
    },
    {
      "type": "Feature",
      "geometry": {
        "type": "LineString",
        "coordinates": [
          [
            4.95543214858744,
            52.3399071634404
          ],
          [
            4.95540955510694,
            52.3398373685143
          ]
        ]
      },
      "properties": {
        "marker": "",
        "Acc Y (g)": "-0.626",
        "HRot Count": "",
        "Speed": "",
        "Samples": "1982",
        "Heading GPS (dg)": "",
        "Speed GPS": "",
        "Accuracy GPS": "",
        "Altitude GPS": "",
        "GNSS Timestamp": "",
        "HH:mm:ss": "",
        "SSS": "",
        "trip_id": "602DE_Trip8"
      }
    },
    {
      "type": "Feature",
      "geometry": {
        "type": "LineString",
        "coordinates": [
          [
            4.95540955510694,
            52.3398373685143
          ],
          [
            4.95540955510694,
            52.3398373685143
          ]
        ]
      },
      "properties": {
        "marker": "7",
        "Acc Y (g)": "-0.731",
        "HRot Count": "6",
        "Speed": "955",
        "Samples": "1983",
        "Heading GPS (dg)": "188",
        "Speed GPS": "20",
        "Accuracy GPS": "19",
        "Altitude GPS": "2",
        "GNSS Timestamp": "2026-05-06 08:08:49.999000+00:00",
        "HH:mm:ss": "10:08:49",
        "SSS": "731",
        "trip_id": "602DE_Trip8",
        "timestamp": "2026-05-06 08:08:49.999000+00:00"
      }
    },
    {
      "type": "Feature",
      "geometry": {
        "type": "LineString",
        "coordinates": [
          [
            4.95540955510694,
            52.3398373685143
          ],
          [
            4.95540955510694,
            52.3398373685143
          ]
        ]
      },
      "properties": {
        "marker": "",
        "Acc Y (g)": "-0.700",
        "HRot Count": "",
        "Speed": "",
        "Samples": "1984",
        "Heading GPS (dg)": "",
        "Speed GPS": "",
        "Accuracy GPS": "",
        "Altitude GPS": "",
        "GNSS Timestamp": "",
        "HH:mm:ss": "",
        "SSS": "",
        "trip_id": "602DE_Trip8"
      }
    },
    {
      "type": "Feature",
      "geometry": {
        "type": "LineString",
        "coordinates": [
          [
            4.95540955510694,
            52.3398373685143
          ],
          [
            4.95540955510694,
            52.3398373685143
          ]
        ]
      },
      "properties": {
        "marker": "",
        "Acc Y (g)": "-0.631",
        "HRot Count": "",
        "Speed": "",
        "Samples": "1985",
        "Heading GPS (dg)": "",
        "Speed GPS": "",
        "Accuracy GPS": "",
        "Altitude GPS": "",
        "GNSS Timestamp": "",
        "HH:mm:ss": "",
        "SSS": "",
        "trip_id": "602DE_Trip8"
      }
    },
    {
      "type": "Feature",
      "geometry": {
        "type": "LineString",
        "coordinates": [
          [
            4.95540955510694,
            52.3398373685143
          ],
          [
            4.95540955510694,
            52.3398373685143
          ]
        ]
      },
      "properties": {
        "marker": "",
        "Acc Y (g)": "-1.142",
        "HRot Count": "",
        "Speed": "",
        "Samples": "1986",
        "Heading GPS (dg)": "",
        "Speed GPS": "",
        "Accuracy GPS": "",
        "Altitude GPS": "",
        "GNSS Timestamp": "",
        "HH:mm:ss": "",
        "SSS": "",
        "trip_id": "602DE_Trip8"
      }
    },
    {
      "type": "Feature",
      "geometry": {
        "type": "LineString",
        "coordinates": [
          [
            4.95540955510694,
            52.3398373685143
          ],
          [
            4.95540955510694,
            52.3398373685143
          ]
        ]
      },
      "properties": {
        "marker": "",
        "Acc Y (g)": "-0.948",
        "HRot Count": "",
        "Speed": "",
        "Samples": "1987",
        "Heading GPS (dg)": "",
        "Speed GPS": "",
        "Accuracy GPS": "",
        "Altitude GPS": "",
        "GNSS Timestamp": "",
        "HH:mm:ss": "",
        "SSS": "",
        "trip_id": "602DE_Trip8"
      }
    },
    {
      "type": "Feature",
      "geometry": {
        "type": "LineString",
        "coordinates": [
          [
            4.95540955510694,
            52.3398373685143
          ],
          [
            4.95540955510694,
            52.3398373685143
          ]
        ]
      },
      "properties": {
        "marker": "",
        "Acc Y (g)": "-0.837",
        "HRot Count": "",
        "Speed": "",
        "Samples": "1988",
        "Heading GPS (dg)": "",
        "Speed GPS": "",
        "Accuracy GPS": "",
        "Altitude GPS": "",
        "GNSS Timestamp": "",
        "HH:mm:ss": "",
        "SSS": "",
        "trip_id": "602DE_Trip8"
      }
    },
    {
      "type": "Feature",
      "geometry": {
        "type": "LineString",
        "coordinates": [
          [
            4.95540955510694,
            52.3398373685143
          ],
          [
            4.95540955510694,
            52.3398373685143
          ]
        ]
      },
      "properties": {
        "marker": "",
        "Acc Y (g)": "-0.980",
        "HRot Count": "",
        "Speed": "",
        "Samples": "1989",
        "Heading GPS (dg)": "",
        "Speed GPS": "",
        "Accuracy GPS": "",
        "Altitude GPS": "",
        "GNSS Timestamp": "",
        "HH:mm:ss": "",
        "SSS": "",
        "trip_id": "602DE_Trip8"
      }
    },
    {
      "type": "Feature",
      "geometry": {
        "type": "LineString",
        "coordinates": [
          [
            4.95540955510694,
            52.3398373685143
          ],
          [
            4.95540955510694,
            52.3398373685143
          ]
        ]
      },
      "properties": {
        "marker": "",
        "Acc Y (g)": "-1.077",
        "HRot Count": "",
        "Speed": "",
        "Samples": "1990",
        "Heading GPS (dg)": "",
        "Speed GPS": "",
        "Accuracy GPS": "",
        "Altitude GPS": "",
        "GNSS Timestamp": "",
        "HH:mm:ss": "",
        "SSS": "",
        "trip_id": "602DE_Trip8"
      }
    },
    {
      "type": "Feature",
      "geometry": {
        "type": "LineString",
        "coordinates": [
          [
            4.95540955510694,
            52.3398373685143
          ],
          [
            4.95540955510694,
            52.3398373685143
          ]
        ]
      },
      "properties": {
        "marker": "",
        "Acc Y (g)": "-0.776",
        "HRot Count": "",
        "Speed": "",
        "Samples": "1991",
        "Heading GPS (dg)": "",
        "Speed GPS": "",
        "Accuracy GPS": "",
        "Altitude GPS": "",
        "GNSS Timestamp": "",
        "HH:mm:ss": "",
        "SSS": "",
        "trip_id": "602DE_Trip8"
      }
    },
    {
      "type": "Feature",
      "geometry": {
        "type": "LineString",
        "coordinates": [
          [
            4.95540955510694,
            52.3398373685143
          ],
          [
            4.95540955510694,
            52.3398373685143
          ]
        ]
      },
      "properties": {
        "marker": "",
        "Acc Y (g)": "-1.089",
        "HRot Count": "",
        "Speed": "",
        "Samples": "1992",
        "Heading GPS (dg)": "",
        "Speed GPS": "",
        "Accuracy GPS": "",
        "Altitude GPS": "",
        "GNSS Timestamp": "",
        "HH:mm:ss": "",
        "SSS": "",
        "trip_id": "602DE_Trip8"
      }
    },
    {
      "type": "Feature",
      "geometry": {
        "type": "LineString",
        "coordinates": [
          [
            4.95540955510694,
            52.3398373685143
          ],
          [
            4.95540955510694,
            52.3398373685143
          ]
        ]
      },
      "properties": {
        "marker": "",
        "Acc Y (g)": "-0.955",
        "HRot Count": "",
        "Speed": "",
        "Samples": "1993",
        "Heading GPS (dg)": "",
        "Speed GPS": "",
        "Accuracy GPS": "",
        "Altitude GPS": "",
        "GNSS Timestamp": "",
        "HH:mm:ss": "",
        "SSS": "",
        "trip_id": "602DE_Trip8"
      }
    },
    {
      "type": "Feature",
      "geometry": {
        "type": "LineString",
        "coordinates": [
          [
            4.95540955510694,
            52.3398373685143
          ],
          [
            4.95540955510694,
            52.3398373685143
          ]
        ]
      },
      "properties": {
        "marker": "",
        "Acc Y (g)": "-0.910",
        "HRot Count": "",
        "Speed": "",
        "Samples": "1994",
        "Heading GPS (dg)": "",
        "Speed GPS": "",
        "Accuracy GPS": "",
        "Altitude GPS": "",
        "GNSS Timestamp": "",
        "HH:mm:ss": "",
        "SSS": "",
        "trip_id": "602DE_Trip8"
      }
    },
    {
      "type": "Feature",
      "geometry": {
        "type": "LineString",
        "coordinates": [
          [
            4.95540955510694,
            52.3398373685143
          ],
          [
            4.95540955510694,
            52.3398373685143
          ]
        ]
      },
      "properties": {
        "marker": "",
        "Acc Y (g)": "-0.438",
        "HRot Count": "",
        "Speed": "",
        "Samples": "1995",
        "Heading GPS (dg)": "",
        "Speed GPS": "",
        "Accuracy GPS": "",
        "Altitude GPS": "",
        "GNSS Timestamp": "",
        "HH:mm:ss": "",
        "SSS": "",
        "trip_id": "602DE_Trip8"
      }
    },
    {
      "type": "Feature",
      "geometry": {
        "type": "LineString",
        "coordinates": [
          [
            4.95540955510694,
            52.3398373685143
          ],
          [
            4.95540955510694,
            52.3398373685143
          ]
        ]
      },
      "properties": {
        "marker": "",
        "Acc Y (g)": "-0.546",
        "HRot Count": "",
        "Speed": "",
        "Samples": "1996",
        "Heading GPS (dg)": "",
        "Speed GPS": "",
        "Accuracy GPS": "",
        "Altitude GPS": "",
        "GNSS Timestamp": "",
        "HH:mm:ss": "",
        "SSS": "",
        "trip_id": "602DE_Trip8"
      }
    },
    {
      "type": "Feature",
      "geometry": {
        "type": "LineString",
        "coordinates": [
          [
            4.95540955510694,
            52.3398373685143
          ],
          [
            4.95540955510694,
            52.3398373685143
          ]
        ]
      },
      "properties": {
        "marker": "",
        "Acc Y (g)": "-0.468",
        "HRot Count": "",
        "Speed": "",
        "Samples": "1997",
        "Heading GPS (dg)": "",
        "Speed GPS": "",
        "Accuracy GPS": "",
        "Altitude GPS": "",
        "GNSS Timestamp": "",
        "HH:mm:ss": "",
        "SSS": "",
        "trip_id": "602DE_Trip8"
      }
    },
    {
      "type": "Feature",
      "geometry": {
        "type": "LineString",
        "coordinates": [
          [
            4.95540955510694,
            52.3398373685143
          ],
          [
            4.95540955510694,
            52.3398373685143
          ]
        ]
      },
      "properties": {
        "marker": "",
        "Acc Y (g)": "-0.109",
        "HRot Count": "",
        "Speed": "",
        "Samples": "1998",
        "Heading GPS (dg)": "",
        "Speed GPS": "",
        "Accuracy GPS": "",
        "Altitude GPS": "",
        "GNSS Timestamp": "",
        "HH:mm:ss": "",
        "SSS": "",
        "trip_id": "602DE_Trip8"
      }
    },
    {
      "type": "Feature",
      "geometry": {
        "type": "LineString",
        "coordinates": [
          [
            4.95540955510694,
            52.3398373685143
          ],
          [
            4.95540955510694,
            52.3398373685143
          ]
        ]
      },
      "properties": {
        "marker": "",
        "Acc Y (g)": "-0.068",
        "HRot Count": "",
        "Speed": "",
        "Samples": "1999",
        "Heading GPS (dg)": "",
        "Speed GPS": "",
        "Accuracy GPS": "",
        "Altitude GPS": "",
        "GNSS Timestamp": "",
        "HH:mm:ss": "",
        "SSS": "",
        "trip_id": "602DE_Trip8"
      }
    },
    {
      "type": "Feature",
      "geometry": {
        "type": "LineString",
        "coordinates": [
          [
            4.95540955510694,
            52.3398373685143
          ],
          [
            4.95540955510694,
            52.3398373685143
          ]
        ]
      },
      "properties": {
        "marker": "",
        "Acc Y (g)": "0.342",
        "HRot Count": "",
        "Speed": "",
        "Samples": "2000",
        "Heading GPS (dg)": "",
        "Speed GPS": "",
        "Accuracy GPS": "",
        "Altitude GPS": "",
        "GNSS Timestamp": "",
        "HH:mm:ss": "",
        "SSS": "",
        "trip_id": "602DE_Trip8"
      }
    },
    {
      "type": "Feature",
      "geometry": {
        "type": "LineString",
        "coordinates": [
          [
            4.95540955510694,
            52.3398373685143
          ],
          [
            4.95540955510694,
            52.3398373685143
          ]
        ]
      },
      "properties": {
        "marker": "",
        "Acc Y (g)": "0.157",
        "HRot Count": "",
        "Speed": "",
        "Samples": "2001",
        "Heading GPS (dg)": "",
        "Speed GPS": "",
        "Accuracy GPS": "",
        "Altitude GPS": "",
        "GNSS Timestamp": "",
        "HH:mm:ss": "",
        "SSS": "",
        "trip_id": "602DE_Trip8"
      }
    },
    {
      "type": "Feature",
      "geometry": {
        "type": "LineString",
        "coordinates": [
          [
            4.95540955510694,
            52.3398373685143
          ],
          [
            4.95540955510694,
            52.3398373685143
          ]
        ]
      },
      "properties": {
        "marker": "",
        "Acc Y (g)": "0.494",
        "HRot Count": "",
        "Speed": "",
        "Samples": "2002",
        "Heading GPS (dg)": "",
        "Speed GPS": "",
        "Accuracy GPS": "",
        "Altitude GPS": "",
        "GNSS Timestamp": "",
        "HH:mm:ss": "",
        "SSS": "",
        "trip_id": "602DE_Trip8"
      }
    },
    {
      "type": "Feature",
      "geometry": {
        "type": "LineString",
        "coordinates": [
          [
            4.95540955510694,
            52.3398373685143
          ],
          [
            4.95540955510694,
            52.3398373685143
          ]
        ]
      },
      "properties": {
        "marker": "",
        "Acc Y (g)": "0.375",
        "HRot Count": "",
        "Speed": "",
        "Samples": "2003",
        "Heading GPS (dg)": "",
        "Speed GPS": "",
        "Accuracy GPS": "",
        "Altitude GPS": "",
        "GNSS Timestamp": "",
        "HH:mm:ss": "",
        "SSS": "",
        "trip_id": "602DE_Trip8"
      }
    },
    {
      "type": "Feature",
      "geometry": {
        "type": "LineString",
        "coordinates": [
          [
            4.95540955510694,
            52.3398373685143
          ],
          [
            4.95540955510694,
            52.3398373685143
          ]
        ]
      },
      "properties": {
        "marker": "",
        "Acc Y (g)": "0.796",
        "HRot Count": "",
        "Speed": "",
        "Samples": "2004",
        "Heading GPS (dg)": "",
        "Speed GPS": "",
        "Accuracy GPS": "",
        "Altitude GPS": "",
        "GNSS Timestamp": "",
        "HH:mm:ss": "",
        "SSS": "",
        "trip_id": "602DE_Trip8"
      }
    },
    {
      "type": "Feature",
      "geometry": {
        "type": "LineString",
        "coordinates": [
          [
            4.95540955510694,
            52.3398373685143
          ],
          [
            4.95540955510694,
            52.3398373685143
          ]
        ]
      },
      "properties": {
        "marker": "7",
        "Acc Y (g)": "0.173",
        "HRot Count": "7",
        "Speed": "1102",
        "Samples": "2005",
        "Heading GPS (dg)": "188",
        "Speed GPS": "20",
        "Accuracy GPS": "19",
        "Altitude GPS": "2",
        "GNSS Timestamp": "2026-05-06 08:08:49.999000+00:00",
        "HH:mm:ss": "10:08:50",
        "SSS": "157",
        "trip_id": "602DE_Trip8",
        "timestamp": "2026-05-06 08:08:49.999000+00:00"
      }
    },
    {
      "type": "Feature",
      "geometry": {
        "type": "LineString",
        "coordinates": [
          [
            4.95540955510694,
            52.3398373685143
          ],
          [
            4.95540955510694,
            52.3398373685143
          ]
        ]
      },
      "properties": {
        "marker": "",
        "Acc Y (g)": "1.551",
        "HRot Count": "",
        "Speed": "",
        "Samples": "2006",
        "Heading GPS (dg)": "",
        "Speed GPS": "",
        "Accuracy GPS": "",
        "Altitude GPS": "",
        "GNSS Timestamp": "",
        "HH:mm:ss": "",
        "SSS": "",
        "trip_id": "602DE_Trip8"
      }
    },
    {
      "type": "Feature",
      "geometry": {
        "type": "LineString",
        "coordinates": [
          [
            4.95540955510694,
            52.3398373685143
          ],
          [
            4.95540955510694,
            52.3398373685143
          ]
        ]
      },
      "properties": {
        "marker": "",
        "Acc Y (g)": "0.381",
        "HRot Count": "",
        "Speed": "",
        "Samples": "2007",
        "Heading GPS (dg)": "",
        "Speed GPS": "",
        "Accuracy GPS": "",
        "Altitude GPS": "",
        "GNSS Timestamp": "",
        "HH:mm:ss": "",
        "SSS": "",
        "trip_id": "602DE_Trip8"
      }
    },
    {
      "type": "Feature",
      "geometry": {
        "type": "LineString",
        "coordinates": [
          [
            4.95540955510694,
            52.3398373685143
          ],
          [
            4.95540955510694,
            52.3398373685143
          ]
        ]
      },
      "properties": {
        "marker": "",
        "Acc Y (g)": "0.946",
        "HRot Count": "",
        "Speed": "",
        "Samples": "2008",
        "Heading GPS (dg)": "",
        "Speed GPS": "",
        "Accuracy GPS": "",
        "Altitude GPS": "",
        "GNSS Timestamp": "",
        "HH:mm:ss": "",
        "SSS": "",
        "trip_id": "602DE_Trip8"
      }
    },
    {
      "type": "Feature",
      "geometry": {
        "type": "LineString",
        "coordinates": [
          [
            4.95540955510694,
            52.3398373685143
          ],
          [
            4.95540955510694,
            52.3398373685143
          ]
        ]
      },
      "properties": {
        "marker": "",
        "Acc Y (g)": "1.148",
        "HRot Count": "",
        "Speed": "",
        "Samples": "2009",
        "Heading GPS (dg)": "",
        "Speed GPS": "",
        "Accuracy GPS": "",
        "Altitude GPS": "",
        "GNSS Timestamp": "",
        "HH:mm:ss": "",
        "SSS": "",
        "trip_id": "602DE_Trip8"
      }
    },
    {
      "type": "Feature",
      "geometry": {
        "type": "LineString",
        "coordinates": [
          [
            4.95540955510694,
            52.3398373685143
          ],
          [
            4.95540955510694,
            52.3398373685143
          ]
        ]
      },
      "properties": {
        "marker": "",
        "Acc Y (g)": "0.980",
        "HRot Count": "",
        "Speed": "",
        "Samples": "2010",
        "Heading GPS (dg)": "",
        "Speed GPS": "",
        "Accuracy GPS": "",
        "Altitude GPS": "",
        "GNSS Timestamp": "",
        "HH:mm:ss": "",
        "SSS": "",
        "trip_id": "602DE_Trip8"
      }
    },
    {
      "type": "Feature",
      "geometry": {
        "type": "LineString",
        "coordinates": [
          [
            4.95540955510694,
            52.3398373685143
          ],
          [
            4.95540955510694,
            52.3398373685143
          ]
        ]
      },
      "properties": {
        "marker": "",
        "Acc Y (g)": "0.890",
        "HRot Count": "",
        "Speed": "",
        "Samples": "2011",
        "Heading GPS (dg)": "",
        "Speed GPS": "",
        "Accuracy GPS": "",
        "Altitude GPS": "",
        "GNSS Timestamp": "",
        "HH:mm:ss": "",
        "SSS": "",
        "trip_id": "602DE_Trip8"
      }
    },
    {
      "type": "Feature",
      "geometry": {
        "type": "LineString",
        "coordinates": [
          [
            4.95540955510694,
            52.3398373685143
          ],
          [
            4.95540955510694,
            52.3398373685143
          ]
        ]
      },
      "properties": {
        "marker": "",
        "Acc Y (g)": "0.972",
        "HRot Count": "",
        "Speed": "",
        "Samples": "2012",
        "Heading GPS (dg)": "",
        "Speed GPS": "",
        "Accuracy GPS": "",
        "Altitude GPS": "",
        "GNSS Timestamp": "",
        "HH:mm:ss": "",
        "SSS": "",
        "trip_id": "602DE_Trip8"
      }
    },
    {
      "type": "Feature",
      "geometry": {
        "type": "LineString",
        "coordinates": [
          [
            4.95540955510694,
            52.3398373685143
          ],
          [
            4.95540955510694,
            52.3398373685143
          ]
        ]
      },
      "properties": {
        "marker": "",
        "Acc Y (g)": "1.216",
        "HRot Count": "",
        "Speed": "",
        "Samples": "2013",
        "Heading GPS (dg)": "",
        "Speed GPS": "",
        "Accuracy GPS": "",
        "Altitude GPS": "",
        "GNSS Timestamp": "",
        "HH:mm:ss": "",
        "SSS": "",
        "trip_id": "602DE_Trip8"
      }
    },
    {
      "type": "Feature",
      "geometry": {
        "type": "LineString",
        "coordinates": [
          [
            4.95540955510694,
            52.3398373685143
          ],
          [
            4.95540955510694,
            52.3398373685143
          ]
        ]
      },
      "properties": {
        "marker": "",
        "Acc Y (g)": "0.843",
        "HRot Count": "",
        "Speed": "",
        "Samples": "2014",
        "Heading GPS (dg)": "",
        "Speed GPS": "",
        "Accuracy GPS": "",
        "Altitude GPS": "",
        "GNSS Timestamp": "",
        "HH:mm:ss": "",
        "SSS": "",
        "trip_id": "602DE_Trip8"
      }
    },
    {
      "type": "Feature",
      "geometry": {
        "type": "LineString",
        "coordinates": [
          [
            4.95540955510694,
            52.3398373685143
          ],
          [
            4.95540955510694,
            52.3398373685143
          ]
        ]
      },
      "properties": {
        "marker": "",
        "Acc Y (g)": "0.956",
        "HRot Count": "",
        "Speed": "",
        "Samples": "2015",
        "Heading GPS (dg)": "",
        "Speed GPS": "",
        "Accuracy GPS": "",
        "Altitude GPS": "",
        "GNSS Timestamp": "",
        "HH:mm:ss": "",
        "SSS": "",
        "trip_id": "602DE_Trip8"
      }
    },
    {
      "type": "Feature",
      "geometry": {
        "type": "LineString",
        "coordinates": [
          [
            4.95540955510694,
            52.3398373685143
          ],
          [
            4.95540955510694,
            52.3398373685143
          ]
        ]
      },
      "properties": {
        "marker": "",
        "Acc Y (g)": "0.776",
        "HRot Count": "",
        "Speed": "",
        "Samples": "2016",
        "Heading GPS (dg)": "",
        "Speed GPS": "",
        "Accuracy GPS": "",
        "Altitude GPS": "",
        "GNSS Timestamp": "",
        "HH:mm:ss": "",
        "SSS": "",
        "trip_id": "602DE_Trip8"
      }
    },
    {
      "type": "Feature",
      "geometry": {
        "type": "LineString",
        "coordinates": [
          [
            4.95540955510694,
            52.3398373685143
          ],
          [
            4.95540955510694,
            52.3398373685143
          ]
        ]
      },
      "properties": {
        "marker": "",
        "Acc Y (g)": "0.592",
        "HRot Count": "",
        "Speed": "",
        "Samples": "2017",
        "Heading GPS (dg)": "",
        "Speed GPS": "",
        "Accuracy GPS": "",
        "Altitude GPS": "",
        "GNSS Timestamp": "",
        "HH:mm:ss": "",
        "SSS": "",
        "trip_id": "602DE_Trip8"
      }
    },
    {
      "type": "Feature",
      "geometry": {
        "type": "LineString",
        "coordinates": [
          [
            4.95540955510694,
            52.3398373685143
          ],
          [
            4.95540955510694,
            52.3398373685143
          ]
        ]
      },
      "properties": {
        "marker": "",
        "Acc Y (g)": "0.467",
        "HRot Count": "",
        "Speed": "",
        "Samples": "2018",
        "Heading GPS (dg)": "",
        "Speed GPS": "",
        "Accuracy GPS": "",
        "Altitude GPS": "",
        "GNSS Timestamp": "",
        "HH:mm:ss": "",
        "SSS": "",
        "trip_id": "602DE_Trip8"
      }
    },
    {
      "type": "Feature",
      "geometry": {
        "type": "LineString",
        "coordinates": [
          [
            4.95540955510694,
            52.3398373685143
          ],
          [
            4.95540955510694,
            52.3398373685143
          ]
        ]
      },
      "properties": {
        "marker": "",
        "Acc Y (g)": "0.382",
        "HRot Count": "",
        "Speed": "",
        "Samples": "2019",
        "Heading GPS (dg)": "",
        "Speed GPS": "",
        "Accuracy GPS": "",
        "Altitude GPS": "",
        "GNSS Timestamp": "",
        "HH:mm:ss": "",
        "SSS": "",
        "trip_id": "602DE_Trip8"
      }
    },
    {
      "type": "Feature",
      "geometry": {
        "type": "LineString",
        "coordinates": [
          [
            4.95540955510694,
            52.3398373685143
          ],
          [
            4.95540955510694,
            52.3398373685143
          ]
        ]
      },
      "properties": {
        "marker": "",
        "Acc Y (g)": "0.335",
        "HRot Count": "",
        "Speed": "",
        "Samples": "2020",
        "Heading GPS (dg)": "",
        "Speed GPS": "",
        "Accuracy GPS": "",
        "Altitude GPS": "",
        "GNSS Timestamp": "",
        "HH:mm:ss": "",
        "SSS": "",
        "trip_id": "602DE_Trip8"
      }
    },
    {
      "type": "Feature",
      "geometry": {
        "type": "LineString",
        "coordinates": [
          [
            4.95540955510694,
            52.3398373685143
          ],
          [
            4.95540955510694,
            52.3398373685143
          ]
        ]
      },
      "properties": {
        "marker": "",
        "Acc Y (g)": "0.169",
        "HRot Count": "",
        "Speed": "",
        "Samples": "2021",
        "Heading GPS (dg)": "",
        "Speed GPS": "",
        "Accuracy GPS": "",
        "Altitude GPS": "",
        "GNSS Timestamp": "",
        "HH:mm:ss": "",
        "SSS": "",
        "trip_id": "602DE_Trip8"
      }
    },
    {
      "type": "Feature",
      "geometry": {
        "type": "LineString",
        "coordinates": [
          [
            4.95540955510694,
            52.3398373685143
          ],
          [
            4.95540955510694,
            52.3398373685143
          ]
        ]
      },
      "properties": {
        "marker": "",
        "Acc Y (g)": "0.172",
        "HRot Count": "",
        "Speed": "",
        "Samples": "2022",
        "Heading GPS (dg)": "",
        "Speed GPS": "",
        "Accuracy GPS": "",
        "Altitude GPS": "",
        "GNSS Timestamp": "",
        "HH:mm:ss": "",
        "SSS": "",
        "trip_id": "602DE_Trip8"
      }
    },
    {
      "type": "Feature",
      "geometry": {
        "type": "LineString",
        "coordinates": [
          [
            4.95540955510694,
            52.3398373685143
          ],
          [
            4.95540955510694,
            52.3398373685143
          ]
        ]
      },
      "properties": {
        "marker": "",
        "Acc Y (g)": "-0.072",
        "HRot Count": "",
        "Speed": "",
        "Samples": "2023",
        "Heading GPS (dg)": "",
        "Speed GPS": "",
        "Accuracy GPS": "",
        "Altitude GPS": "",
        "GNSS Timestamp": "",
        "HH:mm:ss": "",
        "SSS": "",
        "trip_id": "602DE_Trip8"
      }
    },
    {
      "type": "Feature",
      "geometry": {
        "type": "LineString",
        "coordinates": [
          [
            4.95540955510694,
            52.3398373685143
          ],
          [
            4.95540955510694,
            52.3398373685143
          ]
        ]
      },
      "properties": {
        "marker": "",
        "Acc Y (g)": "-0.128",
        "HRot Count": "",
        "Speed": "",
        "Samples": "2024",
        "Heading GPS (dg)": "",
        "Speed GPS": "",
        "Accuracy GPS": "",
        "Altitude GPS": "",
        "GNSS Timestamp": "",
        "HH:mm:ss": "",
        "SSS": "",
        "trip_id": "602DE_Trip8"
      }
    },
    {
      "type": "Feature",
      "geometry": {
        "type": "LineString",
        "coordinates": [
          [
            4.95540955510694,
            52.3398373685143
          ],
          [
            4.95540955510694,
            52.3398373685143
          ]
        ]
      },
      "properties": {
        "marker": "",
        "Acc Y (g)": "-0.383",
        "HRot Count": "",
        "Speed": "",
        "Samples": "2025",
        "Heading GPS (dg)": "",
        "Speed GPS": "",
        "Accuracy GPS": "",
        "Altitude GPS": "",
        "GNSS Timestamp": "",
        "HH:mm:ss": "",
        "SSS": "",
        "trip_id": "602DE_Trip8"
      }
    },
    {
      "type": "Feature",
      "geometry": {
        "type": "LineString",
        "coordinates": [
          [
            4.95540955510694,
            52.3398373685143
          ],
          [
            4.95540955510694,
            52.3398373685143
          ]
        ]
      },
      "properties": {
        "marker": "",
        "Acc Y (g)": "-0.468",
        "HRot Count": "",
        "Speed": "",
        "Samples": "2026",
        "Heading GPS (dg)": "",
        "Speed GPS": "",
        "Accuracy GPS": "",
        "Altitude GPS": "",
        "GNSS Timestamp": "",
        "HH:mm:ss": "",
        "SSS": "",
        "trip_id": "602DE_Trip8"
      }
    },
    {
      "type": "Feature",
      "geometry": {
        "type": "LineString",
        "coordinates": [
          [
            4.95540955510694,
            52.3398373685143
          ],
          [
            4.95538455898742,
            52.3398446668629
          ]
        ]
      },
      "properties": {
        "marker": "",
        "Acc Y (g)": "-0.579",
        "HRot Count": "",
        "Speed": "",
        "Samples": "2027",
        "Heading GPS (dg)": "",
        "Speed GPS": "",
        "Accuracy GPS": "",
        "Altitude GPS": "",
        "GNSS Timestamp": "",
        "HH:mm:ss": "",
        "SSS": "",
        "trip_id": "602DE_Trip8"
      }
    },
    {
      "type": "Feature",
      "geometry": {
        "type": "LineString",
        "coordinates": [
          [
            4.95538455898742,
            52.3398446668629
          ],
          [
            4.95538455898742,
            52.3398446668629
          ]
        ]
      },
      "properties": {
        "marker": "7",
        "Acc Y (g)": "-0.675",
        "HRot Count": "8",
        "Speed": "1119",
        "Samples": "2028",
        "Heading GPS (dg)": "208",
        "Speed GPS": "8",
        "Accuracy GPS": "19",
        "Altitude GPS": "2",
        "GNSS Timestamp": "2026-05-06 08:08:50.999000+00:00",
        "HH:mm:ss": "10:08:50",
        "SSS": "551",
        "trip_id": "602DE_Trip8",
        "timestamp": "2026-05-06 08:08:50.999000+00:00"
      }
    },
    {
      "type": "Feature",
      "geometry": {
        "type": "LineString",
        "coordinates": [
          [
            4.95538455898742,
            52.3398446668629
          ],
          [
            4.95538455898742,
            52.3398446668629
          ]
        ]
      },
      "properties": {
        "marker": "",
        "Acc Y (g)": "-0.740",
        "HRot Count": "",
        "Speed": "",
        "Samples": "2029",
        "Heading GPS (dg)": "",
        "Speed GPS": "",
        "Accuracy GPS": "",
        "Altitude GPS": "",
        "GNSS Timestamp": "",
        "HH:mm:ss": "",
        "SSS": "",
        "trip_id": "602DE_Trip8"
      }
    },
    {
      "type": "Feature",
      "geometry": {
        "type": "LineString",
        "coordinates": [
          [
            4.95538455898742,
            52.3398446668629
          ],
          [
            4.95538455898742,
            52.3398446668629
          ]
        ]
      },
      "properties": {
        "marker": "",
        "Acc Y (g)": "-0.906",
        "HRot Count": "",
        "Speed": "",
        "Samples": "2030",
        "Heading GPS (dg)": "",
        "Speed GPS": "",
        "Accuracy GPS": "",
        "Altitude GPS": "",
        "GNSS Timestamp": "",
        "HH:mm:ss": "",
        "SSS": "",
        "trip_id": "602DE_Trip8"
      }
    },
    {
      "type": "Feature",
      "geometry": {
        "type": "LineString",
        "coordinates": [
          [
            4.95538455898742,
            52.3398446668629
          ],
          [
            4.95538455898742,
            52.3398446668629
          ]
        ]
      },
      "properties": {
        "marker": "",
        "Acc Y (g)": "-0.544",
        "HRot Count": "",
        "Speed": "",
        "Samples": "2031",
        "Heading GPS (dg)": "",
        "Speed GPS": "",
        "Accuracy GPS": "",
        "Altitude GPS": "",
        "GNSS Timestamp": "",
        "HH:mm:ss": "",
        "SSS": "",
        "trip_id": "602DE_Trip8"
      }
    },
    {
      "type": "Feature",
      "geometry": {
        "type": "LineString",
        "coordinates": [
          [
            4.95538455898742,
            52.3398446668629
          ],
          [
            4.95538455898742,
            52.3398446668629
          ]
        ]
      },
      "properties": {
        "marker": "",
        "Acc Y (g)": "-1.037",
        "HRot Count": "",
        "Speed": "",
        "Samples": "2032",
        "Heading GPS (dg)": "",
        "Speed GPS": "",
        "Accuracy GPS": "",
        "Altitude GPS": "",
        "GNSS Timestamp": "",
        "HH:mm:ss": "",
        "SSS": "",
        "trip_id": "602DE_Trip8"
      }
    },
    {
      "type": "Feature",
      "geometry": {
        "type": "LineString",
        "coordinates": [
          [
            4.95538455898742,
            52.3398446668629
          ],
          [
            4.95538455898742,
            52.3398446668629
          ]
        ]
      },
      "properties": {
        "marker": "",
        "Acc Y (g)": "-1.001",
        "HRot Count": "",
        "Speed": "",
        "Samples": "2033",
        "Heading GPS (dg)": "",
        "Speed GPS": "",
        "Accuracy GPS": "",
        "Altitude GPS": "",
        "GNSS Timestamp": "",
        "HH:mm:ss": "",
        "SSS": "",
        "trip_id": "602DE_Trip8"
      }
    },
    {
      "type": "Feature",
      "geometry": {
        "type": "LineString",
        "coordinates": [
          [
            4.95538455898742,
            52.3398446668629
          ],
          [
            4.95538455898742,
            52.3398446668629
          ]
        ]
      },
      "properties": {
        "marker": "",
        "Acc Y (g)": "-0.949",
        "HRot Count": "",
        "Speed": "",
        "Samples": "2034",
        "Heading GPS (dg)": "",
        "Speed GPS": "",
        "Accuracy GPS": "",
        "Altitude GPS": "",
        "GNSS Timestamp": "",
        "HH:mm:ss": "",
        "SSS": "",
        "trip_id": "602DE_Trip8"
      }
    },
    {
      "type": "Feature",
      "geometry": {
        "type": "LineString",
        "coordinates": [
          [
            4.95538455898742,
            52.3398446668629
          ],
          [
            4.95538455898742,
            52.3398446668629
          ]
        ]
      },
      "properties": {
        "marker": "",
        "Acc Y (g)": "-0.905",
        "HRot Count": "",
        "Speed": "",
        "Samples": "2035",
        "Heading GPS (dg)": "",
        "Speed GPS": "",
        "Accuracy GPS": "",
        "Altitude GPS": "",
        "GNSS Timestamp": "",
        "HH:mm:ss": "",
        "SSS": "",
        "trip_id": "602DE_Trip8"
      }
    },
    {
      "type": "Feature",
      "geometry": {
        "type": "LineString",
        "coordinates": [
          [
            4.95538455898742,
            52.3398446668629
          ],
          [
            4.95538455898742,
            52.3398446668629
          ]
        ]
      },
      "properties": {
        "marker": "",
        "Acc Y (g)": "-1.016",
        "HRot Count": "",
        "Speed": "",
        "Samples": "2036",
        "Heading GPS (dg)": "",
        "Speed GPS": "",
        "Accuracy GPS": "",
        "Altitude GPS": "",
        "GNSS Timestamp": "",
        "HH:mm:ss": "",
        "SSS": "",
        "trip_id": "602DE_Trip8"
      }
    },
    {
      "type": "Feature",
      "geometry": {
        "type": "LineString",
        "coordinates": [
          [
            4.95538455898742,
            52.3398446668629
          ],
          [
            4.95538455898742,
            52.3398446668629
          ]
        ]
      },
      "properties": {
        "marker": "",
        "Acc Y (g)": "-0.705",
        "HRot Count": "",
        "Speed": "",
        "Samples": "2037",
        "Heading GPS (dg)": "",
        "Speed GPS": "",
        "Accuracy GPS": "",
        "Altitude GPS": "",
        "GNSS Timestamp": "",
        "HH:mm:ss": "",
        "SSS": "",
        "trip_id": "602DE_Trip8"
      }
    },
    {
      "type": "Feature",
      "geometry": {
        "type": "LineString",
        "coordinates": [
          [
            4.95538455898742,
            52.3398446668629
          ],
          [
            4.95538455898742,
            52.3398446668629
          ]
        ]
      },
      "properties": {
        "marker": "",
        "Acc Y (g)": "-1.692",
        "HRot Count": "",
        "Speed": "",
        "Samples": "2038",
        "Heading GPS (dg)": "",
        "Speed GPS": "",
        "Accuracy GPS": "",
        "Altitude GPS": "",
        "GNSS Timestamp": "",
        "HH:mm:ss": "",
        "SSS": "",
        "trip_id": "602DE_Trip8"
      }
    },
    {
      "type": "Feature",
      "geometry": {
        "type": "LineString",
        "coordinates": [
          [
            4.95538455898742,
            52.3398446668629
          ],
          [
            4.95538455898742,
            52.3398446668629
          ]
        ]
      },
      "properties": {
        "marker": "",
        "Acc Y (g)": "-0.418",
        "HRot Count": "",
        "Speed": "",
        "Samples": "2039",
        "Heading GPS (dg)": "",
        "Speed GPS": "",
        "Accuracy GPS": "",
        "Altitude GPS": "",
        "GNSS Timestamp": "",
        "HH:mm:ss": "",
        "SSS": "",
        "trip_id": "602DE_Trip8"
      }
    },
    {
      "type": "Feature",
      "geometry": {
        "type": "LineString",
        "coordinates": [
          [
            4.95538455898742,
            52.3398446668629
          ],
          [
            4.95538455898742,
            52.3398446668629
          ]
        ]
      },
      "properties": {
        "marker": "",
        "Acc Y (g)": "-0.680",
        "HRot Count": "",
        "Speed": "",
        "Samples": "2040",
        "Heading GPS (dg)": "",
        "Speed GPS": "",
        "Accuracy GPS": "",
        "Altitude GPS": "",
        "GNSS Timestamp": "",
        "HH:mm:ss": "",
        "SSS": "",
        "trip_id": "602DE_Trip8"
      }
    },
    {
      "type": "Feature",
      "geometry": {
        "type": "LineString",
        "coordinates": [
          [
            4.95538455898742,
            52.3398446668629
          ],
          [
            4.95538455898742,
            52.3398446668629
          ]
        ]
      },
      "properties": {
        "marker": "",
        "Acc Y (g)": "-0.765",
        "HRot Count": "",
        "Speed": "",
        "Samples": "2041",
        "Heading GPS (dg)": "",
        "Speed GPS": "",
        "Accuracy GPS": "",
        "Altitude GPS": "",
        "GNSS Timestamp": "",
        "HH:mm:ss": "",
        "SSS": "",
        "trip_id": "602DE_Trip8"
      }
    },
    {
      "type": "Feature",
      "geometry": {
        "type": "LineString",
        "coordinates": [
          [
            4.95538455898742,
            52.3398446668629
          ],
          [
            4.95538455898742,
            52.3398446668629
          ]
        ]
      },
      "properties": {
        "marker": "",
        "Acc Y (g)": "-0.567",
        "HRot Count": "",
        "Speed": "",
        "Samples": "2042",
        "Heading GPS (dg)": "",
        "Speed GPS": "",
        "Accuracy GPS": "",
        "Altitude GPS": "",
        "GNSS Timestamp": "",
        "HH:mm:ss": "",
        "SSS": "",
        "trip_id": "602DE_Trip8"
      }
    },
    {
      "type": "Feature",
      "geometry": {
        "type": "LineString",
        "coordinates": [
          [
            4.95538455898742,
            52.3398446668629
          ],
          [
            4.95538455898742,
            52.3398446668629
          ]
        ]
      },
      "properties": {
        "marker": "",
        "Acc Y (g)": "-0.671",
        "HRot Count": "",
        "Speed": "",
        "Samples": "2043",
        "Heading GPS (dg)": "",
        "Speed GPS": "",
        "Accuracy GPS": "",
        "Altitude GPS": "",
        "GNSS Timestamp": "",
        "HH:mm:ss": "",
        "SSS": "",
        "trip_id": "602DE_Trip8"
      }
    },
    {
      "type": "Feature",
      "geometry": {
        "type": "LineString",
        "coordinates": [
          [
            4.95538455898742,
            52.3398446668629
          ],
          [
            4.95538455898742,
            52.3398446668629
          ]
        ]
      },
      "properties": {
        "marker": "",
        "Acc Y (g)": "-0.348",
        "HRot Count": "",
        "Speed": "",
        "Samples": "2044",
        "Heading GPS (dg)": "",
        "Speed GPS": "",
        "Accuracy GPS": "",
        "Altitude GPS": "",
        "GNSS Timestamp": "",
        "HH:mm:ss": "",
        "SSS": "",
        "trip_id": "602DE_Trip8"
      }
    },
    {
      "type": "Feature",
      "geometry": {
        "type": "LineString",
        "coordinates": [
          [
            4.95538455898742,
            52.3398446668629
          ],
          [
            4.95538455898742,
            52.3398446668629
          ]
        ]
      },
      "properties": {
        "marker": "",
        "Acc Y (g)": "-0.197",
        "HRot Count": "",
        "Speed": "",
        "Samples": "2045",
        "Heading GPS (dg)": "",
        "Speed GPS": "",
        "Accuracy GPS": "",
        "Altitude GPS": "",
        "GNSS Timestamp": "",
        "HH:mm:ss": "",
        "SSS": "",
        "trip_id": "602DE_Trip8"
      }
    },
    {
      "type": "Feature",
      "geometry": {
        "type": "LineString",
        "coordinates": [
          [
            4.95538455898742,
            52.3398446668629
          ],
          [
            4.95538455898742,
            52.3398446668629
          ]
        ]
      },
      "properties": {
        "marker": "",
        "Acc Y (g)": "-0.148",
        "HRot Count": "",
        "Speed": "",
        "Samples": "2046",
        "Heading GPS (dg)": "",
        "Speed GPS": "",
        "Accuracy GPS": "",
        "Altitude GPS": "",
        "GNSS Timestamp": "",
        "HH:mm:ss": "",
        "SSS": "",
        "trip_id": "602DE_Trip8"
      }
    },
    {
      "type": "Feature",
      "geometry": {
        "type": "LineString",
        "coordinates": [
          [
            4.95538455898742,
            52.3398446668629
          ],
          [
            4.95538455898742,
            52.3398446668629
          ]
        ]
      },
      "properties": {
        "marker": "",
        "Acc Y (g)": "-0.117",
        "HRot Count": "",
        "Speed": "",
        "Samples": "2047",
        "Heading GPS (dg)": "",
        "Speed GPS": "",
        "Accuracy GPS": "",
        "Altitude GPS": "",
        "GNSS Timestamp": "",
        "HH:mm:ss": "",
        "SSS": "",
        "trip_id": "602DE_Trip8"
      }
    },
    {
      "type": "Feature",
      "geometry": {
        "type": "LineString",
        "coordinates": [
          [
            4.95538455898742,
            52.3398446668629
          ],
          [
            4.95538455898742,
            52.3398446668629
          ]
        ]
      },
      "properties": {
        "marker": "",
        "Acc Y (g)": "0.145",
        "HRot Count": "",
        "Speed": "",
        "Samples": "2048",
        "Heading GPS (dg)": "",
        "Speed GPS": "",
        "Accuracy GPS": "",
        "Altitude GPS": "",
        "GNSS Timestamp": "",
        "HH:mm:ss": "",
        "SSS": "",
        "trip_id": "602DE_Trip8"
      }
    },
    {
      "type": "Feature",
      "geometry": {
        "type": "LineString",
        "coordinates": [
          [
            4.95538455898742,
            52.3398446668629
          ],
          [
            4.95538455898742,
            52.3398446668629
          ]
        ]
      },
      "properties": {
        "marker": "",
        "Acc Y (g)": "-0.105",
        "HRot Count": "",
        "Speed": "",
        "Samples": "2049",
        "Heading GPS (dg)": "",
        "Speed GPS": "",
        "Accuracy GPS": "",
        "Altitude GPS": "",
        "GNSS Timestamp": "",
        "HH:mm:ss": "",
        "SSS": "",
        "trip_id": "602DE_Trip8"
      }
    },
    {
      "type": "Feature",
      "geometry": {
        "type": "LineString",
        "coordinates": [
          [
            4.95538455898742,
            52.3398446668629
          ],
          [
            4.95538455898742,
            52.3398446668629
          ]
        ]
      },
      "properties": {
        "marker": "",
        "Acc Y (g)": "0.544",
        "HRot Count": "",
        "Speed": "",
        "Samples": "2050",
        "Heading GPS (dg)": "",
        "Speed GPS": "",
        "Accuracy GPS": "",
        "Altitude GPS": "",
        "GNSS Timestamp": "",
        "HH:mm:ss": "",
        "SSS": "",
        "trip_id": "602DE_Trip8"
      }
    },
    {
      "type": "Feature",
      "geometry": {
        "type": "LineString",
        "coordinates": [
          [
            4.95538455898742,
            52.3398446668629
          ],
          [
            4.95538455898742,
            52.3398446668629
          ]
        ]
      },
      "properties": {
        "marker": "",
        "Acc Y (g)": "0.497",
        "HRot Count": "",
        "Speed": "",
        "Samples": "2051",
        "Heading GPS (dg)": "",
        "Speed GPS": "",
        "Accuracy GPS": "",
        "Altitude GPS": "",
        "GNSS Timestamp": "",
        "HH:mm:ss": "",
        "SSS": "",
        "trip_id": "602DE_Trip8"
      }
    },
    {
      "type": "Feature",
      "geometry": {
        "type": "LineString",
        "coordinates": [
          [
            4.95538455898742,
            52.3398446668629
          ],
          [
            4.95538455898742,
            52.3398446668629
          ]
        ]
      },
      "properties": {
        "marker": "",
        "Acc Y (g)": "0.684",
        "HRot Count": "",
        "Speed": "",
        "Samples": "2052",
        "Heading GPS (dg)": "",
        "Speed GPS": "",
        "Accuracy GPS": "",
        "Altitude GPS": "",
        "GNSS Timestamp": "",
        "HH:mm:ss": "",
        "SSS": "",
        "trip_id": "602DE_Trip8"
      }
    },
    {
      "type": "Feature",
      "geometry": {
        "type": "LineString",
        "coordinates": [
          [
            4.95538455898742,
            52.3398446668629
          ],
          [
            4.95538455898742,
            52.3398446668629
          ]
        ]
      },
      "properties": {
        "marker": "7",
        "Acc Y (g)": "0.653",
        "HRot Count": "9",
        "Speed": "1086",
        "Samples": "2053",
        "Heading GPS (dg)": "208",
        "Speed GPS": "8",
        "Accuracy GPS": "19",
        "Altitude GPS": "2",
        "GNSS Timestamp": "2026-05-06 08:08:50.999000+00:00",
        "HH:mm:ss": "10:08:51",
        "SSS": "142",
        "trip_id": "602DE_Trip8",
        "timestamp": "2026-05-06 08:08:50.999000+00:00"
      }
    },
    {
      "type": "Feature",
      "geometry": {
        "type": "LineString",
        "coordinates": [
          [
            4.95538455898742,
            52.3398446668629
          ],
          [
            4.95538455898742,
            52.3398446668629
          ]
        ]
      },
      "properties": {
        "marker": "",
        "Acc Y (g)": "0.862",
        "HRot Count": "",
        "Speed": "",
        "Samples": "2054",
        "Heading GPS (dg)": "",
        "Speed GPS": "",
        "Accuracy GPS": "",
        "Altitude GPS": "",
        "GNSS Timestamp": "",
        "HH:mm:ss": "",
        "SSS": "",
        "trip_id": "602DE_Trip8"
      }
    },
    {
      "type": "Feature",
      "geometry": {
        "type": "LineString",
        "coordinates": [
          [
            4.95538455898742,
            52.3398446668629
          ],
          [
            4.95538455898742,
            52.3398446668629
          ]
        ]
      },
      "properties": {
        "marker": "",
        "Acc Y (g)": "0.919",
        "HRot Count": "",
        "Speed": "",
        "Samples": "2055",
        "Heading GPS (dg)": "",
        "Speed GPS": "",
        "Accuracy GPS": "",
        "Altitude GPS": "",
        "GNSS Timestamp": "",
        "HH:mm:ss": "",
        "SSS": "",
        "trip_id": "602DE_Trip8"
      }
    },
    {
      "type": "Feature",
      "geometry": {
        "type": "LineString",
        "coordinates": [
          [
            4.95538455898742,
            52.3398446668629
          ],
          [
            4.95538455898742,
            52.3398446668629
          ]
        ]
      },
      "properties": {
        "marker": "",
        "Acc Y (g)": "1.034",
        "HRot Count": "",
        "Speed": "",
        "Samples": "2056",
        "Heading GPS (dg)": "",
        "Speed GPS": "",
        "Accuracy GPS": "",
        "Altitude GPS": "",
        "GNSS Timestamp": "",
        "HH:mm:ss": "",
        "SSS": "",
        "trip_id": "602DE_Trip8"
      }
    },
    {
      "type": "Feature",
      "geometry": {
        "type": "LineString",
        "coordinates": [
          [
            4.95538455898742,
            52.3398446668629
          ],
          [
            4.95538455898742,
            52.3398446668629
          ]
        ]
      },
      "properties": {
        "marker": "",
        "Acc Y (g)": "0.821",
        "HRot Count": "",
        "Speed": "",
        "Samples": "2057",
        "Heading GPS (dg)": "",
        "Speed GPS": "",
        "Accuracy GPS": "",
        "Altitude GPS": "",
        "GNSS Timestamp": "",
        "HH:mm:ss": "",
        "SSS": "",
        "trip_id": "602DE_Trip8"
      }
    },
    {
      "type": "Feature",
      "geometry": {
        "type": "LineString",
        "coordinates": [
          [
            4.95538455898742,
            52.3398446668629
          ],
          [
            4.95538455898742,
            52.3398446668629
          ]
        ]
      },
      "properties": {
        "marker": "",
        "Acc Y (g)": "0.608",
        "HRot Count": "",
        "Speed": "",
        "Samples": "2058",
        "Heading GPS (dg)": "",
        "Speed GPS": "",
        "Accuracy GPS": "",
        "Altitude GPS": "",
        "GNSS Timestamp": "",
        "HH:mm:ss": "",
        "SSS": "",
        "trip_id": "602DE_Trip8"
      }
    },
    {
      "type": "Feature",
      "geometry": {
        "type": "LineString",
        "coordinates": [
          [
            4.95538455898742,
            52.3398446668629
          ],
          [
            4.95538455898742,
            52.3398446668629
          ]
        ]
      },
      "properties": {
        "marker": "",
        "Acc Y (g)": "1.205",
        "HRot Count": "",
        "Speed": "",
        "Samples": "2059",
        "Heading GPS (dg)": "",
        "Speed GPS": "",
        "Accuracy GPS": "",
        "Altitude GPS": "",
        "GNSS Timestamp": "",
        "HH:mm:ss": "",
        "SSS": "",
        "trip_id": "602DE_Trip8"
      }
    },
    {
      "type": "Feature",
      "geometry": {
        "type": "LineString",
        "coordinates": [
          [
            4.95538455898742,
            52.3398446668629
          ],
          [
            4.95538455898742,
            52.3398446668629
          ]
        ]
      },
      "properties": {
        "marker": "",
        "Acc Y (g)": "1.199",
        "HRot Count": "",
        "Speed": "",
        "Samples": "2060",
        "Heading GPS (dg)": "",
        "Speed GPS": "",
        "Accuracy GPS": "",
        "Altitude GPS": "",
        "GNSS Timestamp": "",
        "HH:mm:ss": "",
        "SSS": "",
        "trip_id": "602DE_Trip8"
      }
    },
    {
      "type": "Feature",
      "geometry": {
        "type": "LineString",
        "coordinates": [
          [
            4.95538455898742,
            52.3398446668629
          ],
          [
            4.95538455898742,
            52.3398446668629
          ]
        ]
      },
      "properties": {
        "marker": "",
        "Acc Y (g)": "0.706",
        "HRot Count": "",
        "Speed": "",
        "Samples": "2061",
        "Heading GPS (dg)": "",
        "Speed GPS": "",
        "Accuracy GPS": "",
        "Altitude GPS": "",
        "GNSS Timestamp": "",
        "HH:mm:ss": "",
        "SSS": "",
        "trip_id": "602DE_Trip8"
      }
    },
    {
      "type": "Feature",
      "geometry": {
        "type": "LineString",
        "coordinates": [
          [
            4.95538455898742,
            52.3398446668629
          ],
          [
            4.95538455898742,
            52.3398446668629
          ]
        ]
      },
      "properties": {
        "marker": "",
        "Acc Y (g)": "0.812",
        "HRot Count": "",
        "Speed": "",
        "Samples": "2062",
        "Heading GPS (dg)": "",
        "Speed GPS": "",
        "Accuracy GPS": "",
        "Altitude GPS": "",
        "GNSS Timestamp": "",
        "HH:mm:ss": "",
        "SSS": "",
        "trip_id": "602DE_Trip8"
      }
    },
    {
      "type": "Feature",
      "geometry": {
        "type": "LineString",
        "coordinates": [
          [
            4.95538455898742,
            52.3398446668629
          ],
          [
            4.95538455898742,
            52.3398446668629
          ]
        ]
      },
      "properties": {
        "marker": "",
        "Acc Y (g)": "0.961",
        "HRot Count": "",
        "Speed": "",
        "Samples": "2063",
        "Heading GPS (dg)": "",
        "Speed GPS": "",
        "Accuracy GPS": "",
        "Altitude GPS": "",
        "GNSS Timestamp": "",
        "HH:mm:ss": "",
        "SSS": "",
        "trip_id": "602DE_Trip8"
      }
    },
    {
      "type": "Feature",
      "geometry": {
        "type": "LineString",
        "coordinates": [
          [
            4.95538455898742,
            52.3398446668629
          ],
          [
            4.95538455898742,
            52.3398446668629
          ]
        ]
      },
      "properties": {
        "marker": "",
        "Acc Y (g)": "0.698",
        "HRot Count": "",
        "Speed": "",
        "Samples": "2064",
        "Heading GPS (dg)": "",
        "Speed GPS": "",
        "Accuracy GPS": "",
        "Altitude GPS": "",
        "GNSS Timestamp": "",
        "HH:mm:ss": "",
        "SSS": "",
        "trip_id": "602DE_Trip8"
      }
    },
    {
      "type": "Feature",
      "geometry": {
        "type": "LineString",
        "coordinates": [
          [
            4.95538455898742,
            52.3398446668629
          ],
          [
            4.95538455898742,
            52.3398446668629
          ]
        ]
      },
      "properties": {
        "marker": "",
        "Acc Y (g)": "0.522",
        "HRot Count": "",
        "Speed": "",
        "Samples": "2065",
        "Heading GPS (dg)": "",
        "Speed GPS": "",
        "Accuracy GPS": "",
        "Altitude GPS": "",
        "GNSS Timestamp": "",
        "HH:mm:ss": "",
        "SSS": "",
        "trip_id": "602DE_Trip8"
      }
    },
    {
      "type": "Feature",
      "geometry": {
        "type": "LineString",
        "coordinates": [
          [
            4.95538455898742,
            52.3398446668629
          ],
          [
            4.95538455898742,
            52.3398446668629
          ]
        ]
      },
      "properties": {
        "marker": "",
        "Acc Y (g)": "0.712",
        "HRot Count": "",
        "Speed": "",
        "Samples": "2066",
        "Heading GPS (dg)": "",
        "Speed GPS": "",
        "Accuracy GPS": "",
        "Altitude GPS": "",
        "GNSS Timestamp": "",
        "HH:mm:ss": "",
        "SSS": "",
        "trip_id": "602DE_Trip8"
      }
    },
    {
      "type": "Feature",
      "geometry": {
        "type": "LineString",
        "coordinates": [
          [
            4.95538455898742,
            52.3398446668629
          ],
          [
            4.95538455898742,
            52.3398446668629
          ]
        ]
      },
      "properties": {
        "marker": "",
        "Acc Y (g)": "0.421",
        "HRot Count": "",
        "Speed": "",
        "Samples": "2067",
        "Heading GPS (dg)": "",
        "Speed GPS": "",
        "Accuracy GPS": "",
        "Altitude GPS": "",
        "GNSS Timestamp": "",
        "HH:mm:ss": "",
        "SSS": "",
        "trip_id": "602DE_Trip8"
      }
    },
    {
      "type": "Feature",
      "geometry": {
        "type": "LineString",
        "coordinates": [
          [
            4.95538455898742,
            52.3398446668629
          ],
          [
            4.95538455898742,
            52.3398446668629
          ]
        ]
      },
      "properties": {
        "marker": "",
        "Acc Y (g)": "0.293",
        "HRot Count": "",
        "Speed": "",
        "Samples": "2068",
        "Heading GPS (dg)": "",
        "Speed GPS": "",
        "Accuracy GPS": "",
        "Altitude GPS": "",
        "GNSS Timestamp": "",
        "HH:mm:ss": "",
        "SSS": "",
        "trip_id": "602DE_Trip8"
      }
    },
    {
      "type": "Feature",
      "geometry": {
        "type": "LineString",
        "coordinates": [
          [
            4.95538455898742,
            52.3398446668629
          ],
          [
            4.95538455898742,
            52.3398446668629
          ]
        ]
      },
      "properties": {
        "marker": "",
        "Acc Y (g)": "0.108",
        "HRot Count": "",
        "Speed": "",
        "Samples": "2069",
        "Heading GPS (dg)": "",
        "Speed GPS": "",
        "Accuracy GPS": "",
        "Altitude GPS": "",
        "GNSS Timestamp": "",
        "HH:mm:ss": "",
        "SSS": "",
        "trip_id": "602DE_Trip8"
      }
    },
    {
      "type": "Feature",
      "geometry": {
        "type": "LineString",
        "coordinates": [
          [
            4.95538455898742,
            52.3398446668629
          ],
          [
            4.95538455898742,
            52.3398446668629
          ]
        ]
      },
      "properties": {
        "marker": "",
        "Acc Y (g)": "-0.051",
        "HRot Count": "",
        "Speed": "",
        "Samples": "2070",
        "Heading GPS (dg)": "",
        "Speed GPS": "",
        "Accuracy GPS": "",
        "Altitude GPS": "",
        "GNSS Timestamp": "",
        "HH:mm:ss": "",
        "SSS": "",
        "trip_id": "602DE_Trip8"
      }
    },
    {
      "type": "Feature",
      "geometry": {
        "type": "LineString",
        "coordinates": [
          [
            4.95538455898742,
            52.3398446668629
          ],
          [
            4.95538455898742,
            52.3398446668629
          ]
        ]
      },
      "properties": {
        "marker": "",
        "Acc Y (g)": "-0.193",
        "HRot Count": "",
        "Speed": "",
        "Samples": "2071",
        "Heading GPS (dg)": "",
        "Speed GPS": "",
        "Accuracy GPS": "",
        "Altitude GPS": "",
        "GNSS Timestamp": "",
        "HH:mm:ss": "",
        "SSS": "",
        "trip_id": "602DE_Trip8"
      }
    },
    {
      "type": "Feature",
      "geometry": {
        "type": "LineString",
        "coordinates": [
          [
            4.95538455898742,
            52.3398446668629
          ],
          [
            4.95538455898742,
            52.3398446668629
          ]
        ]
      },
      "properties": {
        "marker": "",
        "Acc Y (g)": "-0.353",
        "HRot Count": "",
        "Speed": "",
        "Samples": "2072",
        "Heading GPS (dg)": "",
        "Speed GPS": "",
        "Accuracy GPS": "",
        "Altitude GPS": "",
        "GNSS Timestamp": "",
        "HH:mm:ss": "",
        "SSS": "",
        "trip_id": "602DE_Trip8"
      }
    },
    {
      "type": "Feature",
      "geometry": {
        "type": "LineString",
        "coordinates": [
          [
            4.95538455898742,
            52.3398446668629
          ],
          [
            4.95538455898742,
            52.3398446668629
          ]
        ]
      },
      "properties": {
        "marker": "",
        "Acc Y (g)": "-0.446",
        "HRot Count": "",
        "Speed": "",
        "Samples": "2073",
        "Heading GPS (dg)": "",
        "Speed GPS": "",
        "Accuracy GPS": "",
        "Altitude GPS": "",
        "GNSS Timestamp": "",
        "HH:mm:ss": "",
        "SSS": "",
        "trip_id": "602DE_Trip8"
      }
    },
    {
      "type": "Feature",
      "geometry": {
        "type": "LineString",
        "coordinates": [
          [
            4.95538455898742,
            52.3398446668629
          ],
          [
            4.95538455898742,
            52.3398446668629
          ]
        ]
      },
      "properties": {
        "marker": "",
        "Acc Y (g)": "-0.429",
        "HRot Count": "",
        "Speed": "",
        "Samples": "2074",
        "Heading GPS (dg)": "",
        "Speed GPS": "",
        "Accuracy GPS": "",
        "Altitude GPS": "",
        "GNSS Timestamp": "",
        "HH:mm:ss": "",
        "SSS": "",
        "trip_id": "602DE_Trip8"
      }
    },
    {
      "type": "Feature",
      "geometry": {
        "type": "LineString",
        "coordinates": [
          [
            4.95538455898742,
            52.3398446668629
          ],
          [
            4.95535885693327,
            52.3398239204668
          ]
        ]
      },
      "properties": {
        "marker": "",
        "Acc Y (g)": "-0.669",
        "HRot Count": "",
        "Speed": "",
        "Samples": "2075",
        "Heading GPS (dg)": "",
        "Speed GPS": "",
        "Accuracy GPS": "",
        "Altitude GPS": "",
        "GNSS Timestamp": "",
        "HH:mm:ss": "",
        "SSS": "",
        "trip_id": "602DE_Trip8"
      }
    },
    {
      "type": "Feature",
      "geometry": {
        "type": "LineString",
        "coordinates": [
          [
            4.95535885693327,
            52.3398239204668
          ],
          [
            4.95535885693327,
            52.3398239204668
          ]
        ]
      },
      "properties": {
        "marker": "7",
        "Acc Y (g)": "-0.729",
        "HRot Count": "10",
        "Speed": "1063",
        "Samples": "2076",
        "Heading GPS (dg)": "200",
        "Speed GPS": "9",
        "Accuracy GPS": "18",
        "Altitude GPS": "2",
        "GNSS Timestamp": "2026-05-06 08:08:51.999000+00:00",
        "HH:mm:ss": "10:08:51",
        "SSS": "537",
        "trip_id": "602DE_Trip8",
        "timestamp": "2026-05-06 08:08:51.999000+00:00"
      }
    },
    {
      "type": "Feature",
      "geometry": {
        "type": "LineString",
        "coordinates": [
          [
            4.95535885693327,
            52.3398239204668
          ],
          [
            4.95535885693327,
            52.3398239204668
          ]
        ]
      },
      "properties": {
        "marker": "",
        "Acc Y (g)": "-0.941",
        "HRot Count": "",
        "Speed": "",
        "Samples": "2077",
        "Heading GPS (dg)": "",
        "Speed GPS": "",
        "Accuracy GPS": "",
        "Altitude GPS": "",
        "GNSS Timestamp": "",
        "HH:mm:ss": "",
        "SSS": "",
        "trip_id": "602DE_Trip8"
      }
    },
    {
      "type": "Feature",
      "geometry": {
        "type": "LineString",
        "coordinates": [
          [
            4.95535885693327,
            52.3398239204668
          ],
          [
            4.95535885693327,
            52.3398239204668
          ]
        ]
      },
      "properties": {
        "marker": "",
        "Acc Y (g)": "-0.990",
        "HRot Count": "",
        "Speed": "",
        "Samples": "2078",
        "Heading GPS (dg)": "",
        "Speed GPS": "",
        "Accuracy GPS": "",
        "Altitude GPS": "",
        "GNSS Timestamp": "",
        "HH:mm:ss": "",
        "SSS": "",
        "trip_id": "602DE_Trip8"
      }
    },
    {
      "type": "Feature",
      "geometry": {
        "type": "LineString",
        "coordinates": [
          [
            4.95535885693327,
            52.3398239204668
          ],
          [
            4.95535885693327,
            52.3398239204668
          ]
        ]
      },
      "properties": {
        "marker": "",
        "Acc Y (g)": "-0.753",
        "HRot Count": "",
        "Speed": "",
        "Samples": "2079",
        "Heading GPS (dg)": "",
        "Speed GPS": "",
        "Accuracy GPS": "",
        "Altitude GPS": "",
        "GNSS Timestamp": "",
        "HH:mm:ss": "",
        "SSS": "",
        "trip_id": "602DE_Trip8"
      }
    },
    {
      "type": "Feature",
      "geometry": {
        "type": "LineString",
        "coordinates": [
          [
            4.95535885693327,
            52.3398239204668
          ],
          [
            4.95535885693327,
            52.3398239204668
          ]
        ]
      },
      "properties": {
        "marker": "",
        "Acc Y (g)": "-0.934",
        "HRot Count": "",
        "Speed": "",
        "Samples": "2080",
        "Heading GPS (dg)": "",
        "Speed GPS": "",
        "Accuracy GPS": "",
        "Altitude GPS": "",
        "GNSS Timestamp": "",
        "HH:mm:ss": "",
        "SSS": "",
        "trip_id": "602DE_Trip8"
      }
    },
    {
      "type": "Feature",
      "geometry": {
        "type": "LineString",
        "coordinates": [
          [
            4.95535885693327,
            52.3398239204668
          ],
          [
            4.95535885693327,
            52.3398239204668
          ]
        ]
      },
      "properties": {
        "marker": "",
        "Acc Y (g)": "-0.993",
        "HRot Count": "",
        "Speed": "",
        "Samples": "2081",
        "Heading GPS (dg)": "",
        "Speed GPS": "",
        "Accuracy GPS": "",
        "Altitude GPS": "",
        "GNSS Timestamp": "",
        "HH:mm:ss": "",
        "SSS": "",
        "trip_id": "602DE_Trip8"
      }
    },
    {
      "type": "Feature",
      "geometry": {
        "type": "LineString",
        "coordinates": [
          [
            4.95535885693327,
            52.3398239204668
          ],
          [
            4.95535885693327,
            52.3398239204668
          ]
        ]
      },
      "properties": {
        "marker": "",
        "Acc Y (g)": "-1.063",
        "HRot Count": "",
        "Speed": "",
        "Samples": "2082",
        "Heading GPS (dg)": "",
        "Speed GPS": "",
        "Accuracy GPS": "",
        "Altitude GPS": "",
        "GNSS Timestamp": "",
        "HH:mm:ss": "",
        "SSS": "",
        "trip_id": "602DE_Trip8"
      }
    },
    {
      "type": "Feature",
      "geometry": {
        "type": "LineString",
        "coordinates": [
          [
            4.95535885693327,
            52.3398239204668
          ],
          [
            4.95535885693327,
            52.3398239204668
          ]
        ]
      },
      "properties": {
        "marker": "",
        "Acc Y (g)": "-0.773",
        "HRot Count": "",
        "Speed": "",
        "Samples": "2083",
        "Heading GPS (dg)": "",
        "Speed GPS": "",
        "Accuracy GPS": "",
        "Altitude GPS": "",
        "GNSS Timestamp": "",
        "HH:mm:ss": "",
        "SSS": "",
        "trip_id": "602DE_Trip8"
      }
    },
    {
      "type": "Feature",
      "geometry": {
        "type": "LineString",
        "coordinates": [
          [
            4.95535885693327,
            52.3398239204668
          ],
          [
            4.95535885693327,
            52.3398239204668
          ]
        ]
      },
      "properties": {
        "marker": "",
        "Acc Y (g)": "-0.880",
        "HRot Count": "",
        "Speed": "",
        "Samples": "2084",
        "Heading GPS (dg)": "",
        "Speed GPS": "",
        "Accuracy GPS": "",
        "Altitude GPS": "",
        "GNSS Timestamp": "",
        "HH:mm:ss": "",
        "SSS": "",
        "trip_id": "602DE_Trip8"
      }
    },
    {
      "type": "Feature",
      "geometry": {
        "type": "LineString",
        "coordinates": [
          [
            4.95535885693327,
            52.3398239204668
          ],
          [
            4.95535885693327,
            52.3398239204668
          ]
        ]
      },
      "properties": {
        "marker": "",
        "Acc Y (g)": "-0.729",
        "HRot Count": "",
        "Speed": "",
        "Samples": "2085",
        "Heading GPS (dg)": "",
        "Speed GPS": "",
        "Accuracy GPS": "",
        "Altitude GPS": "",
        "GNSS Timestamp": "",
        "HH:mm:ss": "",
        "SSS": "",
        "trip_id": "602DE_Trip8"
      }
    },
    {
      "type": "Feature",
      "geometry": {
        "type": "LineString",
        "coordinates": [
          [
            4.95535885693327,
            52.3398239204668
          ],
          [
            4.95535885693327,
            52.3398239204668
          ]
        ]
      },
      "properties": {
        "marker": "",
        "Acc Y (g)": "-0.672",
        "HRot Count": "",
        "Speed": "",
        "Samples": "2086",
        "Heading GPS (dg)": "",
        "Speed GPS": "",
        "Accuracy GPS": "",
        "Altitude GPS": "",
        "GNSS Timestamp": "",
        "HH:mm:ss": "",
        "SSS": "",
        "trip_id": "602DE_Trip8"
      }
    },
    {
      "type": "Feature",
      "geometry": {
        "type": "LineString",
        "coordinates": [
          [
            4.95535885693327,
            52.3398239204668
          ],
          [
            4.95535885693327,
            52.3398239204668
          ]
        ]
      },
      "properties": {
        "marker": "",
        "Acc Y (g)": "-0.690",
        "HRot Count": "",
        "Speed": "",
        "Samples": "2087",
        "Heading GPS (dg)": "",
        "Speed GPS": "",
        "Accuracy GPS": "",
        "Altitude GPS": "",
        "GNSS Timestamp": "",
        "HH:mm:ss": "",
        "SSS": "",
        "trip_id": "602DE_Trip8"
      }
    },
    {
      "type": "Feature",
      "geometry": {
        "type": "LineString",
        "coordinates": [
          [
            4.95535885693327,
            52.3398239204668
          ],
          [
            4.95535885693327,
            52.3398239204668
          ]
        ]
      },
      "properties": {
        "marker": "",
        "Acc Y (g)": "-0.508",
        "HRot Count": "",
        "Speed": "",
        "Samples": "2088",
        "Heading GPS (dg)": "",
        "Speed GPS": "",
        "Accuracy GPS": "",
        "Altitude GPS": "",
        "GNSS Timestamp": "",
        "HH:mm:ss": "",
        "SSS": "",
        "trip_id": "602DE_Trip8"
      }
    },
    {
      "type": "Feature",
      "geometry": {
        "type": "LineString",
        "coordinates": [
          [
            4.95535885693327,
            52.3398239204668
          ],
          [
            4.95535885693327,
            52.3398239204668
          ]
        ]
      },
      "properties": {
        "marker": "",
        "Acc Y (g)": "-0.222",
        "HRot Count": "",
        "Speed": "",
        "Samples": "2089",
        "Heading GPS (dg)": "",
        "Speed GPS": "",
        "Accuracy GPS": "",
        "Altitude GPS": "",
        "GNSS Timestamp": "",
        "HH:mm:ss": "",
        "SSS": "",
        "trip_id": "602DE_Trip8"
      }
    },
    {
      "type": "Feature",
      "geometry": {
        "type": "LineString",
        "coordinates": [
          [
            4.95535885693327,
            52.3398239204668
          ],
          [
            4.95535885693327,
            52.3398239204668
          ]
        ]
      },
      "properties": {
        "marker": "",
        "Acc Y (g)": "-0.191",
        "HRot Count": "",
        "Speed": "",
        "Samples": "2090",
        "Heading GPS (dg)": "",
        "Speed GPS": "",
        "Accuracy GPS": "",
        "Altitude GPS": "",
        "GNSS Timestamp": "",
        "HH:mm:ss": "",
        "SSS": "",
        "trip_id": "602DE_Trip8"
      }
    },
    {
      "type": "Feature",
      "geometry": {
        "type": "LineString",
        "coordinates": [
          [
            4.95535885693327,
            52.3398239204668
          ],
          [
            4.95535885693327,
            52.3398239204668
          ]
        ]
      },
      "properties": {
        "marker": "",
        "Acc Y (g)": "-0.063",
        "HRot Count": "",
        "Speed": "",
        "Samples": "2091",
        "Heading GPS (dg)": "",
        "Speed GPS": "",
        "Accuracy GPS": "",
        "Altitude GPS": "",
        "GNSS Timestamp": "",
        "HH:mm:ss": "",
        "SSS": "",
        "trip_id": "602DE_Trip8"
      }
    },
    {
      "type": "Feature",
      "geometry": {
        "type": "LineString",
        "coordinates": [
          [
            4.95535885693327,
            52.3398239204668
          ],
          [
            4.95535885693327,
            52.3398239204668
          ]
        ]
      },
      "properties": {
        "marker": "",
        "Acc Y (g)": "0.084",
        "HRot Count": "",
        "Speed": "",
        "Samples": "2092",
        "Heading GPS (dg)": "",
        "Speed GPS": "",
        "Accuracy GPS": "",
        "Altitude GPS": "",
        "GNSS Timestamp": "",
        "HH:mm:ss": "",
        "SSS": "",
        "trip_id": "602DE_Trip8"
      }
    },
    {
      "type": "Feature",
      "geometry": {
        "type": "LineString",
        "coordinates": [
          [
            4.95535885693327,
            52.3398239204668
          ],
          [
            4.95535885693327,
            52.3398239204668
          ]
        ]
      },
      "properties": {
        "marker": "",
        "Acc Y (g)": "0.187",
        "HRot Count": "",
        "Speed": "",
        "Samples": "2093",
        "Heading GPS (dg)": "",
        "Speed GPS": "",
        "Accuracy GPS": "",
        "Altitude GPS": "",
        "GNSS Timestamp": "",
        "HH:mm:ss": "",
        "SSS": "",
        "trip_id": "602DE_Trip8"
      }
    },
    {
      "type": "Feature",
      "geometry": {
        "type": "LineString",
        "coordinates": [
          [
            4.95535885693327,
            52.3398239204668
          ],
          [
            4.95535885693327,
            52.3398239204668
          ]
        ]
      },
      "properties": {
        "marker": "",
        "Acc Y (g)": "0.354",
        "HRot Count": "",
        "Speed": "",
        "Samples": "2094",
        "Heading GPS (dg)": "",
        "Speed GPS": "",
        "Accuracy GPS": "",
        "Altitude GPS": "",
        "GNSS Timestamp": "",
        "HH:mm:ss": "",
        "SSS": "",
        "trip_id": "602DE_Trip8"
      }
    },
    {
      "type": "Feature",
      "geometry": {
        "type": "LineString",
        "coordinates": [
          [
            4.95535885693327,
            52.3398239204668
          ],
          [
            4.95535885693327,
            52.3398239204668
          ]
        ]
      },
      "properties": {
        "marker": "",
        "Acc Y (g)": "0.387",
        "HRot Count": "",
        "Speed": "",
        "Samples": "2095",
        "Heading GPS (dg)": "",
        "Speed GPS": "",
        "Accuracy GPS": "",
        "Altitude GPS": "",
        "GNSS Timestamp": "",
        "HH:mm:ss": "",
        "SSS": "",
        "trip_id": "602DE_Trip8"
      }
    },
    {
      "type": "Feature",
      "geometry": {
        "type": "LineString",
        "coordinates": [
          [
            4.95535885693327,
            52.3398239204668
          ],
          [
            4.95535885693327,
            52.3398239204668
          ]
        ]
      },
      "properties": {
        "marker": "",
        "Acc Y (g)": "0.547",
        "HRot Count": "",
        "Speed": "",
        "Samples": "2096",
        "Heading GPS (dg)": "",
        "Speed GPS": "",
        "Accuracy GPS": "",
        "Altitude GPS": "",
        "GNSS Timestamp": "",
        "HH:mm:ss": "",
        "SSS": "",
        "trip_id": "602DE_Trip8"
      }
    },
    {
      "type": "Feature",
      "geometry": {
        "type": "LineString",
        "coordinates": [
          [
            4.95535885693327,
            52.3398239204668
          ],
          [
            4.95535885693327,
            52.3398239204668
          ]
        ]
      },
      "properties": {
        "marker": "7",
        "Acc Y (g)": "1.039",
        "HRot Count": "11",
        "Speed": "1071",
        "Samples": "2097",
        "Heading GPS (dg)": "200",
        "Speed GPS": "9",
        "Accuracy GPS": "18",
        "Altitude GPS": "2",
        "GNSS Timestamp": "2026-05-06 08:08:51.999000+00:00",
        "HH:mm:ss": "10:08:51",
        "SSS": "959",
        "trip_id": "602DE_Trip8",
        "timestamp": "2026-05-06 08:08:51.999000+00:00"
      }
    },
    {
      "type": "Feature",
      "geometry": {
        "type": "LineString",
        "coordinates": [
          [
            4.95535885693327,
            52.3398239204668
          ],
          [
            4.95535885693327,
            52.3398239204668
          ]
        ]
      },
      "properties": {
        "marker": "",
        "Acc Y (g)": "0.802",
        "HRot Count": "",
        "Speed": "",
        "Samples": "2098",
        "Heading GPS (dg)": "",
        "Speed GPS": "",
        "Accuracy GPS": "",
        "Altitude GPS": "",
        "GNSS Timestamp": "",
        "HH:mm:ss": "",
        "SSS": "",
        "trip_id": "602DE_Trip8"
      }
    },
    {
      "type": "Feature",
      "geometry": {
        "type": "LineString",
        "coordinates": [
          [
            4.95535885693327,
            52.3398239204668
          ],
          [
            4.95535885693327,
            52.3398239204668
          ]
        ]
      },
      "properties": {
        "marker": "",
        "Acc Y (g)": "0.729",
        "HRot Count": "",
        "Speed": "",
        "Samples": "2099",
        "Heading GPS (dg)": "",
        "Speed GPS": "",
        "Accuracy GPS": "",
        "Altitude GPS": "",
        "GNSS Timestamp": "",
        "HH:mm:ss": "",
        "SSS": "",
        "trip_id": "602DE_Trip8"
      }
    },
    {
      "type": "Feature",
      "geometry": {
        "type": "LineString",
        "coordinates": [
          [
            4.95535885693327,
            52.3398239204668
          ],
          [
            4.95535885693327,
            52.3398239204668
          ]
        ]
      },
      "properties": {
        "marker": "",
        "Acc Y (g)": "1.196",
        "HRot Count": "",
        "Speed": "",
        "Samples": "2100",
        "Heading GPS (dg)": "",
        "Speed GPS": "",
        "Accuracy GPS": "",
        "Altitude GPS": "",
        "GNSS Timestamp": "",
        "HH:mm:ss": "",
        "SSS": "",
        "trip_id": "602DE_Trip8"
      }
    },
    {
      "type": "Feature",
      "geometry": {
        "type": "LineString",
        "coordinates": [
          [
            4.95535885693327,
            52.3398239204668
          ],
          [
            4.95535885693327,
            52.3398239204668
          ]
        ]
      },
      "properties": {
        "marker": "",
        "Acc Y (g)": "1.063",
        "HRot Count": "",
        "Speed": "",
        "Samples": "2101",
        "Heading GPS (dg)": "",
        "Speed GPS": "",
        "Accuracy GPS": "",
        "Altitude GPS": "",
        "GNSS Timestamp": "",
        "HH:mm:ss": "",
        "SSS": "",
        "trip_id": "602DE_Trip8"
      }
    },
    {
      "type": "Feature",
      "geometry": {
        "type": "LineString",
        "coordinates": [
          [
            4.95535885693327,
            52.3398239204668
          ],
          [
            4.95535885693327,
            52.3398239204668
          ]
        ]
      },
      "properties": {
        "marker": "",
        "Acc Y (g)": "0.938",
        "HRot Count": "",
        "Speed": "",
        "Samples": "2102",
        "Heading GPS (dg)": "",
        "Speed GPS": "",
        "Accuracy GPS": "",
        "Altitude GPS": "",
        "GNSS Timestamp": "",
        "HH:mm:ss": "",
        "SSS": "",
        "trip_id": "602DE_Trip8"
      }
    },
    {
      "type": "Feature",
      "geometry": {
        "type": "LineString",
        "coordinates": [
          [
            4.95535885693327,
            52.3398239204668
          ],
          [
            4.95535885693327,
            52.3398239204668
          ]
        ]
      },
      "properties": {
        "marker": "",
        "Acc Y (g)": "0.971",
        "HRot Count": "",
        "Speed": "",
        "Samples": "2103",
        "Heading GPS (dg)": "",
        "Speed GPS": "",
        "Accuracy GPS": "",
        "Altitude GPS": "",
        "GNSS Timestamp": "",
        "HH:mm:ss": "",
        "SSS": "",
        "trip_id": "602DE_Trip8"
      }
    },
    {
      "type": "Feature",
      "geometry": {
        "type": "LineString",
        "coordinates": [
          [
            4.95535885693327,
            52.3398239204668
          ],
          [
            4.95535885693327,
            52.3398239204668
          ]
        ]
      },
      "properties": {
        "marker": "",
        "Acc Y (g)": "1.041",
        "HRot Count": "",
        "Speed": "",
        "Samples": "2104",
        "Heading GPS (dg)": "",
        "Speed GPS": "",
        "Accuracy GPS": "",
        "Altitude GPS": "",
        "GNSS Timestamp": "",
        "HH:mm:ss": "",
        "SSS": "",
        "trip_id": "602DE_Trip8"
      }
    },
    {
      "type": "Feature",
      "geometry": {
        "type": "LineString",
        "coordinates": [
          [
            4.95535885693327,
            52.3398239204668
          ],
          [
            4.95535885693327,
            52.3398239204668
          ]
        ]
      },
      "properties": {
        "marker": "",
        "Acc Y (g)": "0.864",
        "HRot Count": "",
        "Speed": "",
        "Samples": "2105",
        "Heading GPS (dg)": "",
        "Speed GPS": "",
        "Accuracy GPS": "",
        "Altitude GPS": "",
        "GNSS Timestamp": "",
        "HH:mm:ss": "",
        "SSS": "",
        "trip_id": "602DE_Trip8"
      }
    },
    {
      "type": "Feature",
      "geometry": {
        "type": "LineString",
        "coordinates": [
          [
            4.95535885693327,
            52.3398239204668
          ],
          [
            4.95535885693327,
            52.3398239204668
          ]
        ]
      },
      "properties": {
        "marker": "",
        "Acc Y (g)": "0.830",
        "HRot Count": "",
        "Speed": "",
        "Samples": "2106",
        "Heading GPS (dg)": "",
        "Speed GPS": "",
        "Accuracy GPS": "",
        "Altitude GPS": "",
        "GNSS Timestamp": "",
        "HH:mm:ss": "",
        "SSS": "",
        "trip_id": "602DE_Trip8"
      }
    },
    {
      "type": "Feature",
      "geometry": {
        "type": "LineString",
        "coordinates": [
          [
            4.95535885693327,
            52.3398239204668
          ],
          [
            4.95535885693327,
            52.3398239204668
          ]
        ]
      },
      "properties": {
        "marker": "",
        "Acc Y (g)": "0.761",
        "HRot Count": "",
        "Speed": "",
        "Samples": "2107",
        "Heading GPS (dg)": "",
        "Speed GPS": "",
        "Accuracy GPS": "",
        "Altitude GPS": "",
        "GNSS Timestamp": "",
        "HH:mm:ss": "",
        "SSS": "",
        "trip_id": "602DE_Trip8"
      }
    },
    {
      "type": "Feature",
      "geometry": {
        "type": "LineString",
        "coordinates": [
          [
            4.95535885693327,
            52.3398239204668
          ],
          [
            4.95535885693327,
            52.3398239204668
          ]
        ]
      },
      "properties": {
        "marker": "",
        "Acc Y (g)": "0.567",
        "HRot Count": "",
        "Speed": "",
        "Samples": "2108",
        "Heading GPS (dg)": "",
        "Speed GPS": "",
        "Accuracy GPS": "",
        "Altitude GPS": "",
        "GNSS Timestamp": "",
        "HH:mm:ss": "",
        "SSS": "",
        "trip_id": "602DE_Trip8"
      }
    },
    {
      "type": "Feature",
      "geometry": {
        "type": "LineString",
        "coordinates": [
          [
            4.95535885693327,
            52.3398239204668
          ],
          [
            4.95535885693327,
            52.3398239204668
          ]
        ]
      },
      "properties": {
        "marker": "",
        "Acc Y (g)": "0.737",
        "HRot Count": "",
        "Speed": "",
        "Samples": "2109",
        "Heading GPS (dg)": "",
        "Speed GPS": "",
        "Accuracy GPS": "",
        "Altitude GPS": "",
        "GNSS Timestamp": "",
        "HH:mm:ss": "",
        "SSS": "",
        "trip_id": "602DE_Trip8"
      }
    },
    {
      "type": "Feature",
      "geometry": {
        "type": "LineString",
        "coordinates": [
          [
            4.95535885693327,
            52.3398239204668
          ],
          [
            4.95535885693327,
            52.3398239204668
          ]
        ]
      },
      "properties": {
        "marker": "",
        "Acc Y (g)": "0.429",
        "HRot Count": "",
        "Speed": "",
        "Samples": "2110",
        "Heading GPS (dg)": "",
        "Speed GPS": "",
        "Accuracy GPS": "",
        "Altitude GPS": "",
        "GNSS Timestamp": "",
        "HH:mm:ss": "",
        "SSS": "",
        "trip_id": "602DE_Trip8"
      }
    },
    {
      "type": "Feature",
      "geometry": {
        "type": "LineString",
        "coordinates": [
          [
            4.95535885693327,
            52.3398239204668
          ],
          [
            4.95535885693327,
            52.3398239204668
          ]
        ]
      },
      "properties": {
        "marker": "",
        "Acc Y (g)": "0.373",
        "HRot Count": "",
        "Speed": "",
        "Samples": "2111",
        "Heading GPS (dg)": "",
        "Speed GPS": "",
        "Accuracy GPS": "",
        "Altitude GPS": "",
        "GNSS Timestamp": "",
        "HH:mm:ss": "",
        "SSS": "",
        "trip_id": "602DE_Trip8"
      }
    },
    {
      "type": "Feature",
      "geometry": {
        "type": "LineString",
        "coordinates": [
          [
            4.95535885693327,
            52.3398239204668
          ],
          [
            4.95535885693327,
            52.3398239204668
          ]
        ]
      },
      "properties": {
        "marker": "",
        "Acc Y (g)": "0.070",
        "HRot Count": "",
        "Speed": "",
        "Samples": "2112",
        "Heading GPS (dg)": "",
        "Speed GPS": "",
        "Accuracy GPS": "",
        "Altitude GPS": "",
        "GNSS Timestamp": "",
        "HH:mm:ss": "",
        "SSS": "",
        "trip_id": "602DE_Trip8"
      }
    },
    {
      "type": "Feature",
      "geometry": {
        "type": "LineString",
        "coordinates": [
          [
            4.95535885693327,
            52.3398239204668
          ],
          [
            4.95535885693327,
            52.3398239204668
          ]
        ]
      },
      "properties": {
        "marker": "",
        "Acc Y (g)": "0.125",
        "HRot Count": "",
        "Speed": "",
        "Samples": "2113",
        "Heading GPS (dg)": "",
        "Speed GPS": "",
        "Accuracy GPS": "",
        "Altitude GPS": "",
        "GNSS Timestamp": "",
        "HH:mm:ss": "",
        "SSS": "",
        "trip_id": "602DE_Trip8"
      }
    },
    {
      "type": "Feature",
      "geometry": {
        "type": "LineString",
        "coordinates": [
          [
            4.95535885693327,
            52.3398239204668
          ],
          [
            4.95535885693327,
            52.3398239204668
          ]
        ]
      },
      "properties": {
        "marker": "",
        "Acc Y (g)": "-0.108",
        "HRot Count": "",
        "Speed": "",
        "Samples": "2114",
        "Heading GPS (dg)": "",
        "Speed GPS": "",
        "Accuracy GPS": "",
        "Altitude GPS": "",
        "GNSS Timestamp": "",
        "HH:mm:ss": "",
        "SSS": "",
        "trip_id": "602DE_Trip8"
      }
    },
    {
      "type": "Feature",
      "geometry": {
        "type": "LineString",
        "coordinates": [
          [
            4.95535885693327,
            52.3398239204668
          ],
          [
            4.95535885693327,
            52.3398239204668
          ]
        ]
      },
      "properties": {
        "marker": "",
        "Acc Y (g)": "-0.487",
        "HRot Count": "",
        "Speed": "",
        "Samples": "2115",
        "Heading GPS (dg)": "",
        "Speed GPS": "",
        "Accuracy GPS": "",
        "Altitude GPS": "",
        "GNSS Timestamp": "",
        "HH:mm:ss": "",
        "SSS": "",
        "trip_id": "602DE_Trip8"
      }
    },
    {
      "type": "Feature",
      "geometry": {
        "type": "LineString",
        "coordinates": [
          [
            4.95535885693327,
            52.3398239204668
          ],
          [
            4.95535885693327,
            52.3398239204668
          ]
        ]
      },
      "properties": {
        "marker": "",
        "Acc Y (g)": "-0.387",
        "HRot Count": "",
        "Speed": "",
        "Samples": "2116",
        "Heading GPS (dg)": "",
        "Speed GPS": "",
        "Accuracy GPS": "",
        "Altitude GPS": "",
        "GNSS Timestamp": "",
        "HH:mm:ss": "",
        "SSS": "",
        "trip_id": "602DE_Trip8"
      }
    },
    {
      "type": "Feature",
      "geometry": {
        "type": "LineString",
        "coordinates": [
          [
            4.95535885693327,
            52.3398239204668
          ],
          [
            4.95535885693327,
            52.3398239204668
          ]
        ]
      },
      "properties": {
        "marker": "",
        "Acc Y (g)": "-0.388",
        "HRot Count": "",
        "Speed": "",
        "Samples": "2117",
        "Heading GPS (dg)": "",
        "Speed GPS": "",
        "Accuracy GPS": "",
        "Altitude GPS": "",
        "GNSS Timestamp": "",
        "HH:mm:ss": "",
        "SSS": "",
        "trip_id": "602DE_Trip8"
      }
    },
    {
      "type": "Feature",
      "geometry": {
        "type": "LineString",
        "coordinates": [
          [
            4.95535885693327,
            52.3398239204668
          ],
          [
            4.95535885693327,
            52.3398239204668
          ]
        ]
      },
      "properties": {
        "marker": "",
        "Acc Y (g)": "-0.405",
        "HRot Count": "",
        "Speed": "",
        "Samples": "2118",
        "Heading GPS (dg)": "",
        "Speed GPS": "",
        "Accuracy GPS": "",
        "Altitude GPS": "",
        "GNSS Timestamp": "",
        "HH:mm:ss": "",
        "SSS": "",
        "trip_id": "602DE_Trip8"
      }
    },
    {
      "type": "Feature",
      "geometry": {
        "type": "LineString",
        "coordinates": [
          [
            4.95535885693327,
            52.3398239204668
          ],
          [
            4.95535885693327,
            52.3398239204668
          ]
        ]
      },
      "properties": {
        "marker": "7",
        "Acc Y (g)": "-1.161",
        "HRot Count": "12",
        "Speed": "1111",
        "Samples": "2119",
        "Heading GPS (dg)": "200",
        "Speed GPS": "9",
        "Accuracy GPS": "18",
        "Altitude GPS": "2",
        "GNSS Timestamp": "2026-05-06 08:08:51.999000+00:00",
        "HH:mm:ss": "10:08:52",
        "SSS": "353",
        "trip_id": "602DE_Trip8",
        "timestamp": "2026-05-06 08:08:51.999000+00:00"
      }
    },
    {
      "type": "Feature",
      "geometry": {
        "type": "LineString",
        "coordinates": [
          [
            4.95535885693327,
            52.3398239204668
          ],
          [
            4.95535885693327,
            52.3398239204668
          ]
        ]
      },
      "properties": {
        "marker": "",
        "Acc Y (g)": "-0.891",
        "HRot Count": "",
        "Speed": "",
        "Samples": "2120",
        "Heading GPS (dg)": "",
        "Speed GPS": "",
        "Accuracy GPS": "",
        "Altitude GPS": "",
        "GNSS Timestamp": "",
        "HH:mm:ss": "",
        "SSS": "",
        "trip_id": "602DE_Trip8"
      }
    },
    {
      "type": "Feature",
      "geometry": {
        "type": "LineString",
        "coordinates": [
          [
            4.95535885693327,
            52.3398239204668
          ],
          [
            4.95535885693327,
            52.3398239204668
          ]
        ]
      },
      "properties": {
        "marker": "",
        "Acc Y (g)": "-0.607",
        "HRot Count": "",
        "Speed": "",
        "Samples": "2121",
        "Heading GPS (dg)": "",
        "Speed GPS": "",
        "Accuracy GPS": "",
        "Altitude GPS": "",
        "GNSS Timestamp": "",
        "HH:mm:ss": "",
        "SSS": "",
        "trip_id": "602DE_Trip8"
      }
    },
    {
      "type": "Feature",
      "geometry": {
        "type": "LineString",
        "coordinates": [
          [
            4.95535885693327,
            52.3398239204668
          ],
          [
            4.95535885693327,
            52.3398239204668
          ]
        ]
      },
      "properties": {
        "marker": "",
        "Acc Y (g)": "-0.895",
        "HRot Count": "",
        "Speed": "",
        "Samples": "2122",
        "Heading GPS (dg)": "",
        "Speed GPS": "",
        "Accuracy GPS": "",
        "Altitude GPS": "",
        "GNSS Timestamp": "",
        "HH:mm:ss": "",
        "SSS": "",
        "trip_id": "602DE_Trip8"
      }
    },
    {
      "type": "Feature",
      "geometry": {
        "type": "LineString",
        "coordinates": [
          [
            4.95535885693327,
            52.3398239204668
          ],
          [
            4.95535885693327,
            52.3398239204668
          ]
        ]
      },
      "properties": {
        "marker": "",
        "Acc Y (g)": "-1.155",
        "HRot Count": "",
        "Speed": "",
        "Samples": "2123",
        "Heading GPS (dg)": "",
        "Speed GPS": "",
        "Accuracy GPS": "",
        "Altitude GPS": "",
        "GNSS Timestamp": "",
        "HH:mm:ss": "",
        "SSS": "",
        "trip_id": "602DE_Trip8"
      }
    },
    {
      "type": "Feature",
      "geometry": {
        "type": "LineString",
        "coordinates": [
          [
            4.95535885693327,
            52.3398239204668
          ],
          [
            4.95535885693327,
            52.3398239204668
          ]
        ]
      },
      "properties": {
        "marker": "",
        "Acc Y (g)": "-0.940",
        "HRot Count": "",
        "Speed": "",
        "Samples": "2124",
        "Heading GPS (dg)": "",
        "Speed GPS": "",
        "Accuracy GPS": "",
        "Altitude GPS": "",
        "GNSS Timestamp": "",
        "HH:mm:ss": "",
        "SSS": "",
        "trip_id": "602DE_Trip8"
      }
    },
    {
      "type": "Feature",
      "geometry": {
        "type": "LineString",
        "coordinates": [
          [
            4.95535885693327,
            52.3398239204668
          ],
          [
            4.95535885693327,
            52.3398239204668
          ]
        ]
      },
      "properties": {
        "marker": "",
        "Acc Y (g)": "-0.923",
        "HRot Count": "",
        "Speed": "",
        "Samples": "2125",
        "Heading GPS (dg)": "",
        "Speed GPS": "",
        "Accuracy GPS": "",
        "Altitude GPS": "",
        "GNSS Timestamp": "",
        "HH:mm:ss": "",
        "SSS": "",
        "trip_id": "602DE_Trip8"
      }
    },
    {
      "type": "Feature",
      "geometry": {
        "type": "LineString",
        "coordinates": [
          [
            4.95535885693327,
            52.3398239204668
          ],
          [
            4.95535885693327,
            52.3398239204668
          ]
        ]
      },
      "properties": {
        "marker": "",
        "Acc Y (g)": "-1.021",
        "HRot Count": "",
        "Speed": "",
        "Samples": "2126",
        "Heading GPS (dg)": "",
        "Speed GPS": "",
        "Accuracy GPS": "",
        "Altitude GPS": "",
        "GNSS Timestamp": "",
        "HH:mm:ss": "",
        "SSS": "",
        "trip_id": "602DE_Trip8"
      }
    },
    {
      "type": "Feature",
      "geometry": {
        "type": "LineString",
        "coordinates": [
          [
            4.95535885693327,
            52.3398239204668
          ],
          [
            4.95535885693327,
            52.3398239204668
          ]
        ]
      },
      "properties": {
        "marker": "",
        "Acc Y (g)": "-0.710",
        "HRot Count": "",
        "Speed": "",
        "Samples": "2127",
        "Heading GPS (dg)": "",
        "Speed GPS": "",
        "Accuracy GPS": "",
        "Altitude GPS": "",
        "GNSS Timestamp": "",
        "HH:mm:ss": "",
        "SSS": "",
        "trip_id": "602DE_Trip8"
      }
    },
    {
      "type": "Feature",
      "geometry": {
        "type": "LineString",
        "coordinates": [
          [
            4.95535885693327,
            52.3398239204668
          ],
          [
            4.95535885693327,
            52.3398239204668
          ]
        ]
      },
      "properties": {
        "marker": "",
        "Acc Y (g)": "-0.684",
        "HRot Count": "",
        "Speed": "",
        "Samples": "2128",
        "Heading GPS (dg)": "",
        "Speed GPS": "",
        "Accuracy GPS": "",
        "Altitude GPS": "",
        "GNSS Timestamp": "",
        "HH:mm:ss": "",
        "SSS": "",
        "trip_id": "602DE_Trip8"
      }
    },
    {
      "type": "Feature",
      "geometry": {
        "type": "LineString",
        "coordinates": [
          [
            4.95535885693327,
            52.3398239204668
          ],
          [
            4.95535885693327,
            52.3398239204668
          ]
        ]
      },
      "properties": {
        "marker": "",
        "Acc Y (g)": "-0.676",
        "HRot Count": "",
        "Speed": "",
        "Samples": "2129",
        "Heading GPS (dg)": "",
        "Speed GPS": "",
        "Accuracy GPS": "",
        "Altitude GPS": "",
        "GNSS Timestamp": "",
        "HH:mm:ss": "",
        "SSS": "",
        "trip_id": "602DE_Trip8"
      }
    },
    {
      "type": "Feature",
      "geometry": {
        "type": "LineString",
        "coordinates": [
          [
            4.95535885693327,
            52.3398239204668
          ],
          [
            4.95535885693327,
            52.3398239204668
          ]
        ]
      },
      "properties": {
        "marker": "",
        "Acc Y (g)": "-0.200",
        "HRot Count": "",
        "Speed": "",
        "Samples": "2130",
        "Heading GPS (dg)": "",
        "Speed GPS": "",
        "Accuracy GPS": "",
        "Altitude GPS": "",
        "GNSS Timestamp": "",
        "HH:mm:ss": "",
        "SSS": "",
        "trip_id": "602DE_Trip8"
      }
    },
    {
      "type": "Feature",
      "geometry": {
        "type": "LineString",
        "coordinates": [
          [
            4.95535885693327,
            52.3398239204668
          ],
          [
            4.95535885693327,
            52.3398239204668
          ]
        ]
      },
      "properties": {
        "marker": "",
        "Acc Y (g)": "-0.342",
        "HRot Count": "",
        "Speed": "",
        "Samples": "2131",
        "Heading GPS (dg)": "",
        "Speed GPS": "",
        "Accuracy GPS": "",
        "Altitude GPS": "",
        "GNSS Timestamp": "",
        "HH:mm:ss": "",
        "SSS": "",
        "trip_id": "602DE_Trip8"
      }
    },
    {
      "type": "Feature",
      "geometry": {
        "type": "LineString",
        "coordinates": [
          [
            4.95535885693327,
            52.3398239204668
          ],
          [
            4.95535885693327,
            52.3398239204668
          ]
        ]
      },
      "properties": {
        "marker": "",
        "Acc Y (g)": "0.001",
        "HRot Count": "",
        "Speed": "",
        "Samples": "2132",
        "Heading GPS (dg)": "",
        "Speed GPS": "",
        "Accuracy GPS": "",
        "Altitude GPS": "",
        "GNSS Timestamp": "",
        "HH:mm:ss": "",
        "SSS": "",
        "trip_id": "602DE_Trip8"
      }
    },
    {
      "type": "Feature",
      "geometry": {
        "type": "LineString",
        "coordinates": [
          [
            4.95535885693327,
            52.3398239204668
          ],
          [
            4.95535885693327,
            52.3398239204668
          ]
        ]
      },
      "properties": {
        "marker": "",
        "Acc Y (g)": "-0.038",
        "HRot Count": "",
        "Speed": "",
        "Samples": "2133",
        "Heading GPS (dg)": "",
        "Speed GPS": "",
        "Accuracy GPS": "",
        "Altitude GPS": "",
        "GNSS Timestamp": "",
        "HH:mm:ss": "",
        "SSS": "",
        "trip_id": "602DE_Trip8"
      }
    },
    {
      "type": "Feature",
      "geometry": {
        "type": "LineString",
        "coordinates": [
          [
            4.95535885693327,
            52.3398239204668
          ],
          [
            4.95535885693327,
            52.3398239204668
          ]
        ]
      },
      "properties": {
        "marker": "",
        "Acc Y (g)": "-0.027",
        "HRot Count": "",
        "Speed": "",
        "Samples": "2134",
        "Heading GPS (dg)": "",
        "Speed GPS": "",
        "Accuracy GPS": "",
        "Altitude GPS": "",
        "GNSS Timestamp": "",
        "HH:mm:ss": "",
        "SSS": "",
        "trip_id": "602DE_Trip8"
      }
    },
    {
      "type": "Feature",
      "geometry": {
        "type": "LineString",
        "coordinates": [
          [
            4.95535885693327,
            52.3398239204668
          ],
          [
            4.95535885693327,
            52.3398239204668
          ]
        ]
      },
      "properties": {
        "marker": "",
        "Acc Y (g)": "0.386",
        "HRot Count": "",
        "Speed": "",
        "Samples": "2135",
        "Heading GPS (dg)": "",
        "Speed GPS": "",
        "Accuracy GPS": "",
        "Altitude GPS": "",
        "GNSS Timestamp": "",
        "HH:mm:ss": "",
        "SSS": "",
        "trip_id": "602DE_Trip8"
      }
    },
    {
      "type": "Feature",
      "geometry": {
        "type": "LineString",
        "coordinates": [
          [
            4.95535885693327,
            52.3398239204668
          ],
          [
            4.95535885693327,
            52.3398239204668
          ]
        ]
      },
      "properties": {
        "marker": "",
        "Acc Y (g)": "0.135",
        "HRot Count": "",
        "Speed": "",
        "Samples": "2136",
        "Heading GPS (dg)": "",
        "Speed GPS": "",
        "Accuracy GPS": "",
        "Altitude GPS": "",
        "GNSS Timestamp": "",
        "HH:mm:ss": "",
        "SSS": "",
        "trip_id": "602DE_Trip8"
      }
    },
    {
      "type": "Feature",
      "geometry": {
        "type": "LineString",
        "coordinates": [
          [
            4.95535885693327,
            52.3398239204668
          ],
          [
            4.95535885693327,
            52.3398239204668
          ]
        ]
      },
      "properties": {
        "marker": "",
        "Acc Y (g)": "0.845",
        "HRot Count": "",
        "Speed": "",
        "Samples": "2137",
        "Heading GPS (dg)": "",
        "Speed GPS": "",
        "Accuracy GPS": "",
        "Altitude GPS": "",
        "GNSS Timestamp": "",
        "HH:mm:ss": "",
        "SSS": "",
        "trip_id": "602DE_Trip8"
      }
    },
    {
      "type": "Feature",
      "geometry": {
        "type": "LineString",
        "coordinates": [
          [
            4.95535885693327,
            52.3398239204668
          ],
          [
            4.95533538800797,
            52.3398136585668
          ]
        ]
      },
      "properties": {
        "marker": "",
        "Acc Y (g)": "0.274",
        "HRot Count": "",
        "Speed": "",
        "Samples": "2138",
        "Heading GPS (dg)": "",
        "Speed GPS": "",
        "Accuracy GPS": "",
        "Altitude GPS": "",
        "GNSS Timestamp": "",
        "HH:mm:ss": "",
        "SSS": "",
        "trip_id": "602DE_Trip8"
      }
    },
    {
      "type": "Feature",
      "geometry": {
        "type": "LineString",
        "coordinates": [
          [
            4.95533538800797,
            52.3398136585668
          ],
          [
            4.95533538800797,
            52.3398136585668
          ]
        ]
      },
      "properties": {
        "marker": "7",
        "Acc Y (g)": "0.791",
        "HRot Count": "13",
        "Speed": "1162",
        "Samples": "2139",
        "Heading GPS (dg)": "197",
        "Speed GPS": "7",
        "Accuracy GPS": "19",
        "Altitude GPS": "2",
        "GNSS Timestamp": "2026-05-06 08:08:52.999000+00:00",
        "HH:mm:ss": "10:08:52",
        "SSS": "744",
        "trip_id": "602DE_Trip8",
        "timestamp": "2026-05-06 08:08:52.999000+00:00"
      }
    },
    {
      "type": "Feature",
      "geometry": {
        "type": "LineString",
        "coordinates": [
          [
            4.95533538800797,
            52.3398136585668
          ],
          [
            4.95533538800797,
            52.3398136585668
          ]
        ]
      },
      "properties": {
        "marker": "",
        "Acc Y (g)": "0.955",
        "HRot Count": "",
        "Speed": "",
        "Samples": "2140",
        "Heading GPS (dg)": "",
        "Speed GPS": "",
        "Accuracy GPS": "",
        "Altitude GPS": "",
        "GNSS Timestamp": "",
        "HH:mm:ss": "",
        "SSS": "",
        "trip_id": "602DE_Trip8"
      }
    },
    {
      "type": "Feature",
      "geometry": {
        "type": "LineString",
        "coordinates": [
          [
            4.95533538800797,
            52.3398136585668
          ],
          [
            4.95533538800797,
            52.3398136585668
          ]
        ]
      },
      "properties": {
        "marker": "",
        "Acc Y (g)": "1.130",
        "HRot Count": "",
        "Speed": "",
        "Samples": "2141",
        "Heading GPS (dg)": "",
        "Speed GPS": "",
        "Accuracy GPS": "",
        "Altitude GPS": "",
        "GNSS Timestamp": "",
        "HH:mm:ss": "",
        "SSS": "",
        "trip_id": "602DE_Trip8"
      }
    },
    {
      "type": "Feature",
      "geometry": {
        "type": "LineString",
        "coordinates": [
          [
            4.95533538800797,
            52.3398136585668
          ],
          [
            4.95533538800797,
            52.3398136585668
          ]
        ]
      },
      "properties": {
        "marker": "",
        "Acc Y (g)": "1.022",
        "HRot Count": "",
        "Speed": "",
        "Samples": "2142",
        "Heading GPS (dg)": "",
        "Speed GPS": "",
        "Accuracy GPS": "",
        "Altitude GPS": "",
        "GNSS Timestamp": "",
        "HH:mm:ss": "",
        "SSS": "",
        "trip_id": "602DE_Trip8"
      }
    },
    {
      "type": "Feature",
      "geometry": {
        "type": "LineString",
        "coordinates": [
          [
            4.95533538800797,
            52.3398136585668
          ],
          [
            4.95533538800797,
            52.3398136585668
          ]
        ]
      },
      "properties": {
        "marker": "",
        "Acc Y (g)": "1.011",
        "HRot Count": "",
        "Speed": "",
        "Samples": "2143",
        "Heading GPS (dg)": "",
        "Speed GPS": "",
        "Accuracy GPS": "",
        "Altitude GPS": "",
        "GNSS Timestamp": "",
        "HH:mm:ss": "",
        "SSS": "",
        "trip_id": "602DE_Trip8"
      }
    },
    {
      "type": "Feature",
      "geometry": {
        "type": "LineString",
        "coordinates": [
          [
            4.95533538800797,
            52.3398136585668
          ],
          [
            4.95533538800797,
            52.3398136585668
          ]
        ]
      },
      "properties": {
        "marker": "",
        "Acc Y (g)": "0.726",
        "HRot Count": "",
        "Speed": "",
        "Samples": "2144",
        "Heading GPS (dg)": "",
        "Speed GPS": "",
        "Accuracy GPS": "",
        "Altitude GPS": "",
        "GNSS Timestamp": "",
        "HH:mm:ss": "",
        "SSS": "",
        "trip_id": "602DE_Trip8"
      }
    },
    {
      "type": "Feature",
      "geometry": {
        "type": "LineString",
        "coordinates": [
          [
            4.95533538800797,
            52.3398136585668
          ],
          [
            4.95533538800797,
            52.3398136585668
          ]
        ]
      },
      "properties": {
        "marker": "",
        "Acc Y (g)": "0.998",
        "HRot Count": "",
        "Speed": "",
        "Samples": "2145",
        "Heading GPS (dg)": "",
        "Speed GPS": "",
        "Accuracy GPS": "",
        "Altitude GPS": "",
        "GNSS Timestamp": "",
        "HH:mm:ss": "",
        "SSS": "",
        "trip_id": "602DE_Trip8"
      }
    },
    {
      "type": "Feature",
      "geometry": {
        "type": "LineString",
        "coordinates": [
          [
            4.95533538800797,
            52.3398136585668
          ],
          [
            4.95533538800797,
            52.3398136585668
          ]
        ]
      },
      "properties": {
        "marker": "",
        "Acc Y (g)": "0.944",
        "HRot Count": "",
        "Speed": "",
        "Samples": "2146",
        "Heading GPS (dg)": "",
        "Speed GPS": "",
        "Accuracy GPS": "",
        "Altitude GPS": "",
        "GNSS Timestamp": "",
        "HH:mm:ss": "",
        "SSS": "",
        "trip_id": "602DE_Trip8"
      }
    },
    {
      "type": "Feature",
      "geometry": {
        "type": "LineString",
        "coordinates": [
          [
            4.95533538800797,
            52.3398136585668
          ],
          [
            4.95533538800797,
            52.3398136585668
          ]
        ]
      },
      "properties": {
        "marker": "",
        "Acc Y (g)": "0.730",
        "HRot Count": "",
        "Speed": "",
        "Samples": "2147",
        "Heading GPS (dg)": "",
        "Speed GPS": "",
        "Accuracy GPS": "",
        "Altitude GPS": "",
        "GNSS Timestamp": "",
        "HH:mm:ss": "",
        "SSS": "",
        "trip_id": "602DE_Trip8"
      }
    },
    {
      "type": "Feature",
      "geometry": {
        "type": "LineString",
        "coordinates": [
          [
            4.95533538800797,
            52.3398136585668
          ],
          [
            4.95533538800797,
            52.3398136585668
          ]
        ]
      },
      "properties": {
        "marker": "",
        "Acc Y (g)": "0.520",
        "HRot Count": "",
        "Speed": "",
        "Samples": "2148",
        "Heading GPS (dg)": "",
        "Speed GPS": "",
        "Accuracy GPS": "",
        "Altitude GPS": "",
        "GNSS Timestamp": "",
        "HH:mm:ss": "",
        "SSS": "",
        "trip_id": "602DE_Trip8"
      }
    },
    {
      "type": "Feature",
      "geometry": {
        "type": "LineString",
        "coordinates": [
          [
            4.95533538800797,
            52.3398136585668
          ],
          [
            4.95533538800797,
            52.3398136585668
          ]
        ]
      },
      "properties": {
        "marker": "",
        "Acc Y (g)": "0.687",
        "HRot Count": "",
        "Speed": "",
        "Samples": "2149",
        "Heading GPS (dg)": "",
        "Speed GPS": "",
        "Accuracy GPS": "",
        "Altitude GPS": "",
        "GNSS Timestamp": "",
        "HH:mm:ss": "",
        "SSS": "",
        "trip_id": "602DE_Trip8"
      }
    },
    {
      "type": "Feature",
      "geometry": {
        "type": "LineString",
        "coordinates": [
          [
            4.95533538800797,
            52.3398136585668
          ],
          [
            4.95533538800797,
            52.3398136585668
          ]
        ]
      },
      "properties": {
        "marker": "",
        "Acc Y (g)": "0.523",
        "HRot Count": "",
        "Speed": "",
        "Samples": "2150",
        "Heading GPS (dg)": "",
        "Speed GPS": "",
        "Accuracy GPS": "",
        "Altitude GPS": "",
        "GNSS Timestamp": "",
        "HH:mm:ss": "",
        "SSS": "",
        "trip_id": "602DE_Trip8"
      }
    },
    {
      "type": "Feature",
      "geometry": {
        "type": "LineString",
        "coordinates": [
          [
            4.95533538800797,
            52.3398136585668
          ],
          [
            4.95533538800797,
            52.3398136585668
          ]
        ]
      },
      "properties": {
        "marker": "",
        "Acc Y (g)": "0.435",
        "HRot Count": "",
        "Speed": "",
        "Samples": "2151",
        "Heading GPS (dg)": "",
        "Speed GPS": "",
        "Accuracy GPS": "",
        "Altitude GPS": "",
        "GNSS Timestamp": "",
        "HH:mm:ss": "",
        "SSS": "",
        "trip_id": "602DE_Trip8"
      }
    },
    {
      "type": "Feature",
      "geometry": {
        "type": "LineString",
        "coordinates": [
          [
            4.95533538800797,
            52.3398136585668
          ],
          [
            4.95533538800797,
            52.3398136585668
          ]
        ]
      },
      "properties": {
        "marker": "",
        "Acc Y (g)": "0.128",
        "HRot Count": "",
        "Speed": "",
        "Samples": "2152",
        "Heading GPS (dg)": "",
        "Speed GPS": "",
        "Accuracy GPS": "",
        "Altitude GPS": "",
        "GNSS Timestamp": "",
        "HH:mm:ss": "",
        "SSS": "",
        "trip_id": "602DE_Trip8"
      }
    },
    {
      "type": "Feature",
      "geometry": {
        "type": "LineString",
        "coordinates": [
          [
            4.95533538800797,
            52.3398136585668
          ],
          [
            4.95533538800797,
            52.3398136585668
          ]
        ]
      },
      "properties": {
        "marker": "",
        "Acc Y (g)": "0.005",
        "HRot Count": "",
        "Speed": "",
        "Samples": "2153",
        "Heading GPS (dg)": "",
        "Speed GPS": "",
        "Accuracy GPS": "",
        "Altitude GPS": "",
        "GNSS Timestamp": "",
        "HH:mm:ss": "",
        "SSS": "",
        "trip_id": "602DE_Trip8"
      }
    },
    {
      "type": "Feature",
      "geometry": {
        "type": "LineString",
        "coordinates": [
          [
            4.95533538800797,
            52.3398136585668
          ],
          [
            4.95533538800797,
            52.3398136585668
          ]
        ]
      },
      "properties": {
        "marker": "",
        "Acc Y (g)": "-0.190",
        "HRot Count": "",
        "Speed": "",
        "Samples": "2154",
        "Heading GPS (dg)": "",
        "Speed GPS": "",
        "Accuracy GPS": "",
        "Altitude GPS": "",
        "GNSS Timestamp": "",
        "HH:mm:ss": "",
        "SSS": "",
        "trip_id": "602DE_Trip8"
      }
    },
    {
      "type": "Feature",
      "geometry": {
        "type": "LineString",
        "coordinates": [
          [
            4.95533538800797,
            52.3398136585668
          ],
          [
            4.95533538800797,
            52.3398136585668
          ]
        ]
      },
      "properties": {
        "marker": "",
        "Acc Y (g)": "-1.272",
        "HRot Count": "",
        "Speed": "",
        "Samples": "2155",
        "Heading GPS (dg)": "",
        "Speed GPS": "",
        "Accuracy GPS": "",
        "Altitude GPS": "",
        "GNSS Timestamp": "",
        "HH:mm:ss": "",
        "SSS": "",
        "trip_id": "602DE_Trip8"
      }
    },
    {
      "type": "Feature",
      "geometry": {
        "type": "LineString",
        "coordinates": [
          [
            4.95533538800797,
            52.3398136585668
          ],
          [
            4.95533538800797,
            52.3398136585668
          ]
        ]
      },
      "properties": {
        "marker": "7",
        "Acc Y (g)": "-1.041",
        "HRot Count": "14",
        "Speed": "1229",
        "Samples": "2156",
        "Heading GPS (dg)": "197",
        "Speed GPS": "7",
        "Accuracy GPS": "19",
        "Altitude GPS": "2",
        "GNSS Timestamp": "2026-05-06 08:08:52.999000+00:00",
        "HH:mm:ss": "10:08:53",
        "SSS": "159",
        "trip_id": "602DE_Trip8",
        "timestamp": "2026-05-06 08:08:52.999000+00:00"
      }
    },
    {
      "type": "Feature",
      "geometry": {
        "type": "LineString",
        "coordinates": [
          [
            4.95533538800797,
            52.3398136585668
          ],
          [
            4.95533538800797,
            52.3398136585668
          ]
        ]
      },
      "properties": {
        "marker": "",
        "Acc Y (g)": "1.168",
        "HRot Count": "",
        "Speed": "",
        "Samples": "2157",
        "Heading GPS (dg)": "",
        "Speed GPS": "",
        "Accuracy GPS": "",
        "Altitude GPS": "",
        "GNSS Timestamp": "",
        "HH:mm:ss": "",
        "SSS": "",
        "trip_id": "602DE_Trip8"
      }
    },
    {
      "type": "Feature",
      "geometry": {
        "type": "LineString",
        "coordinates": [
          [
            4.95533538800797,
            52.3398136585668
          ],
          [
            4.95533538800797,
            52.3398136585668
          ]
        ]
      },
      "properties": {
        "marker": "",
        "Acc Y (g)": "-1.301",
        "HRot Count": "",
        "Speed": "",
        "Samples": "2158",
        "Heading GPS (dg)": "",
        "Speed GPS": "",
        "Accuracy GPS": "",
        "Altitude GPS": "",
        "GNSS Timestamp": "",
        "HH:mm:ss": "",
        "SSS": "",
        "trip_id": "602DE_Trip8"
      }
    },
    {
      "type": "Feature",
      "geometry": {
        "type": "LineString",
        "coordinates": [
          [
            4.95533538800797,
            52.3398136585668
          ],
          [
            4.95533538800797,
            52.3398136585668
          ]
        ]
      },
      "properties": {
        "marker": "",
        "Acc Y (g)": "-1.094",
        "HRot Count": "",
        "Speed": "",
        "Samples": "2159",
        "Heading GPS (dg)": "",
        "Speed GPS": "",
        "Accuracy GPS": "",
        "Altitude GPS": "",
        "GNSS Timestamp": "",
        "HH:mm:ss": "",
        "SSS": "",
        "trip_id": "602DE_Trip8"
      }
    },
    {
      "type": "Feature",
      "geometry": {
        "type": "LineString",
        "coordinates": [
          [
            4.95533538800797,
            52.3398136585668
          ],
          [
            4.95533538800797,
            52.3398136585668
          ]
        ]
      },
      "properties": {
        "marker": "",
        "Acc Y (g)": "0.135",
        "HRot Count": "",
        "Speed": "",
        "Samples": "2160",
        "Heading GPS (dg)": "",
        "Speed GPS": "",
        "Accuracy GPS": "",
        "Altitude GPS": "",
        "GNSS Timestamp": "",
        "HH:mm:ss": "",
        "SSS": "",
        "trip_id": "602DE_Trip8"
      }
    },
    {
      "type": "Feature",
      "geometry": {
        "type": "LineString",
        "coordinates": [
          [
            4.95533538800797,
            52.3398136585668
          ],
          [
            4.95533538800797,
            52.3398136585668
          ]
        ]
      },
      "properties": {
        "marker": "",
        "Acc Y (g)": "-1.336",
        "HRot Count": "",
        "Speed": "",
        "Samples": "2161",
        "Heading GPS (dg)": "",
        "Speed GPS": "",
        "Accuracy GPS": "",
        "Altitude GPS": "",
        "GNSS Timestamp": "",
        "HH:mm:ss": "",
        "SSS": "",
        "trip_id": "602DE_Trip8"
      }
    },
    {
      "type": "Feature",
      "geometry": {
        "type": "LineString",
        "coordinates": [
          [
            4.95533538800797,
            52.3398136585668
          ],
          [
            4.95533538800797,
            52.3398136585668
          ]
        ]
      },
      "properties": {
        "marker": "",
        "Acc Y (g)": "-1.071",
        "HRot Count": "",
        "Speed": "",
        "Samples": "2162",
        "Heading GPS (dg)": "",
        "Speed GPS": "",
        "Accuracy GPS": "",
        "Altitude GPS": "",
        "GNSS Timestamp": "",
        "HH:mm:ss": "",
        "SSS": "",
        "trip_id": "602DE_Trip8"
      }
    },
    {
      "type": "Feature",
      "geometry": {
        "type": "LineString",
        "coordinates": [
          [
            4.95533538800797,
            52.3398136585668
          ],
          [
            4.95533538800797,
            52.3398136585668
          ]
        ]
      },
      "properties": {
        "marker": "",
        "Acc Y (g)": "-0.682",
        "HRot Count": "",
        "Speed": "",
        "Samples": "2163",
        "Heading GPS (dg)": "",
        "Speed GPS": "",
        "Accuracy GPS": "",
        "Altitude GPS": "",
        "GNSS Timestamp": "",
        "HH:mm:ss": "",
        "SSS": "",
        "trip_id": "602DE_Trip8"
      }
    },
    {
      "type": "Feature",
      "geometry": {
        "type": "LineString",
        "coordinates": [
          [
            4.95533538800797,
            52.3398136585668
          ],
          [
            4.95533538800797,
            52.3398136585668
          ]
        ]
      },
      "properties": {
        "marker": "",
        "Acc Y (g)": "-0.896",
        "HRot Count": "",
        "Speed": "",
        "Samples": "2164",
        "Heading GPS (dg)": "",
        "Speed GPS": "",
        "Accuracy GPS": "",
        "Altitude GPS": "",
        "GNSS Timestamp": "",
        "HH:mm:ss": "",
        "SSS": "",
        "trip_id": "602DE_Trip8"
      }
    },
    {
      "type": "Feature",
      "geometry": {
        "type": "LineString",
        "coordinates": [
          [
            4.95533538800797,
            52.3398136585668
          ],
          [
            4.95533538800797,
            52.3398136585668
          ]
        ]
      },
      "properties": {
        "marker": "",
        "Acc Y (g)": "-0.927",
        "HRot Count": "",
        "Speed": "",
        "Samples": "2165",
        "Heading GPS (dg)": "",
        "Speed GPS": "",
        "Accuracy GPS": "",
        "Altitude GPS": "",
        "GNSS Timestamp": "",
        "HH:mm:ss": "",
        "SSS": "",
        "trip_id": "602DE_Trip8"
      }
    },
    {
      "type": "Feature",
      "geometry": {
        "type": "LineString",
        "coordinates": [
          [
            4.95533538800797,
            52.3398136585668
          ],
          [
            4.95533538800797,
            52.3398136585668
          ]
        ]
      },
      "properties": {
        "marker": "",
        "Acc Y (g)": "-1.097",
        "HRot Count": "",
        "Speed": "",
        "Samples": "2166",
        "Heading GPS (dg)": "",
        "Speed GPS": "",
        "Accuracy GPS": "",
        "Altitude GPS": "",
        "GNSS Timestamp": "",
        "HH:mm:ss": "",
        "SSS": "",
        "trip_id": "602DE_Trip8"
      }
    },
    {
      "type": "Feature",
      "geometry": {
        "type": "LineString",
        "coordinates": [
          [
            4.95533538800797,
            52.3398136585668
          ],
          [
            4.95533538800797,
            52.3398136585668
          ]
        ]
      },
      "properties": {
        "marker": "",
        "Acc Y (g)": "-0.158",
        "HRot Count": "",
        "Speed": "",
        "Samples": "2167",
        "Heading GPS (dg)": "",
        "Speed GPS": "",
        "Accuracy GPS": "",
        "Altitude GPS": "",
        "GNSS Timestamp": "",
        "HH:mm:ss": "",
        "SSS": "",
        "trip_id": "602DE_Trip8"
      }
    },
    {
      "type": "Feature",
      "geometry": {
        "type": "LineString",
        "coordinates": [
          [
            4.95533538800797,
            52.3398136585668
          ],
          [
            4.95533538800797,
            52.3398136585668
          ]
        ]
      },
      "properties": {
        "marker": "",
        "Acc Y (g)": "-1.209",
        "HRot Count": "",
        "Speed": "",
        "Samples": "2168",
        "Heading GPS (dg)": "",
        "Speed GPS": "",
        "Accuracy GPS": "",
        "Altitude GPS": "",
        "GNSS Timestamp": "",
        "HH:mm:ss": "",
        "SSS": "",
        "trip_id": "602DE_Trip8"
      }
    },
    {
      "type": "Feature",
      "geometry": {
        "type": "LineString",
        "coordinates": [
          [
            4.95533538800797,
            52.3398136585668
          ],
          [
            4.95533538800797,
            52.3398136585668
          ]
        ]
      },
      "properties": {
        "marker": "",
        "Acc Y (g)": "-0.251",
        "HRot Count": "",
        "Speed": "",
        "Samples": "2169",
        "Heading GPS (dg)": "",
        "Speed GPS": "",
        "Accuracy GPS": "",
        "Altitude GPS": "",
        "GNSS Timestamp": "",
        "HH:mm:ss": "",
        "SSS": "",
        "trip_id": "602DE_Trip8"
      }
    },
    {
      "type": "Feature",
      "geometry": {
        "type": "LineString",
        "coordinates": [
          [
            4.95533538800797,
            52.3398136585668
          ],
          [
            4.95533538800797,
            52.3398136585668
          ]
        ]
      },
      "properties": {
        "marker": "",
        "Acc Y (g)": "-0.932",
        "HRot Count": "",
        "Speed": "",
        "Samples": "2170",
        "Heading GPS (dg)": "",
        "Speed GPS": "",
        "Accuracy GPS": "",
        "Altitude GPS": "",
        "GNSS Timestamp": "",
        "HH:mm:ss": "",
        "SSS": "",
        "trip_id": "602DE_Trip8"
      }
    },
    {
      "type": "Feature",
      "geometry": {
        "type": "LineString",
        "coordinates": [
          [
            4.95533538800797,
            52.3398136585668
          ],
          [
            4.95533538800797,
            52.3398136585668
          ]
        ]
      },
      "properties": {
        "marker": "",
        "Acc Y (g)": "-0.363",
        "HRot Count": "",
        "Speed": "",
        "Samples": "2171",
        "Heading GPS (dg)": "",
        "Speed GPS": "",
        "Accuracy GPS": "",
        "Altitude GPS": "",
        "GNSS Timestamp": "",
        "HH:mm:ss": "",
        "SSS": "",
        "trip_id": "602DE_Trip8"
      }
    },
    {
      "type": "Feature",
      "geometry": {
        "type": "LineString",
        "coordinates": [
          [
            4.95533538800797,
            52.3398136585668
          ],
          [
            4.95533538800797,
            52.3398136585668
          ]
        ]
      },
      "properties": {
        "marker": "",
        "Acc Y (g)": "-0.194",
        "HRot Count": "",
        "Speed": "",
        "Samples": "2172",
        "Heading GPS (dg)": "",
        "Speed GPS": "",
        "Accuracy GPS": "",
        "Altitude GPS": "",
        "GNSS Timestamp": "",
        "HH:mm:ss": "",
        "SSS": "",
        "trip_id": "602DE_Trip8"
      }
    },
    {
      "type": "Feature",
      "geometry": {
        "type": "LineString",
        "coordinates": [
          [
            4.95533538800797,
            52.3398136585668
          ],
          [
            4.95533538800797,
            52.3398136585668
          ]
        ]
      },
      "properties": {
        "marker": "",
        "Acc Y (g)": "-0.259",
        "HRot Count": "",
        "Speed": "",
        "Samples": "2173",
        "Heading GPS (dg)": "",
        "Speed GPS": "",
        "Accuracy GPS": "",
        "Altitude GPS": "",
        "GNSS Timestamp": "",
        "HH:mm:ss": "",
        "SSS": "",
        "trip_id": "602DE_Trip8"
      }
    },
    {
      "type": "Feature",
      "geometry": {
        "type": "LineString",
        "coordinates": [
          [
            4.95533538800797,
            52.3398136585668
          ],
          [
            4.95533538800797,
            52.3398136585668
          ]
        ]
      },
      "properties": {
        "marker": "",
        "Acc Y (g)": "-0.210",
        "HRot Count": "",
        "Speed": "",
        "Samples": "2174",
        "Heading GPS (dg)": "",
        "Speed GPS": "",
        "Accuracy GPS": "",
        "Altitude GPS": "",
        "GNSS Timestamp": "",
        "HH:mm:ss": "",
        "SSS": "",
        "trip_id": "602DE_Trip8"
      }
    },
    {
      "type": "Feature",
      "geometry": {
        "type": "LineString",
        "coordinates": [
          [
            4.95533538800797,
            52.3398136585668
          ],
          [
            4.95533538800797,
            52.3398136585668
          ]
        ]
      },
      "properties": {
        "marker": "",
        "Acc Y (g)": "0.648",
        "HRot Count": "",
        "Speed": "",
        "Samples": "2175",
        "Heading GPS (dg)": "",
        "Speed GPS": "",
        "Accuracy GPS": "",
        "Altitude GPS": "",
        "GNSS Timestamp": "",
        "HH:mm:ss": "",
        "SSS": "",
        "trip_id": "602DE_Trip8"
      }
    },
    {
      "type": "Feature",
      "geometry": {
        "type": "LineString",
        "coordinates": [
          [
            4.95533538800797,
            52.3398136585668
          ],
          [
            4.95533538800797,
            52.3398136585668
          ]
        ]
      },
      "properties": {
        "marker": "",
        "Acc Y (g)": "0.896",
        "HRot Count": "",
        "Speed": "",
        "Samples": "2176",
        "Heading GPS (dg)": "",
        "Speed GPS": "",
        "Accuracy GPS": "",
        "Altitude GPS": "",
        "GNSS Timestamp": "",
        "HH:mm:ss": "",
        "SSS": "",
        "trip_id": "602DE_Trip8"
      }
    },
    {
      "type": "Feature",
      "geometry": {
        "type": "LineString",
        "coordinates": [
          [
            4.95533538800797,
            52.3398136585668
          ],
          [
            4.95531217171474,
            52.3398025044925
          ]
        ]
      },
      "properties": {
        "marker": "",
        "Acc Y (g)": "1.075",
        "HRot Count": "",
        "Speed": "",
        "Samples": "2177",
        "Heading GPS (dg)": "",
        "Speed GPS": "",
        "Accuracy GPS": "",
        "Altitude GPS": "",
        "GNSS Timestamp": "",
        "HH:mm:ss": "",
        "SSS": "",
        "trip_id": "602DE_Trip8"
      }
    },
    {
      "type": "Feature",
      "geometry": {
        "type": "LineString",
        "coordinates": [
          [
            4.95531217171474,
            52.3398025044925
          ],
          [
            4.95531217171474,
            52.3398025044925
          ]
        ]
      },
      "properties": {
        "marker": "7",
        "Acc Y (g)": "0.549",
        "HRot Count": "15",
        "Speed": "1271",
        "Samples": "2178",
        "Heading GPS (dg)": "199",
        "Speed GPS": "6",
        "Accuracy GPS": "20",
        "Altitude GPS": "2",
        "GNSS Timestamp": "2026-05-06 08:08:53.999000+00:00",
        "HH:mm:ss": "10:08:53",
        "SSS": "551",
        "trip_id": "602DE_Trip8",
        "timestamp": "2026-05-06 08:08:53.999000+00:00"
      }
    },
    {
      "type": "Feature",
      "geometry": {
        "type": "LineString",
        "coordinates": [
          [
            4.95531217171474,
            52.3398025044925
          ],
          [
            4.95531217171474,
            52.3398025044925
          ]
        ]
      },
      "properties": {
        "marker": "",
        "Acc Y (g)": "1.250",
        "HRot Count": "",
        "Speed": "",
        "Samples": "2179",
        "Heading GPS (dg)": "",
        "Speed GPS": "",
        "Accuracy GPS": "",
        "Altitude GPS": "",
        "GNSS Timestamp": "",
        "HH:mm:ss": "",
        "SSS": "",
        "trip_id": "602DE_Trip8"
      }
    },
    {
      "type": "Feature",
      "geometry": {
        "type": "LineString",
        "coordinates": [
          [
            4.95531217171474,
            52.3398025044925
          ],
          [
            4.95531217171474,
            52.3398025044925
          ]
        ]
      },
      "properties": {
        "marker": "",
        "Acc Y (g)": "1.065",
        "HRot Count": "",
        "Speed": "",
        "Samples": "2180",
        "Heading GPS (dg)": "",
        "Speed GPS": "",
        "Accuracy GPS": "",
        "Altitude GPS": "",
        "GNSS Timestamp": "",
        "HH:mm:ss": "",
        "SSS": "",
        "trip_id": "602DE_Trip8"
      }
    },
    {
      "type": "Feature",
      "geometry": {
        "type": "LineString",
        "coordinates": [
          [
            4.95531217171474,
            52.3398025044925
          ],
          [
            4.95531217171474,
            52.3398025044925
          ]
        ]
      },
      "properties": {
        "marker": "",
        "Acc Y (g)": "0.953",
        "HRot Count": "",
        "Speed": "",
        "Samples": "2181",
        "Heading GPS (dg)": "",
        "Speed GPS": "",
        "Accuracy GPS": "",
        "Altitude GPS": "",
        "GNSS Timestamp": "",
        "HH:mm:ss": "",
        "SSS": "",
        "trip_id": "602DE_Trip8"
      }
    },
    {
      "type": "Feature",
      "geometry": {
        "type": "LineString",
        "coordinates": [
          [
            4.95531217171474,
            52.3398025044925
          ],
          [
            4.95531217171474,
            52.3398025044925
          ]
        ]
      },
      "properties": {
        "marker": "",
        "Acc Y (g)": "0.372",
        "HRot Count": "",
        "Speed": "",
        "Samples": "2182",
        "Heading GPS (dg)": "",
        "Speed GPS": "",
        "Accuracy GPS": "",
        "Altitude GPS": "",
        "GNSS Timestamp": "",
        "HH:mm:ss": "",
        "SSS": "",
        "trip_id": "602DE_Trip8"
      }
    },
    {
      "type": "Feature",
      "geometry": {
        "type": "LineString",
        "coordinates": [
          [
            4.95531217171474,
            52.3398025044925
          ],
          [
            4.95531217171474,
            52.3398025044925
          ]
        ]
      },
      "properties": {
        "marker": "",
        "Acc Y (g)": "0.864",
        "HRot Count": "",
        "Speed": "",
        "Samples": "2183",
        "Heading GPS (dg)": "",
        "Speed GPS": "",
        "Accuracy GPS": "",
        "Altitude GPS": "",
        "GNSS Timestamp": "",
        "HH:mm:ss": "",
        "SSS": "",
        "trip_id": "602DE_Trip8"
      }
    },
    {
      "type": "Feature",
      "geometry": {
        "type": "LineString",
        "coordinates": [
          [
            4.95531217171474,
            52.3398025044925
          ],
          [
            4.95531217171474,
            52.3398025044925
          ]
        ]
      },
      "properties": {
        "marker": "",
        "Acc Y (g)": "1.148",
        "HRot Count": "",
        "Speed": "",
        "Samples": "2184",
        "Heading GPS (dg)": "",
        "Speed GPS": "",
        "Accuracy GPS": "",
        "Altitude GPS": "",
        "GNSS Timestamp": "",
        "HH:mm:ss": "",
        "SSS": "",
        "trip_id": "602DE_Trip8"
      }
    },
    {
      "type": "Feature",
      "geometry": {
        "type": "LineString",
        "coordinates": [
          [
            4.95531217171474,
            52.3398025044925
          ],
          [
            4.95531217171474,
            52.3398025044925
          ]
        ]
      },
      "properties": {
        "marker": "",
        "Acc Y (g)": "0.856",
        "HRot Count": "",
        "Speed": "",
        "Samples": "2185",
        "Heading GPS (dg)": "",
        "Speed GPS": "",
        "Accuracy GPS": "",
        "Altitude GPS": "",
        "GNSS Timestamp": "",
        "HH:mm:ss": "",
        "SSS": "",
        "trip_id": "602DE_Trip8"
      }
    },
    {
      "type": "Feature",
      "geometry": {
        "type": "LineString",
        "coordinates": [
          [
            4.95531217171474,
            52.3398025044925
          ],
          [
            4.95531217171474,
            52.3398025044925
          ]
        ]
      },
      "properties": {
        "marker": "",
        "Acc Y (g)": "0.512",
        "HRot Count": "",
        "Speed": "",
        "Samples": "2186",
        "Heading GPS (dg)": "",
        "Speed GPS": "",
        "Accuracy GPS": "",
        "Altitude GPS": "",
        "GNSS Timestamp": "",
        "HH:mm:ss": "",
        "SSS": "",
        "trip_id": "602DE_Trip8"
      }
    },
    {
      "type": "Feature",
      "geometry": {
        "type": "LineString",
        "coordinates": [
          [
            4.95531217171474,
            52.3398025044925
          ],
          [
            4.95531217171474,
            52.3398025044925
          ]
        ]
      },
      "properties": {
        "marker": "",
        "Acc Y (g)": "1.403",
        "HRot Count": "",
        "Speed": "",
        "Samples": "2187",
        "Heading GPS (dg)": "",
        "Speed GPS": "",
        "Accuracy GPS": "",
        "Altitude GPS": "",
        "GNSS Timestamp": "",
        "HH:mm:ss": "",
        "SSS": "",
        "trip_id": "602DE_Trip8"
      }
    },
    {
      "type": "Feature",
      "geometry": {
        "type": "LineString",
        "coordinates": [
          [
            4.95531217171474,
            52.3398025044925
          ],
          [
            4.95531217171474,
            52.3398025044925
          ]
        ]
      },
      "properties": {
        "marker": "",
        "Acc Y (g)": "0.777",
        "HRot Count": "",
        "Speed": "",
        "Samples": "2188",
        "Heading GPS (dg)": "",
        "Speed GPS": "",
        "Accuracy GPS": "",
        "Altitude GPS": "",
        "GNSS Timestamp": "",
        "HH:mm:ss": "",
        "SSS": "",
        "trip_id": "602DE_Trip8"
      }
    },
    {
      "type": "Feature",
      "geometry": {
        "type": "LineString",
        "coordinates": [
          [
            4.95531217171474,
            52.3398025044925
          ],
          [
            4.95531217171474,
            52.3398025044925
          ]
        ]
      },
      "properties": {
        "marker": "",
        "Acc Y (g)": "0.512",
        "HRot Count": "",
        "Speed": "",
        "Samples": "2189",
        "Heading GPS (dg)": "",
        "Speed GPS": "",
        "Accuracy GPS": "",
        "Altitude GPS": "",
        "GNSS Timestamp": "",
        "HH:mm:ss": "",
        "SSS": "",
        "trip_id": "602DE_Trip8"
      }
    },
    {
      "type": "Feature",
      "geometry": {
        "type": "LineString",
        "coordinates": [
          [
            4.95531217171474,
            52.3398025044925
          ],
          [
            4.95531217171474,
            52.3398025044925
          ]
        ]
      },
      "properties": {
        "marker": "",
        "Acc Y (g)": "0.261",
        "HRot Count": "",
        "Speed": "",
        "Samples": "2190",
        "Heading GPS (dg)": "",
        "Speed GPS": "",
        "Accuracy GPS": "",
        "Altitude GPS": "",
        "GNSS Timestamp": "",
        "HH:mm:ss": "",
        "SSS": "",
        "trip_id": "602DE_Trip8"
      }
    },
    {
      "type": "Feature",
      "geometry": {
        "type": "LineString",
        "coordinates": [
          [
            4.95531217171474,
            52.3398025044925
          ],
          [
            4.95531217171474,
            52.3398025044925
          ]
        ]
      },
      "properties": {
        "marker": "",
        "Acc Y (g)": "0.206",
        "HRot Count": "",
        "Speed": "",
        "Samples": "2191",
        "Heading GPS (dg)": "",
        "Speed GPS": "",
        "Accuracy GPS": "",
        "Altitude GPS": "",
        "GNSS Timestamp": "",
        "HH:mm:ss": "",
        "SSS": "",
        "trip_id": "602DE_Trip8"
      }
    },
    {
      "type": "Feature",
      "geometry": {
        "type": "LineString",
        "coordinates": [
          [
            4.95531217171474,
            52.3398025044925
          ],
          [
            4.95531217171474,
            52.3398025044925
          ]
        ]
      },
      "properties": {
        "marker": "",
        "Acc Y (g)": "0.058",
        "HRot Count": "",
        "Speed": "",
        "Samples": "2192",
        "Heading GPS (dg)": "",
        "Speed GPS": "",
        "Accuracy GPS": "",
        "Altitude GPS": "",
        "GNSS Timestamp": "",
        "HH:mm:ss": "",
        "SSS": "",
        "trip_id": "602DE_Trip8"
      }
    },
    {
      "type": "Feature",
      "geometry": {
        "type": "LineString",
        "coordinates": [
          [
            4.95531217171474,
            52.3398025044925
          ],
          [
            4.95531217171474,
            52.3398025044925
          ]
        ]
      },
      "properties": {
        "marker": "",
        "Acc Y (g)": "-0.149",
        "HRot Count": "",
        "Speed": "",
        "Samples": "2193",
        "Heading GPS (dg)": "",
        "Speed GPS": "",
        "Accuracy GPS": "",
        "Altitude GPS": "",
        "GNSS Timestamp": "",
        "HH:mm:ss": "",
        "SSS": "",
        "trip_id": "602DE_Trip8"
      }
    },
    {
      "type": "Feature",
      "geometry": {
        "type": "LineString",
        "coordinates": [
          [
            4.95531217171474,
            52.3398025044925
          ],
          [
            4.95531217171474,
            52.3398025044925
          ]
        ]
      },
      "properties": {
        "marker": "",
        "Acc Y (g)": "-0.281",
        "HRot Count": "",
        "Speed": "",
        "Samples": "2194",
        "Heading GPS (dg)": "",
        "Speed GPS": "",
        "Accuracy GPS": "",
        "Altitude GPS": "",
        "GNSS Timestamp": "",
        "HH:mm:ss": "",
        "SSS": "",
        "trip_id": "602DE_Trip8"
      }
    },
    {
      "type": "Feature",
      "geometry": {
        "type": "LineString",
        "coordinates": [
          [
            4.95531217171474,
            52.3398025044925
          ],
          [
            4.95531217171474,
            52.3398025044925
          ]
        ]
      },
      "properties": {
        "marker": "",
        "Acc Y (g)": "-0.237",
        "HRot Count": "",
        "Speed": "",
        "Samples": "2195",
        "Heading GPS (dg)": "",
        "Speed GPS": "",
        "Accuracy GPS": "",
        "Altitude GPS": "",
        "GNSS Timestamp": "",
        "HH:mm:ss": "",
        "SSS": "",
        "trip_id": "602DE_Trip8"
      }
    },
    {
      "type": "Feature",
      "geometry": {
        "type": "LineString",
        "coordinates": [
          [
            4.95531217171474,
            52.3398025044925
          ],
          [
            4.95531217171474,
            52.3398025044925
          ]
        ]
      },
      "properties": {
        "marker": "",
        "Acc Y (g)": "-0.435",
        "HRot Count": "",
        "Speed": "",
        "Samples": "2196",
        "Heading GPS (dg)": "",
        "Speed GPS": "",
        "Accuracy GPS": "",
        "Altitude GPS": "",
        "GNSS Timestamp": "",
        "HH:mm:ss": "",
        "SSS": "",
        "trip_id": "602DE_Trip8"
      }
    },
    {
      "type": "Feature",
      "geometry": {
        "type": "LineString",
        "coordinates": [
          [
            4.95531217171474,
            52.3398025044925
          ],
          [
            4.95531217171474,
            52.3398025044925
          ]
        ]
      },
      "properties": {
        "marker": "",
        "Acc Y (g)": "-0.563",
        "HRot Count": "",
        "Speed": "",
        "Samples": "2197",
        "Heading GPS (dg)": "",
        "Speed GPS": "",
        "Accuracy GPS": "",
        "Altitude GPS": "",
        "GNSS Timestamp": "",
        "HH:mm:ss": "",
        "SSS": "",
        "trip_id": "602DE_Trip8"
      }
    },
    {
      "type": "Feature",
      "geometry": {
        "type": "LineString",
        "coordinates": [
          [
            4.95531217171474,
            52.3398025044925
          ],
          [
            4.95531217171474,
            52.3398025044925
          ]
        ]
      },
      "properties": {
        "marker": "7",
        "Acc Y (g)": "-1.154",
        "HRot Count": "16",
        "Speed": "1271",
        "Samples": "2198",
        "Heading GPS (dg)": "199",
        "Speed GPS": "6",
        "Accuracy GPS": "20",
        "Altitude GPS": "2",
        "GNSS Timestamp": "2026-05-06 08:08:53.999000+00:00",
        "HH:mm:ss": "10:08:53",
        "SSS": "942",
        "trip_id": "602DE_Trip8",
        "timestamp": "2026-05-06 08:08:53.999000+00:00"
      }
    },
    {
      "type": "Feature",
      "geometry": {
        "type": "LineString",
        "coordinates": [
          [
            4.95531217171474,
            52.3398025044925
          ],
          [
            4.95531217171474,
            52.3398025044925
          ]
        ]
      },
      "properties": {
        "marker": "",
        "Acc Y (g)": "-0.771",
        "HRot Count": "",
        "Speed": "",
        "Samples": "2199",
        "Heading GPS (dg)": "",
        "Speed GPS": "",
        "Accuracy GPS": "",
        "Altitude GPS": "",
        "GNSS Timestamp": "",
        "HH:mm:ss": "",
        "SSS": "",
        "trip_id": "602DE_Trip8"
      }
    },
    {
      "type": "Feature",
      "geometry": {
        "type": "LineString",
        "coordinates": [
          [
            4.95531217171474,
            52.3398025044925
          ],
          [
            4.95531217171474,
            52.3398025044925
          ]
        ]
      },
      "properties": {
        "marker": "",
        "Acc Y (g)": "-0.810",
        "HRot Count": "",
        "Speed": "",
        "Samples": "2200",
        "Heading GPS (dg)": "",
        "Speed GPS": "",
        "Accuracy GPS": "",
        "Altitude GPS": "",
        "GNSS Timestamp": "",
        "HH:mm:ss": "",
        "SSS": "",
        "trip_id": "602DE_Trip8"
      }
    },
    {
      "type": "Feature",
      "geometry": {
        "type": "LineString",
        "coordinates": [
          [
            4.95531217171474,
            52.3398025044925
          ],
          [
            4.95531217171474,
            52.3398025044925
          ]
        ]
      },
      "properties": {
        "marker": "",
        "Acc Y (g)": "-1.079",
        "HRot Count": "",
        "Speed": "",
        "Samples": "2201",
        "Heading GPS (dg)": "",
        "Speed GPS": "",
        "Accuracy GPS": "",
        "Altitude GPS": "",
        "GNSS Timestamp": "",
        "HH:mm:ss": "",
        "SSS": "",
        "trip_id": "602DE_Trip8"
      }
    },
    {
      "type": "Feature",
      "geometry": {
        "type": "LineString",
        "coordinates": [
          [
            4.95531217171474,
            52.3398025044925
          ],
          [
            4.95531217171474,
            52.3398025044925
          ]
        ]
      },
      "properties": {
        "marker": "",
        "Acc Y (g)": "-1.104",
        "HRot Count": "",
        "Speed": "",
        "Samples": "2202",
        "Heading GPS (dg)": "",
        "Speed GPS": "",
        "Accuracy GPS": "",
        "Altitude GPS": "",
        "GNSS Timestamp": "",
        "HH:mm:ss": "",
        "SSS": "",
        "trip_id": "602DE_Trip8"
      }
    },
    {
      "type": "Feature",
      "geometry": {
        "type": "LineString",
        "coordinates": [
          [
            4.95531217171474,
            52.3398025044925
          ],
          [
            4.95531217171474,
            52.3398025044925
          ]
        ]
      },
      "properties": {
        "marker": "",
        "Acc Y (g)": "-1.162",
        "HRot Count": "",
        "Speed": "",
        "Samples": "2203",
        "Heading GPS (dg)": "",
        "Speed GPS": "",
        "Accuracy GPS": "",
        "Altitude GPS": "",
        "GNSS Timestamp": "",
        "HH:mm:ss": "",
        "SSS": "",
        "trip_id": "602DE_Trip8"
      }
    },
    {
      "type": "Feature",
      "geometry": {
        "type": "LineString",
        "coordinates": [
          [
            4.95531217171474,
            52.3398025044925
          ],
          [
            4.95531217171474,
            52.3398025044925
          ]
        ]
      },
      "properties": {
        "marker": "",
        "Acc Y (g)": "-1.040",
        "HRot Count": "",
        "Speed": "",
        "Samples": "2204",
        "Heading GPS (dg)": "",
        "Speed GPS": "",
        "Accuracy GPS": "",
        "Altitude GPS": "",
        "GNSS Timestamp": "",
        "HH:mm:ss": "",
        "SSS": "",
        "trip_id": "602DE_Trip8"
      }
    },
    {
      "type": "Feature",
      "geometry": {
        "type": "LineString",
        "coordinates": [
          [
            4.95531217171474,
            52.3398025044925
          ],
          [
            4.95531217171474,
            52.3398025044925
          ]
        ]
      },
      "properties": {
        "marker": "",
        "Acc Y (g)": "-0.902",
        "HRot Count": "",
        "Speed": "",
        "Samples": "2205",
        "Heading GPS (dg)": "",
        "Speed GPS": "",
        "Accuracy GPS": "",
        "Altitude GPS": "",
        "GNSS Timestamp": "",
        "HH:mm:ss": "",
        "SSS": "",
        "trip_id": "602DE_Trip8"
      }
    },
    {
      "type": "Feature",
      "geometry": {
        "type": "LineString",
        "coordinates": [
          [
            4.95531217171474,
            52.3398025044925
          ],
          [
            4.95531217171474,
            52.3398025044925
          ]
        ]
      },
      "properties": {
        "marker": "",
        "Acc Y (g)": "-0.860",
        "HRot Count": "",
        "Speed": "",
        "Samples": "2206",
        "Heading GPS (dg)": "",
        "Speed GPS": "",
        "Accuracy GPS": "",
        "Altitude GPS": "",
        "GNSS Timestamp": "",
        "HH:mm:ss": "",
        "SSS": "",
        "trip_id": "602DE_Trip8"
      }
    },
    {
      "type": "Feature",
      "geometry": {
        "type": "LineString",
        "coordinates": [
          [
            4.95531217171474,
            52.3398025044925
          ],
          [
            4.95531217171474,
            52.3398025044925
          ]
        ]
      },
      "properties": {
        "marker": "",
        "Acc Y (g)": "-0.353",
        "HRot Count": "",
        "Speed": "",
        "Samples": "2207",
        "Heading GPS (dg)": "",
        "Speed GPS": "",
        "Accuracy GPS": "",
        "Altitude GPS": "",
        "GNSS Timestamp": "",
        "HH:mm:ss": "",
        "SSS": "",
        "trip_id": "602DE_Trip8"
      }
    },
    {
      "type": "Feature",
      "geometry": {
        "type": "LineString",
        "coordinates": [
          [
            4.95531217171474,
            52.3398025044925
          ],
          [
            4.95531217171474,
            52.3398025044925
          ]
        ]
      },
      "properties": {
        "marker": "",
        "Acc Y (g)": "0.180",
        "HRot Count": "",
        "Speed": "",
        "Samples": "2208",
        "Heading GPS (dg)": "",
        "Speed GPS": "",
        "Accuracy GPS": "",
        "Altitude GPS": "",
        "GNSS Timestamp": "",
        "HH:mm:ss": "",
        "SSS": "",
        "trip_id": "602DE_Trip8"
      }
    },
    {
      "type": "Feature",
      "geometry": {
        "type": "LineString",
        "coordinates": [
          [
            4.95531217171474,
            52.3398025044925
          ],
          [
            4.95531217171474,
            52.3398025044925
          ]
        ]
      },
      "properties": {
        "marker": "",
        "Acc Y (g)": "-0.829",
        "HRot Count": "",
        "Speed": "",
        "Samples": "2209",
        "Heading GPS (dg)": "",
        "Speed GPS": "",
        "Accuracy GPS": "",
        "Altitude GPS": "",
        "GNSS Timestamp": "",
        "HH:mm:ss": "",
        "SSS": "",
        "trip_id": "602DE_Trip8"
      }
    },
    {
      "type": "Feature",
      "geometry": {
        "type": "LineString",
        "coordinates": [
          [
            4.95531217171474,
            52.3398025044925
          ],
          [
            4.95531217171474,
            52.3398025044925
          ]
        ]
      },
      "properties": {
        "marker": "",
        "Acc Y (g)": "-0.289",
        "HRot Count": "",
        "Speed": "",
        "Samples": "2210",
        "Heading GPS (dg)": "",
        "Speed GPS": "",
        "Accuracy GPS": "",
        "Altitude GPS": "",
        "GNSS Timestamp": "",
        "HH:mm:ss": "",
        "SSS": "",
        "trip_id": "602DE_Trip8"
      }
    },
    {
      "type": "Feature",
      "geometry": {
        "type": "LineString",
        "coordinates": [
          [
            4.95531217171474,
            52.3398025044925
          ],
          [
            4.95531217171474,
            52.3398025044925
          ]
        ]
      },
      "properties": {
        "marker": "",
        "Acc Y (g)": "-0.400",
        "HRot Count": "",
        "Speed": "",
        "Samples": "2211",
        "Heading GPS (dg)": "",
        "Speed GPS": "",
        "Accuracy GPS": "",
        "Altitude GPS": "",
        "GNSS Timestamp": "",
        "HH:mm:ss": "",
        "SSS": "",
        "trip_id": "602DE_Trip8"
      }
    },
    {
      "type": "Feature",
      "geometry": {
        "type": "LineString",
        "coordinates": [
          [
            4.95531217171474,
            52.3398025044925
          ],
          [
            4.95531217171474,
            52.3398025044925
          ]
        ]
      },
      "properties": {
        "marker": "",
        "Acc Y (g)": "-0.190",
        "HRot Count": "",
        "Speed": "",
        "Samples": "2212",
        "Heading GPS (dg)": "",
        "Speed GPS": "",
        "Accuracy GPS": "",
        "Altitude GPS": "",
        "GNSS Timestamp": "",
        "HH:mm:ss": "",
        "SSS": "",
        "trip_id": "602DE_Trip8"
      }
    },
    {
      "type": "Feature",
      "geometry": {
        "type": "LineString",
        "coordinates": [
          [
            4.95531217171474,
            52.3398025044925
          ],
          [
            4.95531217171474,
            52.3398025044925
          ]
        ]
      },
      "properties": {
        "marker": "",
        "Acc Y (g)": "0.153",
        "HRot Count": "",
        "Speed": "",
        "Samples": "2213",
        "Heading GPS (dg)": "",
        "Speed GPS": "",
        "Accuracy GPS": "",
        "Altitude GPS": "",
        "GNSS Timestamp": "",
        "HH:mm:ss": "",
        "SSS": "",
        "trip_id": "602DE_Trip8"
      }
    },
    {
      "type": "Feature",
      "geometry": {
        "type": "LineString",
        "coordinates": [
          [
            4.95531217171474,
            52.3398025044925
          ],
          [
            4.95531217171474,
            52.3398025044925
          ]
        ]
      },
      "properties": {
        "marker": "",
        "Acc Y (g)": "0.318",
        "HRot Count": "",
        "Speed": "",
        "Samples": "2214",
        "Heading GPS (dg)": "",
        "Speed GPS": "",
        "Accuracy GPS": "",
        "Altitude GPS": "",
        "GNSS Timestamp": "",
        "HH:mm:ss": "",
        "SSS": "",
        "trip_id": "602DE_Trip8"
      }
    },
    {
      "type": "Feature",
      "geometry": {
        "type": "LineString",
        "coordinates": [
          [
            4.95531217171474,
            52.3398025044925
          ],
          [
            4.95531217171474,
            52.3398025044925
          ]
        ]
      },
      "properties": {
        "marker": "",
        "Acc Y (g)": "0.316",
        "HRot Count": "",
        "Speed": "",
        "Samples": "2215",
        "Heading GPS (dg)": "",
        "Speed GPS": "",
        "Accuracy GPS": "",
        "Altitude GPS": "",
        "GNSS Timestamp": "",
        "HH:mm:ss": "",
        "SSS": "",
        "trip_id": "602DE_Trip8"
      }
    },
    {
      "type": "Feature",
      "geometry": {
        "type": "LineString",
        "coordinates": [
          [
            4.95531217171474,
            52.3398025044925
          ],
          [
            4.95531217171474,
            52.3398025044925
          ]
        ]
      },
      "properties": {
        "marker": "",
        "Acc Y (g)": "0.462",
        "HRot Count": "",
        "Speed": "",
        "Samples": "2216",
        "Heading GPS (dg)": "",
        "Speed GPS": "",
        "Accuracy GPS": "",
        "Altitude GPS": "",
        "GNSS Timestamp": "",
        "HH:mm:ss": "",
        "SSS": "",
        "trip_id": "602DE_Trip8"
      }
    },
    {
      "type": "Feature",
      "geometry": {
        "type": "LineString",
        "coordinates": [
          [
            4.95531217171474,
            52.3398025044925
          ],
          [
            4.95531217171474,
            52.3398025044925
          ]
        ]
      },
      "properties": {
        "marker": "",
        "Acc Y (g)": "0.819",
        "HRot Count": "",
        "Speed": "",
        "Samples": "2217",
        "Heading GPS (dg)": "",
        "Speed GPS": "",
        "Accuracy GPS": "",
        "Altitude GPS": "",
        "GNSS Timestamp": "",
        "HH:mm:ss": "",
        "SSS": "",
        "trip_id": "602DE_Trip8"
      }
    },
    {
      "type": "Feature",
      "geometry": {
        "type": "LineString",
        "coordinates": [
          [
            4.95531217171474,
            52.3398025044925
          ],
          [
            4.95531217171474,
            52.3398025044925
          ]
        ]
      },
      "properties": {
        "marker": "7",
        "Acc Y (g)": "0.979",
        "HRot Count": "17",
        "Speed": "1239",
        "Samples": "2218",
        "Heading GPS (dg)": "199",
        "Speed GPS": "6",
        "Accuracy GPS": "20",
        "Altitude GPS": "2",
        "GNSS Timestamp": "2026-05-06 08:08:53.999000+00:00",
        "HH:mm:ss": "10:08:54",
        "SSS": "362",
        "trip_id": "602DE_Trip8",
        "timestamp": "2026-05-06 08:08:53.999000+00:00"
      }
    },
    {
      "type": "Feature",
      "geometry": {
        "type": "LineString",
        "coordinates": [
          [
            4.95531217171474,
            52.3398025044925
          ],
          [
            4.95531217171474,
            52.3398025044925
          ]
        ]
      },
      "properties": {
        "marker": "",
        "Acc Y (g)": "1.199",
        "HRot Count": "",
        "Speed": "",
        "Samples": "2219",
        "Heading GPS (dg)": "",
        "Speed GPS": "",
        "Accuracy GPS": "",
        "Altitude GPS": "",
        "GNSS Timestamp": "",
        "HH:mm:ss": "",
        "SSS": "",
        "trip_id": "602DE_Trip8"
      }
    },
    {
      "type": "Feature",
      "geometry": {
        "type": "LineString",
        "coordinates": [
          [
            4.95531217171474,
            52.3398025044925
          ],
          [
            4.95531217171474,
            52.3398025044925
          ]
        ]
      },
      "properties": {
        "marker": "",
        "Acc Y (g)": "1.130",
        "HRot Count": "",
        "Speed": "",
        "Samples": "2220",
        "Heading GPS (dg)": "",
        "Speed GPS": "",
        "Accuracy GPS": "",
        "Altitude GPS": "",
        "GNSS Timestamp": "",
        "HH:mm:ss": "",
        "SSS": "",
        "trip_id": "602DE_Trip8"
      }
    },
    {
      "type": "Feature",
      "geometry": {
        "type": "LineString",
        "coordinates": [
          [
            4.95531217171474,
            52.3398025044925
          ],
          [
            4.95531217171474,
            52.3398025044925
          ]
        ]
      },
      "properties": {
        "marker": "",
        "Acc Y (g)": "0.914",
        "HRot Count": "",
        "Speed": "",
        "Samples": "2221",
        "Heading GPS (dg)": "",
        "Speed GPS": "",
        "Accuracy GPS": "",
        "Altitude GPS": "",
        "GNSS Timestamp": "",
        "HH:mm:ss": "",
        "SSS": "",
        "trip_id": "602DE_Trip8"
      }
    },
    {
      "type": "Feature",
      "geometry": {
        "type": "LineString",
        "coordinates": [
          [
            4.95531217171474,
            52.3398025044925
          ],
          [
            4.95531217171474,
            52.3398025044925
          ]
        ]
      },
      "properties": {
        "marker": "",
        "Acc Y (g)": "0.970",
        "HRot Count": "",
        "Speed": "",
        "Samples": "2222",
        "Heading GPS (dg)": "",
        "Speed GPS": "",
        "Accuracy GPS": "",
        "Altitude GPS": "",
        "GNSS Timestamp": "",
        "HH:mm:ss": "",
        "SSS": "",
        "trip_id": "602DE_Trip8"
      }
    },
    {
      "type": "Feature",
      "geometry": {
        "type": "LineString",
        "coordinates": [
          [
            4.95531217171474,
            52.3398025044925
          ],
          [
            4.95531217171474,
            52.3398025044925
          ]
        ]
      },
      "properties": {
        "marker": "",
        "Acc Y (g)": "1.141",
        "HRot Count": "",
        "Speed": "",
        "Samples": "2223",
        "Heading GPS (dg)": "",
        "Speed GPS": "",
        "Accuracy GPS": "",
        "Altitude GPS": "",
        "GNSS Timestamp": "",
        "HH:mm:ss": "",
        "SSS": "",
        "trip_id": "602DE_Trip8"
      }
    },
    {
      "type": "Feature",
      "geometry": {
        "type": "LineString",
        "coordinates": [
          [
            4.95531217171474,
            52.3398025044925
          ],
          [
            4.95531217171474,
            52.3398025044925
          ]
        ]
      },
      "properties": {
        "marker": "",
        "Acc Y (g)": "1.150",
        "HRot Count": "",
        "Speed": "",
        "Samples": "2224",
        "Heading GPS (dg)": "",
        "Speed GPS": "",
        "Accuracy GPS": "",
        "Altitude GPS": "",
        "GNSS Timestamp": "",
        "HH:mm:ss": "",
        "SSS": "",
        "trip_id": "602DE_Trip8"
      }
    },
    {
      "type": "Feature",
      "geometry": {
        "type": "LineString",
        "coordinates": [
          [
            4.95531217171474,
            52.3398025044925
          ],
          [
            4.95531217171474,
            52.3398025044925
          ]
        ]
      },
      "properties": {
        "marker": "",
        "Acc Y (g)": "0.758",
        "HRot Count": "",
        "Speed": "",
        "Samples": "2225",
        "Heading GPS (dg)": "",
        "Speed GPS": "",
        "Accuracy GPS": "",
        "Altitude GPS": "",
        "GNSS Timestamp": "",
        "HH:mm:ss": "",
        "SSS": "",
        "trip_id": "602DE_Trip8"
      }
    },
    {
      "type": "Feature",
      "geometry": {
        "type": "LineString",
        "coordinates": [
          [
            4.95531217171474,
            52.3398025044925
          ],
          [
            4.95531217171474,
            52.3398025044925
          ]
        ]
      },
      "properties": {
        "marker": "",
        "Acc Y (g)": "0.595",
        "HRot Count": "",
        "Speed": "",
        "Samples": "2226",
        "Heading GPS (dg)": "",
        "Speed GPS": "",
        "Accuracy GPS": "",
        "Altitude GPS": "",
        "GNSS Timestamp": "",
        "HH:mm:ss": "",
        "SSS": "",
        "trip_id": "602DE_Trip8"
      }
    },
    {
      "type": "Feature",
      "geometry": {
        "type": "LineString",
        "coordinates": [
          [
            4.95531217171474,
            52.3398025044925
          ],
          [
            4.95531217171474,
            52.3398025044925
          ]
        ]
      },
      "properties": {
        "marker": "",
        "Acc Y (g)": "0.813",
        "HRot Count": "",
        "Speed": "",
        "Samples": "2227",
        "Heading GPS (dg)": "",
        "Speed GPS": "",
        "Accuracy GPS": "",
        "Altitude GPS": "",
        "GNSS Timestamp": "",
        "HH:mm:ss": "",
        "SSS": "",
        "trip_id": "602DE_Trip8"
      }
    },
    {
      "type": "Feature",
      "geometry": {
        "type": "LineString",
        "coordinates": [
          [
            4.95531217171474,
            52.3398025044925
          ],
          [
            4.95531217171474,
            52.3398025044925
          ]
        ]
      },
      "properties": {
        "marker": "",
        "Acc Y (g)": "0.638",
        "HRot Count": "",
        "Speed": "",
        "Samples": "2228",
        "Heading GPS (dg)": "",
        "Speed GPS": "",
        "Accuracy GPS": "",
        "Altitude GPS": "",
        "GNSS Timestamp": "",
        "HH:mm:ss": "",
        "SSS": "",
        "trip_id": "602DE_Trip8"
      }
    },
    {
      "type": "Feature",
      "geometry": {
        "type": "LineString",
        "coordinates": [
          [
            4.95531217171474,
            52.3398025044925
          ],
          [
            4.95531217171474,
            52.3398025044925
          ]
        ]
      },
      "properties": {
        "marker": "",
        "Acc Y (g)": "0.272",
        "HRot Count": "",
        "Speed": "",
        "Samples": "2229",
        "Heading GPS (dg)": "",
        "Speed GPS": "",
        "Accuracy GPS": "",
        "Altitude GPS": "",
        "GNSS Timestamp": "",
        "HH:mm:ss": "",
        "SSS": "",
        "trip_id": "602DE_Trip8"
      }
    },
    {
      "type": "Feature",
      "geometry": {
        "type": "LineString",
        "coordinates": [
          [
            4.95531217171474,
            52.3398025044925
          ],
          [
            4.95531217171474,
            52.3398025044925
          ]
        ]
      },
      "properties": {
        "marker": "",
        "Acc Y (g)": "0.183",
        "HRot Count": "",
        "Speed": "",
        "Samples": "2230",
        "Heading GPS (dg)": "",
        "Speed GPS": "",
        "Accuracy GPS": "",
        "Altitude GPS": "",
        "GNSS Timestamp": "",
        "HH:mm:ss": "",
        "SSS": "",
        "trip_id": "602DE_Trip8"
      }
    },
    {
      "type": "Feature",
      "geometry": {
        "type": "LineString",
        "coordinates": [
          [
            4.95531217171474,
            52.3398025044925
          ],
          [
            4.95531217171474,
            52.3398025044925
          ]
        ]
      },
      "properties": {
        "marker": "",
        "Acc Y (g)": "0.065",
        "HRot Count": "",
        "Speed": "",
        "Samples": "2231",
        "Heading GPS (dg)": "",
        "Speed GPS": "",
        "Accuracy GPS": "",
        "Altitude GPS": "",
        "GNSS Timestamp": "",
        "HH:mm:ss": "",
        "SSS": "",
        "trip_id": "602DE_Trip8"
      }
    },
    {
      "type": "Feature",
      "geometry": {
        "type": "LineString",
        "coordinates": [
          [
            4.95531217171474,
            52.3398025044925
          ],
          [
            4.95531217171474,
            52.3398025044925
          ]
        ]
      },
      "properties": {
        "marker": "",
        "Acc Y (g)": "-0.070",
        "HRot Count": "",
        "Speed": "",
        "Samples": "2232",
        "Heading GPS (dg)": "",
        "Speed GPS": "",
        "Accuracy GPS": "",
        "Altitude GPS": "",
        "GNSS Timestamp": "",
        "HH:mm:ss": "",
        "SSS": "",
        "trip_id": "602DE_Trip8"
      }
    },
    {
      "type": "Feature",
      "geometry": {
        "type": "LineString",
        "coordinates": [
          [
            4.95531217171474,
            52.3398025044925
          ],
          [
            4.95531217171474,
            52.3398025044925
          ]
        ]
      },
      "properties": {
        "marker": "",
        "Acc Y (g)": "-0.423",
        "HRot Count": "",
        "Speed": "",
        "Samples": "2233",
        "Heading GPS (dg)": "",
        "Speed GPS": "",
        "Accuracy GPS": "",
        "Altitude GPS": "",
        "GNSS Timestamp": "",
        "HH:mm:ss": "",
        "SSS": "",
        "trip_id": "602DE_Trip8"
      }
    },
    {
      "type": "Feature",
      "geometry": {
        "type": "LineString",
        "coordinates": [
          [
            4.95531217171474,
            52.3398025044925
          ],
          [
            4.95531217171474,
            52.3398025044925
          ]
        ]
      },
      "properties": {
        "marker": "",
        "Acc Y (g)": "-0.482",
        "HRot Count": "",
        "Speed": "",
        "Samples": "2234",
        "Heading GPS (dg)": "",
        "Speed GPS": "",
        "Accuracy GPS": "",
        "Altitude GPS": "",
        "GNSS Timestamp": "",
        "HH:mm:ss": "",
        "SSS": "",
        "trip_id": "602DE_Trip8"
      }
    },
    {
      "type": "Feature",
      "geometry": {
        "type": "LineString",
        "coordinates": [
          [
            4.95531217171474,
            52.3398025044925
          ],
          [
            4.95531217171474,
            52.3398025044925
          ]
        ]
      },
      "properties": {
        "marker": "",
        "Acc Y (g)": "-0.636",
        "HRot Count": "",
        "Speed": "",
        "Samples": "2235",
        "Heading GPS (dg)": "",
        "Speed GPS": "",
        "Accuracy GPS": "",
        "Altitude GPS": "",
        "GNSS Timestamp": "",
        "HH:mm:ss": "",
        "SSS": "",
        "trip_id": "602DE_Trip8"
      }
    },
    {
      "type": "Feature",
      "geometry": {
        "type": "LineString",
        "coordinates": [
          [
            4.95531217171474,
            52.3398025044925
          ],
          [
            4.95531217171474,
            52.3398025044925
          ]
        ]
      },
      "properties": {
        "marker": "",
        "Acc Y (g)": "-0.453",
        "HRot Count": "",
        "Speed": "",
        "Samples": "2236",
        "Heading GPS (dg)": "",
        "Speed GPS": "",
        "Accuracy GPS": "",
        "Altitude GPS": "",
        "GNSS Timestamp": "",
        "HH:mm:ss": "",
        "SSS": "",
        "trip_id": "602DE_Trip8"
      }
    },
    {
      "type": "Feature",
      "geometry": {
        "type": "LineString",
        "coordinates": [
          [
            4.95531217171474,
            52.3398025044925
          ],
          [
            4.95531217171474,
            52.3398025044925
          ]
        ]
      },
      "properties": {
        "marker": "",
        "Acc Y (g)": "-0.282",
        "HRot Count": "",
        "Speed": "",
        "Samples": "2237",
        "Heading GPS (dg)": "",
        "Speed GPS": "",
        "Accuracy GPS": "",
        "Altitude GPS": "",
        "GNSS Timestamp": "",
        "HH:mm:ss": "",
        "SSS": "",
        "trip_id": "602DE_Trip8"
      }
    },
    {
      "type": "Feature",
      "geometry": {
        "type": "LineString",
        "coordinates": [
          [
            4.95531217171474,
            52.3398025044925
          ],
          [
            4.95531217171474,
            52.3398025044925
          ]
        ]
      },
      "properties": {
        "marker": "7",
        "Acc Y (g)": "-1.259",
        "HRot Count": "18",
        "Speed": "1229",
        "Samples": "2238",
        "Heading GPS (dg)": "199",
        "Speed GPS": "6",
        "Accuracy GPS": "20",
        "Altitude GPS": "2",
        "GNSS Timestamp": "2026-05-06 08:08:53.999000+00:00",
        "HH:mm:ss": "10:08:54",
        "SSS": "753",
        "trip_id": "602DE_Trip8",
        "timestamp": "2026-05-06 08:08:53.999000+00:00"
      }
    },
    {
      "type": "Feature",
      "geometry": {
        "type": "LineString",
        "coordinates": [
          [
            4.95531217171474,
            52.3398025044925
          ],
          [
            4.95531217171474,
            52.3398025044925
          ]
        ]
      },
      "properties": {
        "marker": "",
        "Acc Y (g)": "-1.054",
        "HRot Count": "",
        "Speed": "",
        "Samples": "2239",
        "Heading GPS (dg)": "",
        "Speed GPS": "",
        "Accuracy GPS": "",
        "Altitude GPS": "",
        "GNSS Timestamp": "",
        "HH:mm:ss": "",
        "SSS": "",
        "trip_id": "602DE_Trip8"
      }
    },
    {
      "type": "Feature",
      "geometry": {
        "type": "LineString",
        "coordinates": [
          [
            4.95531217171474,
            52.3398025044925
          ],
          [
            4.95531217171474,
            52.3398025044925
          ]
        ]
      },
      "properties": {
        "marker": "",
        "Acc Y (g)": "-0.487",
        "HRot Count": "",
        "Speed": "",
        "Samples": "2240",
        "Heading GPS (dg)": "",
        "Speed GPS": "",
        "Accuracy GPS": "",
        "Altitude GPS": "",
        "GNSS Timestamp": "",
        "HH:mm:ss": "",
        "SSS": "",
        "trip_id": "602DE_Trip8"
      }
    },
    {
      "type": "Feature",
      "geometry": {
        "type": "LineString",
        "coordinates": [
          [
            4.95531217171474,
            52.3398025044925
          ],
          [
            4.95531217171474,
            52.3398025044925
          ]
        ]
      },
      "properties": {
        "marker": "",
        "Acc Y (g)": "-1.138",
        "HRot Count": "",
        "Speed": "",
        "Samples": "2241",
        "Heading GPS (dg)": "",
        "Speed GPS": "",
        "Accuracy GPS": "",
        "Altitude GPS": "",
        "GNSS Timestamp": "",
        "HH:mm:ss": "",
        "SSS": "",
        "trip_id": "602DE_Trip8"
      }
    },
    {
      "type": "Feature",
      "geometry": {
        "type": "LineString",
        "coordinates": [
          [
            4.95531217171474,
            52.3398025044925
          ],
          [
            4.95531217171474,
            52.3398025044925
          ]
        ]
      },
      "properties": {
        "marker": "",
        "Acc Y (g)": "-1.192",
        "HRot Count": "",
        "Speed": "",
        "Samples": "2242",
        "Heading GPS (dg)": "",
        "Speed GPS": "",
        "Accuracy GPS": "",
        "Altitude GPS": "",
        "GNSS Timestamp": "",
        "HH:mm:ss": "",
        "SSS": "",
        "trip_id": "602DE_Trip8"
      }
    },
    {
      "type": "Feature",
      "geometry": {
        "type": "LineString",
        "coordinates": [
          [
            4.95531217171474,
            52.3398025044925
          ],
          [
            4.95531217171474,
            52.3398025044925
          ]
        ]
      },
      "properties": {
        "marker": "",
        "Acc Y (g)": "-0.601",
        "HRot Count": "",
        "Speed": "",
        "Samples": "2243",
        "Heading GPS (dg)": "",
        "Speed GPS": "",
        "Accuracy GPS": "",
        "Altitude GPS": "",
        "GNSS Timestamp": "",
        "HH:mm:ss": "",
        "SSS": "",
        "trip_id": "602DE_Trip8"
      }
    },
    {
      "type": "Feature",
      "geometry": {
        "type": "LineString",
        "coordinates": [
          [
            4.95531217171474,
            52.3398025044925
          ],
          [
            4.95531217171474,
            52.3398025044925
          ]
        ]
      },
      "properties": {
        "marker": "",
        "Acc Y (g)": "-0.764",
        "HRot Count": "",
        "Speed": "",
        "Samples": "2244",
        "Heading GPS (dg)": "",
        "Speed GPS": "",
        "Accuracy GPS": "",
        "Altitude GPS": "",
        "GNSS Timestamp": "",
        "HH:mm:ss": "",
        "SSS": "",
        "trip_id": "602DE_Trip8"
      }
    },
    {
      "type": "Feature",
      "geometry": {
        "type": "LineString",
        "coordinates": [
          [
            4.95531217171474,
            52.3398025044925
          ],
          [
            4.95531217171474,
            52.3398025044925
          ]
        ]
      },
      "properties": {
        "marker": "",
        "Acc Y (g)": "-0.878",
        "HRot Count": "",
        "Speed": "",
        "Samples": "2245",
        "Heading GPS (dg)": "",
        "Speed GPS": "",
        "Accuracy GPS": "",
        "Altitude GPS": "",
        "GNSS Timestamp": "",
        "HH:mm:ss": "",
        "SSS": "",
        "trip_id": "602DE_Trip8"
      }
    },
    {
      "type": "Feature",
      "geometry": {
        "type": "LineString",
        "coordinates": [
          [
            4.95531217171474,
            52.3398025044925
          ],
          [
            4.95531217171474,
            52.3398025044925
          ]
        ]
      },
      "properties": {
        "marker": "",
        "Acc Y (g)": "-0.502",
        "HRot Count": "",
        "Speed": "",
        "Samples": "2246",
        "Heading GPS (dg)": "",
        "Speed GPS": "",
        "Accuracy GPS": "",
        "Altitude GPS": "",
        "GNSS Timestamp": "",
        "HH:mm:ss": "",
        "SSS": "",
        "trip_id": "602DE_Trip8"
      }
    },
    {
      "type": "Feature",
      "geometry": {
        "type": "LineString",
        "coordinates": [
          [
            4.95531217171474,
            52.3398025044925
          ],
          [
            4.95531217171474,
            52.3398025044925
          ]
        ]
      },
      "properties": {
        "marker": "",
        "Acc Y (g)": "-0.371",
        "HRot Count": "",
        "Speed": "",
        "Samples": "2247",
        "Heading GPS (dg)": "",
        "Speed GPS": "",
        "Accuracy GPS": "",
        "Altitude GPS": "",
        "GNSS Timestamp": "",
        "HH:mm:ss": "",
        "SSS": "",
        "trip_id": "602DE_Trip8"
      }
    },
    {
      "type": "Feature",
      "geometry": {
        "type": "LineString",
        "coordinates": [
          [
            4.95531217171474,
            52.3398025044925
          ],
          [
            4.95531217171474,
            52.3398025044925
          ]
        ]
      },
      "properties": {
        "marker": "",
        "Acc Y (g)": "-0.412",
        "HRot Count": "",
        "Speed": "",
        "Samples": "2248",
        "Heading GPS (dg)": "",
        "Speed GPS": "",
        "Accuracy GPS": "",
        "Altitude GPS": "",
        "GNSS Timestamp": "",
        "HH:mm:ss": "",
        "SSS": "",
        "trip_id": "602DE_Trip8"
      }
    },
    {
      "type": "Feature",
      "geometry": {
        "type": "LineString",
        "coordinates": [
          [
            4.95531217171474,
            52.3398025044925
          ],
          [
            4.95531217171474,
            52.3398025044925
          ]
        ]
      },
      "properties": {
        "marker": "",
        "Acc Y (g)": "-0.007",
        "HRot Count": "",
        "Speed": "",
        "Samples": "2249",
        "Heading GPS (dg)": "",
        "Speed GPS": "",
        "Accuracy GPS": "",
        "Altitude GPS": "",
        "GNSS Timestamp": "",
        "HH:mm:ss": "",
        "SSS": "",
        "trip_id": "602DE_Trip8"
      }
    },
    {
      "type": "Feature",
      "geometry": {
        "type": "LineString",
        "coordinates": [
          [
            4.95531217171474,
            52.3398025044925
          ],
          [
            4.95531217171474,
            52.3398025044925
          ]
        ]
      },
      "properties": {
        "marker": "",
        "Acc Y (g)": "0.036",
        "HRot Count": "",
        "Speed": "",
        "Samples": "2250",
        "Heading GPS (dg)": "",
        "Speed GPS": "",
        "Accuracy GPS": "",
        "Altitude GPS": "",
        "GNSS Timestamp": "",
        "HH:mm:ss": "",
        "SSS": "",
        "trip_id": "602DE_Trip8"
      }
    },
    {
      "type": "Feature",
      "geometry": {
        "type": "LineString",
        "coordinates": [
          [
            4.95531217171474,
            52.3398025044925
          ],
          [
            4.95531217171474,
            52.3398025044925
          ]
        ]
      },
      "properties": {
        "marker": "",
        "Acc Y (g)": "0.115",
        "HRot Count": "",
        "Speed": "",
        "Samples": "2251",
        "Heading GPS (dg)": "",
        "Speed GPS": "",
        "Accuracy GPS": "",
        "Altitude GPS": "",
        "GNSS Timestamp": "",
        "HH:mm:ss": "",
        "SSS": "",
        "trip_id": "602DE_Trip8"
      }
    },
    {
      "type": "Feature",
      "geometry": {
        "type": "LineString",
        "coordinates": [
          [
            4.95531217171474,
            52.3398025044925
          ],
          [
            4.95531217171474,
            52.3398025044925
          ]
        ]
      },
      "properties": {
        "marker": "",
        "Acc Y (g)": "0.223",
        "HRot Count": "",
        "Speed": "",
        "Samples": "2252",
        "Heading GPS (dg)": "",
        "Speed GPS": "",
        "Accuracy GPS": "",
        "Altitude GPS": "",
        "GNSS Timestamp": "",
        "HH:mm:ss": "",
        "SSS": "",
        "trip_id": "602DE_Trip8"
      }
    },
    {
      "type": "Feature",
      "geometry": {
        "type": "LineString",
        "coordinates": [
          [
            4.95531217171474,
            52.3398025044925
          ],
          [
            4.95531217171474,
            52.3398025044925
          ]
        ]
      },
      "properties": {
        "marker": "",
        "Acc Y (g)": "0.468",
        "HRot Count": "",
        "Speed": "",
        "Samples": "2253",
        "Heading GPS (dg)": "",
        "Speed GPS": "",
        "Accuracy GPS": "",
        "Altitude GPS": "",
        "GNSS Timestamp": "",
        "HH:mm:ss": "",
        "SSS": "",
        "trip_id": "602DE_Trip8"
      }
    },
    {
      "type": "Feature",
      "geometry": {
        "type": "LineString",
        "coordinates": [
          [
            4.95531217171474,
            52.3398025044925
          ],
          [
            4.95531217171474,
            52.3398025044925
          ]
        ]
      },
      "properties": {
        "marker": "",
        "Acc Y (g)": "0.604",
        "HRot Count": "",
        "Speed": "",
        "Samples": "2254",
        "Heading GPS (dg)": "",
        "Speed GPS": "",
        "Accuracy GPS": "",
        "Altitude GPS": "",
        "GNSS Timestamp": "",
        "HH:mm:ss": "",
        "SSS": "",
        "trip_id": "602DE_Trip8"
      }
    },
    {
      "type": "Feature",
      "geometry": {
        "type": "LineString",
        "coordinates": [
          [
            4.95531217171474,
            52.3398025044925
          ],
          [
            4.95531217171474,
            52.3398025044925
          ]
        ]
      },
      "properties": {
        "marker": "",
        "Acc Y (g)": "0.787",
        "HRot Count": "",
        "Speed": "",
        "Samples": "2255",
        "Heading GPS (dg)": "",
        "Speed GPS": "",
        "Accuracy GPS": "",
        "Altitude GPS": "",
        "GNSS Timestamp": "",
        "HH:mm:ss": "",
        "SSS": "",
        "trip_id": "602DE_Trip8"
      }
    },
    {
      "type": "Feature",
      "geometry": {
        "type": "LineString",
        "coordinates": [
          [
            4.95531217171474,
            52.3398025044925
          ],
          [
            4.95531217171474,
            52.3398025044925
          ]
        ]
      },
      "properties": {
        "marker": "7",
        "Acc Y (g)": "0.681",
        "HRot Count": "19",
        "Speed": "1271",
        "Samples": "2256",
        "Heading GPS (dg)": "199",
        "Speed GPS": "6",
        "Accuracy GPS": "20",
        "Altitude GPS": "2",
        "GNSS Timestamp": "2026-05-06 08:08:53.999000+00:00",
        "HH:mm:ss": "10:08:55",
        "SSS": "137",
        "trip_id": "602DE_Trip8",
        "timestamp": "2026-05-06 08:08:53.999000+00:00"
      }
    },
    {
      "type": "Feature",
      "geometry": {
        "type": "LineString",
        "coordinates": [
          [
            4.95531217171474,
            52.3398025044925
          ],
          [
            4.95531217171474,
            52.3398025044925
          ]
        ]
      },
      "properties": {
        "marker": "",
        "Acc Y (g)": "0.735",
        "HRot Count": "",
        "Speed": "",
        "Samples": "2257",
        "Heading GPS (dg)": "",
        "Speed GPS": "",
        "Accuracy GPS": "",
        "Altitude GPS": "",
        "GNSS Timestamp": "",
        "HH:mm:ss": "",
        "SSS": "",
        "trip_id": "602DE_Trip8"
      }
    },
    {
      "type": "Feature",
      "geometry": {
        "type": "LineString",
        "coordinates": [
          [
            4.95531217171474,
            52.3398025044925
          ],
          [
            4.95531217171474,
            52.3398025044925
          ]
        ]
      },
      "properties": {
        "marker": "",
        "Acc Y (g)": "1.007",
        "HRot Count": "",
        "Speed": "",
        "Samples": "2258",
        "Heading GPS (dg)": "",
        "Speed GPS": "",
        "Accuracy GPS": "",
        "Altitude GPS": "",
        "GNSS Timestamp": "",
        "HH:mm:ss": "",
        "SSS": "",
        "trip_id": "602DE_Trip8"
      }
    },
    {
      "type": "Feature",
      "geometry": {
        "type": "LineString",
        "coordinates": [
          [
            4.95531217171474,
            52.3398025044925
          ],
          [
            4.95531217171474,
            52.3398025044925
          ]
        ]
      },
      "properties": {
        "marker": "",
        "Acc Y (g)": "1.146",
        "HRot Count": "",
        "Speed": "",
        "Samples": "2259",
        "Heading GPS (dg)": "",
        "Speed GPS": "",
        "Accuracy GPS": "",
        "Altitude GPS": "",
        "GNSS Timestamp": "",
        "HH:mm:ss": "",
        "SSS": "",
        "trip_id": "602DE_Trip8"
      }
    },
    {
      "type": "Feature",
      "geometry": {
        "type": "LineString",
        "coordinates": [
          [
            4.95531217171474,
            52.3398025044925
          ],
          [
            4.95531217171474,
            52.3398025044925
          ]
        ]
      },
      "properties": {
        "marker": "",
        "Acc Y (g)": "0.725",
        "HRot Count": "",
        "Speed": "",
        "Samples": "2260",
        "Heading GPS (dg)": "",
        "Speed GPS": "",
        "Accuracy GPS": "",
        "Altitude GPS": "",
        "GNSS Timestamp": "",
        "HH:mm:ss": "",
        "SSS": "",
        "trip_id": "602DE_Trip8"
      }
    },
    {
      "type": "Feature",
      "geometry": {
        "type": "LineString",
        "coordinates": [
          [
            4.95531217171474,
            52.3398025044925
          ],
          [
            4.95531217171474,
            52.3398025044925
          ]
        ]
      },
      "properties": {
        "marker": "",
        "Acc Y (g)": "0.917",
        "HRot Count": "",
        "Speed": "",
        "Samples": "2261",
        "Heading GPS (dg)": "",
        "Speed GPS": "",
        "Accuracy GPS": "",
        "Altitude GPS": "",
        "GNSS Timestamp": "",
        "HH:mm:ss": "",
        "SSS": "",
        "trip_id": "602DE_Trip8"
      }
    },
    {
      "type": "Feature",
      "geometry": {
        "type": "LineString",
        "coordinates": [
          [
            4.95531217171474,
            52.3398025044925
          ],
          [
            4.95531217171474,
            52.3398025044925
          ]
        ]
      },
      "properties": {
        "marker": "",
        "Acc Y (g)": "1.158",
        "HRot Count": "",
        "Speed": "",
        "Samples": "2262",
        "Heading GPS (dg)": "",
        "Speed GPS": "",
        "Accuracy GPS": "",
        "Altitude GPS": "",
        "GNSS Timestamp": "",
        "HH:mm:ss": "",
        "SSS": "",
        "trip_id": "602DE_Trip8"
      }
    },
    {
      "type": "Feature",
      "geometry": {
        "type": "LineString",
        "coordinates": [
          [
            4.95531217171474,
            52.3398025044925
          ],
          [
            4.95531217171474,
            52.3398025044925
          ]
        ]
      },
      "properties": {
        "marker": "",
        "Acc Y (g)": "0.900",
        "HRot Count": "",
        "Speed": "",
        "Samples": "2263",
        "Heading GPS (dg)": "",
        "Speed GPS": "",
        "Accuracy GPS": "",
        "Altitude GPS": "",
        "GNSS Timestamp": "",
        "HH:mm:ss": "",
        "SSS": "",
        "trip_id": "602DE_Trip8"
      }
    },
    {
      "type": "Feature",
      "geometry": {
        "type": "LineString",
        "coordinates": [
          [
            4.95531217171474,
            52.3398025044925
          ],
          [
            4.95531217171474,
            52.3398025044925
          ]
        ]
      },
      "properties": {
        "marker": "",
        "Acc Y (g)": "0.604",
        "HRot Count": "",
        "Speed": "",
        "Samples": "2264",
        "Heading GPS (dg)": "",
        "Speed GPS": "",
        "Accuracy GPS": "",
        "Altitude GPS": "",
        "GNSS Timestamp": "",
        "HH:mm:ss": "",
        "SSS": "",
        "trip_id": "602DE_Trip8"
      }
    },
    {
      "type": "Feature",
      "geometry": {
        "type": "LineString",
        "coordinates": [
          [
            4.95531217171474,
            52.3398025044925
          ],
          [
            4.95531217171474,
            52.3398025044925
          ]
        ]
      },
      "properties": {
        "marker": "",
        "Acc Y (g)": "0.797",
        "HRot Count": "",
        "Speed": "",
        "Samples": "2265",
        "Heading GPS (dg)": "",
        "Speed GPS": "",
        "Accuracy GPS": "",
        "Altitude GPS": "",
        "GNSS Timestamp": "",
        "HH:mm:ss": "",
        "SSS": "",
        "trip_id": "602DE_Trip8"
      }
    },
    {
      "type": "Feature",
      "geometry": {
        "type": "LineString",
        "coordinates": [
          [
            4.95531217171474,
            52.3398025044925
          ],
          [
            4.95531217171474,
            52.3398025044925
          ]
        ]
      },
      "properties": {
        "marker": "",
        "Acc Y (g)": "0.720",
        "HRot Count": "",
        "Speed": "",
        "Samples": "2266",
        "Heading GPS (dg)": "",
        "Speed GPS": "",
        "Accuracy GPS": "",
        "Altitude GPS": "",
        "GNSS Timestamp": "",
        "HH:mm:ss": "",
        "SSS": "",
        "trip_id": "602DE_Trip8"
      }
    },
    {
      "type": "Feature",
      "geometry": {
        "type": "LineString",
        "coordinates": [
          [
            4.95531217171474,
            52.3398025044925
          ],
          [
            4.95531217171474,
            52.3398025044925
          ]
        ]
      },
      "properties": {
        "marker": "",
        "Acc Y (g)": "0.493",
        "HRot Count": "",
        "Speed": "",
        "Samples": "2267",
        "Heading GPS (dg)": "",
        "Speed GPS": "",
        "Accuracy GPS": "",
        "Altitude GPS": "",
        "GNSS Timestamp": "",
        "HH:mm:ss": "",
        "SSS": "",
        "trip_id": "602DE_Trip8"
      }
    },
    {
      "type": "Feature",
      "geometry": {
        "type": "LineString",
        "coordinates": [
          [
            4.95531217171474,
            52.3398025044925
          ],
          [
            4.95531217171474,
            52.3398025044925
          ]
        ]
      },
      "properties": {
        "marker": "",
        "Acc Y (g)": "0.301",
        "HRot Count": "",
        "Speed": "",
        "Samples": "2268",
        "Heading GPS (dg)": "",
        "Speed GPS": "",
        "Accuracy GPS": "",
        "Altitude GPS": "",
        "GNSS Timestamp": "",
        "HH:mm:ss": "",
        "SSS": "",
        "trip_id": "602DE_Trip8"
      }
    },
    {
      "type": "Feature",
      "geometry": {
        "type": "LineString",
        "coordinates": [
          [
            4.95531217171474,
            52.3398025044925
          ],
          [
            4.95531217171474,
            52.3398025044925
          ]
        ]
      },
      "properties": {
        "marker": "",
        "Acc Y (g)": "0.187",
        "HRot Count": "",
        "Speed": "",
        "Samples": "2269",
        "Heading GPS (dg)": "",
        "Speed GPS": "",
        "Accuracy GPS": "",
        "Altitude GPS": "",
        "GNSS Timestamp": "",
        "HH:mm:ss": "",
        "SSS": "",
        "trip_id": "602DE_Trip8"
      }
    },
    {
      "type": "Feature",
      "geometry": {
        "type": "LineString",
        "coordinates": [
          [
            4.95531217171474,
            52.3398025044925
          ],
          [
            4.95531217171474,
            52.3398025044925
          ]
        ]
      },
      "properties": {
        "marker": "",
        "Acc Y (g)": "-0.040",
        "HRot Count": "",
        "Speed": "",
        "Samples": "2270",
        "Heading GPS (dg)": "",
        "Speed GPS": "",
        "Accuracy GPS": "",
        "Altitude GPS": "",
        "GNSS Timestamp": "",
        "HH:mm:ss": "",
        "SSS": "",
        "trip_id": "602DE_Trip8"
      }
    },
    {
      "type": "Feature",
      "geometry": {
        "type": "LineString",
        "coordinates": [
          [
            4.95531217171474,
            52.3398025044925
          ],
          [
            4.95531217171474,
            52.3398025044925
          ]
        ]
      },
      "properties": {
        "marker": "",
        "Acc Y (g)": "-0.287",
        "HRot Count": "",
        "Speed": "",
        "Samples": "2271",
        "Heading GPS (dg)": "",
        "Speed GPS": "",
        "Accuracy GPS": "",
        "Altitude GPS": "",
        "GNSS Timestamp": "",
        "HH:mm:ss": "",
        "SSS": "",
        "trip_id": "602DE_Trip8"
      }
    },
    {
      "type": "Feature",
      "geometry": {
        "type": "LineString",
        "coordinates": [
          [
            4.95531217171474,
            52.3398025044925
          ],
          [
            4.95531217171474,
            52.3398025044925
          ]
        ]
      },
      "properties": {
        "marker": "",
        "Acc Y (g)": "-0.381",
        "HRot Count": "",
        "Speed": "",
        "Samples": "2272",
        "Heading GPS (dg)": "",
        "Speed GPS": "",
        "Accuracy GPS": "",
        "Altitude GPS": "",
        "GNSS Timestamp": "",
        "HH:mm:ss": "",
        "SSS": "",
        "trip_id": "602DE_Trip8"
      }
    },
    {
      "type": "Feature",
      "geometry": {
        "type": "LineString",
        "coordinates": [
          [
            4.95531217171474,
            52.3398025044925
          ],
          [
            4.95531217171474,
            52.3398025044925
          ]
        ]
      },
      "properties": {
        "marker": "",
        "Acc Y (g)": "-0.504",
        "HRot Count": "",
        "Speed": "",
        "Samples": "2273",
        "Heading GPS (dg)": "",
        "Speed GPS": "",
        "Accuracy GPS": "",
        "Altitude GPS": "",
        "GNSS Timestamp": "",
        "HH:mm:ss": "",
        "SSS": "",
        "trip_id": "602DE_Trip8"
      }
    },
    {
      "type": "Feature",
      "geometry": {
        "type": "LineString",
        "coordinates": [
          [
            4.95531217171474,
            52.3398025044925
          ],
          [
            4.95531217171474,
            52.3398025044925
          ]
        ]
      },
      "properties": {
        "marker": "",
        "Acc Y (g)": "-0.538",
        "HRot Count": "",
        "Speed": "",
        "Samples": "2274",
        "Heading GPS (dg)": "",
        "Speed GPS": "",
        "Accuracy GPS": "",
        "Altitude GPS": "",
        "GNSS Timestamp": "",
        "HH:mm:ss": "",
        "SSS": "",
        "trip_id": "602DE_Trip8"
      }
    },
    {
      "type": "Feature",
      "geometry": {
        "type": "LineString",
        "coordinates": [
          [
            4.95531217171474,
            52.3398025044925
          ],
          [
            4.95531217171474,
            52.3398025044925
          ]
        ]
      },
      "properties": {
        "marker": "",
        "Acc Y (g)": "-0.677",
        "HRot Count": "",
        "Speed": "",
        "Samples": "2275",
        "Heading GPS (dg)": "",
        "Speed GPS": "",
        "Accuracy GPS": "",
        "Altitude GPS": "",
        "GNSS Timestamp": "",
        "HH:mm:ss": "",
        "SSS": "",
        "trip_id": "602DE_Trip8"
      }
    },
    {
      "type": "Feature",
      "geometry": {
        "type": "LineString",
        "coordinates": [
          [
            4.95531217171474,
            52.3398025044925
          ],
          [
            4.95531217171474,
            52.3398025044925
          ]
        ]
      },
      "properties": {
        "marker": "7",
        "Acc Y (g)": "-0.979",
        "HRot Count": "20",
        "Speed": "1293",
        "Samples": "2276",
        "Heading GPS (dg)": "199",
        "Speed GPS": "6",
        "Accuracy GPS": "20",
        "Altitude GPS": "2",
        "GNSS Timestamp": "2026-05-06 08:08:53.999000+00:00",
        "HH:mm:ss": "10:08:55",
        "SSS": "559",
        "trip_id": "602DE_Trip8",
        "timestamp": "2026-05-06 08:08:53.999000+00:00"
      }
    },
    {
      "type": "Feature",
      "geometry": {
        "type": "LineString",
        "coordinates": [
          [
            4.95531217171474,
            52.3398025044925
          ],
          [
            4.95531217171474,
            52.3398025044925
          ]
        ]
      },
      "properties": {
        "marker": "",
        "Acc Y (g)": "-0.862",
        "HRot Count": "",
        "Speed": "",
        "Samples": "2277",
        "Heading GPS (dg)": "",
        "Speed GPS": "",
        "Accuracy GPS": "",
        "Altitude GPS": "",
        "GNSS Timestamp": "",
        "HH:mm:ss": "",
        "SSS": "",
        "trip_id": "602DE_Trip8"
      }
    },
    {
      "type": "Feature",
      "geometry": {
        "type": "LineString",
        "coordinates": [
          [
            4.95531217171474,
            52.3398025044925
          ],
          [
            4.95531217171474,
            52.3398025044925
          ]
        ]
      },
      "properties": {
        "marker": "",
        "Acc Y (g)": "-0.374",
        "HRot Count": "",
        "Speed": "",
        "Samples": "2278",
        "Heading GPS (dg)": "",
        "Speed GPS": "",
        "Accuracy GPS": "",
        "Altitude GPS": "",
        "GNSS Timestamp": "",
        "HH:mm:ss": "",
        "SSS": "",
        "trip_id": "602DE_Trip8"
      }
    },
    {
      "type": "Feature",
      "geometry": {
        "type": "LineString",
        "coordinates": [
          [
            4.95531217171474,
            52.3398025044925
          ],
          [
            4.95531217171474,
            52.3398025044925
          ]
        ]
      },
      "properties": {
        "marker": "",
        "Acc Y (g)": "-1.082",
        "HRot Count": "",
        "Speed": "",
        "Samples": "2279",
        "Heading GPS (dg)": "",
        "Speed GPS": "",
        "Accuracy GPS": "",
        "Altitude GPS": "",
        "GNSS Timestamp": "",
        "HH:mm:ss": "",
        "SSS": "",
        "trip_id": "602DE_Trip8"
      }
    },
    {
      "type": "Feature",
      "geometry": {
        "type": "LineString",
        "coordinates": [
          [
            4.95531217171474,
            52.3398025044925
          ],
          [
            4.95531217171474,
            52.3398025044925
          ]
        ]
      },
      "properties": {
        "marker": "",
        "Acc Y (g)": "-1.225",
        "HRot Count": "",
        "Speed": "",
        "Samples": "2280",
        "Heading GPS (dg)": "",
        "Speed GPS": "",
        "Accuracy GPS": "",
        "Altitude GPS": "",
        "GNSS Timestamp": "",
        "HH:mm:ss": "",
        "SSS": "",
        "trip_id": "602DE_Trip8"
      }
    },
    {
      "type": "Feature",
      "geometry": {
        "type": "LineString",
        "coordinates": [
          [
            4.95531217171474,
            52.3398025044925
          ],
          [
            4.95531217171474,
            52.3398025044925
          ]
        ]
      },
      "properties": {
        "marker": "",
        "Acc Y (g)": "-0.842",
        "HRot Count": "",
        "Speed": "",
        "Samples": "2281",
        "Heading GPS (dg)": "",
        "Speed GPS": "",
        "Accuracy GPS": "",
        "Altitude GPS": "",
        "GNSS Timestamp": "",
        "HH:mm:ss": "",
        "SSS": "",
        "trip_id": "602DE_Trip8"
      }
    },
    {
      "type": "Feature",
      "geometry": {
        "type": "LineString",
        "coordinates": [
          [
            4.95531217171474,
            52.3398025044925
          ],
          [
            4.95531217171474,
            52.3398025044925
          ]
        ]
      },
      "properties": {
        "marker": "",
        "Acc Y (g)": "-0.775",
        "HRot Count": "",
        "Speed": "",
        "Samples": "2282",
        "Heading GPS (dg)": "",
        "Speed GPS": "",
        "Accuracy GPS": "",
        "Altitude GPS": "",
        "GNSS Timestamp": "",
        "HH:mm:ss": "",
        "SSS": "",
        "trip_id": "602DE_Trip8"
      }
    },
    {
      "type": "Feature",
      "geometry": {
        "type": "LineString",
        "coordinates": [
          [
            4.95531217171474,
            52.3398025044925
          ],
          [
            4.95531217171474,
            52.3398025044925
          ]
        ]
      },
      "properties": {
        "marker": "",
        "Acc Y (g)": "-0.896",
        "HRot Count": "",
        "Speed": "",
        "Samples": "2283",
        "Heading GPS (dg)": "",
        "Speed GPS": "",
        "Accuracy GPS": "",
        "Altitude GPS": "",
        "GNSS Timestamp": "",
        "HH:mm:ss": "",
        "SSS": "",
        "trip_id": "602DE_Trip8"
      }
    },
    {
      "type": "Feature",
      "geometry": {
        "type": "LineString",
        "coordinates": [
          [
            4.95531217171474,
            52.3398025044925
          ],
          [
            4.95531217171474,
            52.3398025044925
          ]
        ]
      },
      "properties": {
        "marker": "",
        "Acc Y (g)": "-0.739",
        "HRot Count": "",
        "Speed": "",
        "Samples": "2284",
        "Heading GPS (dg)": "",
        "Speed GPS": "",
        "Accuracy GPS": "",
        "Altitude GPS": "",
        "GNSS Timestamp": "",
        "HH:mm:ss": "",
        "SSS": "",
        "trip_id": "602DE_Trip8"
      }
    },
    {
      "type": "Feature",
      "geometry": {
        "type": "LineString",
        "coordinates": [
          [
            4.95531217171474,
            52.3398025044925
          ],
          [
            4.95531217171474,
            52.3398025044925
          ]
        ]
      },
      "properties": {
        "marker": "",
        "Acc Y (g)": "-0.630",
        "HRot Count": "",
        "Speed": "",
        "Samples": "2285",
        "Heading GPS (dg)": "",
        "Speed GPS": "",
        "Accuracy GPS": "",
        "Altitude GPS": "",
        "GNSS Timestamp": "",
        "HH:mm:ss": "",
        "SSS": "",
        "trip_id": "602DE_Trip8"
      }
    },
    {
      "type": "Feature",
      "geometry": {
        "type": "LineString",
        "coordinates": [
          [
            4.95531217171474,
            52.3398025044925
          ],
          [
            4.95531217171474,
            52.3398025044925
          ]
        ]
      },
      "properties": {
        "marker": "",
        "Acc Y (g)": "-0.298",
        "HRot Count": "",
        "Speed": "",
        "Samples": "2286",
        "Heading GPS (dg)": "",
        "Speed GPS": "",
        "Accuracy GPS": "",
        "Altitude GPS": "",
        "GNSS Timestamp": "",
        "HH:mm:ss": "",
        "SSS": "",
        "trip_id": "602DE_Trip8"
      }
    },
    {
      "type": "Feature",
      "geometry": {
        "type": "LineString",
        "coordinates": [
          [
            4.95531217171474,
            52.3398025044925
          ],
          [
            4.95531217171474,
            52.3398025044925
          ]
        ]
      },
      "properties": {
        "marker": "",
        "Acc Y (g)": "-0.267",
        "HRot Count": "",
        "Speed": "",
        "Samples": "2287",
        "Heading GPS (dg)": "",
        "Speed GPS": "",
        "Accuracy GPS": "",
        "Altitude GPS": "",
        "GNSS Timestamp": "",
        "HH:mm:ss": "",
        "SSS": "",
        "trip_id": "602DE_Trip8"
      }
    },
    {
      "type": "Feature",
      "geometry": {
        "type": "LineString",
        "coordinates": [
          [
            4.95531217171474,
            52.3398025044925
          ],
          [
            4.95531217171474,
            52.3398025044925
          ]
        ]
      },
      "properties": {
        "marker": "",
        "Acc Y (g)": "0.126",
        "HRot Count": "",
        "Speed": "",
        "Samples": "2288",
        "Heading GPS (dg)": "",
        "Speed GPS": "",
        "Accuracy GPS": "",
        "Altitude GPS": "",
        "GNSS Timestamp": "",
        "HH:mm:ss": "",
        "SSS": "",
        "trip_id": "602DE_Trip8"
      }
    },
    {
      "type": "Feature",
      "geometry": {
        "type": "LineString",
        "coordinates": [
          [
            4.95531217171474,
            52.3398025044925
          ],
          [
            4.95531217171474,
            52.3398025044925
          ]
        ]
      },
      "properties": {
        "marker": "",
        "Acc Y (g)": "0.084",
        "HRot Count": "",
        "Speed": "",
        "Samples": "2289",
        "Heading GPS (dg)": "",
        "Speed GPS": "",
        "Accuracy GPS": "",
        "Altitude GPS": "",
        "GNSS Timestamp": "",
        "HH:mm:ss": "",
        "SSS": "",
        "trip_id": "602DE_Trip8"
      }
    },
    {
      "type": "Feature",
      "geometry": {
        "type": "LineString",
        "coordinates": [
          [
            4.95531217171474,
            52.3398025044925
          ],
          [
            4.95531217171474,
            52.3398025044925
          ]
        ]
      },
      "properties": {
        "marker": "",
        "Acc Y (g)": "0.288",
        "HRot Count": "",
        "Speed": "",
        "Samples": "2290",
        "Heading GPS (dg)": "",
        "Speed GPS": "",
        "Accuracy GPS": "",
        "Altitude GPS": "",
        "GNSS Timestamp": "",
        "HH:mm:ss": "",
        "SSS": "",
        "trip_id": "602DE_Trip8"
      }
    },
    {
      "type": "Feature",
      "geometry": {
        "type": "LineString",
        "coordinates": [
          [
            4.95531217171474,
            52.3398025044925
          ],
          [
            4.95531217171474,
            52.3398025044925
          ]
        ]
      },
      "properties": {
        "marker": "",
        "Acc Y (g)": "0.339",
        "HRot Count": "",
        "Speed": "",
        "Samples": "2291",
        "Heading GPS (dg)": "",
        "Speed GPS": "",
        "Accuracy GPS": "",
        "Altitude GPS": "",
        "GNSS Timestamp": "",
        "HH:mm:ss": "",
        "SSS": "",
        "trip_id": "602DE_Trip8"
      }
    },
    {
      "type": "Feature",
      "geometry": {
        "type": "LineString",
        "coordinates": [
          [
            4.95531217171474,
            52.3398025044925
          ],
          [
            4.95531217171474,
            52.3398025044925
          ]
        ]
      },
      "properties": {
        "marker": "",
        "Acc Y (g)": "0.716",
        "HRot Count": "",
        "Speed": "",
        "Samples": "2292",
        "Heading GPS (dg)": "",
        "Speed GPS": "",
        "Accuracy GPS": "",
        "Altitude GPS": "",
        "GNSS Timestamp": "",
        "HH:mm:ss": "",
        "SSS": "",
        "trip_id": "602DE_Trip8"
      }
    },
    {
      "type": "Feature",
      "geometry": {
        "type": "LineString",
        "coordinates": [
          [
            4.95531217171474,
            52.3398025044925
          ],
          [
            4.95531217171474,
            52.3398025044925
          ]
        ]
      },
      "properties": {
        "marker": "",
        "Acc Y (g)": "0.608",
        "HRot Count": "",
        "Speed": "",
        "Samples": "2293",
        "Heading GPS (dg)": "",
        "Speed GPS": "",
        "Accuracy GPS": "",
        "Altitude GPS": "",
        "GNSS Timestamp": "",
        "HH:mm:ss": "",
        "SSS": "",
        "trip_id": "602DE_Trip8"
      }
    },
    {
      "type": "Feature",
      "geometry": {
        "type": "LineString",
        "coordinates": [
          [
            4.95531217171474,
            52.3398025044925
          ],
          [
            4.95531217171474,
            52.3398025044925
          ]
        ]
      },
      "properties": {
        "marker": "",
        "Acc Y (g)": "0.461",
        "HRot Count": "",
        "Speed": "",
        "Samples": "2294",
        "Heading GPS (dg)": "",
        "Speed GPS": "",
        "Accuracy GPS": "",
        "Altitude GPS": "",
        "GNSS Timestamp": "",
        "HH:mm:ss": "",
        "SSS": "",
        "trip_id": "602DE_Trip8"
      }
    },
    {
      "type": "Feature",
      "geometry": {
        "type": "LineString",
        "coordinates": [
          [
            4.95531217171474,
            52.3398025044925
          ],
          [
            4.95531217171474,
            52.3398025044925
          ]
        ]
      },
      "properties": {
        "marker": "7",
        "Acc Y (g)": "0.764",
        "HRot Count": "21",
        "Speed": "1304",
        "Samples": "2295",
        "Heading GPS (dg)": "199",
        "Speed GPS": "6",
        "Accuracy GPS": "20",
        "Altitude GPS": "2",
        "GNSS Timestamp": "2026-05-06 08:08:53.999000+00:00",
        "HH:mm:ss": "10:08:55",
        "SSS": "945",
        "trip_id": "602DE_Trip8",
        "timestamp": "2026-05-06 08:08:53.999000+00:00"
      }
    },
    {
      "type": "Feature",
      "geometry": {
        "type": "LineString",
        "coordinates": [
          [
            4.95531217171474,
            52.3398025044925
          ],
          [
            4.95531217171474,
            52.3398025044925
          ]
        ]
      },
      "properties": {
        "marker": "",
        "Acc Y (g)": "1.154",
        "HRot Count": "",
        "Speed": "",
        "Samples": "2296",
        "Heading GPS (dg)": "",
        "Speed GPS": "",
        "Accuracy GPS": "",
        "Altitude GPS": "",
        "GNSS Timestamp": "",
        "HH:mm:ss": "",
        "SSS": "",
        "trip_id": "602DE_Trip8"
      }
    },
    {
      "type": "Feature",
      "geometry": {
        "type": "LineString",
        "coordinates": [
          [
            4.95531217171474,
            52.3398025044925
          ],
          [
            4.95531217171474,
            52.3398025044925
          ]
        ]
      },
      "properties": {
        "marker": "",
        "Acc Y (g)": "0.887",
        "HRot Count": "",
        "Speed": "",
        "Samples": "2297",
        "Heading GPS (dg)": "",
        "Speed GPS": "",
        "Accuracy GPS": "",
        "Altitude GPS": "",
        "GNSS Timestamp": "",
        "HH:mm:ss": "",
        "SSS": "",
        "trip_id": "602DE_Trip8"
      }
    },
    {
      "type": "Feature",
      "geometry": {
        "type": "LineString",
        "coordinates": [
          [
            4.95531217171474,
            52.3398025044925
          ],
          [
            4.95531217171474,
            52.3398025044925
          ]
        ]
      },
      "properties": {
        "marker": "",
        "Acc Y (g)": "0.745",
        "HRot Count": "",
        "Speed": "",
        "Samples": "2298",
        "Heading GPS (dg)": "",
        "Speed GPS": "",
        "Accuracy GPS": "",
        "Altitude GPS": "",
        "GNSS Timestamp": "",
        "HH:mm:ss": "",
        "SSS": "",
        "trip_id": "602DE_Trip8"
      }
    },
    {
      "type": "Feature",
      "geometry": {
        "type": "LineString",
        "coordinates": [
          [
            4.95531217171474,
            52.3398025044925
          ],
          [
            4.95531217171474,
            52.3398025044925
          ]
        ]
      },
      "properties": {
        "marker": "",
        "Acc Y (g)": "0.904",
        "HRot Count": "",
        "Speed": "",
        "Samples": "2299",
        "Heading GPS (dg)": "",
        "Speed GPS": "",
        "Accuracy GPS": "",
        "Altitude GPS": "",
        "GNSS Timestamp": "",
        "HH:mm:ss": "",
        "SSS": "",
        "trip_id": "602DE_Trip8"
      }
    },
    {
      "type": "Feature",
      "geometry": {
        "type": "LineString",
        "coordinates": [
          [
            4.95531217171474,
            52.3398025044925
          ],
          [
            4.95531217171474,
            52.3398025044925
          ]
        ]
      },
      "properties": {
        "marker": "",
        "Acc Y (g)": "0.783",
        "HRot Count": "",
        "Speed": "",
        "Samples": "2300",
        "Heading GPS (dg)": "",
        "Speed GPS": "",
        "Accuracy GPS": "",
        "Altitude GPS": "",
        "GNSS Timestamp": "",
        "HH:mm:ss": "",
        "SSS": "",
        "trip_id": "602DE_Trip8"
      }
    },
    {
      "type": "Feature",
      "geometry": {
        "type": "LineString",
        "coordinates": [
          [
            4.95531217171474,
            52.3398025044925
          ],
          [
            4.95531217171474,
            52.3398025044925
          ]
        ]
      },
      "properties": {
        "marker": "",
        "Acc Y (g)": "1.036",
        "HRot Count": "",
        "Speed": "",
        "Samples": "2301",
        "Heading GPS (dg)": "",
        "Speed GPS": "",
        "Accuracy GPS": "",
        "Altitude GPS": "",
        "GNSS Timestamp": "",
        "HH:mm:ss": "",
        "SSS": "",
        "trip_id": "602DE_Trip8"
      }
    },
    {
      "type": "Feature",
      "geometry": {
        "type": "LineString",
        "coordinates": [
          [
            4.95531217171474,
            52.3398025044925
          ],
          [
            4.95531217171474,
            52.3398025044925
          ]
        ]
      },
      "properties": {
        "marker": "",
        "Acc Y (g)": "0.961",
        "HRot Count": "",
        "Speed": "",
        "Samples": "2302",
        "Heading GPS (dg)": "",
        "Speed GPS": "",
        "Accuracy GPS": "",
        "Altitude GPS": "",
        "GNSS Timestamp": "",
        "HH:mm:ss": "",
        "SSS": "",
        "trip_id": "602DE_Trip8"
      }
    },
    {
      "type": "Feature",
      "geometry": {
        "type": "LineString",
        "coordinates": [
          [
            4.95531217171474,
            52.3398025044925
          ],
          [
            4.95531217171474,
            52.3398025044925
          ]
        ]
      },
      "properties": {
        "marker": "",
        "Acc Y (g)": "0.650",
        "HRot Count": "",
        "Speed": "",
        "Samples": "2303",
        "Heading GPS (dg)": "",
        "Speed GPS": "",
        "Accuracy GPS": "",
        "Altitude GPS": "",
        "GNSS Timestamp": "",
        "HH:mm:ss": "",
        "SSS": "",
        "trip_id": "602DE_Trip8"
      }
    },
    {
      "type": "Feature",
      "geometry": {
        "type": "LineString",
        "coordinates": [
          [
            4.95531217171474,
            52.3398025044925
          ],
          [
            4.95531217171474,
            52.3398025044925
          ]
        ]
      },
      "properties": {
        "marker": "",
        "Acc Y (g)": "0.540",
        "HRot Count": "",
        "Speed": "",
        "Samples": "2304",
        "Heading GPS (dg)": "",
        "Speed GPS": "",
        "Accuracy GPS": "",
        "Altitude GPS": "",
        "GNSS Timestamp": "",
        "HH:mm:ss": "",
        "SSS": "",
        "trip_id": "602DE_Trip8"
      }
    },
    {
      "type": "Feature",
      "geometry": {
        "type": "LineString",
        "coordinates": [
          [
            4.95531217171474,
            52.3398025044925
          ],
          [
            4.95531217171474,
            52.3398025044925
          ]
        ]
      },
      "properties": {
        "marker": "",
        "Acc Y (g)": "0.690",
        "HRot Count": "",
        "Speed": "",
        "Samples": "2305",
        "Heading GPS (dg)": "",
        "Speed GPS": "",
        "Accuracy GPS": "",
        "Altitude GPS": "",
        "GNSS Timestamp": "",
        "HH:mm:ss": "",
        "SSS": "",
        "trip_id": "602DE_Trip8"
      }
    },
    {
      "type": "Feature",
      "geometry": {
        "type": "LineString",
        "coordinates": [
          [
            4.95531217171474,
            52.3398025044925
          ],
          [
            4.95531217171474,
            52.3398025044925
          ]
        ]
      },
      "properties": {
        "marker": "",
        "Acc Y (g)": "0.279",
        "HRot Count": "",
        "Speed": "",
        "Samples": "2306",
        "Heading GPS (dg)": "",
        "Speed GPS": "",
        "Accuracy GPS": "",
        "Altitude GPS": "",
        "GNSS Timestamp": "",
        "HH:mm:ss": "",
        "SSS": "",
        "trip_id": "602DE_Trip8"
      }
    },
    {
      "type": "Feature",
      "geometry": {
        "type": "LineString",
        "coordinates": [
          [
            4.95531217171474,
            52.3398025044925
          ],
          [
            4.95531217171474,
            52.3398025044925
          ]
        ]
      },
      "properties": {
        "marker": "",
        "Acc Y (g)": "0.048",
        "HRot Count": "",
        "Speed": "",
        "Samples": "2307",
        "Heading GPS (dg)": "",
        "Speed GPS": "",
        "Accuracy GPS": "",
        "Altitude GPS": "",
        "GNSS Timestamp": "",
        "HH:mm:ss": "",
        "SSS": "",
        "trip_id": "602DE_Trip8"
      }
    },
    {
      "type": "Feature",
      "geometry": {
        "type": "LineString",
        "coordinates": [
          [
            4.95531217171474,
            52.3398025044925
          ],
          [
            4.95531217171474,
            52.3398025044925
          ]
        ]
      },
      "properties": {
        "marker": "",
        "Acc Y (g)": "-0.160",
        "HRot Count": "",
        "Speed": "",
        "Samples": "2308",
        "Heading GPS (dg)": "",
        "Speed GPS": "",
        "Accuracy GPS": "",
        "Altitude GPS": "",
        "GNSS Timestamp": "",
        "HH:mm:ss": "",
        "SSS": "",
        "trip_id": "602DE_Trip8"
      }
    },
    {
      "type": "Feature",
      "geometry": {
        "type": "LineString",
        "coordinates": [
          [
            4.95531217171474,
            52.3398025044925
          ],
          [
            4.95531217171474,
            52.3398025044925
          ]
        ]
      },
      "properties": {
        "marker": "",
        "Acc Y (g)": "-0.242",
        "HRot Count": "",
        "Speed": "",
        "Samples": "2309",
        "Heading GPS (dg)": "",
        "Speed GPS": "",
        "Accuracy GPS": "",
        "Altitude GPS": "",
        "GNSS Timestamp": "",
        "HH:mm:ss": "",
        "SSS": "",
        "trip_id": "602DE_Trip8"
      }
    },
    {
      "type": "Feature",
      "geometry": {
        "type": "LineString",
        "coordinates": [
          [
            4.95531217171474,
            52.3398025044925
          ],
          [
            4.95531217171474,
            52.3398025044925
          ]
        ]
      },
      "properties": {
        "marker": "",
        "Acc Y (g)": "-0.241",
        "HRot Count": "",
        "Speed": "",
        "Samples": "2310",
        "Heading GPS (dg)": "",
        "Speed GPS": "",
        "Accuracy GPS": "",
        "Altitude GPS": "",
        "GNSS Timestamp": "",
        "HH:mm:ss": "",
        "SSS": "",
        "trip_id": "602DE_Trip8"
      }
    },
    {
      "type": "Feature",
      "geometry": {
        "type": "LineString",
        "coordinates": [
          [
            4.95531217171474,
            52.3398025044925
          ],
          [
            4.95531217171474,
            52.3398025044925
          ]
        ]
      },
      "properties": {
        "marker": "",
        "Acc Y (g)": "-0.594",
        "HRot Count": "",
        "Speed": "",
        "Samples": "2311",
        "Heading GPS (dg)": "",
        "Speed GPS": "",
        "Accuracy GPS": "",
        "Altitude GPS": "",
        "GNSS Timestamp": "",
        "HH:mm:ss": "",
        "SSS": "",
        "trip_id": "602DE_Trip8"
      }
    },
    {
      "type": "Feature",
      "geometry": {
        "type": "LineString",
        "coordinates": [
          [
            4.95531217171474,
            52.3398025044925
          ],
          [
            4.95531217171474,
            52.3398025044925
          ]
        ]
      },
      "properties": {
        "marker": "",
        "Acc Y (g)": "-0.621",
        "HRot Count": "",
        "Speed": "",
        "Samples": "2312",
        "Heading GPS (dg)": "",
        "Speed GPS": "",
        "Accuracy GPS": "",
        "Altitude GPS": "",
        "GNSS Timestamp": "",
        "HH:mm:ss": "",
        "SSS": "",
        "trip_id": "602DE_Trip8"
      }
    },
    {
      "type": "Feature",
      "geometry": {
        "type": "LineString",
        "coordinates": [
          [
            4.95531217171474,
            52.3398025044925
          ],
          [
            4.95531217171474,
            52.3398025044925
          ]
        ]
      },
      "properties": {
        "marker": "",
        "Acc Y (g)": "-0.617",
        "HRot Count": "",
        "Speed": "",
        "Samples": "2313",
        "Heading GPS (dg)": "",
        "Speed GPS": "",
        "Accuracy GPS": "",
        "Altitude GPS": "",
        "GNSS Timestamp": "",
        "HH:mm:ss": "",
        "SSS": "",
        "trip_id": "602DE_Trip8"
      }
    },
    {
      "type": "Feature",
      "geometry": {
        "type": "LineString",
        "coordinates": [
          [
            4.95531217171474,
            52.3398025044925
          ],
          [
            4.95531217171474,
            52.3398025044925
          ]
        ]
      },
      "properties": {
        "marker": "7",
        "Acc Y (g)": "-0.858",
        "HRot Count": "22",
        "Speed": "1304",
        "Samples": "2314",
        "Heading GPS (dg)": "199",
        "Speed GPS": "6",
        "Accuracy GPS": "20",
        "Altitude GPS": "2",
        "GNSS Timestamp": "2026-05-06 08:08:53.999000+00:00",
        "HH:mm:ss": "10:08:56",
        "SSS": "333",
        "trip_id": "602DE_Trip8",
        "timestamp": "2026-05-06 08:08:53.999000+00:00"
      }
    },
    {
      "type": "Feature",
      "geometry": {
        "type": "LineString",
        "coordinates": [
          [
            4.95531217171474,
            52.3398025044925
          ],
          [
            4.95531217171474,
            52.3398025044925
          ]
        ]
      },
      "properties": {
        "marker": "",
        "Acc Y (g)": "-1.051",
        "HRot Count": "",
        "Speed": "",
        "Samples": "2315",
        "Heading GPS (dg)": "",
        "Speed GPS": "",
        "Accuracy GPS": "",
        "Altitude GPS": "",
        "GNSS Timestamp": "",
        "HH:mm:ss": "",
        "SSS": "",
        "trip_id": "602DE_Trip8"
      }
    },
    {
      "type": "Feature",
      "geometry": {
        "type": "LineString",
        "coordinates": [
          [
            4.95531217171474,
            52.3398025044925
          ],
          [
            4.95531217171474,
            52.3398025044925
          ]
        ]
      },
      "properties": {
        "marker": "",
        "Acc Y (g)": "-0.903",
        "HRot Count": "",
        "Speed": "",
        "Samples": "2316",
        "Heading GPS (dg)": "",
        "Speed GPS": "",
        "Accuracy GPS": "",
        "Altitude GPS": "",
        "GNSS Timestamp": "",
        "HH:mm:ss": "",
        "SSS": "",
        "trip_id": "602DE_Trip8"
      }
    },
    {
      "type": "Feature",
      "geometry": {
        "type": "LineString",
        "coordinates": [
          [
            4.95531217171474,
            52.3398025044925
          ],
          [
            4.95531217171474,
            52.3398025044925
          ]
        ]
      },
      "properties": {
        "marker": "",
        "Acc Y (g)": "-1.112",
        "HRot Count": "",
        "Speed": "",
        "Samples": "2317",
        "Heading GPS (dg)": "",
        "Speed GPS": "",
        "Accuracy GPS": "",
        "Altitude GPS": "",
        "GNSS Timestamp": "",
        "HH:mm:ss": "",
        "SSS": "",
        "trip_id": "602DE_Trip8"
      }
    },
    {
      "type": "Feature",
      "geometry": {
        "type": "LineString",
        "coordinates": [
          [
            4.95531217171474,
            52.3398025044925
          ],
          [
            4.95531217171474,
            52.3398025044925
          ]
        ]
      },
      "properties": {
        "marker": "",
        "Acc Y (g)": "-1.077",
        "HRot Count": "",
        "Speed": "",
        "Samples": "2318",
        "Heading GPS (dg)": "",
        "Speed GPS": "",
        "Accuracy GPS": "",
        "Altitude GPS": "",
        "GNSS Timestamp": "",
        "HH:mm:ss": "",
        "SSS": "",
        "trip_id": "602DE_Trip8"
      }
    },
    {
      "type": "Feature",
      "geometry": {
        "type": "LineString",
        "coordinates": [
          [
            4.95531217171474,
            52.3398025044925
          ],
          [
            4.95531217171474,
            52.3398025044925
          ]
        ]
      },
      "properties": {
        "marker": "",
        "Acc Y (g)": "-1.179",
        "HRot Count": "",
        "Speed": "",
        "Samples": "2319",
        "Heading GPS (dg)": "",
        "Speed GPS": "",
        "Accuracy GPS": "",
        "Altitude GPS": "",
        "GNSS Timestamp": "",
        "HH:mm:ss": "",
        "SSS": "",
        "trip_id": "602DE_Trip8"
      }
    },
    {
      "type": "Feature",
      "geometry": {
        "type": "LineString",
        "coordinates": [
          [
            4.95531217171474,
            52.3398025044925
          ],
          [
            4.95531217171474,
            52.3398025044925
          ]
        ]
      },
      "properties": {
        "marker": "",
        "Acc Y (g)": "-0.655",
        "HRot Count": "",
        "Speed": "",
        "Samples": "2320",
        "Heading GPS (dg)": "",
        "Speed GPS": "",
        "Accuracy GPS": "",
        "Altitude GPS": "",
        "GNSS Timestamp": "",
        "HH:mm:ss": "",
        "SSS": "",
        "trip_id": "602DE_Trip8"
      }
    },
    {
      "type": "Feature",
      "geometry": {
        "type": "LineString",
        "coordinates": [
          [
            4.95531217171474,
            52.3398025044925
          ],
          [
            4.95531217171474,
            52.3398025044925
          ]
        ]
      },
      "properties": {
        "marker": "",
        "Acc Y (g)": "-0.742",
        "HRot Count": "",
        "Speed": "",
        "Samples": "2321",
        "Heading GPS (dg)": "",
        "Speed GPS": "",
        "Accuracy GPS": "",
        "Altitude GPS": "",
        "GNSS Timestamp": "",
        "HH:mm:ss": "",
        "SSS": "",
        "trip_id": "602DE_Trip8"
      }
    },
    {
      "type": "Feature",
      "geometry": {
        "type": "LineString",
        "coordinates": [
          [
            4.95531217171474,
            52.3398025044925
          ],
          [
            4.95531217171474,
            52.3398025044925
          ]
        ]
      },
      "properties": {
        "marker": "",
        "Acc Y (g)": "-0.885",
        "HRot Count": "",
        "Speed": "",
        "Samples": "2322",
        "Heading GPS (dg)": "",
        "Speed GPS": "",
        "Accuracy GPS": "",
        "Altitude GPS": "",
        "GNSS Timestamp": "",
        "HH:mm:ss": "",
        "SSS": "",
        "trip_id": "602DE_Trip8"
      }
    },
    {
      "type": "Feature",
      "geometry": {
        "type": "LineString",
        "coordinates": [
          [
            4.95531217171474,
            52.3398025044925
          ],
          [
            4.95531217171474,
            52.3398025044925
          ]
        ]
      },
      "properties": {
        "marker": "",
        "Acc Y (g)": "-0.525",
        "HRot Count": "",
        "Speed": "",
        "Samples": "2323",
        "Heading GPS (dg)": "",
        "Speed GPS": "",
        "Accuracy GPS": "",
        "Altitude GPS": "",
        "GNSS Timestamp": "",
        "HH:mm:ss": "",
        "SSS": "",
        "trip_id": "602DE_Trip8"
      }
    },
    {
      "type": "Feature",
      "geometry": {
        "type": "LineString",
        "coordinates": [
          [
            4.95531217171474,
            52.3398025044925
          ],
          [
            4.95531217171474,
            52.3398025044925
          ]
        ]
      },
      "properties": {
        "marker": "",
        "Acc Y (g)": "-0.356",
        "HRot Count": "",
        "Speed": "",
        "Samples": "2324",
        "Heading GPS (dg)": "",
        "Speed GPS": "",
        "Accuracy GPS": "",
        "Altitude GPS": "",
        "GNSS Timestamp": "",
        "HH:mm:ss": "",
        "SSS": "",
        "trip_id": "602DE_Trip8"
      }
    },
    {
      "type": "Feature",
      "geometry": {
        "type": "LineString",
        "coordinates": [
          [
            4.95531217171474,
            52.3398025044925
          ],
          [
            4.95531217171474,
            52.3398025044925
          ]
        ]
      },
      "properties": {
        "marker": "",
        "Acc Y (g)": "-0.147",
        "HRot Count": "",
        "Speed": "",
        "Samples": "2325",
        "Heading GPS (dg)": "",
        "Speed GPS": "",
        "Accuracy GPS": "",
        "Altitude GPS": "",
        "GNSS Timestamp": "",
        "HH:mm:ss": "",
        "SSS": "",
        "trip_id": "602DE_Trip8"
      }
    },
    {
      "type": "Feature",
      "geometry": {
        "type": "LineString",
        "coordinates": [
          [
            4.95531217171474,
            52.3398025044925
          ],
          [
            4.95531217171474,
            52.3398025044925
          ]
        ]
      },
      "properties": {
        "marker": "",
        "Acc Y (g)": "-0.163",
        "HRot Count": "",
        "Speed": "",
        "Samples": "2326",
        "Heading GPS (dg)": "",
        "Speed GPS": "",
        "Accuracy GPS": "",
        "Altitude GPS": "",
        "GNSS Timestamp": "",
        "HH:mm:ss": "",
        "SSS": "",
        "trip_id": "602DE_Trip8"
      }
    },
    {
      "type": "Feature",
      "geometry": {
        "type": "LineString",
        "coordinates": [
          [
            4.95531217171474,
            52.3398025044925
          ],
          [
            4.95531217171474,
            52.3398025044925
          ]
        ]
      },
      "properties": {
        "marker": "",
        "Acc Y (g)": "0.088",
        "HRot Count": "",
        "Speed": "",
        "Samples": "2327",
        "Heading GPS (dg)": "",
        "Speed GPS": "",
        "Accuracy GPS": "",
        "Altitude GPS": "",
        "GNSS Timestamp": "",
        "HH:mm:ss": "",
        "SSS": "",
        "trip_id": "602DE_Trip8"
      }
    },
    {
      "type": "Feature",
      "geometry": {
        "type": "LineString",
        "coordinates": [
          [
            4.95531217171474,
            52.3398025044925
          ],
          [
            4.95531217171474,
            52.3398025044925
          ]
        ]
      },
      "properties": {
        "marker": "",
        "Acc Y (g)": "0.274",
        "HRot Count": "",
        "Speed": "",
        "Samples": "2328",
        "Heading GPS (dg)": "",
        "Speed GPS": "",
        "Accuracy GPS": "",
        "Altitude GPS": "",
        "GNSS Timestamp": "",
        "HH:mm:ss": "",
        "SSS": "",
        "trip_id": "602DE_Trip8"
      }
    },
    {
      "type": "Feature",
      "geometry": {
        "type": "LineString",
        "coordinates": [
          [
            4.95531217171474,
            52.3398025044925
          ],
          [
            4.95531217171474,
            52.3398025044925
          ]
        ]
      },
      "properties": {
        "marker": "",
        "Acc Y (g)": "0.354",
        "HRot Count": "",
        "Speed": "",
        "Samples": "2329",
        "Heading GPS (dg)": "",
        "Speed GPS": "",
        "Accuracy GPS": "",
        "Altitude GPS": "",
        "GNSS Timestamp": "",
        "HH:mm:ss": "",
        "SSS": "",
        "trip_id": "602DE_Trip8"
      }
    },
    {
      "type": "Feature",
      "geometry": {
        "type": "LineString",
        "coordinates": [
          [
            4.95531217171474,
            52.3398025044925
          ],
          [
            4.95531217171474,
            52.3398025044925
          ]
        ]
      },
      "properties": {
        "marker": "",
        "Acc Y (g)": "0.649",
        "HRot Count": "",
        "Speed": "",
        "Samples": "2330",
        "Heading GPS (dg)": "",
        "Speed GPS": "",
        "Accuracy GPS": "",
        "Altitude GPS": "",
        "GNSS Timestamp": "",
        "HH:mm:ss": "",
        "SSS": "",
        "trip_id": "602DE_Trip8"
      }
    },
    {
      "type": "Feature",
      "geometry": {
        "type": "LineString",
        "coordinates": [
          [
            4.95531217171474,
            52.3398025044925
          ],
          [
            4.95531217171474,
            52.3398025044925
          ]
        ]
      },
      "properties": {
        "marker": "",
        "Acc Y (g)": "0.867",
        "HRot Count": "",
        "Speed": "",
        "Samples": "2331",
        "Heading GPS (dg)": "",
        "Speed GPS": "",
        "Accuracy GPS": "",
        "Altitude GPS": "",
        "GNSS Timestamp": "",
        "HH:mm:ss": "",
        "SSS": "",
        "trip_id": "602DE_Trip8"
      }
    },
    {
      "type": "Feature",
      "geometry": {
        "type": "LineString",
        "coordinates": [
          [
            4.95531217171474,
            52.3398025044925
          ],
          [
            4.95531217171474,
            52.3398025044925
          ]
        ]
      },
      "properties": {
        "marker": "7",
        "Acc Y (g)": "0.981",
        "HRot Count": "23",
        "Speed": "1315",
        "Samples": "2332",
        "Heading GPS (dg)": "199",
        "Speed GPS": "6",
        "Accuracy GPS": "20",
        "Altitude GPS": "2",
        "GNSS Timestamp": "2026-05-06 08:08:53.999000+00:00",
        "HH:mm:ss": "10:08:56",
        "SSS": "719",
        "trip_id": "602DE_Trip8",
        "timestamp": "2026-05-06 08:08:53.999000+00:00"
      }
    },
    {
      "type": "Feature",
      "geometry": {
        "type": "LineString",
        "coordinates": [
          [
            4.95531217171474,
            52.3398025044925
          ],
          [
            4.95531217171474,
            52.3398025044925
          ]
        ]
      },
      "properties": {
        "marker": "",
        "Acc Y (g)": "0.618",
        "HRot Count": "",
        "Speed": "",
        "Samples": "2333",
        "Heading GPS (dg)": "",
        "Speed GPS": "",
        "Accuracy GPS": "",
        "Altitude GPS": "",
        "GNSS Timestamp": "",
        "HH:mm:ss": "",
        "SSS": "",
        "trip_id": "602DE_Trip8"
      }
    },
    {
      "type": "Feature",
      "geometry": {
        "type": "LineString",
        "coordinates": [
          [
            4.95531217171474,
            52.3398025044925
          ],
          [
            4.95531217171474,
            52.3398025044925
          ]
        ]
      },
      "properties": {
        "marker": "",
        "Acc Y (g)": "1.054",
        "HRot Count": "",
        "Speed": "",
        "Samples": "2334",
        "Heading GPS (dg)": "",
        "Speed GPS": "",
        "Accuracy GPS": "",
        "Altitude GPS": "",
        "GNSS Timestamp": "",
        "HH:mm:ss": "",
        "SSS": "",
        "trip_id": "602DE_Trip8"
      }
    },
    {
      "type": "Feature",
      "geometry": {
        "type": "LineString",
        "coordinates": [
          [
            4.95531217171474,
            52.3398025044925
          ],
          [
            4.95531217171474,
            52.3398025044925
          ]
        ]
      },
      "properties": {
        "marker": "",
        "Acc Y (g)": "1.153",
        "HRot Count": "",
        "Speed": "",
        "Samples": "2335",
        "Heading GPS (dg)": "",
        "Speed GPS": "",
        "Accuracy GPS": "",
        "Altitude GPS": "",
        "GNSS Timestamp": "",
        "HH:mm:ss": "",
        "SSS": "",
        "trip_id": "602DE_Trip8"
      }
    },
    {
      "type": "Feature",
      "geometry": {
        "type": "LineString",
        "coordinates": [
          [
            4.95531217171474,
            52.3398025044925
          ],
          [
            4.95531217171474,
            52.3398025044925
          ]
        ]
      },
      "properties": {
        "marker": "",
        "Acc Y (g)": "0.952",
        "HRot Count": "",
        "Speed": "",
        "Samples": "2336",
        "Heading GPS (dg)": "",
        "Speed GPS": "",
        "Accuracy GPS": "",
        "Altitude GPS": "",
        "GNSS Timestamp": "",
        "HH:mm:ss": "",
        "SSS": "",
        "trip_id": "602DE_Trip8"
      }
    },
    {
      "type": "Feature",
      "geometry": {
        "type": "LineString",
        "coordinates": [
          [
            4.95531217171474,
            52.3398025044925
          ],
          [
            4.95531217171474,
            52.3398025044925
          ]
        ]
      },
      "properties": {
        "marker": "",
        "Acc Y (g)": "1.026",
        "HRot Count": "",
        "Speed": "",
        "Samples": "2337",
        "Heading GPS (dg)": "",
        "Speed GPS": "",
        "Accuracy GPS": "",
        "Altitude GPS": "",
        "GNSS Timestamp": "",
        "HH:mm:ss": "",
        "SSS": "",
        "trip_id": "602DE_Trip8"
      }
    },
    {
      "type": "Feature",
      "geometry": {
        "type": "LineString",
        "coordinates": [
          [
            4.95531217171474,
            52.3398025044925
          ],
          [
            4.95531217171474,
            52.3398025044925
          ]
        ]
      },
      "properties": {
        "marker": "",
        "Acc Y (g)": "0.557",
        "HRot Count": "",
        "Speed": "",
        "Samples": "2338",
        "Heading GPS (dg)": "",
        "Speed GPS": "",
        "Accuracy GPS": "",
        "Altitude GPS": "",
        "GNSS Timestamp": "",
        "HH:mm:ss": "",
        "SSS": "",
        "trip_id": "602DE_Trip8"
      }
    },
    {
      "type": "Feature",
      "geometry": {
        "type": "LineString",
        "coordinates": [
          [
            4.95531217171474,
            52.3398025044925
          ],
          [
            4.95531217171474,
            52.3398025044925
          ]
        ]
      },
      "properties": {
        "marker": "",
        "Acc Y (g)": "0.925",
        "HRot Count": "",
        "Speed": "",
        "Samples": "2339",
        "Heading GPS (dg)": "",
        "Speed GPS": "",
        "Accuracy GPS": "",
        "Altitude GPS": "",
        "GNSS Timestamp": "",
        "HH:mm:ss": "",
        "SSS": "",
        "trip_id": "602DE_Trip8"
      }
    },
    {
      "type": "Feature",
      "geometry": {
        "type": "LineString",
        "coordinates": [
          [
            4.95531217171474,
            52.3398025044925
          ],
          [
            4.95531217171474,
            52.3398025044925
          ]
        ]
      },
      "properties": {
        "marker": "",
        "Acc Y (g)": "0.829",
        "HRot Count": "",
        "Speed": "",
        "Samples": "2340",
        "Heading GPS (dg)": "",
        "Speed GPS": "",
        "Accuracy GPS": "",
        "Altitude GPS": "",
        "GNSS Timestamp": "",
        "HH:mm:ss": "",
        "SSS": "",
        "trip_id": "602DE_Trip8"
      }
    },
    {
      "type": "Feature",
      "geometry": {
        "type": "LineString",
        "coordinates": [
          [
            4.95531217171474,
            52.3398025044925
          ],
          [
            4.95531217171474,
            52.3398025044925
          ]
        ]
      },
      "properties": {
        "marker": "",
        "Acc Y (g)": "0.465",
        "HRot Count": "",
        "Speed": "",
        "Samples": "2341",
        "Heading GPS (dg)": "",
        "Speed GPS": "",
        "Accuracy GPS": "",
        "Altitude GPS": "",
        "GNSS Timestamp": "",
        "HH:mm:ss": "",
        "SSS": "",
        "trip_id": "602DE_Trip8"
      }
    },
    {
      "type": "Feature",
      "geometry": {
        "type": "LineString",
        "coordinates": [
          [
            4.95531217171474,
            52.3398025044925
          ],
          [
            4.95531217171474,
            52.3398025044925
          ]
        ]
      },
      "properties": {
        "marker": "",
        "Acc Y (g)": "0.393",
        "HRot Count": "",
        "Speed": "",
        "Samples": "2342",
        "Heading GPS (dg)": "",
        "Speed GPS": "",
        "Accuracy GPS": "",
        "Altitude GPS": "",
        "GNSS Timestamp": "",
        "HH:mm:ss": "",
        "SSS": "",
        "trip_id": "602DE_Trip8"
      }
    },
    {
      "type": "Feature",
      "geometry": {
        "type": "LineString",
        "coordinates": [
          [
            4.95531217171474,
            52.3398025044925
          ],
          [
            4.95531217171474,
            52.3398025044925
          ]
        ]
      },
      "properties": {
        "marker": "",
        "Acc Y (g)": "0.377",
        "HRot Count": "",
        "Speed": "",
        "Samples": "2343",
        "Heading GPS (dg)": "",
        "Speed GPS": "",
        "Accuracy GPS": "",
        "Altitude GPS": "",
        "GNSS Timestamp": "",
        "HH:mm:ss": "",
        "SSS": "",
        "trip_id": "602DE_Trip8"
      }
    },
    {
      "type": "Feature",
      "geometry": {
        "type": "LineString",
        "coordinates": [
          [
            4.95531217171474,
            52.3398025044925
          ],
          [
            4.95531217171474,
            52.3398025044925
          ]
        ]
      },
      "properties": {
        "marker": "",
        "Acc Y (g)": "0.147",
        "HRot Count": "",
        "Speed": "",
        "Samples": "2344",
        "Heading GPS (dg)": "",
        "Speed GPS": "",
        "Accuracy GPS": "",
        "Altitude GPS": "",
        "GNSS Timestamp": "",
        "HH:mm:ss": "",
        "SSS": "",
        "trip_id": "602DE_Trip8"
      }
    },
    {
      "type": "Feature",
      "geometry": {
        "type": "LineString",
        "coordinates": [
          [
            4.95531217171474,
            52.3398025044925
          ],
          [
            4.95531217171474,
            52.3398025044925
          ]
        ]
      },
      "properties": {
        "marker": "",
        "Acc Y (g)": "0.022",
        "HRot Count": "",
        "Speed": "",
        "Samples": "2345",
        "Heading GPS (dg)": "",
        "Speed GPS": "",
        "Accuracy GPS": "",
        "Altitude GPS": "",
        "GNSS Timestamp": "",
        "HH:mm:ss": "",
        "SSS": "",
        "trip_id": "602DE_Trip8"
      }
    },
    {
      "type": "Feature",
      "geometry": {
        "type": "LineString",
        "coordinates": [
          [
            4.95531217171474,
            52.3398025044925
          ],
          [
            4.95531217171474,
            52.3398025044925
          ]
        ]
      },
      "properties": {
        "marker": "",
        "Acc Y (g)": "-0.249",
        "HRot Count": "",
        "Speed": "",
        "Samples": "2346",
        "Heading GPS (dg)": "",
        "Speed GPS": "",
        "Accuracy GPS": "",
        "Altitude GPS": "",
        "GNSS Timestamp": "",
        "HH:mm:ss": "",
        "SSS": "",
        "trip_id": "602DE_Trip8"
      }
    },
    {
      "type": "Feature",
      "geometry": {
        "type": "LineString",
        "coordinates": [
          [
            4.95531217171474,
            52.3398025044925
          ],
          [
            4.95531217171474,
            52.3398025044925
          ]
        ]
      },
      "properties": {
        "marker": "",
        "Acc Y (g)": "-0.062",
        "HRot Count": "",
        "Speed": "",
        "Samples": "2347",
        "Heading GPS (dg)": "",
        "Speed GPS": "",
        "Accuracy GPS": "",
        "Altitude GPS": "",
        "GNSS Timestamp": "",
        "HH:mm:ss": "",
        "SSS": "",
        "trip_id": "602DE_Trip8"
      }
    },
    {
      "type": "Feature",
      "geometry": {
        "type": "LineString",
        "coordinates": [
          [
            4.95531217171474,
            52.3398025044925
          ],
          [
            4.95531217171474,
            52.3398025044925
          ]
        ]
      },
      "properties": {
        "marker": "",
        "Acc Y (g)": "-0.567",
        "HRot Count": "",
        "Speed": "",
        "Samples": "2348",
        "Heading GPS (dg)": "",
        "Speed GPS": "",
        "Accuracy GPS": "",
        "Altitude GPS": "",
        "GNSS Timestamp": "",
        "HH:mm:ss": "",
        "SSS": "",
        "trip_id": "602DE_Trip8"
      }
    },
    {
      "type": "Feature",
      "geometry": {
        "type": "LineString",
        "coordinates": [
          [
            4.95531217171474,
            52.3398025044925
          ],
          [
            4.95531217171474,
            52.3398025044925
          ]
        ]
      },
      "properties": {
        "marker": "",
        "Acc Y (g)": "-1.020",
        "HRot Count": "",
        "Speed": "",
        "Samples": "2349",
        "Heading GPS (dg)": "",
        "Speed GPS": "",
        "Accuracy GPS": "",
        "Altitude GPS": "",
        "GNSS Timestamp": "",
        "HH:mm:ss": "",
        "SSS": "",
        "trip_id": "602DE_Trip8"
      }
    },
    {
      "type": "Feature",
      "geometry": {
        "type": "LineString",
        "coordinates": [
          [
            4.95531217171474,
            52.3398025044925
          ],
          [
            4.95531217171474,
            52.3398025044925
          ]
        ]
      },
      "properties": {
        "marker": "7",
        "Acc Y (g)": "-0.492",
        "HRot Count": "24",
        "Speed": "1351",
        "Samples": "2350",
        "Heading GPS (dg)": "199",
        "Speed GPS": "6",
        "Accuracy GPS": "20",
        "Altitude GPS": "2",
        "GNSS Timestamp": "2026-05-06 08:08:53.999000+00:00",
        "HH:mm:ss": "10:08:57",
        "SSS": "136",
        "trip_id": "602DE_Trip8",
        "timestamp": "2026-05-06 08:08:53.999000+00:00"
      }
    },
    {
      "type": "Feature",
      "geometry": {
        "type": "LineString",
        "coordinates": [
          [
            4.95531217171474,
            52.3398025044925
          ],
          [
            4.95531217171474,
            52.3398025044925
          ]
        ]
      },
      "properties": {
        "marker": "",
        "Acc Y (g)": "-0.639",
        "HRot Count": "",
        "Speed": "",
        "Samples": "2351",
        "Heading GPS (dg)": "",
        "Speed GPS": "",
        "Accuracy GPS": "",
        "Altitude GPS": "",
        "GNSS Timestamp": "",
        "HH:mm:ss": "",
        "SSS": "",
        "trip_id": "602DE_Trip8"
      }
    },
    {
      "type": "Feature",
      "geometry": {
        "type": "LineString",
        "coordinates": [
          [
            4.95531217171474,
            52.3398025044925
          ],
          [
            4.95531217171474,
            52.3398025044925
          ]
        ]
      },
      "properties": {
        "marker": "",
        "Acc Y (g)": "-1.021",
        "HRot Count": "",
        "Speed": "",
        "Samples": "2352",
        "Heading GPS (dg)": "",
        "Speed GPS": "",
        "Accuracy GPS": "",
        "Altitude GPS": "",
        "GNSS Timestamp": "",
        "HH:mm:ss": "",
        "SSS": "",
        "trip_id": "602DE_Trip8"
      }
    },
    {
      "type": "Feature",
      "geometry": {
        "type": "LineString",
        "coordinates": [
          [
            4.95531217171474,
            52.3398025044925
          ],
          [
            4.95531217171474,
            52.3398025044925
          ]
        ]
      },
      "properties": {
        "marker": "",
        "Acc Y (g)": "-0.830",
        "HRot Count": "",
        "Speed": "",
        "Samples": "2353",
        "Heading GPS (dg)": "",
        "Speed GPS": "",
        "Accuracy GPS": "",
        "Altitude GPS": "",
        "GNSS Timestamp": "",
        "HH:mm:ss": "",
        "SSS": "",
        "trip_id": "602DE_Trip8"
      }
    },
    {
      "type": "Feature",
      "geometry": {
        "type": "LineString",
        "coordinates": [
          [
            4.95531217171474,
            52.3398025044925
          ],
          [
            4.95531217171474,
            52.3398025044925
          ]
        ]
      },
      "properties": {
        "marker": "",
        "Acc Y (g)": "-0.916",
        "HRot Count": "",
        "Speed": "",
        "Samples": "2354",
        "Heading GPS (dg)": "",
        "Speed GPS": "",
        "Accuracy GPS": "",
        "Altitude GPS": "",
        "GNSS Timestamp": "",
        "HH:mm:ss": "",
        "SSS": "",
        "trip_id": "602DE_Trip8"
      }
    },
    {
      "type": "Feature",
      "geometry": {
        "type": "LineString",
        "coordinates": [
          [
            4.95531217171474,
            52.3398025044925
          ],
          [
            4.95531217171474,
            52.3398025044925
          ]
        ]
      },
      "properties": {
        "marker": "",
        "Acc Y (g)": "-0.990",
        "HRot Count": "",
        "Speed": "",
        "Samples": "2355",
        "Heading GPS (dg)": "",
        "Speed GPS": "",
        "Accuracy GPS": "",
        "Altitude GPS": "",
        "GNSS Timestamp": "",
        "HH:mm:ss": "",
        "SSS": "",
        "trip_id": "602DE_Trip8"
      }
    },
    {
      "type": "Feature",
      "geometry": {
        "type": "LineString",
        "coordinates": [
          [
            4.95531217171474,
            52.3398025044925
          ],
          [
            4.95531217171474,
            52.3398025044925
          ]
        ]
      },
      "properties": {
        "marker": "",
        "Acc Y (g)": "-1.129",
        "HRot Count": "",
        "Speed": "",
        "Samples": "2356",
        "Heading GPS (dg)": "",
        "Speed GPS": "",
        "Accuracy GPS": "",
        "Altitude GPS": "",
        "GNSS Timestamp": "",
        "HH:mm:ss": "",
        "SSS": "",
        "trip_id": "602DE_Trip8"
      }
    },
    {
      "type": "Feature",
      "geometry": {
        "type": "LineString",
        "coordinates": [
          [
            4.95531217171474,
            52.3398025044925
          ],
          [
            4.95531217171474,
            52.3398025044925
          ]
        ]
      },
      "properties": {
        "marker": "",
        "Acc Y (g)": "-1.533",
        "HRot Count": "",
        "Speed": "",
        "Samples": "2357",
        "Heading GPS (dg)": "",
        "Speed GPS": "",
        "Accuracy GPS": "",
        "Altitude GPS": "",
        "GNSS Timestamp": "",
        "HH:mm:ss": "",
        "SSS": "",
        "trip_id": "602DE_Trip8"
      }
    },
    {
      "type": "Feature",
      "geometry": {
        "type": "LineString",
        "coordinates": [
          [
            4.95531217171474,
            52.3398025044925
          ],
          [
            4.95531217171474,
            52.3398025044925
          ]
        ]
      },
      "properties": {
        "marker": "",
        "Acc Y (g)": "-1.683",
        "HRot Count": "",
        "Speed": "",
        "Samples": "2358",
        "Heading GPS (dg)": "",
        "Speed GPS": "",
        "Accuracy GPS": "",
        "Altitude GPS": "",
        "GNSS Timestamp": "",
        "HH:mm:ss": "",
        "SSS": "",
        "trip_id": "602DE_Trip8"
      }
    },
    {
      "type": "Feature",
      "geometry": {
        "type": "LineString",
        "coordinates": [
          [
            4.95531217171474,
            52.3398025044925
          ],
          [
            4.95531217171474,
            52.3398025044925
          ]
        ]
      },
      "properties": {
        "marker": "",
        "Acc Y (g)": "0.959",
        "HRot Count": "",
        "Speed": "",
        "Samples": "2359",
        "Heading GPS (dg)": "",
        "Speed GPS": "",
        "Accuracy GPS": "",
        "Altitude GPS": "",
        "GNSS Timestamp": "",
        "HH:mm:ss": "",
        "SSS": "",
        "trip_id": "602DE_Trip8"
      }
    },
    {
      "type": "Feature",
      "geometry": {
        "type": "LineString",
        "coordinates": [
          [
            4.95531217171474,
            52.3398025044925
          ],
          [
            4.95531217171474,
            52.3398025044925
          ]
        ]
      },
      "properties": {
        "marker": "",
        "Acc Y (g)": "-0.976",
        "HRot Count": "",
        "Speed": "",
        "Samples": "2360",
        "Heading GPS (dg)": "",
        "Speed GPS": "",
        "Accuracy GPS": "",
        "Altitude GPS": "",
        "GNSS Timestamp": "",
        "HH:mm:ss": "",
        "SSS": "",
        "trip_id": "602DE_Trip8"
      }
    },
    {
      "type": "Feature",
      "geometry": {
        "type": "LineString",
        "coordinates": [
          [
            4.95531217171474,
            52.3398025044925
          ],
          [
            4.95531217171474,
            52.3398025044925
          ]
        ]
      },
      "properties": {
        "marker": "",
        "Acc Y (g)": "-0.367",
        "HRot Count": "",
        "Speed": "",
        "Samples": "2361",
        "Heading GPS (dg)": "",
        "Speed GPS": "",
        "Accuracy GPS": "",
        "Altitude GPS": "",
        "GNSS Timestamp": "",
        "HH:mm:ss": "",
        "SSS": "",
        "trip_id": "602DE_Trip8"
      }
    },
    {
      "type": "Feature",
      "geometry": {
        "type": "LineString",
        "coordinates": [
          [
            4.95531217171474,
            52.3398025044925
          ],
          [
            4.95531217171474,
            52.3398025044925
          ]
        ]
      },
      "properties": {
        "marker": "",
        "Acc Y (g)": "-0.521",
        "HRot Count": "",
        "Speed": "",
        "Samples": "2362",
        "Heading GPS (dg)": "",
        "Speed GPS": "",
        "Accuracy GPS": "",
        "Altitude GPS": "",
        "GNSS Timestamp": "",
        "HH:mm:ss": "",
        "SSS": "",
        "trip_id": "602DE_Trip8"
      }
    },
    {
      "type": "Feature",
      "geometry": {
        "type": "LineString",
        "coordinates": [
          [
            4.95531217171474,
            52.3398025044925
          ],
          [
            4.95531217171474,
            52.3398025044925
          ]
        ]
      },
      "properties": {
        "marker": "",
        "Acc Y (g)": "0.467",
        "HRot Count": "",
        "Speed": "",
        "Samples": "2363",
        "Heading GPS (dg)": "",
        "Speed GPS": "",
        "Accuracy GPS": "",
        "Altitude GPS": "",
        "GNSS Timestamp": "",
        "HH:mm:ss": "",
        "SSS": "",
        "trip_id": "602DE_Trip8"
      }
    },
    {
      "type": "Feature",
      "geometry": {
        "type": "LineString",
        "coordinates": [
          [
            4.95531217171474,
            52.3398025044925
          ],
          [
            4.95531217171474,
            52.3398025044925
          ]
        ]
      },
      "properties": {
        "marker": "",
        "Acc Y (g)": "0.026",
        "HRot Count": "",
        "Speed": "",
        "Samples": "2364",
        "Heading GPS (dg)": "",
        "Speed GPS": "",
        "Accuracy GPS": "",
        "Altitude GPS": "",
        "GNSS Timestamp": "",
        "HH:mm:ss": "",
        "SSS": "",
        "trip_id": "602DE_Trip8"
      }
    },
    {
      "type": "Feature",
      "geometry": {
        "type": "LineString",
        "coordinates": [
          [
            4.95531217171474,
            52.3398025044925
          ],
          [
            4.95531217171474,
            52.3398025044925
          ]
        ]
      },
      "properties": {
        "marker": "",
        "Acc Y (g)": "0.650",
        "HRot Count": "",
        "Speed": "",
        "Samples": "2365",
        "Heading GPS (dg)": "",
        "Speed GPS": "",
        "Accuracy GPS": "",
        "Altitude GPS": "",
        "GNSS Timestamp": "",
        "HH:mm:ss": "",
        "SSS": "",
        "trip_id": "602DE_Trip8"
      }
    },
    {
      "type": "Feature",
      "geometry": {
        "type": "LineString",
        "coordinates": [
          [
            4.95531217171474,
            52.3398025044925
          ],
          [
            4.95531217171474,
            52.3398025044925
          ]
        ]
      },
      "properties": {
        "marker": "",
        "Acc Y (g)": "0.030",
        "HRot Count": "",
        "Speed": "",
        "Samples": "2366",
        "Heading GPS (dg)": "",
        "Speed GPS": "",
        "Accuracy GPS": "",
        "Altitude GPS": "",
        "GNSS Timestamp": "",
        "HH:mm:ss": "",
        "SSS": "",
        "trip_id": "602DE_Trip8"
      }
    },
    {
      "type": "Feature",
      "geometry": {
        "type": "LineString",
        "coordinates": [
          [
            4.95531217171474,
            52.3398025044925
          ],
          [
            4.95531217171474,
            52.3398025044925
          ]
        ]
      },
      "properties": {
        "marker": "",
        "Acc Y (g)": "1.218",
        "HRot Count": "",
        "Speed": "",
        "Samples": "2367",
        "Heading GPS (dg)": "",
        "Speed GPS": "",
        "Accuracy GPS": "",
        "Altitude GPS": "",
        "GNSS Timestamp": "",
        "HH:mm:ss": "",
        "SSS": "",
        "trip_id": "602DE_Trip8"
      }
    },
    {
      "type": "Feature",
      "geometry": {
        "type": "LineString",
        "coordinates": [
          [
            4.95531217171474,
            52.3398025044925
          ],
          [
            4.95531217171474,
            52.3398025044925
          ]
        ]
      },
      "properties": {
        "marker": "",
        "Acc Y (g)": "0.746",
        "HRot Count": "",
        "Speed": "",
        "Samples": "2368",
        "Heading GPS (dg)": "",
        "Speed GPS": "",
        "Accuracy GPS": "",
        "Altitude GPS": "",
        "GNSS Timestamp": "",
        "HH:mm:ss": "",
        "SSS": "",
        "trip_id": "602DE_Trip8"
      }
    },
    {
      "type": "Feature",
      "geometry": {
        "type": "LineString",
        "coordinates": [
          [
            4.95531217171474,
            52.3398025044925
          ],
          [
            4.95531217171474,
            52.3398025044925
          ]
        ]
      },
      "properties": {
        "marker": "7",
        "Acc Y (g)": "0.860",
        "HRot Count": "25",
        "Speed": "1363",
        "Samples": "2369",
        "Heading GPS (dg)": "199",
        "Speed GPS": "6",
        "Accuracy GPS": "20",
        "Altitude GPS": "2",
        "GNSS Timestamp": "2026-05-06 08:08:53.999000+00:00",
        "HH:mm:ss": "10:08:57",
        "SSS": "334",
        "trip_id": "602DE_Trip8",
        "timestamp": "2026-05-06 08:08:53.999000+00:00"
      }
    },
    {
      "type": "Feature",
      "geometry": {
        "type": "LineString",
        "coordinates": [
          [
            4.95531217171474,
            52.3398025044925
          ],
          [
            4.95531217171474,
            52.3398025044925
          ]
        ]
      },
      "properties": {
        "marker": "",
        "Acc Y (g)": "0.891",
        "HRot Count": "",
        "Speed": "",
        "Samples": "2370",
        "Heading GPS (dg)": "",
        "Speed GPS": "",
        "Accuracy GPS": "",
        "Altitude GPS": "",
        "GNSS Timestamp": "",
        "HH:mm:ss": "",
        "SSS": "",
        "trip_id": "602DE_Trip8"
      }
    },
    {
      "type": "Feature",
      "geometry": {
        "type": "LineString",
        "coordinates": [
          [
            4.95531217171474,
            52.3398025044925
          ],
          [
            4.95531217171474,
            52.3398025044925
          ]
        ]
      },
      "properties": {
        "marker": "",
        "Acc Y (g)": "1.197",
        "HRot Count": "",
        "Speed": "",
        "Samples": "2371",
        "Heading GPS (dg)": "",
        "Speed GPS": "",
        "Accuracy GPS": "",
        "Altitude GPS": "",
        "GNSS Timestamp": "",
        "HH:mm:ss": "",
        "SSS": "",
        "trip_id": "602DE_Trip8"
      }
    },
    {
      "type": "Feature",
      "geometry": {
        "type": "LineString",
        "coordinates": [
          [
            4.95531217171474,
            52.3398025044925
          ],
          [
            4.95531217171474,
            52.3398025044925
          ]
        ]
      },
      "properties": {
        "marker": "",
        "Acc Y (g)": "0.915",
        "HRot Count": "",
        "Speed": "",
        "Samples": "2372",
        "Heading GPS (dg)": "",
        "Speed GPS": "",
        "Accuracy GPS": "",
        "Altitude GPS": "",
        "GNSS Timestamp": "",
        "HH:mm:ss": "",
        "SSS": "",
        "trip_id": "602DE_Trip8"
      }
    },
    {
      "type": "Feature",
      "geometry": {
        "type": "LineString",
        "coordinates": [
          [
            4.95531217171474,
            52.3398025044925
          ],
          [
            4.95531217171474,
            52.3398025044925
          ]
        ]
      },
      "properties": {
        "marker": "",
        "Acc Y (g)": "0.505",
        "HRot Count": "",
        "Speed": "",
        "Samples": "2373",
        "Heading GPS (dg)": "",
        "Speed GPS": "",
        "Accuracy GPS": "",
        "Altitude GPS": "",
        "GNSS Timestamp": "",
        "HH:mm:ss": "",
        "SSS": "",
        "trip_id": "602DE_Trip8"
      }
    },
    {
      "type": "Feature",
      "geometry": {
        "type": "LineString",
        "coordinates": [
          [
            4.95531217171474,
            52.3398025044925
          ],
          [
            4.95531217171474,
            52.3398025044925
          ]
        ]
      },
      "properties": {
        "marker": "",
        "Acc Y (g)": "0.950",
        "HRot Count": "",
        "Speed": "",
        "Samples": "2374",
        "Heading GPS (dg)": "",
        "Speed GPS": "",
        "Accuracy GPS": "",
        "Altitude GPS": "",
        "GNSS Timestamp": "",
        "HH:mm:ss": "",
        "SSS": "",
        "trip_id": "602DE_Trip8"
      }
    },
    {
      "type": "Feature",
      "geometry": {
        "type": "LineString",
        "coordinates": [
          [
            4.95531217171474,
            52.3398025044925
          ],
          [
            4.95531217171474,
            52.3398025044925
          ]
        ]
      },
      "properties": {
        "marker": "",
        "Acc Y (g)": "1.404",
        "HRot Count": "",
        "Speed": "",
        "Samples": "2375",
        "Heading GPS (dg)": "",
        "Speed GPS": "",
        "Accuracy GPS": "",
        "Altitude GPS": "",
        "GNSS Timestamp": "",
        "HH:mm:ss": "",
        "SSS": "",
        "trip_id": "602DE_Trip8"
      }
    },
    {
      "type": "Feature",
      "geometry": {
        "type": "LineString",
        "coordinates": [
          [
            4.95531217171474,
            52.3398025044925
          ],
          [
            4.95531217171474,
            52.3398025044925
          ]
        ]
      },
      "properties": {
        "marker": "",
        "Acc Y (g)": "0.563",
        "HRot Count": "",
        "Speed": "",
        "Samples": "2376",
        "Heading GPS (dg)": "",
        "Speed GPS": "",
        "Accuracy GPS": "",
        "Altitude GPS": "",
        "GNSS Timestamp": "",
        "HH:mm:ss": "",
        "SSS": "",
        "trip_id": "602DE_Trip8"
      }
    },
    {
      "type": "Feature",
      "geometry": {
        "type": "LineString",
        "coordinates": [
          [
            4.95531217171474,
            52.3398025044925
          ],
          [
            4.95531217171474,
            52.3398025044925
          ]
        ]
      },
      "properties": {
        "marker": "",
        "Acc Y (g)": "0.559",
        "HRot Count": "",
        "Speed": "",
        "Samples": "2377",
        "Heading GPS (dg)": "",
        "Speed GPS": "",
        "Accuracy GPS": "",
        "Altitude GPS": "",
        "GNSS Timestamp": "",
        "HH:mm:ss": "",
        "SSS": "",
        "trip_id": "602DE_Trip8"
      }
    },
    {
      "type": "Feature",
      "geometry": {
        "type": "LineString",
        "coordinates": [
          [
            4.95531217171474,
            52.3398025044925
          ],
          [
            4.95531217171474,
            52.3398025044925
          ]
        ]
      },
      "properties": {
        "marker": "",
        "Acc Y (g)": "0.825",
        "HRot Count": "",
        "Speed": "",
        "Samples": "2378",
        "Heading GPS (dg)": "",
        "Speed GPS": "",
        "Accuracy GPS": "",
        "Altitude GPS": "",
        "GNSS Timestamp": "",
        "HH:mm:ss": "",
        "SSS": "",
        "trip_id": "602DE_Trip8"
      }
    },
    {
      "type": "Feature",
      "geometry": {
        "type": "LineString",
        "coordinates": [
          [
            4.95531217171474,
            52.3398025044925
          ],
          [
            4.95531217171474,
            52.3398025044925
          ]
        ]
      },
      "properties": {
        "marker": "",
        "Acc Y (g)": "0.368",
        "HRot Count": "",
        "Speed": "",
        "Samples": "2379",
        "Heading GPS (dg)": "",
        "Speed GPS": "",
        "Accuracy GPS": "",
        "Altitude GPS": "",
        "GNSS Timestamp": "",
        "HH:mm:ss": "",
        "SSS": "",
        "trip_id": "602DE_Trip8"
      }
    },
    {
      "type": "Feature",
      "geometry": {
        "type": "LineString",
        "coordinates": [
          [
            4.95531217171474,
            52.3398025044925
          ],
          [
            4.95531217171474,
            52.3398025044925
          ]
        ]
      },
      "properties": {
        "marker": "",
        "Acc Y (g)": "0.283",
        "HRot Count": "",
        "Speed": "",
        "Samples": "2380",
        "Heading GPS (dg)": "",
        "Speed GPS": "",
        "Accuracy GPS": "",
        "Altitude GPS": "",
        "GNSS Timestamp": "",
        "HH:mm:ss": "",
        "SSS": "",
        "trip_id": "602DE_Trip8"
      }
    },
    {
      "type": "Feature",
      "geometry": {
        "type": "LineString",
        "coordinates": [
          [
            4.95531217171474,
            52.3398025044925
          ],
          [
            4.95531217171474,
            52.3398025044925
          ]
        ]
      },
      "properties": {
        "marker": "",
        "Acc Y (g)": "0.196",
        "HRot Count": "",
        "Speed": "",
        "Samples": "2381",
        "Heading GPS (dg)": "",
        "Speed GPS": "",
        "Accuracy GPS": "",
        "Altitude GPS": "",
        "GNSS Timestamp": "",
        "HH:mm:ss": "",
        "SSS": "",
        "trip_id": "602DE_Trip8"
      }
    },
    {
      "type": "Feature",
      "geometry": {
        "type": "LineString",
        "coordinates": [
          [
            4.95531217171474,
            52.3398025044925
          ],
          [
            4.95531217171474,
            52.3398025044925
          ]
        ]
      },
      "properties": {
        "marker": "",
        "Acc Y (g)": "0.001",
        "HRot Count": "",
        "Speed": "",
        "Samples": "2382",
        "Heading GPS (dg)": "",
        "Speed GPS": "",
        "Accuracy GPS": "",
        "Altitude GPS": "",
        "GNSS Timestamp": "",
        "HH:mm:ss": "",
        "SSS": "",
        "trip_id": "602DE_Trip8"
      }
    },
    {
      "type": "Feature",
      "geometry": {
        "type": "LineString",
        "coordinates": [
          [
            4.95531217171474,
            52.3398025044925
          ],
          [
            4.95531217171474,
            52.3398025044925
          ]
        ]
      },
      "properties": {
        "marker": "",
        "Acc Y (g)": "-0.308",
        "HRot Count": "",
        "Speed": "",
        "Samples": "2383",
        "Heading GPS (dg)": "",
        "Speed GPS": "",
        "Accuracy GPS": "",
        "Altitude GPS": "",
        "GNSS Timestamp": "",
        "HH:mm:ss": "",
        "SSS": "",
        "trip_id": "602DE_Trip8"
      }
    },
    {
      "type": "Feature",
      "geometry": {
        "type": "LineString",
        "coordinates": [
          [
            4.95531217171474,
            52.3398025044925
          ],
          [
            4.95531217171474,
            52.3398025044925
          ]
        ]
      },
      "properties": {
        "marker": "",
        "Acc Y (g)": "-0.384",
        "HRot Count": "",
        "Speed": "",
        "Samples": "2384",
        "Heading GPS (dg)": "",
        "Speed GPS": "",
        "Accuracy GPS": "",
        "Altitude GPS": "",
        "GNSS Timestamp": "",
        "HH:mm:ss": "",
        "SSS": "",
        "trip_id": "602DE_Trip8"
      }
    },
    {
      "type": "Feature",
      "geometry": {
        "type": "LineString",
        "coordinates": [
          [
            4.95531217171474,
            52.3398025044925
          ],
          [
            4.95531217171474,
            52.3398025044925
          ]
        ]
      },
      "properties": {
        "marker": "",
        "Acc Y (g)": "-0.330",
        "HRot Count": "",
        "Speed": "",
        "Samples": "2385",
        "Heading GPS (dg)": "",
        "Speed GPS": "",
        "Accuracy GPS": "",
        "Altitude GPS": "",
        "GNSS Timestamp": "",
        "HH:mm:ss": "",
        "SSS": "",
        "trip_id": "602DE_Trip8"
      }
    },
    {
      "type": "Feature",
      "geometry": {
        "type": "LineString",
        "coordinates": [
          [
            4.95531217171474,
            52.3398025044925
          ],
          [
            4.95531217171474,
            52.3398025044925
          ]
        ]
      },
      "properties": {
        "marker": "",
        "Acc Y (g)": "-0.621",
        "HRot Count": "",
        "Speed": "",
        "Samples": "2386",
        "Heading GPS (dg)": "",
        "Speed GPS": "",
        "Accuracy GPS": "",
        "Altitude GPS": "",
        "GNSS Timestamp": "",
        "HH:mm:ss": "",
        "SSS": "",
        "trip_id": "602DE_Trip8"
      }
    },
    {
      "type": "Feature",
      "geometry": {
        "type": "LineString",
        "coordinates": [
          [
            4.95531217171474,
            52.3398025044925
          ],
          [
            4.95520354609976,
            52.3396051136487
          ]
        ]
      },
      "properties": {
        "marker": "",
        "Acc Y (g)": "-0.853",
        "HRot Count": "",
        "Speed": "",
        "Samples": "2387",
        "Heading GPS (dg)": "",
        "Speed GPS": "",
        "Accuracy GPS": "",
        "Altitude GPS": "",
        "GNSS Timestamp": "",
        "HH:mm:ss": "",
        "SSS": "",
        "trip_id": "602DE_Trip8"
      }
    },
    {
      "type": "Feature",
      "geometry": {
        "type": "LineString",
        "coordinates": [
          [
            4.95520354609976,
            52.3396051136487
          ],
          [
            4.95520354609976,
            52.3396051136487
          ]
        ]
      },
      "properties": {
        "marker": "7",
        "Acc Y (g)": "-1.065",
        "HRot Count": "26",
        "Speed": "1351",
        "Samples": "2388",
        "Heading GPS (dg)": "200",
        "Speed GPS": "12",
        "Accuracy GPS": "20",
        "Altitude GPS": "5",
        "GNSS Timestamp": "2026-05-06 08:09:00.999000+00:00",
        "HH:mm:ss": "10:08:57",
        "SSS": "751",
        "trip_id": "602DE_Trip8",
        "timestamp": "2026-05-06 08:09:00.999000+00:00"
      }
    },
    {
      "type": "Feature",
      "geometry": {
        "type": "LineString",
        "coordinates": [
          [
            4.95520354609976,
            52.3396051136487
          ],
          [
            4.95520354609976,
            52.3396051136487
          ]
        ]
      },
      "properties": {
        "marker": "",
        "Acc Y (g)": "-1.032",
        "HRot Count": "",
        "Speed": "",
        "Samples": "2389",
        "Heading GPS (dg)": "",
        "Speed GPS": "",
        "Accuracy GPS": "",
        "Altitude GPS": "",
        "GNSS Timestamp": "",
        "HH:mm:ss": "",
        "SSS": "",
        "trip_id": "602DE_Trip8"
      }
    },
    {
      "type": "Feature",
      "geometry": {
        "type": "LineString",
        "coordinates": [
          [
            4.95520354609976,
            52.3396051136487
          ],
          [
            4.95520354609976,
            52.3396051136487
          ]
        ]
      },
      "properties": {
        "marker": "",
        "Acc Y (g)": "-0.580",
        "HRot Count": "",
        "Speed": "",
        "Samples": "2390",
        "Heading GPS (dg)": "",
        "Speed GPS": "",
        "Accuracy GPS": "",
        "Altitude GPS": "",
        "GNSS Timestamp": "",
        "HH:mm:ss": "",
        "SSS": "",
        "trip_id": "602DE_Trip8"
      }
    },
    {
      "type": "Feature",
      "geometry": {
        "type": "LineString",
        "coordinates": [
          [
            4.95520354609976,
            52.3396051136487
          ],
          [
            4.95520354609976,
            52.3396051136487
          ]
        ]
      },
      "properties": {
        "marker": "",
        "Acc Y (g)": "-0.940",
        "HRot Count": "",
        "Speed": "",
        "Samples": "2391",
        "Heading GPS (dg)": "",
        "Speed GPS": "",
        "Accuracy GPS": "",
        "Altitude GPS": "",
        "GNSS Timestamp": "",
        "HH:mm:ss": "",
        "SSS": "",
        "trip_id": "602DE_Trip8"
      }
    },
    {
      "type": "Feature",
      "geometry": {
        "type": "LineString",
        "coordinates": [
          [
            4.95520354609976,
            52.3396051136487
          ],
          [
            4.95520354609976,
            52.3396051136487
          ]
        ]
      },
      "properties": {
        "marker": "",
        "Acc Y (g)": "-1.222",
        "HRot Count": "",
        "Speed": "",
        "Samples": "2392",
        "Heading GPS (dg)": "",
        "Speed GPS": "",
        "Accuracy GPS": "",
        "Altitude GPS": "",
        "GNSS Timestamp": "",
        "HH:mm:ss": "",
        "SSS": "",
        "trip_id": "602DE_Trip8"
      }
    },
    {
      "type": "Feature",
      "geometry": {
        "type": "LineString",
        "coordinates": [
          [
            4.95520354609976,
            52.3396051136487
          ],
          [
            4.95520354609976,
            52.3396051136487
          ]
        ]
      },
      "properties": {
        "marker": "",
        "Acc Y (g)": "-0.778",
        "HRot Count": "",
        "Speed": "",
        "Samples": "2393",
        "Heading GPS (dg)": "",
        "Speed GPS": "",
        "Accuracy GPS": "",
        "Altitude GPS": "",
        "GNSS Timestamp": "",
        "HH:mm:ss": "",
        "SSS": "",
        "trip_id": "602DE_Trip8"
      }
    },
    {
      "type": "Feature",
      "geometry": {
        "type": "LineString",
        "coordinates": [
          [
            4.95520354609976,
            52.3396051136487
          ],
          [
            4.95520354609976,
            52.3396051136487
          ]
        ]
      },
      "properties": {
        "marker": "",
        "Acc Y (g)": "-0.335",
        "HRot Count": "",
        "Speed": "",
        "Samples": "2394",
        "Heading GPS (dg)": "",
        "Speed GPS": "",
        "Accuracy GPS": "",
        "Altitude GPS": "",
        "GNSS Timestamp": "",
        "HH:mm:ss": "",
        "SSS": "",
        "trip_id": "602DE_Trip8"
      }
    },
    {
      "type": "Feature",
      "geometry": {
        "type": "LineString",
        "coordinates": [
          [
            4.95520354609976,
            52.3396051136487
          ],
          [
            4.95520354609976,
            52.3396051136487
          ]
        ]
      },
      "properties": {
        "marker": "",
        "Acc Y (g)": "-0.625",
        "HRot Count": "",
        "Speed": "",
        "Samples": "2395",
        "Heading GPS (dg)": "",
        "Speed GPS": "",
        "Accuracy GPS": "",
        "Altitude GPS": "",
        "GNSS Timestamp": "",
        "HH:mm:ss": "",
        "SSS": "",
        "trip_id": "602DE_Trip8"
      }
    },
    {
      "type": "Feature",
      "geometry": {
        "type": "LineString",
        "coordinates": [
          [
            4.95520354609976,
            52.3396051136487
          ],
          [
            4.95520354609976,
            52.3396051136487
          ]
        ]
      },
      "properties": {
        "marker": "",
        "Acc Y (g)": "-0.425",
        "HRot Count": "",
        "Speed": "",
        "Samples": "2396",
        "Heading GPS (dg)": "",
        "Speed GPS": "",
        "Accuracy GPS": "",
        "Altitude GPS": "",
        "GNSS Timestamp": "",
        "HH:mm:ss": "",
        "SSS": "",
        "trip_id": "602DE_Trip8"
      }
    },
    {
      "type": "Feature",
      "geometry": {
        "type": "LineString",
        "coordinates": [
          [
            4.95520354609976,
            52.3396051136487
          ],
          [
            4.95520354609976,
            52.3396051136487
          ]
        ]
      },
      "properties": {
        "marker": "",
        "Acc Y (g)": "-0.440",
        "HRot Count": "",
        "Speed": "",
        "Samples": "2397",
        "Heading GPS (dg)": "",
        "Speed GPS": "",
        "Accuracy GPS": "",
        "Altitude GPS": "",
        "GNSS Timestamp": "",
        "HH:mm:ss": "",
        "SSS": "",
        "trip_id": "602DE_Trip8"
      }
    },
    {
      "type": "Feature",
      "geometry": {
        "type": "LineString",
        "coordinates": [
          [
            4.95520354609976,
            52.3396051136487
          ],
          [
            4.95520354609976,
            52.3396051136487
          ]
        ]
      },
      "properties": {
        "marker": "",
        "Acc Y (g)": "-0.123",
        "HRot Count": "",
        "Speed": "",
        "Samples": "2398",
        "Heading GPS (dg)": "",
        "Speed GPS": "",
        "Accuracy GPS": "",
        "Altitude GPS": "",
        "GNSS Timestamp": "",
        "HH:mm:ss": "",
        "SSS": "",
        "trip_id": "602DE_Trip8"
      }
    },
    {
      "type": "Feature",
      "geometry": {
        "type": "LineString",
        "coordinates": [
          [
            4.95520354609976,
            52.3396051136487
          ],
          [
            4.95520354609976,
            52.3396051136487
          ]
        ]
      },
      "properties": {
        "marker": "",
        "Acc Y (g)": "-0.166",
        "HRot Count": "",
        "Speed": "",
        "Samples": "2399",
        "Heading GPS (dg)": "",
        "Speed GPS": "",
        "Accuracy GPS": "",
        "Altitude GPS": "",
        "GNSS Timestamp": "",
        "HH:mm:ss": "",
        "SSS": "",
        "trip_id": "602DE_Trip8"
      }
    },
    {
      "type": "Feature",
      "geometry": {
        "type": "LineString",
        "coordinates": [
          [
            4.95520354609976,
            52.3396051136487
          ],
          [
            4.95520354609976,
            52.3396051136487
          ]
        ]
      },
      "properties": {
        "marker": "",
        "Acc Y (g)": "0.175",
        "HRot Count": "",
        "Speed": "",
        "Samples": "2400",
        "Heading GPS (dg)": "",
        "Speed GPS": "",
        "Accuracy GPS": "",
        "Altitude GPS": "",
        "GNSS Timestamp": "",
        "HH:mm:ss": "",
        "SSS": "",
        "trip_id": "602DE_Trip8"
      }
    },
    {
      "type": "Feature",
      "geometry": {
        "type": "LineString",
        "coordinates": [
          [
            4.95520354609976,
            52.3396051136487
          ],
          [
            4.95520354609976,
            52.3396051136487
          ]
        ]
      },
      "properties": {
        "marker": "",
        "Acc Y (g)": "0.252",
        "HRot Count": "",
        "Speed": "",
        "Samples": "2401",
        "Heading GPS (dg)": "",
        "Speed GPS": "",
        "Accuracy GPS": "",
        "Altitude GPS": "",
        "GNSS Timestamp": "",
        "HH:mm:ss": "",
        "SSS": "",
        "trip_id": "602DE_Trip8"
      }
    },
    {
      "type": "Feature",
      "geometry": {
        "type": "LineString",
        "coordinates": [
          [
            4.95520354609976,
            52.3396051136487
          ],
          [
            4.95520354609976,
            52.3396051136487
          ]
        ]
      },
      "properties": {
        "marker": "",
        "Acc Y (g)": "0.284",
        "HRot Count": "",
        "Speed": "",
        "Samples": "2402",
        "Heading GPS (dg)": "",
        "Speed GPS": "",
        "Accuracy GPS": "",
        "Altitude GPS": "",
        "GNSS Timestamp": "",
        "HH:mm:ss": "",
        "SSS": "",
        "trip_id": "602DE_Trip8"
      }
    },
    {
      "type": "Feature",
      "geometry": {
        "type": "LineString",
        "coordinates": [
          [
            4.95520354609976,
            52.3396051136487
          ],
          [
            4.95520354609976,
            52.3396051136487
          ]
        ]
      },
      "properties": {
        "marker": "",
        "Acc Y (g)": "0.745",
        "HRot Count": "",
        "Speed": "",
        "Samples": "2403",
        "Heading GPS (dg)": "",
        "Speed GPS": "",
        "Accuracy GPS": "",
        "Altitude GPS": "",
        "GNSS Timestamp": "",
        "HH:mm:ss": "",
        "SSS": "",
        "trip_id": "602DE_Trip8"
      }
    },
    {
      "type": "Feature",
      "geometry": {
        "type": "LineString",
        "coordinates": [
          [
            4.95520354609976,
            52.3396051136487
          ],
          [
            4.95520354609976,
            52.3396051136487
          ]
        ]
      },
      "properties": {
        "marker": "",
        "Acc Y (g)": "0.749",
        "HRot Count": "",
        "Speed": "",
        "Samples": "2404",
        "Heading GPS (dg)": "",
        "Speed GPS": "",
        "Accuracy GPS": "",
        "Altitude GPS": "",
        "GNSS Timestamp": "",
        "HH:mm:ss": "",
        "SSS": "",
        "trip_id": "602DE_Trip8"
      }
    },
    {
      "type": "Feature",
      "geometry": {
        "type": "LineString",
        "coordinates": [
          [
            4.95520354609976,
            52.3396051136487
          ],
          [
            4.95520354609976,
            52.3396051136487
          ]
        ]
      },
      "properties": {
        "marker": "7",
        "Acc Y (g)": "0.980",
        "HRot Count": "27",
        "Speed": "1351",
        "Samples": "2405",
        "Heading GPS (dg)": "200",
        "Speed GPS": "12",
        "Accuracy GPS": "20",
        "Altitude GPS": "5",
        "GNSS Timestamp": "2026-05-06 08:09:00.999000+00:00",
        "HH:mm:ss": "10:08:58",
        "SSS": "136",
        "trip_id": "602DE_Trip8",
        "timestamp": "2026-05-06 08:09:00.999000+00:00"
      }
    },
    {
      "type": "Feature",
      "geometry": {
        "type": "LineString",
        "coordinates": [
          [
            4.95520354609976,
            52.3396051136487
          ],
          [
            4.95520354609976,
            52.3396051136487
          ]
        ]
      },
      "properties": {
        "marker": "",
        "Acc Y (g)": "1.163",
        "HRot Count": "",
        "Speed": "",
        "Samples": "2406",
        "Heading GPS (dg)": "",
        "Speed GPS": "",
        "Accuracy GPS": "",
        "Altitude GPS": "",
        "GNSS Timestamp": "",
        "HH:mm:ss": "",
        "SSS": "",
        "trip_id": "602DE_Trip8"
      }
    },
    {
      "type": "Feature",
      "geometry": {
        "type": "LineString",
        "coordinates": [
          [
            4.95520354609976,
            52.3396051136487
          ],
          [
            4.95520354609976,
            52.3396051136487
          ]
        ]
      },
      "properties": {
        "marker": "",
        "Acc Y (g)": "1.008",
        "HRot Count": "",
        "Speed": "",
        "Samples": "2407",
        "Heading GPS (dg)": "",
        "Speed GPS": "",
        "Accuracy GPS": "",
        "Altitude GPS": "",
        "GNSS Timestamp": "",
        "HH:mm:ss": "",
        "SSS": "",
        "trip_id": "602DE_Trip8"
      }
    },
    {
      "type": "Feature",
      "geometry": {
        "type": "LineString",
        "coordinates": [
          [
            4.95520354609976,
            52.3396051136487
          ],
          [
            4.95520354609976,
            52.3396051136487
          ]
        ]
      },
      "properties": {
        "marker": "",
        "Acc Y (g)": "1.007",
        "HRot Count": "",
        "Speed": "",
        "Samples": "2408",
        "Heading GPS (dg)": "",
        "Speed GPS": "",
        "Accuracy GPS": "",
        "Altitude GPS": "",
        "GNSS Timestamp": "",
        "HH:mm:ss": "",
        "SSS": "",
        "trip_id": "602DE_Trip8"
      }
    },
    {
      "type": "Feature",
      "geometry": {
        "type": "LineString",
        "coordinates": [
          [
            4.95520354609976,
            52.3396051136487
          ],
          [
            4.95520354609976,
            52.3396051136487
          ]
        ]
      },
      "properties": {
        "marker": "",
        "Acc Y (g)": "0.824",
        "HRot Count": "",
        "Speed": "",
        "Samples": "2409",
        "Heading GPS (dg)": "",
        "Speed GPS": "",
        "Accuracy GPS": "",
        "Altitude GPS": "",
        "GNSS Timestamp": "",
        "HH:mm:ss": "",
        "SSS": "",
        "trip_id": "602DE_Trip8"
      }
    },
    {
      "type": "Feature",
      "geometry": {
        "type": "LineString",
        "coordinates": [
          [
            4.95520354609976,
            52.3396051136487
          ],
          [
            4.95520354609976,
            52.3396051136487
          ]
        ]
      },
      "properties": {
        "marker": "",
        "Acc Y (g)": "0.851",
        "HRot Count": "",
        "Speed": "",
        "Samples": "2410",
        "Heading GPS (dg)": "",
        "Speed GPS": "",
        "Accuracy GPS": "",
        "Altitude GPS": "",
        "GNSS Timestamp": "",
        "HH:mm:ss": "",
        "SSS": "",
        "trip_id": "602DE_Trip8"
      }
    },
    {
      "type": "Feature",
      "geometry": {
        "type": "LineString",
        "coordinates": [
          [
            4.95520354609976,
            52.3396051136487
          ],
          [
            4.95520354609976,
            52.3396051136487
          ]
        ]
      },
      "properties": {
        "marker": "",
        "Acc Y (g)": "1.051",
        "HRot Count": "",
        "Speed": "",
        "Samples": "2411",
        "Heading GPS (dg)": "",
        "Speed GPS": "",
        "Accuracy GPS": "",
        "Altitude GPS": "",
        "GNSS Timestamp": "",
        "HH:mm:ss": "",
        "SSS": "",
        "trip_id": "602DE_Trip8"
      }
    },
    {
      "type": "Feature",
      "geometry": {
        "type": "LineString",
        "coordinates": [
          [
            4.95520354609976,
            52.3396051136487
          ],
          [
            4.95520354609976,
            52.3396051136487
          ]
        ]
      },
      "properties": {
        "marker": "",
        "Acc Y (g)": "0.849",
        "HRot Count": "",
        "Speed": "",
        "Samples": "2412",
        "Heading GPS (dg)": "",
        "Speed GPS": "",
        "Accuracy GPS": "",
        "Altitude GPS": "",
        "GNSS Timestamp": "",
        "HH:mm:ss": "",
        "SSS": "",
        "trip_id": "602DE_Trip8"
      }
    },
    {
      "type": "Feature",
      "geometry": {
        "type": "LineString",
        "coordinates": [
          [
            4.95520354609976,
            52.3396051136487
          ],
          [
            4.95520354609976,
            52.3396051136487
          ]
        ]
      },
      "properties": {
        "marker": "",
        "Acc Y (g)": "0.785",
        "HRot Count": "",
        "Speed": "",
        "Samples": "2413",
        "Heading GPS (dg)": "",
        "Speed GPS": "",
        "Accuracy GPS": "",
        "Altitude GPS": "",
        "GNSS Timestamp": "",
        "HH:mm:ss": "",
        "SSS": "",
        "trip_id": "602DE_Trip8"
      }
    },
    {
      "type": "Feature",
      "geometry": {
        "type": "LineString",
        "coordinates": [
          [
            4.95520354609976,
            52.3396051136487
          ],
          [
            4.95520354609976,
            52.3396051136487
          ]
        ]
      },
      "properties": {
        "marker": "",
        "Acc Y (g)": "0.677",
        "HRot Count": "",
        "Speed": "",
        "Samples": "2414",
        "Heading GPS (dg)": "",
        "Speed GPS": "",
        "Accuracy GPS": "",
        "Altitude GPS": "",
        "GNSS Timestamp": "",
        "HH:mm:ss": "",
        "SSS": "",
        "trip_id": "602DE_Trip8"
      }
    },
    {
      "type": "Feature",
      "geometry": {
        "type": "LineString",
        "coordinates": [
          [
            4.95520354609976,
            52.3396051136487
          ],
          [
            4.95520354609976,
            52.3396051136487
          ]
        ]
      },
      "properties": {
        "marker": "",
        "Acc Y (g)": "0.537",
        "HRot Count": "",
        "Speed": "",
        "Samples": "2415",
        "Heading GPS (dg)": "",
        "Speed GPS": "",
        "Accuracy GPS": "",
        "Altitude GPS": "",
        "GNSS Timestamp": "",
        "HH:mm:ss": "",
        "SSS": "",
        "trip_id": "602DE_Trip8"
      }
    },
    {
      "type": "Feature",
      "geometry": {
        "type": "LineString",
        "coordinates": [
          [
            4.95520354609976,
            52.3396051136487
          ],
          [
            4.95520354609976,
            52.3396051136487
          ]
        ]
      },
      "properties": {
        "marker": "",
        "Acc Y (g)": "0.205",
        "HRot Count": "",
        "Speed": "",
        "Samples": "2416",
        "Heading GPS (dg)": "",
        "Speed GPS": "",
        "Accuracy GPS": "",
        "Altitude GPS": "",
        "GNSS Timestamp": "",
        "HH:mm:ss": "",
        "SSS": "",
        "trip_id": "602DE_Trip8"
      }
    },
    {
      "type": "Feature",
      "geometry": {
        "type": "LineString",
        "coordinates": [
          [
            4.95520354609976,
            52.3396051136487
          ],
          [
            4.95520354609976,
            52.3396051136487
          ]
        ]
      },
      "properties": {
        "marker": "",
        "Acc Y (g)": "0.248",
        "HRot Count": "",
        "Speed": "",
        "Samples": "2417",
        "Heading GPS (dg)": "",
        "Speed GPS": "",
        "Accuracy GPS": "",
        "Altitude GPS": "",
        "GNSS Timestamp": "",
        "HH:mm:ss": "",
        "SSS": "",
        "trip_id": "602DE_Trip8"
      }
    },
    {
      "type": "Feature",
      "geometry": {
        "type": "LineString",
        "coordinates": [
          [
            4.95520354609976,
            52.3396051136487
          ],
          [
            4.95520354609976,
            52.3396051136487
          ]
        ]
      },
      "properties": {
        "marker": "",
        "Acc Y (g)": "-0.023",
        "HRot Count": "",
        "Speed": "",
        "Samples": "2418",
        "Heading GPS (dg)": "",
        "Speed GPS": "",
        "Accuracy GPS": "",
        "Altitude GPS": "",
        "GNSS Timestamp": "",
        "HH:mm:ss": "",
        "SSS": "",
        "trip_id": "602DE_Trip8"
      }
    },
    {
      "type": "Feature",
      "geometry": {
        "type": "LineString",
        "coordinates": [
          [
            4.95520354609976,
            52.3396051136487
          ],
          [
            4.95520354609976,
            52.3396051136487
          ]
        ]
      },
      "properties": {
        "marker": "",
        "Acc Y (g)": "-0.159",
        "HRot Count": "",
        "Speed": "",
        "Samples": "2419",
        "Heading GPS (dg)": "",
        "Speed GPS": "",
        "Accuracy GPS": "",
        "Altitude GPS": "",
        "GNSS Timestamp": "",
        "HH:mm:ss": "",
        "SSS": "",
        "trip_id": "602DE_Trip8"
      }
    },
    {
      "type": "Feature",
      "geometry": {
        "type": "LineString",
        "coordinates": [
          [
            4.95520354609976,
            52.3396051136487
          ],
          [
            4.95520354609976,
            52.3396051136487
          ]
        ]
      },
      "properties": {
        "marker": "",
        "Acc Y (g)": "-0.407",
        "HRot Count": "",
        "Speed": "",
        "Samples": "2420",
        "Heading GPS (dg)": "",
        "Speed GPS": "",
        "Accuracy GPS": "",
        "Altitude GPS": "",
        "GNSS Timestamp": "",
        "HH:mm:ss": "",
        "SSS": "",
        "trip_id": "602DE_Trip8"
      }
    },
    {
      "type": "Feature",
      "geometry": {
        "type": "LineString",
        "coordinates": [
          [
            4.95520354609976,
            52.3396051136487
          ],
          [
            4.95520354609976,
            52.3396051136487
          ]
        ]
      },
      "properties": {
        "marker": "",
        "Acc Y (g)": "-0.624",
        "HRot Count": "",
        "Speed": "",
        "Samples": "2421",
        "Heading GPS (dg)": "",
        "Speed GPS": "",
        "Accuracy GPS": "",
        "Altitude GPS": "",
        "GNSS Timestamp": "",
        "HH:mm:ss": "",
        "SSS": "",
        "trip_id": "602DE_Trip8"
      }
    },
    {
      "type": "Feature",
      "geometry": {
        "type": "LineString",
        "coordinates": [
          [
            4.95520354609976,
            52.3396051136487
          ],
          [
            4.95520354609976,
            52.3396051136487
          ]
        ]
      },
      "properties": {
        "marker": "",
        "Acc Y (g)": "-0.551",
        "HRot Count": "",
        "Speed": "",
        "Samples": "2422",
        "Heading GPS (dg)": "",
        "Speed GPS": "",
        "Accuracy GPS": "",
        "Altitude GPS": "",
        "GNSS Timestamp": "",
        "HH:mm:ss": "",
        "SSS": "",
        "trip_id": "602DE_Trip8"
      }
    },
    {
      "type": "Feature",
      "geometry": {
        "type": "LineString",
        "coordinates": [
          [
            4.95520354609976,
            52.3396051136487
          ],
          [
            4.95520354609976,
            52.3396051136487
          ]
        ]
      },
      "properties": {
        "marker": "",
        "Acc Y (g)": "-0.596",
        "HRot Count": "",
        "Speed": "",
        "Samples": "2423",
        "Heading GPS (dg)": "",
        "Speed GPS": "",
        "Accuracy GPS": "",
        "Altitude GPS": "",
        "GNSS Timestamp": "",
        "HH:mm:ss": "",
        "SSS": "",
        "trip_id": "602DE_Trip8"
      }
    },
    {
      "type": "Feature",
      "geometry": {
        "type": "LineString",
        "coordinates": [
          [
            4.95520354609976,
            52.3396051136487
          ],
          [
            4.95520354609976,
            52.3396051136487
          ]
        ]
      },
      "properties": {
        "marker": "7",
        "Acc Y (g)": "-1.090",
        "HRot Count": "28",
        "Speed": "1363",
        "Samples": "2424",
        "Heading GPS (dg)": "200",
        "Speed GPS": "12",
        "Accuracy GPS": "20",
        "Altitude GPS": "5",
        "GNSS Timestamp": "2026-05-06 08:09:00.999000+00:00",
        "HH:mm:ss": "10:08:58",
        "SSS": "524",
        "trip_id": "602DE_Trip8",
        "timestamp": "2026-05-06 08:09:00.999000+00:00"
      }
    },
    {
      "type": "Feature",
      "geometry": {
        "type": "LineString",
        "coordinates": [
          [
            4.95520354609976,
            52.3396051136487
          ],
          [
            4.95520354609976,
            52.3396051136487
          ]
        ]
      },
      "properties": {
        "marker": "",
        "Acc Y (g)": "-1.053",
        "HRot Count": "",
        "Speed": "",
        "Samples": "2425",
        "Heading GPS (dg)": "",
        "Speed GPS": "",
        "Accuracy GPS": "",
        "Altitude GPS": "",
        "GNSS Timestamp": "",
        "HH:mm:ss": "",
        "SSS": "",
        "trip_id": "602DE_Trip8"
      }
    },
    {
      "type": "Feature",
      "geometry": {
        "type": "LineString",
        "coordinates": [
          [
            4.95520354609976,
            52.3396051136487
          ],
          [
            4.95520354609976,
            52.3396051136487
          ]
        ]
      },
      "properties": {
        "marker": "",
        "Acc Y (g)": "-0.818",
        "HRot Count": "",
        "Speed": "",
        "Samples": "2426",
        "Heading GPS (dg)": "",
        "Speed GPS": "",
        "Accuracy GPS": "",
        "Altitude GPS": "",
        "GNSS Timestamp": "",
        "HH:mm:ss": "",
        "SSS": "",
        "trip_id": "602DE_Trip8"
      }
    },
    {
      "type": "Feature",
      "geometry": {
        "type": "LineString",
        "coordinates": [
          [
            4.95520354609976,
            52.3396051136487
          ],
          [
            4.95520354609976,
            52.3396051136487
          ]
        ]
      },
      "properties": {
        "marker": "",
        "Acc Y (g)": "-0.711",
        "HRot Count": "",
        "Speed": "",
        "Samples": "2427",
        "Heading GPS (dg)": "",
        "Speed GPS": "",
        "Accuracy GPS": "",
        "Altitude GPS": "",
        "GNSS Timestamp": "",
        "HH:mm:ss": "",
        "SSS": "",
        "trip_id": "602DE_Trip8"
      }
    },
    {
      "type": "Feature",
      "geometry": {
        "type": "LineString",
        "coordinates": [
          [
            4.95520354609976,
            52.3396051136487
          ],
          [
            4.95520354609976,
            52.3396051136487
          ]
        ]
      },
      "properties": {
        "marker": "",
        "Acc Y (g)": "-1.321",
        "HRot Count": "",
        "Speed": "",
        "Samples": "2428",
        "Heading GPS (dg)": "",
        "Speed GPS": "",
        "Accuracy GPS": "",
        "Altitude GPS": "",
        "GNSS Timestamp": "",
        "HH:mm:ss": "",
        "SSS": "",
        "trip_id": "602DE_Trip8"
      }
    },
    {
      "type": "Feature",
      "geometry": {
        "type": "LineString",
        "coordinates": [
          [
            4.95520354609976,
            52.3396051136487
          ],
          [
            4.95520354609976,
            52.3396051136487
          ]
        ]
      },
      "properties": {
        "marker": "",
        "Acc Y (g)": "-0.746",
        "HRot Count": "",
        "Speed": "",
        "Samples": "2429",
        "Heading GPS (dg)": "",
        "Speed GPS": "",
        "Accuracy GPS": "",
        "Altitude GPS": "",
        "GNSS Timestamp": "",
        "HH:mm:ss": "",
        "SSS": "",
        "trip_id": "602DE_Trip8"
      }
    },
    {
      "type": "Feature",
      "geometry": {
        "type": "LineString",
        "coordinates": [
          [
            4.95520354609976,
            52.3396051136487
          ],
          [
            4.95520354609976,
            52.3396051136487
          ]
        ]
      },
      "properties": {
        "marker": "",
        "Acc Y (g)": "-0.953",
        "HRot Count": "",
        "Speed": "",
        "Samples": "2430",
        "Heading GPS (dg)": "",
        "Speed GPS": "",
        "Accuracy GPS": "",
        "Altitude GPS": "",
        "GNSS Timestamp": "",
        "HH:mm:ss": "",
        "SSS": "",
        "trip_id": "602DE_Trip8"
      }
    },
    {
      "type": "Feature",
      "geometry": {
        "type": "LineString",
        "coordinates": [
          [
            4.95520354609976,
            52.3396051136487
          ],
          [
            4.95520354609976,
            52.3396051136487
          ]
        ]
      },
      "properties": {
        "marker": "",
        "Acc Y (g)": "-0.429",
        "HRot Count": "",
        "Speed": "",
        "Samples": "2431",
        "Heading GPS (dg)": "",
        "Speed GPS": "",
        "Accuracy GPS": "",
        "Altitude GPS": "",
        "GNSS Timestamp": "",
        "HH:mm:ss": "",
        "SSS": "",
        "trip_id": "602DE_Trip8"
      }
    },
    {
      "type": "Feature",
      "geometry": {
        "type": "LineString",
        "coordinates": [
          [
            4.95520354609976,
            52.3396051136487
          ],
          [
            4.95520354609976,
            52.3396051136487
          ]
        ]
      },
      "properties": {
        "marker": "",
        "Acc Y (g)": "-0.761",
        "HRot Count": "",
        "Speed": "",
        "Samples": "2432",
        "Heading GPS (dg)": "",
        "Speed GPS": "",
        "Accuracy GPS": "",
        "Altitude GPS": "",
        "GNSS Timestamp": "",
        "HH:mm:ss": "",
        "SSS": "",
        "trip_id": "602DE_Trip8"
      }
    },
    {
      "type": "Feature",
      "geometry": {
        "type": "LineString",
        "coordinates": [
          [
            4.95520354609976,
            52.3396051136487
          ],
          [
            4.95520354609976,
            52.3396051136487
          ]
        ]
      },
      "properties": {
        "marker": "",
        "Acc Y (g)": "-0.230",
        "HRot Count": "",
        "Speed": "",
        "Samples": "2433",
        "Heading GPS (dg)": "",
        "Speed GPS": "",
        "Accuracy GPS": "",
        "Altitude GPS": "",
        "GNSS Timestamp": "",
        "HH:mm:ss": "",
        "SSS": "",
        "trip_id": "602DE_Trip8"
      }
    },
    {
      "type": "Feature",
      "geometry": {
        "type": "LineString",
        "coordinates": [
          [
            4.95520354609976,
            52.3396051136487
          ],
          [
            4.95520354609976,
            52.3396051136487
          ]
        ]
      },
      "properties": {
        "marker": "",
        "Acc Y (g)": "-0.506",
        "HRot Count": "",
        "Speed": "",
        "Samples": "2434",
        "Heading GPS (dg)": "",
        "Speed GPS": "",
        "Accuracy GPS": "",
        "Altitude GPS": "",
        "GNSS Timestamp": "",
        "HH:mm:ss": "",
        "SSS": "",
        "trip_id": "602DE_Trip8"
      }
    },
    {
      "type": "Feature",
      "geometry": {
        "type": "LineString",
        "coordinates": [
          [
            4.95520354609976,
            52.3396051136487
          ],
          [
            4.95520354609976,
            52.3396051136487
          ]
        ]
      },
      "properties": {
        "marker": "",
        "Acc Y (g)": "-0.207",
        "HRot Count": "",
        "Speed": "",
        "Samples": "2435",
        "Heading GPS (dg)": "",
        "Speed GPS": "",
        "Accuracy GPS": "",
        "Altitude GPS": "",
        "GNSS Timestamp": "",
        "HH:mm:ss": "",
        "SSS": "",
        "trip_id": "602DE_Trip8"
      }
    },
    {
      "type": "Feature",
      "geometry": {
        "type": "LineString",
        "coordinates": [
          [
            4.95520354609976,
            52.3396051136487
          ],
          [
            4.95520354609976,
            52.3396051136487
          ]
        ]
      },
      "properties": {
        "marker": "",
        "Acc Y (g)": "-0.199",
        "HRot Count": "",
        "Speed": "",
        "Samples": "2436",
        "Heading GPS (dg)": "",
        "Speed GPS": "",
        "Accuracy GPS": "",
        "Altitude GPS": "",
        "GNSS Timestamp": "",
        "HH:mm:ss": "",
        "SSS": "",
        "trip_id": "602DE_Trip8"
      }
    },
    {
      "type": "Feature",
      "geometry": {
        "type": "LineString",
        "coordinates": [
          [
            4.95520354609976,
            52.3396051136487
          ],
          [
            4.95520354609976,
            52.3396051136487
          ]
        ]
      },
      "properties": {
        "marker": "",
        "Acc Y (g)": "0.198",
        "HRot Count": "",
        "Speed": "",
        "Samples": "2437",
        "Heading GPS (dg)": "",
        "Speed GPS": "",
        "Accuracy GPS": "",
        "Altitude GPS": "",
        "GNSS Timestamp": "",
        "HH:mm:ss": "",
        "SSS": "",
        "trip_id": "602DE_Trip8"
      }
    },
    {
      "type": "Feature",
      "geometry": {
        "type": "LineString",
        "coordinates": [
          [
            4.95520354609976,
            52.3396051136487
          ],
          [
            4.95520354609976,
            52.3396051136487
          ]
        ]
      },
      "properties": {
        "marker": "",
        "Acc Y (g)": "0.247",
        "HRot Count": "",
        "Speed": "",
        "Samples": "2438",
        "Heading GPS (dg)": "",
        "Speed GPS": "",
        "Accuracy GPS": "",
        "Altitude GPS": "",
        "GNSS Timestamp": "",
        "HH:mm:ss": "",
        "SSS": "",
        "trip_id": "602DE_Trip8"
      }
    },
    {
      "type": "Feature",
      "geometry": {
        "type": "LineString",
        "coordinates": [
          [
            4.95520354609976,
            52.3396051136487
          ],
          [
            4.95520354609976,
            52.3396051136487
          ]
        ]
      },
      "properties": {
        "marker": "",
        "Acc Y (g)": "0.673",
        "HRot Count": "",
        "Speed": "",
        "Samples": "2439",
        "Heading GPS (dg)": "",
        "Speed GPS": "",
        "Accuracy GPS": "",
        "Altitude GPS": "",
        "GNSS Timestamp": "",
        "HH:mm:ss": "",
        "SSS": "",
        "trip_id": "602DE_Trip8"
      }
    },
    {
      "type": "Feature",
      "geometry": {
        "type": "LineString",
        "coordinates": [
          [
            4.95520354609976,
            52.3396051136487
          ],
          [
            4.95520354609976,
            52.3396051136487
          ]
        ]
      },
      "properties": {
        "marker": "",
        "Acc Y (g)": "0.619",
        "HRot Count": "",
        "Speed": "",
        "Samples": "2440",
        "Heading GPS (dg)": "",
        "Speed GPS": "",
        "Accuracy GPS": "",
        "Altitude GPS": "",
        "GNSS Timestamp": "",
        "HH:mm:ss": "",
        "SSS": "",
        "trip_id": "602DE_Trip8"
      }
    },
    {
      "type": "Feature",
      "geometry": {
        "type": "LineString",
        "coordinates": [
          [
            4.95520354609976,
            52.3396051136487
          ],
          [
            4.95520354609976,
            52.3396051136487
          ]
        ]
      },
      "properties": {
        "marker": "",
        "Acc Y (g)": "0.966",
        "HRot Count": "",
        "Speed": "",
        "Samples": "2441",
        "Heading GPS (dg)": "",
        "Speed GPS": "",
        "Accuracy GPS": "",
        "Altitude GPS": "",
        "GNSS Timestamp": "",
        "HH:mm:ss": "",
        "SSS": "",
        "trip_id": "602DE_Trip8"
      }
    },
    {
      "type": "Feature",
      "geometry": {
        "type": "LineString",
        "coordinates": [
          [
            4.95520354609976,
            52.3396051136487
          ],
          [
            4.95520354609976,
            52.3396051136487
          ]
        ]
      },
      "properties": {
        "marker": "7",
        "Acc Y (g)": "0.879",
        "HRot Count": "29",
        "Speed": "1376",
        "Samples": "2442",
        "Heading GPS (dg)": "200",
        "Speed GPS": "12",
        "Accuracy GPS": "20",
        "Altitude GPS": "5",
        "GNSS Timestamp": "2026-05-06 08:09:00.999000+00:00",
        "HH:mm:ss": "10:08:58",
        "SSS": "940",
        "trip_id": "602DE_Trip8",
        "timestamp": "2026-05-06 08:09:00.999000+00:00"
      }
    },
    {
      "type": "Feature",
      "geometry": {
        "type": "LineString",
        "coordinates": [
          [
            4.95520354609976,
            52.3396051136487
          ],
          [
            4.95520354609976,
            52.3396051136487
          ]
        ]
      },
      "properties": {
        "marker": "",
        "Acc Y (g)": "1.042",
        "HRot Count": "",
        "Speed": "",
        "Samples": "2443",
        "Heading GPS (dg)": "",
        "Speed GPS": "",
        "Accuracy GPS": "",
        "Altitude GPS": "",
        "GNSS Timestamp": "",
        "HH:mm:ss": "",
        "SSS": "",
        "trip_id": "602DE_Trip8"
      }
    },
    {
      "type": "Feature",
      "geometry": {
        "type": "LineString",
        "coordinates": [
          [
            4.95520354609976,
            52.3396051136487
          ],
          [
            4.95520354609976,
            52.3396051136487
          ]
        ]
      },
      "properties": {
        "marker": "",
        "Acc Y (g)": "1.035",
        "HRot Count": "",
        "Speed": "",
        "Samples": "2444",
        "Heading GPS (dg)": "",
        "Speed GPS": "",
        "Accuracy GPS": "",
        "Altitude GPS": "",
        "GNSS Timestamp": "",
        "HH:mm:ss": "",
        "SSS": "",
        "trip_id": "602DE_Trip8"
      }
    },
    {
      "type": "Feature",
      "geometry": {
        "type": "LineString",
        "coordinates": [
          [
            4.95520354609976,
            52.3396051136487
          ],
          [
            4.95520354609976,
            52.3396051136487
          ]
        ]
      },
      "properties": {
        "marker": "",
        "Acc Y (g)": "0.434",
        "HRot Count": "",
        "Speed": "",
        "Samples": "2445",
        "Heading GPS (dg)": "",
        "Speed GPS": "",
        "Accuracy GPS": "",
        "Altitude GPS": "",
        "GNSS Timestamp": "",
        "HH:mm:ss": "",
        "SSS": "",
        "trip_id": "602DE_Trip8"
      }
    },
    {
      "type": "Feature",
      "geometry": {
        "type": "LineString",
        "coordinates": [
          [
            4.95520354609976,
            52.3396051136487
          ],
          [
            4.95520354609976,
            52.3396051136487
          ]
        ]
      },
      "properties": {
        "marker": "",
        "Acc Y (g)": "1.466",
        "HRot Count": "",
        "Speed": "",
        "Samples": "2446",
        "Heading GPS (dg)": "",
        "Speed GPS": "",
        "Accuracy GPS": "",
        "Altitude GPS": "",
        "GNSS Timestamp": "",
        "HH:mm:ss": "",
        "SSS": "",
        "trip_id": "602DE_Trip8"
      }
    },
    {
      "type": "Feature",
      "geometry": {
        "type": "LineString",
        "coordinates": [
          [
            4.95520354609976,
            52.3396051136487
          ],
          [
            4.95520354609976,
            52.3396051136487
          ]
        ]
      },
      "properties": {
        "marker": "",
        "Acc Y (g)": "1.524",
        "HRot Count": "",
        "Speed": "",
        "Samples": "2447",
        "Heading GPS (dg)": "",
        "Speed GPS": "",
        "Accuracy GPS": "",
        "Altitude GPS": "",
        "GNSS Timestamp": "",
        "HH:mm:ss": "",
        "SSS": "",
        "trip_id": "602DE_Trip8"
      }
    },
    {
      "type": "Feature",
      "geometry": {
        "type": "LineString",
        "coordinates": [
          [
            4.95520354609976,
            52.3396051136487
          ],
          [
            4.95520354609976,
            52.3396051136487
          ]
        ]
      },
      "properties": {
        "marker": "",
        "Acc Y (g)": "0.484",
        "HRot Count": "",
        "Speed": "",
        "Samples": "2448",
        "Heading GPS (dg)": "",
        "Speed GPS": "",
        "Accuracy GPS": "",
        "Altitude GPS": "",
        "GNSS Timestamp": "",
        "HH:mm:ss": "",
        "SSS": "",
        "trip_id": "602DE_Trip8"
      }
    },
    {
      "type": "Feature",
      "geometry": {
        "type": "LineString",
        "coordinates": [
          [
            4.95520354609976,
            52.3396051136487
          ],
          [
            4.95520354609976,
            52.3396051136487
          ]
        ]
      },
      "properties": {
        "marker": "",
        "Acc Y (g)": "0.727",
        "HRot Count": "",
        "Speed": "",
        "Samples": "2449",
        "Heading GPS (dg)": "",
        "Speed GPS": "",
        "Accuracy GPS": "",
        "Altitude GPS": "",
        "GNSS Timestamp": "",
        "HH:mm:ss": "",
        "SSS": "",
        "trip_id": "602DE_Trip8"
      }
    },
    {
      "type": "Feature",
      "geometry": {
        "type": "LineString",
        "coordinates": [
          [
            4.95520354609976,
            52.3396051136487
          ],
          [
            4.95520354609976,
            52.3396051136487
          ]
        ]
      },
      "properties": {
        "marker": "",
        "Acc Y (g)": "1.155",
        "HRot Count": "",
        "Speed": "",
        "Samples": "2450",
        "Heading GPS (dg)": "",
        "Speed GPS": "",
        "Accuracy GPS": "",
        "Altitude GPS": "",
        "GNSS Timestamp": "",
        "HH:mm:ss": "",
        "SSS": "",
        "trip_id": "602DE_Trip8"
      }
    },
    {
      "type": "Feature",
      "geometry": {
        "type": "LineString",
        "coordinates": [
          [
            4.95520354609976,
            52.3396051136487
          ],
          [
            4.95520354609976,
            52.3396051136487
          ]
        ]
      },
      "properties": {
        "marker": "",
        "Acc Y (g)": "0.431",
        "HRot Count": "",
        "Speed": "",
        "Samples": "2451",
        "Heading GPS (dg)": "",
        "Speed GPS": "",
        "Accuracy GPS": "",
        "Altitude GPS": "",
        "GNSS Timestamp": "",
        "HH:mm:ss": "",
        "SSS": "",
        "trip_id": "602DE_Trip8"
      }
    },
    {
      "type": "Feature",
      "geometry": {
        "type": "LineString",
        "coordinates": [
          [
            4.95520354609976,
            52.3396051136487
          ],
          [
            4.95520354609976,
            52.3396051136487
          ]
        ]
      },
      "properties": {
        "marker": "",
        "Acc Y (g)": "0.215",
        "HRot Count": "",
        "Speed": "",
        "Samples": "2452",
        "Heading GPS (dg)": "",
        "Speed GPS": "",
        "Accuracy GPS": "",
        "Altitude GPS": "",
        "GNSS Timestamp": "",
        "HH:mm:ss": "",
        "SSS": "",
        "trip_id": "602DE_Trip8"
      }
    },
    {
      "type": "Feature",
      "geometry": {
        "type": "LineString",
        "coordinates": [
          [
            4.95520354609976,
            52.3396051136487
          ],
          [
            4.95520354609976,
            52.3396051136487
          ]
        ]
      },
      "properties": {
        "marker": "",
        "Acc Y (g)": "0.315",
        "HRot Count": "",
        "Speed": "",
        "Samples": "2453",
        "Heading GPS (dg)": "",
        "Speed GPS": "",
        "Accuracy GPS": "",
        "Altitude GPS": "",
        "GNSS Timestamp": "",
        "HH:mm:ss": "",
        "SSS": "",
        "trip_id": "602DE_Trip8"
      }
    },
    {
      "type": "Feature",
      "geometry": {
        "type": "LineString",
        "coordinates": [
          [
            4.95520354609976,
            52.3396051136487
          ],
          [
            4.95520354609976,
            52.3396051136487
          ]
        ]
      },
      "properties": {
        "marker": "",
        "Acc Y (g)": "-0.026",
        "HRot Count": "",
        "Speed": "",
        "Samples": "2454",
        "Heading GPS (dg)": "",
        "Speed GPS": "",
        "Accuracy GPS": "",
        "Altitude GPS": "",
        "GNSS Timestamp": "",
        "HH:mm:ss": "",
        "SSS": "",
        "trip_id": "602DE_Trip8"
      }
    },
    {
      "type": "Feature",
      "geometry": {
        "type": "LineString",
        "coordinates": [
          [
            4.95520354609976,
            52.3396051136487
          ],
          [
            4.95520354609976,
            52.3396051136487
          ]
        ]
      },
      "properties": {
        "marker": "",
        "Acc Y (g)": "-0.088",
        "HRot Count": "",
        "Speed": "",
        "Samples": "2455",
        "Heading GPS (dg)": "",
        "Speed GPS": "",
        "Accuracy GPS": "",
        "Altitude GPS": "",
        "GNSS Timestamp": "",
        "HH:mm:ss": "",
        "SSS": "",
        "trip_id": "602DE_Trip8"
      }
    },
    {
      "type": "Feature",
      "geometry": {
        "type": "LineString",
        "coordinates": [
          [
            4.95520354609976,
            52.3396051136487
          ],
          [
            4.95520354609976,
            52.3396051136487
          ]
        ]
      },
      "properties": {
        "marker": "",
        "Acc Y (g)": "-0.382",
        "HRot Count": "",
        "Speed": "",
        "Samples": "2456",
        "Heading GPS (dg)": "",
        "Speed GPS": "",
        "Accuracy GPS": "",
        "Altitude GPS": "",
        "GNSS Timestamp": "",
        "HH:mm:ss": "",
        "SSS": "",
        "trip_id": "602DE_Trip8"
      }
    },
    {
      "type": "Feature",
      "geometry": {
        "type": "LineString",
        "coordinates": [
          [
            4.95520354609976,
            52.3396051136487
          ],
          [
            4.95520354609976,
            52.3396051136487
          ]
        ]
      },
      "properties": {
        "marker": "",
        "Acc Y (g)": "-0.201",
        "HRot Count": "",
        "Speed": "",
        "Samples": "2457",
        "Heading GPS (dg)": "",
        "Speed GPS": "",
        "Accuracy GPS": "",
        "Altitude GPS": "",
        "GNSS Timestamp": "",
        "HH:mm:ss": "",
        "SSS": "",
        "trip_id": "602DE_Trip8"
      }
    },
    {
      "type": "Feature",
      "geometry": {
        "type": "LineString",
        "coordinates": [
          [
            4.95520354609976,
            52.3396051136487
          ],
          [
            4.95520354609976,
            52.3396051136487
          ]
        ]
      },
      "properties": {
        "marker": "",
        "Acc Y (g)": "-0.604",
        "HRot Count": "",
        "Speed": "",
        "Samples": "2458",
        "Heading GPS (dg)": "",
        "Speed GPS": "",
        "Accuracy GPS": "",
        "Altitude GPS": "",
        "GNSS Timestamp": "",
        "HH:mm:ss": "",
        "SSS": "",
        "trip_id": "602DE_Trip8"
      }
    },
    {
      "type": "Feature",
      "geometry": {
        "type": "LineString",
        "coordinates": [
          [
            4.95520354609976,
            52.3396051136487
          ],
          [
            4.95520354609976,
            52.3396051136487
          ]
        ]
      },
      "properties": {
        "marker": "",
        "Acc Y (g)": "-0.828",
        "HRot Count": "",
        "Speed": "",
        "Samples": "2459",
        "Heading GPS (dg)": "",
        "Speed GPS": "",
        "Accuracy GPS": "",
        "Altitude GPS": "",
        "GNSS Timestamp": "",
        "HH:mm:ss": "",
        "SSS": "",
        "trip_id": "602DE_Trip8"
      }
    },
    {
      "type": "Feature",
      "geometry": {
        "type": "LineString",
        "coordinates": [
          [
            4.95520354609976,
            52.3396051136487
          ],
          [
            4.95520354609976,
            52.3396051136487
          ]
        ]
      },
      "properties": {
        "marker": "7",
        "Acc Y (g)": "-0.560",
        "HRot Count": "30",
        "Speed": "1376",
        "Samples": "2460",
        "Heading GPS (dg)": "200",
        "Speed GPS": "12",
        "Accuracy GPS": "20",
        "Altitude GPS": "5",
        "GNSS Timestamp": "2026-05-06 08:09:00.999000+00:00",
        "HH:mm:ss": "10:08:59",
        "SSS": "326",
        "trip_id": "602DE_Trip8",
        "timestamp": "2026-05-06 08:09:00.999000+00:00"
      }
    },
    {
      "type": "Feature",
      "geometry": {
        "type": "LineString",
        "coordinates": [
          [
            4.95520354609976,
            52.3396051136487
          ],
          [
            4.95520354609976,
            52.3396051136487
          ]
        ]
      },
      "properties": {
        "marker": "",
        "Acc Y (g)": "-0.926",
        "HRot Count": "",
        "Speed": "",
        "Samples": "2461",
        "Heading GPS (dg)": "",
        "Speed GPS": "",
        "Accuracy GPS": "",
        "Altitude GPS": "",
        "GNSS Timestamp": "",
        "HH:mm:ss": "",
        "SSS": "",
        "trip_id": "602DE_Trip8"
      }
    },
    {
      "type": "Feature",
      "geometry": {
        "type": "LineString",
        "coordinates": [
          [
            4.95520354609976,
            52.3396051136487
          ],
          [
            4.95520354609976,
            52.3396051136487
          ]
        ]
      },
      "properties": {
        "marker": "",
        "Acc Y (g)": "-1.198",
        "HRot Count": "",
        "Speed": "",
        "Samples": "2462",
        "Heading GPS (dg)": "",
        "Speed GPS": "",
        "Accuracy GPS": "",
        "Altitude GPS": "",
        "GNSS Timestamp": "",
        "HH:mm:ss": "",
        "SSS": "",
        "trip_id": "602DE_Trip8"
      }
    },
    {
      "type": "Feature",
      "geometry": {
        "type": "LineString",
        "coordinates": [
          [
            4.95520354609976,
            52.3396051136487
          ],
          [
            4.95520354609976,
            52.3396051136487
          ]
        ]
      },
      "properties": {
        "marker": "",
        "Acc Y (g)": "-0.777",
        "HRot Count": "",
        "Speed": "",
        "Samples": "2463",
        "Heading GPS (dg)": "",
        "Speed GPS": "",
        "Accuracy GPS": "",
        "Altitude GPS": "",
        "GNSS Timestamp": "",
        "HH:mm:ss": "",
        "SSS": "",
        "trip_id": "602DE_Trip8"
      }
    },
    {
      "type": "Feature",
      "geometry": {
        "type": "LineString",
        "coordinates": [
          [
            4.95520354609976,
            52.3396051136487
          ],
          [
            4.95520354609976,
            52.3396051136487
          ]
        ]
      },
      "properties": {
        "marker": "",
        "Acc Y (g)": "-0.917",
        "HRot Count": "",
        "Speed": "",
        "Samples": "2464",
        "Heading GPS (dg)": "",
        "Speed GPS": "",
        "Accuracy GPS": "",
        "Altitude GPS": "",
        "GNSS Timestamp": "",
        "HH:mm:ss": "",
        "SSS": "",
        "trip_id": "602DE_Trip8"
      }
    },
    {
      "type": "Feature",
      "geometry": {
        "type": "LineString",
        "coordinates": [
          [
            4.95520354609976,
            52.3396051136487
          ],
          [
            4.95520354609976,
            52.3396051136487
          ]
        ]
      },
      "properties": {
        "marker": "",
        "Acc Y (g)": "-0.965",
        "HRot Count": "",
        "Speed": "",
        "Samples": "2465",
        "Heading GPS (dg)": "",
        "Speed GPS": "",
        "Accuracy GPS": "",
        "Altitude GPS": "",
        "GNSS Timestamp": "",
        "HH:mm:ss": "",
        "SSS": "",
        "trip_id": "602DE_Trip8"
      }
    },
    {
      "type": "Feature",
      "geometry": {
        "type": "LineString",
        "coordinates": [
          [
            4.95520354609976,
            52.3396051136487
          ],
          [
            4.95520354609976,
            52.3396051136487
          ]
        ]
      },
      "properties": {
        "marker": "",
        "Acc Y (g)": "-0.968",
        "HRot Count": "",
        "Speed": "",
        "Samples": "2466",
        "Heading GPS (dg)": "",
        "Speed GPS": "",
        "Accuracy GPS": "",
        "Altitude GPS": "",
        "GNSS Timestamp": "",
        "HH:mm:ss": "",
        "SSS": "",
        "trip_id": "602DE_Trip8"
      }
    },
    {
      "type": "Feature",
      "geometry": {
        "type": "LineString",
        "coordinates": [
          [
            4.95520354609976,
            52.3396051136487
          ],
          [
            4.95520354609976,
            52.3396051136487
          ]
        ]
      },
      "properties": {
        "marker": "",
        "Acc Y (g)": "-1.002",
        "HRot Count": "",
        "Speed": "",
        "Samples": "2467",
        "Heading GPS (dg)": "",
        "Speed GPS": "",
        "Accuracy GPS": "",
        "Altitude GPS": "",
        "GNSS Timestamp": "",
        "HH:mm:ss": "",
        "SSS": "",
        "trip_id": "602DE_Trip8"
      }
    },
    {
      "type": "Feature",
      "geometry": {
        "type": "LineString",
        "coordinates": [
          [
            4.95520354609976,
            52.3396051136487
          ],
          [
            4.95520354609976,
            52.3396051136487
          ]
        ]
      },
      "properties": {
        "marker": "",
        "Acc Y (g)": "-0.471",
        "HRot Count": "",
        "Speed": "",
        "Samples": "2468",
        "Heading GPS (dg)": "",
        "Speed GPS": "",
        "Accuracy GPS": "",
        "Altitude GPS": "",
        "GNSS Timestamp": "",
        "HH:mm:ss": "",
        "SSS": "",
        "trip_id": "602DE_Trip8"
      }
    },
    {
      "type": "Feature",
      "geometry": {
        "type": "LineString",
        "coordinates": [
          [
            4.95520354609976,
            52.3396051136487
          ],
          [
            4.95520354609976,
            52.3396051136487
          ]
        ]
      },
      "properties": {
        "marker": "",
        "Acc Y (g)": "-0.734",
        "HRot Count": "",
        "Speed": "",
        "Samples": "2469",
        "Heading GPS (dg)": "",
        "Speed GPS": "",
        "Accuracy GPS": "",
        "Altitude GPS": "",
        "GNSS Timestamp": "",
        "HH:mm:ss": "",
        "SSS": "",
        "trip_id": "602DE_Trip8"
      }
    },
    {
      "type": "Feature",
      "geometry": {
        "type": "LineString",
        "coordinates": [
          [
            4.95520354609976,
            52.3396051136487
          ],
          [
            4.95520354609976,
            52.3396051136487
          ]
        ]
      },
      "properties": {
        "marker": "",
        "Acc Y (g)": "-0.123",
        "HRot Count": "",
        "Speed": "",
        "Samples": "2470",
        "Heading GPS (dg)": "",
        "Speed GPS": "",
        "Accuracy GPS": "",
        "Altitude GPS": "",
        "GNSS Timestamp": "",
        "HH:mm:ss": "",
        "SSS": "",
        "trip_id": "602DE_Trip8"
      }
    },
    {
      "type": "Feature",
      "geometry": {
        "type": "LineString",
        "coordinates": [
          [
            4.95520354609976,
            52.3396051136487
          ],
          [
            4.95520354609976,
            52.3396051136487
          ]
        ]
      },
      "properties": {
        "marker": "",
        "Acc Y (g)": "-0.159",
        "HRot Count": "",
        "Speed": "",
        "Samples": "2471",
        "Heading GPS (dg)": "",
        "Speed GPS": "",
        "Accuracy GPS": "",
        "Altitude GPS": "",
        "GNSS Timestamp": "",
        "HH:mm:ss": "",
        "SSS": "",
        "trip_id": "602DE_Trip8"
      }
    },
    {
      "type": "Feature",
      "geometry": {
        "type": "LineString",
        "coordinates": [
          [
            4.95520354609976,
            52.3396051136487
          ],
          [
            4.95520354609976,
            52.3396051136487
          ]
        ]
      },
      "properties": {
        "marker": "",
        "Acc Y (g)": "-0.075",
        "HRot Count": "",
        "Speed": "",
        "Samples": "2472",
        "Heading GPS (dg)": "",
        "Speed GPS": "",
        "Accuracy GPS": "",
        "Altitude GPS": "",
        "GNSS Timestamp": "",
        "HH:mm:ss": "",
        "SSS": "",
        "trip_id": "602DE_Trip8"
      }
    },
    {
      "type": "Feature",
      "geometry": {
        "type": "LineString",
        "coordinates": [
          [
            4.95520354609976,
            52.3396051136487
          ],
          [
            4.95520354609976,
            52.3396051136487
          ]
        ]
      },
      "properties": {
        "marker": "",
        "Acc Y (g)": "-0.105",
        "HRot Count": "",
        "Speed": "",
        "Samples": "2473",
        "Heading GPS (dg)": "",
        "Speed GPS": "",
        "Accuracy GPS": "",
        "Altitude GPS": "",
        "GNSS Timestamp": "",
        "HH:mm:ss": "",
        "SSS": "",
        "trip_id": "602DE_Trip8"
      }
    },
    {
      "type": "Feature",
      "geometry": {
        "type": "LineString",
        "coordinates": [
          [
            4.95520354609976,
            52.3396051136487
          ],
          [
            4.95520354609976,
            52.3396051136487
          ]
        ]
      },
      "properties": {
        "marker": "",
        "Acc Y (g)": "0.271",
        "HRot Count": "",
        "Speed": "",
        "Samples": "2474",
        "Heading GPS (dg)": "",
        "Speed GPS": "",
        "Accuracy GPS": "",
        "Altitude GPS": "",
        "GNSS Timestamp": "",
        "HH:mm:ss": "",
        "SSS": "",
        "trip_id": "602DE_Trip8"
      }
    },
    {
      "type": "Feature",
      "geometry": {
        "type": "LineString",
        "coordinates": [
          [
            4.95520354609976,
            52.3396051136487
          ],
          [
            4.95520354609976,
            52.3396051136487
          ]
        ]
      },
      "properties": {
        "marker": "",
        "Acc Y (g)": "-0.017",
        "HRot Count": "",
        "Speed": "",
        "Samples": "2475",
        "Heading GPS (dg)": "",
        "Speed GPS": "",
        "Accuracy GPS": "",
        "Altitude GPS": "",
        "GNSS Timestamp": "",
        "HH:mm:ss": "",
        "SSS": "",
        "trip_id": "602DE_Trip8"
      }
    },
    {
      "type": "Feature",
      "geometry": {
        "type": "LineString",
        "coordinates": [
          [
            4.95520354609976,
            52.3396051136487
          ],
          [
            4.95520354609976,
            52.3396051136487
          ]
        ]
      },
      "properties": {
        "marker": "",
        "Acc Y (g)": "0.817",
        "HRot Count": "",
        "Speed": "",
        "Samples": "2476",
        "Heading GPS (dg)": "",
        "Speed GPS": "",
        "Accuracy GPS": "",
        "Altitude GPS": "",
        "GNSS Timestamp": "",
        "HH:mm:ss": "",
        "SSS": "",
        "trip_id": "602DE_Trip8"
      }
    },
    {
      "type": "Feature",
      "geometry": {
        "type": "LineString",
        "coordinates": [
          [
            4.95520354609976,
            52.3396051136487
          ],
          [
            4.95520354609976,
            52.3396051136487
          ]
        ]
      },
      "properties": {
        "marker": "",
        "Acc Y (g)": "0.611",
        "HRot Count": "",
        "Speed": "",
        "Samples": "2477",
        "Heading GPS (dg)": "",
        "Speed GPS": "",
        "Accuracy GPS": "",
        "Altitude GPS": "",
        "GNSS Timestamp": "",
        "HH:mm:ss": "",
        "SSS": "",
        "trip_id": "602DE_Trip8"
      }
    },
    {
      "type": "Feature",
      "geometry": {
        "type": "LineString",
        "coordinates": [
          [
            4.95520354609976,
            52.3396051136487
          ],
          [
            4.95520354609976,
            52.3396051136487
          ]
        ]
      },
      "properties": {
        "marker": "",
        "Acc Y (g)": "0.640",
        "HRot Count": "",
        "Speed": "",
        "Samples": "2478",
        "Heading GPS (dg)": "",
        "Speed GPS": "",
        "Accuracy GPS": "",
        "Altitude GPS": "",
        "GNSS Timestamp": "",
        "HH:mm:ss": "",
        "SSS": "",
        "trip_id": "602DE_Trip8"
      }
    },
    {
      "type": "Feature",
      "geometry": {
        "type": "LineString",
        "coordinates": [
          [
            4.95520354609976,
            52.3396051136487
          ],
          [
            4.95520354609976,
            52.3396051136487
          ]
        ]
      },
      "properties": {
        "marker": "7",
        "Acc Y (g)": "0.724",
        "HRot Count": "31",
        "Speed": "1363",
        "Samples": "2479",
        "Heading GPS (dg)": "200",
        "Speed GPS": "12",
        "Accuracy GPS": "20",
        "Altitude GPS": "5",
        "GNSS Timestamp": "2026-05-06 08:09:00.999000+00:00",
        "HH:mm:ss": "10:08:59",
        "SSS": "554",
        "trip_id": "602DE_Trip8",
        "timestamp": "2026-05-06 08:09:00.999000+00:00"
      }
    },
    {
      "type": "Feature",
      "geometry": {
        "type": "LineString",
        "coordinates": [
          [
            4.95520354609976,
            52.3396051136487
          ],
          [
            4.95520354609976,
            52.3396051136487
          ]
        ]
      },
      "properties": {
        "marker": "",
        "Acc Y (g)": "1.137",
        "HRot Count": "",
        "Speed": "",
        "Samples": "2480",
        "Heading GPS (dg)": "",
        "Speed GPS": "",
        "Accuracy GPS": "",
        "Altitude GPS": "",
        "GNSS Timestamp": "",
        "HH:mm:ss": "",
        "SSS": "",
        "trip_id": "602DE_Trip8"
      }
    },
    {
      "type": "Feature",
      "geometry": {
        "type": "LineString",
        "coordinates": [
          [
            4.95520354609976,
            52.3396051136487
          ],
          [
            4.95520354609976,
            52.3396051136487
          ]
        ]
      },
      "properties": {
        "marker": "",
        "Acc Y (g)": "1.106",
        "HRot Count": "",
        "Speed": "",
        "Samples": "2481",
        "Heading GPS (dg)": "",
        "Speed GPS": "",
        "Accuracy GPS": "",
        "Altitude GPS": "",
        "GNSS Timestamp": "",
        "HH:mm:ss": "",
        "SSS": "",
        "trip_id": "602DE_Trip8"
      }
    },
    {
      "type": "Feature",
      "geometry": {
        "type": "LineString",
        "coordinates": [
          [
            4.95520354609976,
            52.3396051136487
          ],
          [
            4.95520354609976,
            52.3396051136487
          ]
        ]
      },
      "properties": {
        "marker": "",
        "Acc Y (g)": "0.884",
        "HRot Count": "",
        "Speed": "",
        "Samples": "2482",
        "Heading GPS (dg)": "",
        "Speed GPS": "",
        "Accuracy GPS": "",
        "Altitude GPS": "",
        "GNSS Timestamp": "",
        "HH:mm:ss": "",
        "SSS": "",
        "trip_id": "602DE_Trip8"
      }
    },
    {
      "type": "Feature",
      "geometry": {
        "type": "LineString",
        "coordinates": [
          [
            4.95520354609976,
            52.3396051136487
          ],
          [
            4.95520354609976,
            52.3396051136487
          ]
        ]
      },
      "properties": {
        "marker": "",
        "Acc Y (g)": "1.043",
        "HRot Count": "",
        "Speed": "",
        "Samples": "2483",
        "Heading GPS (dg)": "",
        "Speed GPS": "",
        "Accuracy GPS": "",
        "Altitude GPS": "",
        "GNSS Timestamp": "",
        "HH:mm:ss": "",
        "SSS": "",
        "trip_id": "602DE_Trip8"
      }
    },
    {
      "type": "Feature",
      "geometry": {
        "type": "LineString",
        "coordinates": [
          [
            4.95520354609976,
            52.3396051136487
          ],
          [
            4.95520354609976,
            52.3396051136487
          ]
        ]
      },
      "properties": {
        "marker": "",
        "Acc Y (g)": "0.873",
        "HRot Count": "",
        "Speed": "",
        "Samples": "2484",
        "Heading GPS (dg)": "",
        "Speed GPS": "",
        "Accuracy GPS": "",
        "Altitude GPS": "",
        "GNSS Timestamp": "",
        "HH:mm:ss": "",
        "SSS": "",
        "trip_id": "602DE_Trip8"
      }
    },
    {
      "type": "Feature",
      "geometry": {
        "type": "LineString",
        "coordinates": [
          [
            4.95520354609976,
            52.3396051136487
          ],
          [
            4.95520354609976,
            52.3396051136487
          ]
        ]
      },
      "properties": {
        "marker": "",
        "Acc Y (g)": "0.974",
        "HRot Count": "",
        "Speed": "",
        "Samples": "2485",
        "Heading GPS (dg)": "",
        "Speed GPS": "",
        "Accuracy GPS": "",
        "Altitude GPS": "",
        "GNSS Timestamp": "",
        "HH:mm:ss": "",
        "SSS": "",
        "trip_id": "602DE_Trip8"
      }
    },
    {
      "type": "Feature",
      "geometry": {
        "type": "LineString",
        "coordinates": [
          [
            4.95520354609976,
            52.3396051136487
          ],
          [
            4.95520354609976,
            52.3396051136487
          ]
        ]
      },
      "properties": {
        "marker": "",
        "Acc Y (g)": "0.829",
        "HRot Count": "",
        "Speed": "",
        "Samples": "2486",
        "Heading GPS (dg)": "",
        "Speed GPS": "",
        "Accuracy GPS": "",
        "Altitude GPS": "",
        "GNSS Timestamp": "",
        "HH:mm:ss": "",
        "SSS": "",
        "trip_id": "602DE_Trip8"
      }
    },
    {
      "type": "Feature",
      "geometry": {
        "type": "LineString",
        "coordinates": [
          [
            4.95520354609976,
            52.3396051136487
          ],
          [
            4.95520354609976,
            52.3396051136487
          ]
        ]
      },
      "properties": {
        "marker": "",
        "Acc Y (g)": "0.635",
        "HRot Count": "",
        "Speed": "",
        "Samples": "2487",
        "Heading GPS (dg)": "",
        "Speed GPS": "",
        "Accuracy GPS": "",
        "Altitude GPS": "",
        "GNSS Timestamp": "",
        "HH:mm:ss": "",
        "SSS": "",
        "trip_id": "602DE_Trip8"
      }
    },
    {
      "type": "Feature",
      "geometry": {
        "type": "LineString",
        "coordinates": [
          [
            4.95520354609976,
            52.3396051136487
          ],
          [
            4.95520354609976,
            52.3396051136487
          ]
        ]
      },
      "properties": {
        "marker": "",
        "Acc Y (g)": "0.763",
        "HRot Count": "",
        "Speed": "",
        "Samples": "2488",
        "Heading GPS (dg)": "",
        "Speed GPS": "",
        "Accuracy GPS": "",
        "Altitude GPS": "",
        "GNSS Timestamp": "",
        "HH:mm:ss": "",
        "SSS": "",
        "trip_id": "602DE_Trip8"
      }
    },
    {
      "type": "Feature",
      "geometry": {
        "type": "LineString",
        "coordinates": [
          [
            4.95520354609976,
            52.3396051136487
          ],
          [
            4.95520354609976,
            52.3396051136487
          ]
        ]
      },
      "properties": {
        "marker": "",
        "Acc Y (g)": "0.531",
        "HRot Count": "",
        "Speed": "",
        "Samples": "2489",
        "Heading GPS (dg)": "",
        "Speed GPS": "",
        "Accuracy GPS": "",
        "Altitude GPS": "",
        "GNSS Timestamp": "",
        "HH:mm:ss": "",
        "SSS": "",
        "trip_id": "602DE_Trip8"
      }
    },
    {
      "type": "Feature",
      "geometry": {
        "type": "LineString",
        "coordinates": [
          [
            4.95520354609976,
            52.3396051136487
          ],
          [
            4.95520354609976,
            52.3396051136487
          ]
        ]
      },
      "properties": {
        "marker": "",
        "Acc Y (g)": "0.470",
        "HRot Count": "",
        "Speed": "",
        "Samples": "2490",
        "Heading GPS (dg)": "",
        "Speed GPS": "",
        "Accuracy GPS": "",
        "Altitude GPS": "",
        "GNSS Timestamp": "",
        "HH:mm:ss": "",
        "SSS": "",
        "trip_id": "602DE_Trip8"
      }
    },
    {
      "type": "Feature",
      "geometry": {
        "type": "LineString",
        "coordinates": [
          [
            4.95520354609976,
            52.3396051136487
          ],
          [
            4.95520354609976,
            52.3396051136487
          ]
        ]
      },
      "properties": {
        "marker": "",
        "Acc Y (g)": "0.342",
        "HRot Count": "",
        "Speed": "",
        "Samples": "2491",
        "Heading GPS (dg)": "",
        "Speed GPS": "",
        "Accuracy GPS": "",
        "Altitude GPS": "",
        "GNSS Timestamp": "",
        "HH:mm:ss": "",
        "SSS": "",
        "trip_id": "602DE_Trip8"
      }
    },
    {
      "type": "Feature",
      "geometry": {
        "type": "LineString",
        "coordinates": [
          [
            4.95520354609976,
            52.3396051136487
          ],
          [
            4.95520354609976,
            52.3396051136487
          ]
        ]
      },
      "properties": {
        "marker": "",
        "Acc Y (g)": "0.036",
        "HRot Count": "",
        "Speed": "",
        "Samples": "2492",
        "Heading GPS (dg)": "",
        "Speed GPS": "",
        "Accuracy GPS": "",
        "Altitude GPS": "",
        "GNSS Timestamp": "",
        "HH:mm:ss": "",
        "SSS": "",
        "trip_id": "602DE_Trip8"
      }
    },
    {
      "type": "Feature",
      "geometry": {
        "type": "LineString",
        "coordinates": [
          [
            4.95520354609976,
            52.3396051136487
          ],
          [
            4.95520354609976,
            52.3396051136487
          ]
        ]
      },
      "properties": {
        "marker": "",
        "Acc Y (g)": "-0.157",
        "HRot Count": "",
        "Speed": "",
        "Samples": "2493",
        "Heading GPS (dg)": "",
        "Speed GPS": "",
        "Accuracy GPS": "",
        "Altitude GPS": "",
        "GNSS Timestamp": "",
        "HH:mm:ss": "",
        "SSS": "",
        "trip_id": "602DE_Trip8"
      }
    },
    {
      "type": "Feature",
      "geometry": {
        "type": "LineString",
        "coordinates": [
          [
            4.95520354609976,
            52.3396051136487
          ],
          [
            4.95520354609976,
            52.3396051136487
          ]
        ]
      },
      "properties": {
        "marker": "",
        "Acc Y (g)": "-0.437",
        "HRot Count": "",
        "Speed": "",
        "Samples": "2494",
        "Heading GPS (dg)": "",
        "Speed GPS": "",
        "Accuracy GPS": "",
        "Altitude GPS": "",
        "GNSS Timestamp": "",
        "HH:mm:ss": "",
        "SSS": "",
        "trip_id": "602DE_Trip8"
      }
    },
    {
      "type": "Feature",
      "geometry": {
        "type": "LineString",
        "coordinates": [
          [
            4.95520354609976,
            52.3396051136487
          ],
          [
            4.95520354609976,
            52.3396051136487
          ]
        ]
      },
      "properties": {
        "marker": "",
        "Acc Y (g)": "-0.370",
        "HRot Count": "",
        "Speed": "",
        "Samples": "2495",
        "Heading GPS (dg)": "",
        "Speed GPS": "",
        "Accuracy GPS": "",
        "Altitude GPS": "",
        "GNSS Timestamp": "",
        "HH:mm:ss": "",
        "SSS": "",
        "trip_id": "602DE_Trip8"
      }
    },
    {
      "type": "Feature",
      "geometry": {
        "type": "LineString",
        "coordinates": [
          [
            4.95520354609976,
            52.3396051136487
          ],
          [
            4.95520354609976,
            52.3396051136487
          ]
        ]
      },
      "properties": {
        "marker": "",
        "Acc Y (g)": "-0.478",
        "HRot Count": "",
        "Speed": "",
        "Samples": "2496",
        "Heading GPS (dg)": "",
        "Speed GPS": "",
        "Accuracy GPS": "",
        "Altitude GPS": "",
        "GNSS Timestamp": "",
        "HH:mm:ss": "",
        "SSS": "",
        "trip_id": "602DE_Trip8"
      }
    },
    {
      "type": "Feature",
      "geometry": {
        "type": "LineString",
        "coordinates": [
          [
            4.95520354609976,
            52.3396051136487
          ],
          [
            4.95520354609976,
            52.3396051136487
          ]
        ]
      },
      "properties": {
        "marker": "",
        "Acc Y (g)": "-0.800",
        "HRot Count": "",
        "Speed": "",
        "Samples": "2497",
        "Heading GPS (dg)": "",
        "Speed GPS": "",
        "Accuracy GPS": "",
        "Altitude GPS": "",
        "GNSS Timestamp": "",
        "HH:mm:ss": "",
        "SSS": "",
        "trip_id": "602DE_Trip8"
      }
    },
    {
      "type": "Feature",
      "geometry": {
        "type": "LineString",
        "coordinates": [
          [
            4.95520354609976,
            52.3396051136487
          ],
          [
            4.95520354609976,
            52.3396051136487
          ]
        ]
      },
      "properties": {
        "marker": "7",
        "Acc Y (g)": "-0.729",
        "HRot Count": "32",
        "Speed": "1351",
        "Samples": "2498",
        "Heading GPS (dg)": "200",
        "Speed GPS": "12",
        "Accuracy GPS": "20",
        "Altitude GPS": "5",
        "GNSS Timestamp": "2026-05-06 08:09:00.999000+00:00",
        "HH:mm:ss": "10:08:59",
        "SSS": "942",
        "trip_id": "602DE_Trip8",
        "timestamp": "2026-05-06 08:09:00.999000+00:00"
      }
    },
    {
      "type": "Feature",
      "geometry": {
        "type": "LineString",
        "coordinates": [
          [
            4.95520354609976,
            52.3396051136487
          ],
          [
            4.95520354609976,
            52.3396051136487
          ]
        ]
      },
      "properties": {
        "marker": "",
        "Acc Y (g)": "-0.674",
        "HRot Count": "",
        "Speed": "",
        "Samples": "2499",
        "Heading GPS (dg)": "",
        "Speed GPS": "",
        "Accuracy GPS": "",
        "Altitude GPS": "",
        "GNSS Timestamp": "",
        "HH:mm:ss": "",
        "SSS": "",
        "trip_id": "602DE_Trip8"
      }
    },
    {
      "type": "Feature",
      "geometry": {
        "type": "LineString",
        "coordinates": [
          [
            4.95520354609976,
            52.3396051136487
          ],
          [
            4.95520354609976,
            52.3396051136487
          ]
        ]
      },
      "properties": {
        "marker": "",
        "Acc Y (g)": "-0.869",
        "HRot Count": "",
        "Speed": "",
        "Samples": "2500",
        "Heading GPS (dg)": "",
        "Speed GPS": "",
        "Accuracy GPS": "",
        "Altitude GPS": "",
        "GNSS Timestamp": "",
        "HH:mm:ss": "",
        "SSS": "",
        "trip_id": "602DE_Trip8"
      }
    },
    {
      "type": "Feature",
      "geometry": {
        "type": "LineString",
        "coordinates": [
          [
            4.95520354609976,
            52.3396051136487
          ],
          [
            4.95520354609976,
            52.3396051136487
          ]
        ]
      },
      "properties": {
        "marker": "",
        "Acc Y (g)": "-0.804",
        "HRot Count": "",
        "Speed": "",
        "Samples": "2501",
        "Heading GPS (dg)": "",
        "Speed GPS": "",
        "Accuracy GPS": "",
        "Altitude GPS": "",
        "GNSS Timestamp": "",
        "HH:mm:ss": "",
        "SSS": "",
        "trip_id": "602DE_Trip8"
      }
    },
    {
      "type": "Feature",
      "geometry": {
        "type": "LineString",
        "coordinates": [
          [
            4.95520354609976,
            52.3396051136487
          ],
          [
            4.95520354609976,
            52.3396051136487
          ]
        ]
      },
      "properties": {
        "marker": "",
        "Acc Y (g)": "-0.971",
        "HRot Count": "",
        "Speed": "",
        "Samples": "2502",
        "Heading GPS (dg)": "",
        "Speed GPS": "",
        "Accuracy GPS": "",
        "Altitude GPS": "",
        "GNSS Timestamp": "",
        "HH:mm:ss": "",
        "SSS": "",
        "trip_id": "602DE_Trip8"
      }
    },
    {
      "type": "Feature",
      "geometry": {
        "type": "LineString",
        "coordinates": [
          [
            4.95520354609976,
            52.3396051136487
          ],
          [
            4.95520354609976,
            52.3396051136487
          ]
        ]
      },
      "properties": {
        "marker": "",
        "Acc Y (g)": "-1.064",
        "HRot Count": "",
        "Speed": "",
        "Samples": "2503",
        "Heading GPS (dg)": "",
        "Speed GPS": "",
        "Accuracy GPS": "",
        "Altitude GPS": "",
        "GNSS Timestamp": "",
        "HH:mm:ss": "",
        "SSS": "",
        "trip_id": "602DE_Trip8"
      }
    },
    {
      "type": "Feature",
      "geometry": {
        "type": "LineString",
        "coordinates": [
          [
            4.95520354609976,
            52.3396051136487
          ],
          [
            4.95520354609976,
            52.3396051136487
          ]
        ]
      },
      "properties": {
        "marker": "",
        "Acc Y (g)": "-1.229",
        "HRot Count": "",
        "Speed": "",
        "Samples": "2504",
        "Heading GPS (dg)": "",
        "Speed GPS": "",
        "Accuracy GPS": "",
        "Altitude GPS": "",
        "GNSS Timestamp": "",
        "HH:mm:ss": "",
        "SSS": "",
        "trip_id": "602DE_Trip8"
      }
    },
    {
      "type": "Feature",
      "geometry": {
        "type": "LineString",
        "coordinates": [
          [
            4.95520354609976,
            52.3396051136487
          ],
          [
            4.95520354609976,
            52.3396051136487
          ]
        ]
      },
      "properties": {
        "marker": "",
        "Acc Y (g)": "-0.729",
        "HRot Count": "",
        "Speed": "",
        "Samples": "2505",
        "Heading GPS (dg)": "",
        "Speed GPS": "",
        "Accuracy GPS": "",
        "Altitude GPS": "",
        "GNSS Timestamp": "",
        "HH:mm:ss": "",
        "SSS": "",
        "trip_id": "602DE_Trip8"
      }
    },
    {
      "type": "Feature",
      "geometry": {
        "type": "LineString",
        "coordinates": [
          [
            4.95520354609976,
            52.3396051136487
          ],
          [
            4.95520354609976,
            52.3396051136487
          ]
        ]
      },
      "properties": {
        "marker": "",
        "Acc Y (g)": "-0.626",
        "HRot Count": "",
        "Speed": "",
        "Samples": "2506",
        "Heading GPS (dg)": "",
        "Speed GPS": "",
        "Accuracy GPS": "",
        "Altitude GPS": "",
        "GNSS Timestamp": "",
        "HH:mm:ss": "",
        "SSS": "",
        "trip_id": "602DE_Trip8"
      }
    },
    {
      "type": "Feature",
      "geometry": {
        "type": "LineString",
        "coordinates": [
          [
            4.95520354609976,
            52.3396051136487
          ],
          [
            4.95520354609976,
            52.3396051136487
          ]
        ]
      },
      "properties": {
        "marker": "",
        "Acc Y (g)": "-0.767",
        "HRot Count": "",
        "Speed": "",
        "Samples": "2507",
        "Heading GPS (dg)": "",
        "Speed GPS": "",
        "Accuracy GPS": "",
        "Altitude GPS": "",
        "GNSS Timestamp": "",
        "HH:mm:ss": "",
        "SSS": "",
        "trip_id": "602DE_Trip8"
      }
    },
    {
      "type": "Feature",
      "geometry": {
        "type": "LineString",
        "coordinates": [
          [
            4.95520354609976,
            52.3396051136487
          ],
          [
            4.95520354609976,
            52.3396051136487
          ]
        ]
      },
      "properties": {
        "marker": "",
        "Acc Y (g)": "-0.459",
        "HRot Count": "",
        "Speed": "",
        "Samples": "2508",
        "Heading GPS (dg)": "",
        "Speed GPS": "",
        "Accuracy GPS": "",
        "Altitude GPS": "",
        "GNSS Timestamp": "",
        "HH:mm:ss": "",
        "SSS": "",
        "trip_id": "602DE_Trip8"
      }
    },
    {
      "type": "Feature",
      "geometry": {
        "type": "LineString",
        "coordinates": [
          [
            4.95520354609976,
            52.3396051136487
          ],
          [
            4.95520354609976,
            52.3396051136487
          ]
        ]
      },
      "properties": {
        "marker": "",
        "Acc Y (g)": "-0.035",
        "HRot Count": "",
        "Speed": "",
        "Samples": "2509",
        "Heading GPS (dg)": "",
        "Speed GPS": "",
        "Accuracy GPS": "",
        "Altitude GPS": "",
        "GNSS Timestamp": "",
        "HH:mm:ss": "",
        "SSS": "",
        "trip_id": "602DE_Trip8"
      }
    },
    {
      "type": "Feature",
      "geometry": {
        "type": "LineString",
        "coordinates": [
          [
            4.95520354609976,
            52.3396051136487
          ],
          [
            4.95520354609976,
            52.3396051136487
          ]
        ]
      },
      "properties": {
        "marker": "",
        "Acc Y (g)": "-0.301",
        "HRot Count": "",
        "Speed": "",
        "Samples": "2510",
        "Heading GPS (dg)": "",
        "Speed GPS": "",
        "Accuracy GPS": "",
        "Altitude GPS": "",
        "GNSS Timestamp": "",
        "HH:mm:ss": "",
        "SSS": "",
        "trip_id": "602DE_Trip8"
      }
    },
    {
      "type": "Feature",
      "geometry": {
        "type": "LineString",
        "coordinates": [
          [
            4.95520354609976,
            52.3396051136487
          ],
          [
            4.95520354609976,
            52.3396051136487
          ]
        ]
      },
      "properties": {
        "marker": "",
        "Acc Y (g)": "-0.090",
        "HRot Count": "",
        "Speed": "",
        "Samples": "2511",
        "Heading GPS (dg)": "",
        "Speed GPS": "",
        "Accuracy GPS": "",
        "Altitude GPS": "",
        "GNSS Timestamp": "",
        "HH:mm:ss": "",
        "SSS": "",
        "trip_id": "602DE_Trip8"
      }
    },
    {
      "type": "Feature",
      "geometry": {
        "type": "LineString",
        "coordinates": [
          [
            4.95520354609976,
            52.3396051136487
          ],
          [
            4.95520354609976,
            52.3396051136487
          ]
        ]
      },
      "properties": {
        "marker": "",
        "Acc Y (g)": "0.140",
        "HRot Count": "",
        "Speed": "",
        "Samples": "2512",
        "Heading GPS (dg)": "",
        "Speed GPS": "",
        "Accuracy GPS": "",
        "Altitude GPS": "",
        "GNSS Timestamp": "",
        "HH:mm:ss": "",
        "SSS": "",
        "trip_id": "602DE_Trip8"
      }
    },
    {
      "type": "Feature",
      "geometry": {
        "type": "LineString",
        "coordinates": [
          [
            4.95520354609976,
            52.3396051136487
          ],
          [
            4.95520354609976,
            52.3396051136487
          ]
        ]
      },
      "properties": {
        "marker": "",
        "Acc Y (g)": "0.295",
        "HRot Count": "",
        "Speed": "",
        "Samples": "2513",
        "Heading GPS (dg)": "",
        "Speed GPS": "",
        "Accuracy GPS": "",
        "Altitude GPS": "",
        "GNSS Timestamp": "",
        "HH:mm:ss": "",
        "SSS": "",
        "trip_id": "602DE_Trip8"
      }
    },
    {
      "type": "Feature",
      "geometry": {
        "type": "LineString",
        "coordinates": [
          [
            4.95520354609976,
            52.3396051136487
          ],
          [
            4.95520354609976,
            52.3396051136487
          ]
        ]
      },
      "properties": {
        "marker": "",
        "Acc Y (g)": "0.643",
        "HRot Count": "",
        "Speed": "",
        "Samples": "2514",
        "Heading GPS (dg)": "",
        "Speed GPS": "",
        "Accuracy GPS": "",
        "Altitude GPS": "",
        "GNSS Timestamp": "",
        "HH:mm:ss": "",
        "SSS": "",
        "trip_id": "602DE_Trip8"
      }
    },
    {
      "type": "Feature",
      "geometry": {
        "type": "LineString",
        "coordinates": [
          [
            4.95520354609976,
            52.3396051136487
          ],
          [
            4.95520354609976,
            52.3396051136487
          ]
        ]
      },
      "properties": {
        "marker": "",
        "Acc Y (g)": "0.521",
        "HRot Count": "",
        "Speed": "",
        "Samples": "2515",
        "Heading GPS (dg)": "",
        "Speed GPS": "",
        "Accuracy GPS": "",
        "Altitude GPS": "",
        "GNSS Timestamp": "",
        "HH:mm:ss": "",
        "SSS": "",
        "trip_id": "602DE_Trip8"
      }
    },
    {
      "type": "Feature",
      "geometry": {
        "type": "LineString",
        "coordinates": [
          [
            4.95520354609976,
            52.3396051136487
          ],
          [
            4.95520354609976,
            52.3396051136487
          ]
        ]
      },
      "properties": {
        "marker": "",
        "Acc Y (g)": "0.787",
        "HRot Count": "",
        "Speed": "",
        "Samples": "2516",
        "Heading GPS (dg)": "",
        "Speed GPS": "",
        "Accuracy GPS": "",
        "Altitude GPS": "",
        "GNSS Timestamp": "",
        "HH:mm:ss": "",
        "SSS": "",
        "trip_id": "602DE_Trip8"
      }
    },
    {
      "type": "Feature",
      "geometry": {
        "type": "LineString",
        "coordinates": [
          [
            4.95520354609976,
            52.3396051136487
          ],
          [
            4.95520354609976,
            52.3396051136487
          ]
        ]
      },
      "properties": {
        "marker": "7",
        "Acc Y (g)": "0.656",
        "HRot Count": "33",
        "Speed": "1327",
        "Samples": "2517",
        "Heading GPS (dg)": "200",
        "Speed GPS": "12",
        "Accuracy GPS": "20",
        "Altitude GPS": "5",
        "GNSS Timestamp": "2026-05-06 08:09:00.999000+00:00",
        "HH:mm:ss": "10:09:00",
        "SSS": "330",
        "trip_id": "602DE_Trip8",
        "timestamp": "2026-05-06 08:09:00.999000+00:00"
      }
    },
    {
      "type": "Feature",
      "geometry": {
        "type": "LineString",
        "coordinates": [
          [
            4.95520354609976,
            52.3396051136487
          ],
          [
            4.95520354609976,
            52.3396051136487
          ]
        ]
      },
      "properties": {
        "marker": "",
        "Acc Y (g)": "0.996",
        "HRot Count": "",
        "Speed": "",
        "Samples": "2518",
        "Heading GPS (dg)": "",
        "Speed GPS": "",
        "Accuracy GPS": "",
        "Altitude GPS": "",
        "GNSS Timestamp": "",
        "HH:mm:ss": "",
        "SSS": "",
        "trip_id": "602DE_Trip8"
      }
    },
    {
      "type": "Feature",
      "geometry": {
        "type": "LineString",
        "coordinates": [
          [
            4.95520354609976,
            52.3396051136487
          ],
          [
            4.95520354609976,
            52.3396051136487
          ]
        ]
      },
      "properties": {
        "marker": "",
        "Acc Y (g)": "1.054",
        "HRot Count": "",
        "Speed": "",
        "Samples": "2519",
        "Heading GPS (dg)": "",
        "Speed GPS": "",
        "Accuracy GPS": "",
        "Altitude GPS": "",
        "GNSS Timestamp": "",
        "HH:mm:ss": "",
        "SSS": "",
        "trip_id": "602DE_Trip8"
      }
    },
    {
      "type": "Feature",
      "geometry": {
        "type": "LineString",
        "coordinates": [
          [
            4.95520354609976,
            52.3396051136487
          ],
          [
            4.95520354609976,
            52.3396051136487
          ]
        ]
      },
      "properties": {
        "marker": "",
        "Acc Y (g)": "1.237",
        "HRot Count": "",
        "Speed": "",
        "Samples": "2520",
        "Heading GPS (dg)": "",
        "Speed GPS": "",
        "Accuracy GPS": "",
        "Altitude GPS": "",
        "GNSS Timestamp": "",
        "HH:mm:ss": "",
        "SSS": "",
        "trip_id": "602DE_Trip8"
      }
    },
    {
      "type": "Feature",
      "geometry": {
        "type": "LineString",
        "coordinates": [
          [
            4.95520354609976,
            52.3396051136487
          ],
          [
            4.95520354609976,
            52.3396051136487
          ]
        ]
      },
      "properties": {
        "marker": "",
        "Acc Y (g)": "1.071",
        "HRot Count": "",
        "Speed": "",
        "Samples": "2521",
        "Heading GPS (dg)": "",
        "Speed GPS": "",
        "Accuracy GPS": "",
        "Altitude GPS": "",
        "GNSS Timestamp": "",
        "HH:mm:ss": "",
        "SSS": "",
        "trip_id": "602DE_Trip8"
      }
    },
    {
      "type": "Feature",
      "geometry": {
        "type": "LineString",
        "coordinates": [
          [
            4.95520354609976,
            52.3396051136487
          ],
          [
            4.95520354609976,
            52.3396051136487
          ]
        ]
      },
      "properties": {
        "marker": "",
        "Acc Y (g)": "0.866",
        "HRot Count": "",
        "Speed": "",
        "Samples": "2522",
        "Heading GPS (dg)": "",
        "Speed GPS": "",
        "Accuracy GPS": "",
        "Altitude GPS": "",
        "GNSS Timestamp": "",
        "HH:mm:ss": "",
        "SSS": "",
        "trip_id": "602DE_Trip8"
      }
    },
    {
      "type": "Feature",
      "geometry": {
        "type": "LineString",
        "coordinates": [
          [
            4.95520354609976,
            52.3396051136487
          ],
          [
            4.95520354609976,
            52.3396051136487
          ]
        ]
      },
      "properties": {
        "marker": "",
        "Acc Y (g)": "1.007",
        "HRot Count": "",
        "Speed": "",
        "Samples": "2523",
        "Heading GPS (dg)": "",
        "Speed GPS": "",
        "Accuracy GPS": "",
        "Altitude GPS": "",
        "GNSS Timestamp": "",
        "HH:mm:ss": "",
        "SSS": "",
        "trip_id": "602DE_Trip8"
      }
    },
    {
      "type": "Feature",
      "geometry": {
        "type": "LineString",
        "coordinates": [
          [
            4.95520354609976,
            52.3396051136487
          ],
          [
            4.95520354609976,
            52.3396051136487
          ]
        ]
      },
      "properties": {
        "marker": "",
        "Acc Y (g)": "0.913",
        "HRot Count": "",
        "Speed": "",
        "Samples": "2524",
        "Heading GPS (dg)": "",
        "Speed GPS": "",
        "Accuracy GPS": "",
        "Altitude GPS": "",
        "GNSS Timestamp": "",
        "HH:mm:ss": "",
        "SSS": "",
        "trip_id": "602DE_Trip8"
      }
    },
    {
      "type": "Feature",
      "geometry": {
        "type": "LineString",
        "coordinates": [
          [
            4.95520354609976,
            52.3396051136487
          ],
          [
            4.95520354609976,
            52.3396051136487
          ]
        ]
      },
      "properties": {
        "marker": "",
        "Acc Y (g)": "0.962",
        "HRot Count": "",
        "Speed": "",
        "Samples": "2525",
        "Heading GPS (dg)": "",
        "Speed GPS": "",
        "Accuracy GPS": "",
        "Altitude GPS": "",
        "GNSS Timestamp": "",
        "HH:mm:ss": "",
        "SSS": "",
        "trip_id": "602DE_Trip8"
      }
    },
    {
      "type": "Feature",
      "geometry": {
        "type": "LineString",
        "coordinates": [
          [
            4.95520354609976,
            52.3396051136487
          ],
          [
            4.95520354609976,
            52.3396051136487
          ]
        ]
      },
      "properties": {
        "marker": "",
        "Acc Y (g)": "0.476",
        "HRot Count": "",
        "Speed": "",
        "Samples": "2526",
        "Heading GPS (dg)": "",
        "Speed GPS": "",
        "Accuracy GPS": "",
        "Altitude GPS": "",
        "GNSS Timestamp": "",
        "HH:mm:ss": "",
        "SSS": "",
        "trip_id": "602DE_Trip8"
      }
    },
    {
      "type": "Feature",
      "geometry": {
        "type": "LineString",
        "coordinates": [
          [
            4.95520354609976,
            52.3396051136487
          ],
          [
            4.95520354609976,
            52.3396051136487
          ]
        ]
      },
      "properties": {
        "marker": "",
        "Acc Y (g)": "0.771",
        "HRot Count": "",
        "Speed": "",
        "Samples": "2527",
        "Heading GPS (dg)": "",
        "Speed GPS": "",
        "Accuracy GPS": "",
        "Altitude GPS": "",
        "GNSS Timestamp": "",
        "HH:mm:ss": "",
        "SSS": "",
        "trip_id": "602DE_Trip8"
      }
    },
    {
      "type": "Feature",
      "geometry": {
        "type": "LineString",
        "coordinates": [
          [
            4.95520354609976,
            52.3396051136487
          ],
          [
            4.95520354609976,
            52.3396051136487
          ]
        ]
      },
      "properties": {
        "marker": "",
        "Acc Y (g)": "0.664",
        "HRot Count": "",
        "Speed": "",
        "Samples": "2528",
        "Heading GPS (dg)": "",
        "Speed GPS": "",
        "Accuracy GPS": "",
        "Altitude GPS": "",
        "GNSS Timestamp": "",
        "HH:mm:ss": "",
        "SSS": "",
        "trip_id": "602DE_Trip8"
      }
    },
    {
      "type": "Feature",
      "geometry": {
        "type": "LineString",
        "coordinates": [
          [
            4.95520354609976,
            52.3396051136487
          ],
          [
            4.95520354609976,
            52.3396051136487
          ]
        ]
      },
      "properties": {
        "marker": "",
        "Acc Y (g)": "0.382",
        "HRot Count": "",
        "Speed": "",
        "Samples": "2529",
        "Heading GPS (dg)": "",
        "Speed GPS": "",
        "Accuracy GPS": "",
        "Altitude GPS": "",
        "GNSS Timestamp": "",
        "HH:mm:ss": "",
        "SSS": "",
        "trip_id": "602DE_Trip8"
      }
    },
    {
      "type": "Feature",
      "geometry": {
        "type": "LineString",
        "coordinates": [
          [
            4.95520354609976,
            52.3396051136487
          ],
          [
            4.95520354609976,
            52.3396051136487
          ]
        ]
      },
      "properties": {
        "marker": "",
        "Acc Y (g)": "0.389",
        "HRot Count": "",
        "Speed": "",
        "Samples": "2530",
        "Heading GPS (dg)": "",
        "Speed GPS": "",
        "Accuracy GPS": "",
        "Altitude GPS": "",
        "GNSS Timestamp": "",
        "HH:mm:ss": "",
        "SSS": "",
        "trip_id": "602DE_Trip8"
      }
    },
    {
      "type": "Feature",
      "geometry": {
        "type": "LineString",
        "coordinates": [
          [
            4.95520354609976,
            52.3396051136487
          ],
          [
            4.95520354609976,
            52.3396051136487
          ]
        ]
      },
      "properties": {
        "marker": "",
        "Acc Y (g)": "0.087",
        "HRot Count": "",
        "Speed": "",
        "Samples": "2531",
        "Heading GPS (dg)": "",
        "Speed GPS": "",
        "Accuracy GPS": "",
        "Altitude GPS": "",
        "GNSS Timestamp": "",
        "HH:mm:ss": "",
        "SSS": "",
        "trip_id": "602DE_Trip8"
      }
    },
    {
      "type": "Feature",
      "geometry": {
        "type": "LineString",
        "coordinates": [
          [
            4.95520354609976,
            52.3396051136487
          ],
          [
            4.95520354609976,
            52.3396051136487
          ]
        ]
      },
      "properties": {
        "marker": "",
        "Acc Y (g)": "-0.087",
        "HRot Count": "",
        "Speed": "",
        "Samples": "2532",
        "Heading GPS (dg)": "",
        "Speed GPS": "",
        "Accuracy GPS": "",
        "Altitude GPS": "",
        "GNSS Timestamp": "",
        "HH:mm:ss": "",
        "SSS": "",
        "trip_id": "602DE_Trip8"
      }
    },
    {
      "type": "Feature",
      "geometry": {
        "type": "LineString",
        "coordinates": [
          [
            4.95520354609976,
            52.3396051136487
          ],
          [
            4.95520354609976,
            52.3396051136487
          ]
        ]
      },
      "properties": {
        "marker": "",
        "Acc Y (g)": "-0.195",
        "HRot Count": "",
        "Speed": "",
        "Samples": "2533",
        "Heading GPS (dg)": "",
        "Speed GPS": "",
        "Accuracy GPS": "",
        "Altitude GPS": "",
        "GNSS Timestamp": "",
        "HH:mm:ss": "",
        "SSS": "",
        "trip_id": "602DE_Trip8"
      }
    },
    {
      "type": "Feature",
      "geometry": {
        "type": "LineString",
        "coordinates": [
          [
            4.95520354609976,
            52.3396051136487
          ],
          [
            4.95520354609976,
            52.3396051136487
          ]
        ]
      },
      "properties": {
        "marker": "",
        "Acc Y (g)": "-0.298",
        "HRot Count": "",
        "Speed": "",
        "Samples": "2534",
        "Heading GPS (dg)": "",
        "Speed GPS": "",
        "Accuracy GPS": "",
        "Altitude GPS": "",
        "GNSS Timestamp": "",
        "HH:mm:ss": "",
        "SSS": "",
        "trip_id": "602DE_Trip8"
      }
    },
    {
      "type": "Feature",
      "geometry": {
        "type": "LineString",
        "coordinates": [
          [
            4.95520354609976,
            52.3396051136487
          ],
          [
            4.95520354609976,
            52.3396051136487
          ]
        ]
      },
      "properties": {
        "marker": "",
        "Acc Y (g)": "-0.567",
        "HRot Count": "",
        "Speed": "",
        "Samples": "2535",
        "Heading GPS (dg)": "",
        "Speed GPS": "",
        "Accuracy GPS": "",
        "Altitude GPS": "",
        "GNSS Timestamp": "",
        "HH:mm:ss": "",
        "SSS": "",
        "trip_id": "602DE_Trip8"
      }
    },
    {
      "type": "Feature",
      "geometry": {
        "type": "LineString",
        "coordinates": [
          [
            4.95520354609976,
            52.3396051136487
          ],
          [
            4.95520354609976,
            52.3396051136487
          ]
        ]
      },
      "properties": {
        "marker": "",
        "Acc Y (g)": "-0.620",
        "HRot Count": "",
        "Speed": "",
        "Samples": "2536",
        "Heading GPS (dg)": "",
        "Speed GPS": "",
        "Accuracy GPS": "",
        "Altitude GPS": "",
        "GNSS Timestamp": "",
        "HH:mm:ss": "",
        "SSS": "",
        "trip_id": "602DE_Trip8"
      }
    },
    {
      "type": "Feature",
      "geometry": {
        "type": "LineString",
        "coordinates": [
          [
            4.95520354609976,
            52.3396051136487
          ],
          [
            4.95520354609976,
            52.3396051136487
          ]
        ]
      },
      "properties": {
        "marker": "",
        "Acc Y (g)": "-0.600",
        "HRot Count": "",
        "Speed": "",
        "Samples": "2537",
        "Heading GPS (dg)": "",
        "Speed GPS": "",
        "Accuracy GPS": "",
        "Altitude GPS": "",
        "GNSS Timestamp": "",
        "HH:mm:ss": "",
        "SSS": "",
        "trip_id": "602DE_Trip8"
      }
    },
    {
      "type": "Feature",
      "geometry": {
        "type": "LineString",
        "coordinates": [
          [
            4.95520354609976,
            52.3396051136487
          ],
          [
            4.95520354609976,
            52.3396051136487
          ]
        ]
      },
      "properties": {
        "marker": "7",
        "Acc Y (g)": "-0.773",
        "HRot Count": "34",
        "Speed": "1293",
        "Samples": "2538",
        "Heading GPS (dg)": "200",
        "Speed GPS": "12",
        "Accuracy GPS": "20",
        "Altitude GPS": "5",
        "GNSS Timestamp": "2026-05-06 08:09:00.999000+00:00",
        "HH:mm:ss": "10:09:00",
        "SSS": "752",
        "trip_id": "602DE_Trip8",
        "timestamp": "2026-05-06 08:09:00.999000+00:00"
      }
    },
    {
      "type": "Feature",
      "geometry": {
        "type": "LineString",
        "coordinates": [
          [
            4.95520354609976,
            52.3396051136487
          ],
          [
            4.95520354609976,
            52.3396051136487
          ]
        ]
      },
      "properties": {
        "marker": "",
        "Acc Y (g)": "-0.876",
        "HRot Count": "",
        "Speed": "",
        "Samples": "2539",
        "Heading GPS (dg)": "",
        "Speed GPS": "",
        "Accuracy GPS": "",
        "Altitude GPS": "",
        "GNSS Timestamp": "",
        "HH:mm:ss": "",
        "SSS": "",
        "trip_id": "602DE_Trip8"
      }
    },
    {
      "type": "Feature",
      "geometry": {
        "type": "LineString",
        "coordinates": [
          [
            4.95520354609976,
            52.3396051136487
          ],
          [
            4.95520354609976,
            52.3396051136487
          ]
        ]
      },
      "properties": {
        "marker": "",
        "Acc Y (g)": "-0.753",
        "HRot Count": "",
        "Speed": "",
        "Samples": "2540",
        "Heading GPS (dg)": "",
        "Speed GPS": "",
        "Accuracy GPS": "",
        "Altitude GPS": "",
        "GNSS Timestamp": "",
        "HH:mm:ss": "",
        "SSS": "",
        "trip_id": "602DE_Trip8"
      }
    },
    {
      "type": "Feature",
      "geometry": {
        "type": "LineString",
        "coordinates": [
          [
            4.95520354609976,
            52.3396051136487
          ],
          [
            4.95520354609976,
            52.3396051136487
          ]
        ]
      },
      "properties": {
        "marker": "",
        "Acc Y (g)": "-1.403",
        "HRot Count": "",
        "Speed": "",
        "Samples": "2541",
        "Heading GPS (dg)": "",
        "Speed GPS": "",
        "Accuracy GPS": "",
        "Altitude GPS": "",
        "GNSS Timestamp": "",
        "HH:mm:ss": "",
        "SSS": "",
        "trip_id": "602DE_Trip8"
      }
    },
    {
      "type": "Feature",
      "geometry": {
        "type": "LineString",
        "coordinates": [
          [
            4.95520354609976,
            52.3396051136487
          ],
          [
            4.95520354609976,
            52.3396051136487
          ]
        ]
      },
      "properties": {
        "marker": "",
        "Acc Y (g)": "-0.964",
        "HRot Count": "",
        "Speed": "",
        "Samples": "2542",
        "Heading GPS (dg)": "",
        "Speed GPS": "",
        "Accuracy GPS": "",
        "Altitude GPS": "",
        "GNSS Timestamp": "",
        "HH:mm:ss": "",
        "SSS": "",
        "trip_id": "602DE_Trip8"
      }
    },
    {
      "type": "Feature",
      "geometry": {
        "type": "LineString",
        "coordinates": [
          [
            4.95520354609976,
            52.3396051136487
          ],
          [
            4.95520354609976,
            52.3396051136487
          ]
        ]
      },
      "properties": {
        "marker": "",
        "Acc Y (g)": "-0.800",
        "HRot Count": "",
        "Speed": "",
        "Samples": "2543",
        "Heading GPS (dg)": "",
        "Speed GPS": "",
        "Accuracy GPS": "",
        "Altitude GPS": "",
        "GNSS Timestamp": "",
        "HH:mm:ss": "",
        "SSS": "",
        "trip_id": "602DE_Trip8"
      }
    },
    {
      "type": "Feature",
      "geometry": {
        "type": "LineString",
        "coordinates": [
          [
            4.95520354609976,
            52.3396051136487
          ],
          [
            4.95520354609976,
            52.3396051136487
          ]
        ]
      },
      "properties": {
        "marker": "",
        "Acc Y (g)": "-0.612",
        "HRot Count": "",
        "Speed": "",
        "Samples": "2544",
        "Heading GPS (dg)": "",
        "Speed GPS": "",
        "Accuracy GPS": "",
        "Altitude GPS": "",
        "GNSS Timestamp": "",
        "HH:mm:ss": "",
        "SSS": "",
        "trip_id": "602DE_Trip8"
      }
    },
    {
      "type": "Feature",
      "geometry": {
        "type": "LineString",
        "coordinates": [
          [
            4.95520354609976,
            52.3396051136487
          ],
          [
            4.95520354609976,
            52.3396051136487
          ]
        ]
      },
      "properties": {
        "marker": "",
        "Acc Y (g)": "-0.948",
        "HRot Count": "",
        "Speed": "",
        "Samples": "2545",
        "Heading GPS (dg)": "",
        "Speed GPS": "",
        "Accuracy GPS": "",
        "Altitude GPS": "",
        "GNSS Timestamp": "",
        "HH:mm:ss": "",
        "SSS": "",
        "trip_id": "602DE_Trip8"
      }
    },
    {
      "type": "Feature",
      "geometry": {
        "type": "LineString",
        "coordinates": [
          [
            4.95520354609976,
            52.3396051136487
          ],
          [
            4.95520354609976,
            52.3396051136487
          ]
        ]
      },
      "properties": {
        "marker": "",
        "Acc Y (g)": "-0.697",
        "HRot Count": "",
        "Speed": "",
        "Samples": "2546",
        "Heading GPS (dg)": "",
        "Speed GPS": "",
        "Accuracy GPS": "",
        "Altitude GPS": "",
        "GNSS Timestamp": "",
        "HH:mm:ss": "",
        "SSS": "",
        "trip_id": "602DE_Trip8"
      }
    },
    {
      "type": "Feature",
      "geometry": {
        "type": "LineString",
        "coordinates": [
          [
            4.95520354609976,
            52.3396051136487
          ],
          [
            4.95520354609976,
            52.3396051136487
          ]
        ]
      },
      "properties": {
        "marker": "",
        "Acc Y (g)": "-0.865",
        "HRot Count": "",
        "Speed": "",
        "Samples": "2547",
        "Heading GPS (dg)": "",
        "Speed GPS": "",
        "Accuracy GPS": "",
        "Altitude GPS": "",
        "GNSS Timestamp": "",
        "HH:mm:ss": "",
        "SSS": "",
        "trip_id": "602DE_Trip8"
      }
    },
    {
      "type": "Feature",
      "geometry": {
        "type": "LineString",
        "coordinates": [
          [
            4.95520354609976,
            52.3396051136487
          ],
          [
            4.95520354609976,
            52.3396051136487
          ]
        ]
      },
      "properties": {
        "marker": "",
        "Acc Y (g)": "-0.329",
        "HRot Count": "",
        "Speed": "",
        "Samples": "2548",
        "Heading GPS (dg)": "",
        "Speed GPS": "",
        "Accuracy GPS": "",
        "Altitude GPS": "",
        "GNSS Timestamp": "",
        "HH:mm:ss": "",
        "SSS": "",
        "trip_id": "602DE_Trip8"
      }
    },
    {
      "type": "Feature",
      "geometry": {
        "type": "LineString",
        "coordinates": [
          [
            4.95520354609976,
            52.3396051136487
          ],
          [
            4.95520354609976,
            52.3396051136487
          ]
        ]
      },
      "properties": {
        "marker": "",
        "Acc Y (g)": "-0.482",
        "HRot Count": "",
        "Speed": "",
        "Samples": "2549",
        "Heading GPS (dg)": "",
        "Speed GPS": "",
        "Accuracy GPS": "",
        "Altitude GPS": "",
        "GNSS Timestamp": "",
        "HH:mm:ss": "",
        "SSS": "",
        "trip_id": "602DE_Trip8"
      }
    },
    {
      "type": "Feature",
      "geometry": {
        "type": "LineString",
        "coordinates": [
          [
            4.95520354609976,
            52.3396051136487
          ],
          [
            4.95520354609976,
            52.3396051136487
          ]
        ]
      },
      "properties": {
        "marker": "",
        "Acc Y (g)": "-0.101",
        "HRot Count": "",
        "Speed": "",
        "Samples": "2550",
        "Heading GPS (dg)": "",
        "Speed GPS": "",
        "Accuracy GPS": "",
        "Altitude GPS": "",
        "GNSS Timestamp": "",
        "HH:mm:ss": "",
        "SSS": "",
        "trip_id": "602DE_Trip8"
      }
    },
    {
      "type": "Feature",
      "geometry": {
        "type": "LineString",
        "coordinates": [
          [
            4.95520354609976,
            52.3396051136487
          ],
          [
            4.95520354609976,
            52.3396051136487
          ]
        ]
      },
      "properties": {
        "marker": "",
        "Acc Y (g)": "-0.281",
        "HRot Count": "",
        "Speed": "",
        "Samples": "2551",
        "Heading GPS (dg)": "",
        "Speed GPS": "",
        "Accuracy GPS": "",
        "Altitude GPS": "",
        "GNSS Timestamp": "",
        "HH:mm:ss": "",
        "SSS": "",
        "trip_id": "602DE_Trip8"
      }
    },
    {
      "type": "Feature",
      "geometry": {
        "type": "LineString",
        "coordinates": [
          [
            4.95520354609976,
            52.3396051136487
          ],
          [
            4.95520354609976,
            52.3396051136487
          ]
        ]
      },
      "properties": {
        "marker": "",
        "Acc Y (g)": "0.216",
        "HRot Count": "",
        "Speed": "",
        "Samples": "2552",
        "Heading GPS (dg)": "",
        "Speed GPS": "",
        "Accuracy GPS": "",
        "Altitude GPS": "",
        "GNSS Timestamp": "",
        "HH:mm:ss": "",
        "SSS": "",
        "trip_id": "602DE_Trip8"
      }
    },
    {
      "type": "Feature",
      "geometry": {
        "type": "LineString",
        "coordinates": [
          [
            4.95520354609976,
            52.3396051136487
          ],
          [
            4.95520354609976,
            52.3396051136487
          ]
        ]
      },
      "properties": {
        "marker": "",
        "Acc Y (g)": "0.007",
        "HRot Count": "",
        "Speed": "",
        "Samples": "2553",
        "Heading GPS (dg)": "",
        "Speed GPS": "",
        "Accuracy GPS": "",
        "Altitude GPS": "",
        "GNSS Timestamp": "",
        "HH:mm:ss": "",
        "SSS": "",
        "trip_id": "602DE_Trip8"
      }
    },
    {
      "type": "Feature",
      "geometry": {
        "type": "LineString",
        "coordinates": [
          [
            4.95520354609976,
            52.3396051136487
          ],
          [
            4.95520354609976,
            52.3396051136487
          ]
        ]
      },
      "properties": {
        "marker": "",
        "Acc Y (g)": "0.564",
        "HRot Count": "",
        "Speed": "",
        "Samples": "2554",
        "Heading GPS (dg)": "",
        "Speed GPS": "",
        "Accuracy GPS": "",
        "Altitude GPS": "",
        "GNSS Timestamp": "",
        "HH:mm:ss": "",
        "SSS": "",
        "trip_id": "602DE_Trip8"
      }
    },
    {
      "type": "Feature",
      "geometry": {
        "type": "LineString",
        "coordinates": [
          [
            4.95520354609976,
            52.3396051136487
          ],
          [
            4.95520354609976,
            52.3396051136487
          ]
        ]
      },
      "properties": {
        "marker": "",
        "Acc Y (g)": "0.104",
        "HRot Count": "",
        "Speed": "",
        "Samples": "2555",
        "Heading GPS (dg)": "",
        "Speed GPS": "",
        "Accuracy GPS": "",
        "Altitude GPS": "",
        "GNSS Timestamp": "",
        "HH:mm:ss": "",
        "SSS": "",
        "trip_id": "602DE_Trip8"
      }
    },
    {
      "type": "Feature",
      "geometry": {
        "type": "LineString",
        "coordinates": [
          [
            4.95520354609976,
            52.3396051136487
          ],
          [
            4.95520354609976,
            52.3396051136487
          ]
        ]
      },
      "properties": {
        "marker": "",
        "Acc Y (g)": "0.833",
        "HRot Count": "",
        "Speed": "",
        "Samples": "2556",
        "Heading GPS (dg)": "",
        "Speed GPS": "",
        "Accuracy GPS": "",
        "Altitude GPS": "",
        "GNSS Timestamp": "",
        "HH:mm:ss": "",
        "SSS": "",
        "trip_id": "602DE_Trip8"
      }
    },
    {
      "type": "Feature",
      "geometry": {
        "type": "LineString",
        "coordinates": [
          [
            4.95520354609976,
            52.3396051136487
          ],
          [
            4.95520354609976,
            52.3396051136487
          ]
        ]
      },
      "properties": {
        "marker": "",
        "Acc Y (g)": "0.453",
        "HRot Count": "",
        "Speed": "",
        "Samples": "2557",
        "Heading GPS (dg)": "",
        "Speed GPS": "",
        "Accuracy GPS": "",
        "Altitude GPS": "",
        "GNSS Timestamp": "",
        "HH:mm:ss": "",
        "SSS": "",
        "trip_id": "602DE_Trip8"
      }
    },
    {
      "type": "Feature",
      "geometry": {
        "type": "LineString",
        "coordinates": [
          [
            4.95520354609976,
            52.3396051136487
          ],
          [
            4.95520354609976,
            52.3396051136487
          ]
        ]
      },
      "properties": {
        "marker": "",
        "Acc Y (g)": "0.857",
        "HRot Count": "",
        "Speed": "",
        "Samples": "2558",
        "Heading GPS (dg)": "",
        "Speed GPS": "",
        "Accuracy GPS": "",
        "Altitude GPS": "",
        "GNSS Timestamp": "",
        "HH:mm:ss": "",
        "SSS": "",
        "trip_id": "602DE_Trip8"
      }
    },
    {
      "type": "Feature",
      "geometry": {
        "type": "LineString",
        "coordinates": [
          [
            4.95520354609976,
            52.3396051136487
          ],
          [
            4.95520354609976,
            52.3396051136487
          ]
        ]
      },
      "properties": {
        "marker": "7",
        "Acc Y (g)": "0.614",
        "HRot Count": "35",
        "Speed": "1250",
        "Samples": "2559",
        "Heading GPS (dg)": "200",
        "Speed GPS": "12",
        "Accuracy GPS": "20",
        "Altitude GPS": "5",
        "GNSS Timestamp": "2026-05-06 08:09:00.999000+00:00",
        "HH:mm:ss": "10:09:01",
        "SSS": "144",
        "trip_id": "602DE_Trip8",
        "timestamp": "2026-05-06 08:09:00.999000+00:00"
      }
    },
    {
      "type": "Feature",
      "geometry": {
        "type": "LineString",
        "coordinates": [
          [
            4.95520354609976,
            52.3396051136487
          ],
          [
            4.95520354609976,
            52.3396051136487
          ]
        ]
      },
      "properties": {
        "marker": "",
        "Acc Y (g)": "0.959",
        "HRot Count": "",
        "Speed": "",
        "Samples": "2560",
        "Heading GPS (dg)": "",
        "Speed GPS": "",
        "Accuracy GPS": "",
        "Altitude GPS": "",
        "GNSS Timestamp": "",
        "HH:mm:ss": "",
        "SSS": "",
        "trip_id": "602DE_Trip8"
      }
    },
    {
      "type": "Feature",
      "geometry": {
        "type": "LineString",
        "coordinates": [
          [
            4.95520354609976,
            52.3396051136487
          ],
          [
            4.95520354609976,
            52.3396051136487
          ]
        ]
      },
      "properties": {
        "marker": "",
        "Acc Y (g)": "0.732",
        "HRot Count": "",
        "Speed": "",
        "Samples": "2561",
        "Heading GPS (dg)": "",
        "Speed GPS": "",
        "Accuracy GPS": "",
        "Altitude GPS": "",
        "GNSS Timestamp": "",
        "HH:mm:ss": "",
        "SSS": "",
        "trip_id": "602DE_Trip8"
      }
    },
    {
      "type": "Feature",
      "geometry": {
        "type": "LineString",
        "coordinates": [
          [
            4.95520354609976,
            52.3396051136487
          ],
          [
            4.95520354609976,
            52.3396051136487
          ]
        ]
      },
      "properties": {
        "marker": "",
        "Acc Y (g)": "0.774",
        "HRot Count": "",
        "Speed": "",
        "Samples": "2562",
        "Heading GPS (dg)": "",
        "Speed GPS": "",
        "Accuracy GPS": "",
        "Altitude GPS": "",
        "GNSS Timestamp": "",
        "HH:mm:ss": "",
        "SSS": "",
        "trip_id": "602DE_Trip8"
      }
    },
    {
      "type": "Feature",
      "geometry": {
        "type": "LineString",
        "coordinates": [
          [
            4.95520354609976,
            52.3396051136487
          ],
          [
            4.95520354609976,
            52.3396051136487
          ]
        ]
      },
      "properties": {
        "marker": "",
        "Acc Y (g)": "1.357",
        "HRot Count": "",
        "Speed": "",
        "Samples": "2563",
        "Heading GPS (dg)": "",
        "Speed GPS": "",
        "Accuracy GPS": "",
        "Altitude GPS": "",
        "GNSS Timestamp": "",
        "HH:mm:ss": "",
        "SSS": "",
        "trip_id": "602DE_Trip8"
      }
    },
    {
      "type": "Feature",
      "geometry": {
        "type": "LineString",
        "coordinates": [
          [
            4.95520354609976,
            52.3396051136487
          ],
          [
            4.95520354609976,
            52.3396051136487
          ]
        ]
      },
      "properties": {
        "marker": "",
        "Acc Y (g)": "1.160",
        "HRot Count": "",
        "Speed": "",
        "Samples": "2564",
        "Heading GPS (dg)": "",
        "Speed GPS": "",
        "Accuracy GPS": "",
        "Altitude GPS": "",
        "GNSS Timestamp": "",
        "HH:mm:ss": "",
        "SSS": "",
        "trip_id": "602DE_Trip8"
      }
    },
    {
      "type": "Feature",
      "geometry": {
        "type": "LineString",
        "coordinates": [
          [
            4.95520354609976,
            52.3396051136487
          ],
          [
            4.95520354609976,
            52.3396051136487
          ]
        ]
      },
      "properties": {
        "marker": "",
        "Acc Y (g)": "0.994",
        "HRot Count": "",
        "Speed": "",
        "Samples": "2565",
        "Heading GPS (dg)": "",
        "Speed GPS": "",
        "Accuracy GPS": "",
        "Altitude GPS": "",
        "GNSS Timestamp": "",
        "HH:mm:ss": "",
        "SSS": "",
        "trip_id": "602DE_Trip8"
      }
    },
    {
      "type": "Feature",
      "geometry": {
        "type": "LineString",
        "coordinates": [
          [
            4.95520354609976,
            52.3396051136487
          ],
          [
            4.95520354609976,
            52.3396051136487
          ]
        ]
      },
      "properties": {
        "marker": "",
        "Acc Y (g)": "0.942",
        "HRot Count": "",
        "Speed": "",
        "Samples": "2566",
        "Heading GPS (dg)": "",
        "Speed GPS": "",
        "Accuracy GPS": "",
        "Altitude GPS": "",
        "GNSS Timestamp": "",
        "HH:mm:ss": "",
        "SSS": "",
        "trip_id": "602DE_Trip8"
      }
    },
    {
      "type": "Feature",
      "geometry": {
        "type": "LineString",
        "coordinates": [
          [
            4.95520354609976,
            52.3396051136487
          ],
          [
            4.95520354609976,
            52.3396051136487
          ]
        ]
      },
      "properties": {
        "marker": "",
        "Acc Y (g)": "0.917",
        "HRot Count": "",
        "Speed": "",
        "Samples": "2567",
        "Heading GPS (dg)": "",
        "Speed GPS": "",
        "Accuracy GPS": "",
        "Altitude GPS": "",
        "GNSS Timestamp": "",
        "HH:mm:ss": "",
        "SSS": "",
        "trip_id": "602DE_Trip8"
      }
    },
    {
      "type": "Feature",
      "geometry": {
        "type": "LineString",
        "coordinates": [
          [
            4.95520354609976,
            52.3396051136487
          ],
          [
            4.95520354609976,
            52.3396051136487
          ]
        ]
      },
      "properties": {
        "marker": "",
        "Acc Y (g)": "0.884",
        "HRot Count": "",
        "Speed": "",
        "Samples": "2568",
        "Heading GPS (dg)": "",
        "Speed GPS": "",
        "Accuracy GPS": "",
        "Altitude GPS": "",
        "GNSS Timestamp": "",
        "HH:mm:ss": "",
        "SSS": "",
        "trip_id": "602DE_Trip8"
      }
    },
    {
      "type": "Feature",
      "geometry": {
        "type": "LineString",
        "coordinates": [
          [
            4.95520354609976,
            52.3396051136487
          ],
          [
            4.95520354609976,
            52.3396051136487
          ]
        ]
      },
      "properties": {
        "marker": "",
        "Acc Y (g)": "0.747",
        "HRot Count": "",
        "Speed": "",
        "Samples": "2569",
        "Heading GPS (dg)": "",
        "Speed GPS": "",
        "Accuracy GPS": "",
        "Altitude GPS": "",
        "GNSS Timestamp": "",
        "HH:mm:ss": "",
        "SSS": "",
        "trip_id": "602DE_Trip8"
      }
    },
    {
      "type": "Feature",
      "geometry": {
        "type": "LineString",
        "coordinates": [
          [
            4.95520354609976,
            52.3396051136487
          ],
          [
            4.95520354609976,
            52.3396051136487
          ]
        ]
      },
      "properties": {
        "marker": "",
        "Acc Y (g)": "0.739",
        "HRot Count": "",
        "Speed": "",
        "Samples": "2570",
        "Heading GPS (dg)": "",
        "Speed GPS": "",
        "Accuracy GPS": "",
        "Altitude GPS": "",
        "GNSS Timestamp": "",
        "HH:mm:ss": "",
        "SSS": "",
        "trip_id": "602DE_Trip8"
      }
    },
    {
      "type": "Feature",
      "geometry": {
        "type": "LineString",
        "coordinates": [
          [
            4.95520354609976,
            52.3396051136487
          ],
          [
            4.95520354609976,
            52.3396051136487
          ]
        ]
      },
      "properties": {
        "marker": "",
        "Acc Y (g)": "0.463",
        "HRot Count": "",
        "Speed": "",
        "Samples": "2571",
        "Heading GPS (dg)": "",
        "Speed GPS": "",
        "Accuracy GPS": "",
        "Altitude GPS": "",
        "GNSS Timestamp": "",
        "HH:mm:ss": "",
        "SSS": "",
        "trip_id": "602DE_Trip8"
      }
    },
    {
      "type": "Feature",
      "geometry": {
        "type": "LineString",
        "coordinates": [
          [
            4.95520354609976,
            52.3396051136487
          ],
          [
            4.95520354609976,
            52.3396051136487
          ]
        ]
      },
      "properties": {
        "marker": "",
        "Acc Y (g)": "0.366",
        "HRot Count": "",
        "Speed": "",
        "Samples": "2572",
        "Heading GPS (dg)": "",
        "Speed GPS": "",
        "Accuracy GPS": "",
        "Altitude GPS": "",
        "GNSS Timestamp": "",
        "HH:mm:ss": "",
        "SSS": "",
        "trip_id": "602DE_Trip8"
      }
    },
    {
      "type": "Feature",
      "geometry": {
        "type": "LineString",
        "coordinates": [
          [
            4.95520354609976,
            52.3396051136487
          ],
          [
            4.95520354609976,
            52.3396051136487
          ]
        ]
      },
      "properties": {
        "marker": "",
        "Acc Y (g)": "0.289",
        "HRot Count": "",
        "Speed": "",
        "Samples": "2573",
        "Heading GPS (dg)": "",
        "Speed GPS": "",
        "Accuracy GPS": "",
        "Altitude GPS": "",
        "GNSS Timestamp": "",
        "HH:mm:ss": "",
        "SSS": "",
        "trip_id": "602DE_Trip8"
      }
    },
    {
      "type": "Feature",
      "geometry": {
        "type": "LineString",
        "coordinates": [
          [
            4.95520354609976,
            52.3396051136487
          ],
          [
            4.95520354609976,
            52.3396051136487
          ]
        ]
      },
      "properties": {
        "marker": "",
        "Acc Y (g)": "0.305",
        "HRot Count": "",
        "Speed": "",
        "Samples": "2574",
        "Heading GPS (dg)": "",
        "Speed GPS": "",
        "Accuracy GPS": "",
        "Altitude GPS": "",
        "GNSS Timestamp": "",
        "HH:mm:ss": "",
        "SSS": "",
        "trip_id": "602DE_Trip8"
      }
    },
    {
      "type": "Feature",
      "geometry": {
        "type": "LineString",
        "coordinates": [
          [
            4.95520354609976,
            52.3396051136487
          ],
          [
            4.95520354609976,
            52.3396051136487
          ]
        ]
      },
      "properties": {
        "marker": "",
        "Acc Y (g)": "0.027",
        "HRot Count": "",
        "Speed": "",
        "Samples": "2575",
        "Heading GPS (dg)": "",
        "Speed GPS": "",
        "Accuracy GPS": "",
        "Altitude GPS": "",
        "GNSS Timestamp": "",
        "HH:mm:ss": "",
        "SSS": "",
        "trip_id": "602DE_Trip8"
      }
    },
    {
      "type": "Feature",
      "geometry": {
        "type": "LineString",
        "coordinates": [
          [
            4.95520354609976,
            52.3396051136487
          ],
          [
            4.95520354609976,
            52.3396051136487
          ]
        ]
      },
      "properties": {
        "marker": "",
        "Acc Y (g)": "0.077",
        "HRot Count": "",
        "Speed": "",
        "Samples": "2576",
        "Heading GPS (dg)": "",
        "Speed GPS": "",
        "Accuracy GPS": "",
        "Altitude GPS": "",
        "GNSS Timestamp": "",
        "HH:mm:ss": "",
        "SSS": "",
        "trip_id": "602DE_Trip8"
      }
    },
    {
      "type": "Feature",
      "geometry": {
        "type": "LineString",
        "coordinates": [
          [
            4.95520354609976,
            52.3396051136487
          ],
          [
            4.95520354609976,
            52.3396051136487
          ]
        ]
      },
      "properties": {
        "marker": "",
        "Acc Y (g)": "-0.270",
        "HRot Count": "",
        "Speed": "",
        "Samples": "2577",
        "Heading GPS (dg)": "",
        "Speed GPS": "",
        "Accuracy GPS": "",
        "Altitude GPS": "",
        "GNSS Timestamp": "",
        "HH:mm:ss": "",
        "SSS": "",
        "trip_id": "602DE_Trip8"
      }
    },
    {
      "type": "Feature",
      "geometry": {
        "type": "LineString",
        "coordinates": [
          [
            4.95520354609976,
            52.3396051136487
          ],
          [
            4.95520354609976,
            52.3396051136487
          ]
        ]
      },
      "properties": {
        "marker": "",
        "Acc Y (g)": "-0.146",
        "HRot Count": "",
        "Speed": "",
        "Samples": "2578",
        "Heading GPS (dg)": "",
        "Speed GPS": "",
        "Accuracy GPS": "",
        "Altitude GPS": "",
        "GNSS Timestamp": "",
        "HH:mm:ss": "",
        "SSS": "",
        "trip_id": "602DE_Trip8"
      }
    },
    {
      "type": "Feature",
      "geometry": {
        "type": "LineString",
        "coordinates": [
          [
            4.95520354609976,
            52.3396051136487
          ],
          [
            4.95520354609976,
            52.3396051136487
          ]
        ]
      },
      "properties": {
        "marker": "",
        "Acc Y (g)": "-0.440",
        "HRot Count": "",
        "Speed": "",
        "Samples": "2579",
        "Heading GPS (dg)": "",
        "Speed GPS": "",
        "Accuracy GPS": "",
        "Altitude GPS": "",
        "GNSS Timestamp": "",
        "HH:mm:ss": "",
        "SSS": "",
        "trip_id": "602DE_Trip8"
      }
    },
    {
      "type": "Feature",
      "geometry": {
        "type": "LineString",
        "coordinates": [
          [
            4.95520354609976,
            52.3396051136487
          ],
          [
            4.95520354609976,
            52.3396051136487
          ]
        ]
      },
      "properties": {
        "marker": "",
        "Acc Y (g)": "-0.545",
        "HRot Count": "",
        "Speed": "",
        "Samples": "2580",
        "Heading GPS (dg)": "",
        "Speed GPS": "",
        "Accuracy GPS": "",
        "Altitude GPS": "",
        "GNSS Timestamp": "",
        "HH:mm:ss": "",
        "SSS": "",
        "trip_id": "602DE_Trip8"
      }
    },
    {
      "type": "Feature",
      "geometry": {
        "type": "LineString",
        "coordinates": [
          [
            4.95520354609976,
            52.3396051136487
          ],
          [
            4.95520589816812,
            52.3395775376112
          ]
        ]
      },
      "properties": {
        "marker": "",
        "Acc Y (g)": "-0.566",
        "HRot Count": "",
        "Speed": "",
        "Samples": "2581",
        "Heading GPS (dg)": "",
        "Speed GPS": "",
        "Accuracy GPS": "",
        "Altitude GPS": "",
        "GNSS Timestamp": "",
        "HH:mm:ss": "",
        "SSS": "",
        "trip_id": "602DE_Trip8"
      }
    },
    {
      "type": "Feature",
      "geometry": {
        "type": "LineString",
        "coordinates": [
          [
            4.95520589816812,
            52.3395775376112
          ],
          [
            4.95520589816812,
            52.3395775376112
          ]
        ]
      },
      "properties": {
        "marker": "7",
        "Acc Y (g)": "-0.742",
        "HRot Count": "36",
        "Speed": "1190",
        "Samples": "2582",
        "Heading GPS (dg)": "206",
        "Speed GPS": "11",
        "Accuracy GPS": "19",
        "Altitude GPS": "6",
        "GNSS Timestamp": "2026-05-06 08:09:01.999000+00:00",
        "HH:mm:ss": "10:09:01",
        "SSS": "730",
        "trip_id": "602DE_Trip8",
        "timestamp": "2026-05-06 08:09:01.999000+00:00"
      }
    },
    {
      "type": "Feature",
      "geometry": {
        "type": "LineString",
        "coordinates": [
          [
            4.95520589816812,
            52.3395775376112
          ],
          [
            4.95520589816812,
            52.3395775376112
          ]
        ]
      },
      "properties": {
        "marker": "",
        "Acc Y (g)": "-0.530",
        "HRot Count": "",
        "Speed": "",
        "Samples": "2583",
        "Heading GPS (dg)": "",
        "Speed GPS": "",
        "Accuracy GPS": "",
        "Altitude GPS": "",
        "GNSS Timestamp": "",
        "HH:mm:ss": "",
        "SSS": "",
        "trip_id": "602DE_Trip8"
      }
    },
    {
      "type": "Feature",
      "geometry": {
        "type": "LineString",
        "coordinates": [
          [
            4.95520589816812,
            52.3395775376112
          ],
          [
            4.95520589816812,
            52.3395775376112
          ]
        ]
      },
      "properties": {
        "marker": "",
        "Acc Y (g)": "-1.052",
        "HRot Count": "",
        "Speed": "",
        "Samples": "2584",
        "Heading GPS (dg)": "",
        "Speed GPS": "",
        "Accuracy GPS": "",
        "Altitude GPS": "",
        "GNSS Timestamp": "",
        "HH:mm:ss": "",
        "SSS": "",
        "trip_id": "602DE_Trip8"
      }
    },
    {
      "type": "Feature",
      "geometry": {
        "type": "LineString",
        "coordinates": [
          [
            4.95520589816812,
            52.3395775376112
          ],
          [
            4.95520589816812,
            52.3395775376112
          ]
        ]
      },
      "properties": {
        "marker": "",
        "Acc Y (g)": "-0.734",
        "HRot Count": "",
        "Speed": "",
        "Samples": "2585",
        "Heading GPS (dg)": "",
        "Speed GPS": "",
        "Accuracy GPS": "",
        "Altitude GPS": "",
        "GNSS Timestamp": "",
        "HH:mm:ss": "",
        "SSS": "",
        "trip_id": "602DE_Trip8"
      }
    },
    {
      "type": "Feature",
      "geometry": {
        "type": "LineString",
        "coordinates": [
          [
            4.95520589816812,
            52.3395775376112
          ],
          [
            4.95520589816812,
            52.3395775376112
          ]
        ]
      },
      "properties": {
        "marker": "",
        "Acc Y (g)": "-1.236",
        "HRot Count": "",
        "Speed": "",
        "Samples": "2586",
        "Heading GPS (dg)": "",
        "Speed GPS": "",
        "Accuracy GPS": "",
        "Altitude GPS": "",
        "GNSS Timestamp": "",
        "HH:mm:ss": "",
        "SSS": "",
        "trip_id": "602DE_Trip8"
      }
    },
    {
      "type": "Feature",
      "geometry": {
        "type": "LineString",
        "coordinates": [
          [
            4.95520589816812,
            52.3395775376112
          ],
          [
            4.95520589816812,
            52.3395775376112
          ]
        ]
      },
      "properties": {
        "marker": "",
        "Acc Y (g)": "-0.751",
        "HRot Count": "",
        "Speed": "",
        "Samples": "2587",
        "Heading GPS (dg)": "",
        "Speed GPS": "",
        "Accuracy GPS": "",
        "Altitude GPS": "",
        "GNSS Timestamp": "",
        "HH:mm:ss": "",
        "SSS": "",
        "trip_id": "602DE_Trip8"
      }
    },
    {
      "type": "Feature",
      "geometry": {
        "type": "LineString",
        "coordinates": [
          [
            4.95520589816812,
            52.3395775376112
          ],
          [
            4.95520589816812,
            52.3395775376112
          ]
        ]
      },
      "properties": {
        "marker": "",
        "Acc Y (g)": "-1.418",
        "HRot Count": "",
        "Speed": "",
        "Samples": "2588",
        "Heading GPS (dg)": "",
        "Speed GPS": "",
        "Accuracy GPS": "",
        "Altitude GPS": "",
        "GNSS Timestamp": "",
        "HH:mm:ss": "",
        "SSS": "",
        "trip_id": "602DE_Trip8"
      }
    },
    {
      "type": "Feature",
      "geometry": {
        "type": "LineString",
        "coordinates": [
          [
            4.95520589816812,
            52.3395775376112
          ],
          [
            4.95520589816812,
            52.3395775376112
          ]
        ]
      },
      "properties": {
        "marker": "",
        "Acc Y (g)": "-0.853",
        "HRot Count": "",
        "Speed": "",
        "Samples": "2589",
        "Heading GPS (dg)": "",
        "Speed GPS": "",
        "Accuracy GPS": "",
        "Altitude GPS": "",
        "GNSS Timestamp": "",
        "HH:mm:ss": "",
        "SSS": "",
        "trip_id": "602DE_Trip8"
      }
    },
    {
      "type": "Feature",
      "geometry": {
        "type": "LineString",
        "coordinates": [
          [
            4.95520589816812,
            52.3395775376112
          ],
          [
            4.95520589816812,
            52.3395775376112
          ]
        ]
      },
      "properties": {
        "marker": "",
        "Acc Y (g)": "-0.933",
        "HRot Count": "",
        "Speed": "",
        "Samples": "2590",
        "Heading GPS (dg)": "",
        "Speed GPS": "",
        "Accuracy GPS": "",
        "Altitude GPS": "",
        "GNSS Timestamp": "",
        "HH:mm:ss": "",
        "SSS": "",
        "trip_id": "602DE_Trip8"
      }
    },
    {
      "type": "Feature",
      "geometry": {
        "type": "LineString",
        "coordinates": [
          [
            4.95520589816812,
            52.3395775376112
          ],
          [
            4.95520589816812,
            52.3395775376112
          ]
        ]
      },
      "properties": {
        "marker": "",
        "Acc Y (g)": "-0.914",
        "HRot Count": "",
        "Speed": "",
        "Samples": "2591",
        "Heading GPS (dg)": "",
        "Speed GPS": "",
        "Accuracy GPS": "",
        "Altitude GPS": "",
        "GNSS Timestamp": "",
        "HH:mm:ss": "",
        "SSS": "",
        "trip_id": "602DE_Trip8"
      }
    },
    {
      "type": "Feature",
      "geometry": {
        "type": "LineString",
        "coordinates": [
          [
            4.95520589816812,
            52.3395775376112
          ],
          [
            4.95520589816812,
            52.3395775376112
          ]
        ]
      },
      "properties": {
        "marker": "",
        "Acc Y (g)": "-1.165",
        "HRot Count": "",
        "Speed": "",
        "Samples": "2592",
        "Heading GPS (dg)": "",
        "Speed GPS": "",
        "Accuracy GPS": "",
        "Altitude GPS": "",
        "GNSS Timestamp": "",
        "HH:mm:ss": "",
        "SSS": "",
        "trip_id": "602DE_Trip8"
      }
    },
    {
      "type": "Feature",
      "geometry": {
        "type": "LineString",
        "coordinates": [
          [
            4.95520589816812,
            52.3395775376112
          ],
          [
            4.95520589816812,
            52.3395775376112
          ]
        ]
      },
      "properties": {
        "marker": "",
        "Acc Y (g)": "-0.910",
        "HRot Count": "",
        "Speed": "",
        "Samples": "2593",
        "Heading GPS (dg)": "",
        "Speed GPS": "",
        "Accuracy GPS": "",
        "Altitude GPS": "",
        "GNSS Timestamp": "",
        "HH:mm:ss": "",
        "SSS": "",
        "trip_id": "602DE_Trip8"
      }
    },
    {
      "type": "Feature",
      "geometry": {
        "type": "LineString",
        "coordinates": [
          [
            4.95520589816812,
            52.3395775376112
          ],
          [
            4.95520589816812,
            52.3395775376112
          ]
        ]
      },
      "properties": {
        "marker": "",
        "Acc Y (g)": "-0.475",
        "HRot Count": "",
        "Speed": "",
        "Samples": "2594",
        "Heading GPS (dg)": "",
        "Speed GPS": "",
        "Accuracy GPS": "",
        "Altitude GPS": "",
        "GNSS Timestamp": "",
        "HH:mm:ss": "",
        "SSS": "",
        "trip_id": "602DE_Trip8"
      }
    },
    {
      "type": "Feature",
      "geometry": {
        "type": "LineString",
        "coordinates": [
          [
            4.95520589816812,
            52.3395775376112
          ],
          [
            4.95520589816812,
            52.3395775376112
          ]
        ]
      },
      "properties": {
        "marker": "",
        "Acc Y (g)": "-0.854",
        "HRot Count": "",
        "Speed": "",
        "Samples": "2595",
        "Heading GPS (dg)": "",
        "Speed GPS": "",
        "Accuracy GPS": "",
        "Altitude GPS": "",
        "GNSS Timestamp": "",
        "HH:mm:ss": "",
        "SSS": "",
        "trip_id": "602DE_Trip8"
      }
    },
    {
      "type": "Feature",
      "geometry": {
        "type": "LineString",
        "coordinates": [
          [
            4.95520589816812,
            52.3395775376112
          ],
          [
            4.95520589816812,
            52.3395775376112
          ]
        ]
      },
      "properties": {
        "marker": "",
        "Acc Y (g)": "-0.386",
        "HRot Count": "",
        "Speed": "",
        "Samples": "2596",
        "Heading GPS (dg)": "",
        "Speed GPS": "",
        "Accuracy GPS": "",
        "Altitude GPS": "",
        "GNSS Timestamp": "",
        "HH:mm:ss": "",
        "SSS": "",
        "trip_id": "602DE_Trip8"
      }
    },
    {
      "type": "Feature",
      "geometry": {
        "type": "LineString",
        "coordinates": [
          [
            4.95520589816812,
            52.3395775376112
          ],
          [
            4.95520589816812,
            52.3395775376112
          ]
        ]
      },
      "properties": {
        "marker": "",
        "Acc Y (g)": "-0.716",
        "HRot Count": "",
        "Speed": "",
        "Samples": "2597",
        "Heading GPS (dg)": "",
        "Speed GPS": "",
        "Accuracy GPS": "",
        "Altitude GPS": "",
        "GNSS Timestamp": "",
        "HH:mm:ss": "",
        "SSS": "",
        "trip_id": "602DE_Trip8"
      }
    },
    {
      "type": "Feature",
      "geometry": {
        "type": "LineString",
        "coordinates": [
          [
            4.95520589816812,
            52.3395775376112
          ],
          [
            4.95520589816812,
            52.3395775376112
          ]
        ]
      },
      "properties": {
        "marker": "",
        "Acc Y (g)": "-0.103",
        "HRot Count": "",
        "Speed": "",
        "Samples": "2598",
        "Heading GPS (dg)": "",
        "Speed GPS": "",
        "Accuracy GPS": "",
        "Altitude GPS": "",
        "GNSS Timestamp": "",
        "HH:mm:ss": "",
        "SSS": "",
        "trip_id": "602DE_Trip8"
      }
    },
    {
      "type": "Feature",
      "geometry": {
        "type": "LineString",
        "coordinates": [
          [
            4.95520589816812,
            52.3395775376112
          ],
          [
            4.95520589816812,
            52.3395775376112
          ]
        ]
      },
      "properties": {
        "marker": "",
        "Acc Y (g)": "-0.540",
        "HRot Count": "",
        "Speed": "",
        "Samples": "2599",
        "Heading GPS (dg)": "",
        "Speed GPS": "",
        "Accuracy GPS": "",
        "Altitude GPS": "",
        "GNSS Timestamp": "",
        "HH:mm:ss": "",
        "SSS": "",
        "trip_id": "602DE_Trip8"
      }
    },
    {
      "type": "Feature",
      "geometry": {
        "type": "LineString",
        "coordinates": [
          [
            4.95520589816812,
            52.3395775376112
          ],
          [
            4.95520589816812,
            52.3395775376112
          ]
        ]
      },
      "properties": {
        "marker": "",
        "Acc Y (g)": "0.144",
        "HRot Count": "",
        "Speed": "",
        "Samples": "2600",
        "Heading GPS (dg)": "",
        "Speed GPS": "",
        "Accuracy GPS": "",
        "Altitude GPS": "",
        "GNSS Timestamp": "",
        "HH:mm:ss": "",
        "SSS": "",
        "trip_id": "602DE_Trip8"
      }
    },
    {
      "type": "Feature",
      "geometry": {
        "type": "LineString",
        "coordinates": [
          [
            4.95520589816812,
            52.3395775376112
          ],
          [
            4.95520589816812,
            52.3395775376112
          ]
        ]
      },
      "properties": {
        "marker": "",
        "Acc Y (g)": "-0.375",
        "HRot Count": "",
        "Speed": "",
        "Samples": "2601",
        "Heading GPS (dg)": "",
        "Speed GPS": "",
        "Accuracy GPS": "",
        "Altitude GPS": "",
        "GNSS Timestamp": "",
        "HH:mm:ss": "",
        "SSS": "",
        "trip_id": "602DE_Trip8"
      }
    },
    {
      "type": "Feature",
      "geometry": {
        "type": "LineString",
        "coordinates": [
          [
            4.95520589816812,
            52.3395775376112
          ],
          [
            4.95520589816812,
            52.3395775376112
          ]
        ]
      },
      "properties": {
        "marker": "",
        "Acc Y (g)": "0.498",
        "HRot Count": "",
        "Speed": "",
        "Samples": "2602",
        "Heading GPS (dg)": "",
        "Speed GPS": "",
        "Accuracy GPS": "",
        "Altitude GPS": "",
        "GNSS Timestamp": "",
        "HH:mm:ss": "",
        "SSS": "",
        "trip_id": "602DE_Trip8"
      }
    },
    {
      "type": "Feature",
      "geometry": {
        "type": "LineString",
        "coordinates": [
          [
            4.95520589816812,
            52.3395775376112
          ],
          [
            4.95520589816812,
            52.3395775376112
          ]
        ]
      },
      "properties": {
        "marker": "",
        "Acc Y (g)": "0.231",
        "HRot Count": "",
        "Speed": "",
        "Samples": "2603",
        "Heading GPS (dg)": "",
        "Speed GPS": "",
        "Accuracy GPS": "",
        "Altitude GPS": "",
        "GNSS Timestamp": "",
        "HH:mm:ss": "",
        "SSS": "",
        "trip_id": "602DE_Trip8"
      }
    },
    {
      "type": "Feature",
      "geometry": {
        "type": "LineString",
        "coordinates": [
          [
            4.95520589816812,
            52.3395775376112
          ],
          [
            4.95520589816812,
            52.3395775376112
          ]
        ]
      },
      "properties": {
        "marker": "",
        "Acc Y (g)": "0.712",
        "HRot Count": "",
        "Speed": "",
        "Samples": "2604",
        "Heading GPS (dg)": "",
        "Speed GPS": "",
        "Accuracy GPS": "",
        "Altitude GPS": "",
        "GNSS Timestamp": "",
        "HH:mm:ss": "",
        "SSS": "",
        "trip_id": "602DE_Trip8"
      }
    },
    {
      "type": "Feature",
      "geometry": {
        "type": "LineString",
        "coordinates": [
          [
            4.95520589816812,
            52.3395775376112
          ],
          [
            4.95520589816812,
            52.3395775376112
          ]
        ]
      },
      "properties": {
        "marker": "",
        "Acc Y (g)": "0.535",
        "HRot Count": "",
        "Speed": "",
        "Samples": "2605",
        "Heading GPS (dg)": "",
        "Speed GPS": "",
        "Accuracy GPS": "",
        "Altitude GPS": "",
        "GNSS Timestamp": "",
        "HH:mm:ss": "",
        "SSS": "",
        "trip_id": "602DE_Trip8"
      }
    },
    {
      "type": "Feature",
      "geometry": {
        "type": "LineString",
        "coordinates": [
          [
            4.95520589816812,
            52.3395775376112
          ],
          [
            4.95520589816812,
            52.3395775376112
          ]
        ]
      },
      "properties": {
        "marker": "7",
        "Acc Y (g)": "1.033",
        "HRot Count": "37",
        "Speed": "1127",
        "Samples": "2606",
        "Heading GPS (dg)": "206",
        "Speed GPS": "11",
        "Accuracy GPS": "19",
        "Altitude GPS": "6",
        "GNSS Timestamp": "2026-05-06 08:09:01.999000+00:00",
        "HH:mm:ss": "10:09:02",
        "SSS": "128",
        "trip_id": "602DE_Trip8",
        "timestamp": "2026-05-06 08:09:01.999000+00:00"
      }
    },
    {
      "type": "Feature",
      "geometry": {
        "type": "LineString",
        "coordinates": [
          [
            4.95520589816812,
            52.3395775376112
          ],
          [
            4.95520589816812,
            52.3395775376112
          ]
        ]
      },
      "properties": {
        "marker": "",
        "Acc Y (g)": "0.752",
        "HRot Count": "",
        "Speed": "",
        "Samples": "2607",
        "Heading GPS (dg)": "",
        "Speed GPS": "",
        "Accuracy GPS": "",
        "Altitude GPS": "",
        "GNSS Timestamp": "",
        "HH:mm:ss": "",
        "SSS": "",
        "trip_id": "602DE_Trip8"
      }
    },
    {
      "type": "Feature",
      "geometry": {
        "type": "LineString",
        "coordinates": [
          [
            4.95520589816812,
            52.3395775376112
          ],
          [
            4.95520589816812,
            52.3395775376112
          ]
        ]
      },
      "properties": {
        "marker": "",
        "Acc Y (g)": "0.927",
        "HRot Count": "",
        "Speed": "",
        "Samples": "2608",
        "Heading GPS (dg)": "",
        "Speed GPS": "",
        "Accuracy GPS": "",
        "Altitude GPS": "",
        "GNSS Timestamp": "",
        "HH:mm:ss": "",
        "SSS": "",
        "trip_id": "602DE_Trip8"
      }
    },
    {
      "type": "Feature",
      "geometry": {
        "type": "LineString",
        "coordinates": [
          [
            4.95520589816812,
            52.3395775376112
          ],
          [
            4.95520589816812,
            52.3395775376112
          ]
        ]
      },
      "properties": {
        "marker": "",
        "Acc Y (g)": "1.031",
        "HRot Count": "",
        "Speed": "",
        "Samples": "2609",
        "Heading GPS (dg)": "",
        "Speed GPS": "",
        "Accuracy GPS": "",
        "Altitude GPS": "",
        "GNSS Timestamp": "",
        "HH:mm:ss": "",
        "SSS": "",
        "trip_id": "602DE_Trip8"
      }
    },
    {
      "type": "Feature",
      "geometry": {
        "type": "LineString",
        "coordinates": [
          [
            4.95520589816812,
            52.3395775376112
          ],
          [
            4.95520589816812,
            52.3395775376112
          ]
        ]
      },
      "properties": {
        "marker": "",
        "Acc Y (g)": "1.265",
        "HRot Count": "",
        "Speed": "",
        "Samples": "2610",
        "Heading GPS (dg)": "",
        "Speed GPS": "",
        "Accuracy GPS": "",
        "Altitude GPS": "",
        "GNSS Timestamp": "",
        "HH:mm:ss": "",
        "SSS": "",
        "trip_id": "602DE_Trip8"
      }
    },
    {
      "type": "Feature",
      "geometry": {
        "type": "LineString",
        "coordinates": [
          [
            4.95520589816812,
            52.3395775376112
          ],
          [
            4.95520589816812,
            52.3395775376112
          ]
        ]
      },
      "properties": {
        "marker": "",
        "Acc Y (g)": "0.734",
        "HRot Count": "",
        "Speed": "",
        "Samples": "2611",
        "Heading GPS (dg)": "",
        "Speed GPS": "",
        "Accuracy GPS": "",
        "Altitude GPS": "",
        "GNSS Timestamp": "",
        "HH:mm:ss": "",
        "SSS": "",
        "trip_id": "602DE_Trip8"
      }
    },
    {
      "type": "Feature",
      "geometry": {
        "type": "LineString",
        "coordinates": [
          [
            4.95520589816812,
            52.3395775376112
          ],
          [
            4.95520589816812,
            52.3395775376112
          ]
        ]
      },
      "properties": {
        "marker": "",
        "Acc Y (g)": "0.772",
        "HRot Count": "",
        "Speed": "",
        "Samples": "2612",
        "Heading GPS (dg)": "",
        "Speed GPS": "",
        "Accuracy GPS": "",
        "Altitude GPS": "",
        "GNSS Timestamp": "",
        "HH:mm:ss": "",
        "SSS": "",
        "trip_id": "602DE_Trip8"
      }
    },
    {
      "type": "Feature",
      "geometry": {
        "type": "LineString",
        "coordinates": [
          [
            4.95520589816812,
            52.3395775376112
          ],
          [
            4.95520589816812,
            52.3395775376112
          ]
        ]
      },
      "properties": {
        "marker": "",
        "Acc Y (g)": "0.989",
        "HRot Count": "",
        "Speed": "",
        "Samples": "2613",
        "Heading GPS (dg)": "",
        "Speed GPS": "",
        "Accuracy GPS": "",
        "Altitude GPS": "",
        "GNSS Timestamp": "",
        "HH:mm:ss": "",
        "SSS": "",
        "trip_id": "602DE_Trip8"
      }
    },
    {
      "type": "Feature",
      "geometry": {
        "type": "LineString",
        "coordinates": [
          [
            4.95520589816812,
            52.3395775376112
          ],
          [
            4.95520589816812,
            52.3395775376112
          ]
        ]
      },
      "properties": {
        "marker": "",
        "Acc Y (g)": "1.162",
        "HRot Count": "",
        "Speed": "",
        "Samples": "2614",
        "Heading GPS (dg)": "",
        "Speed GPS": "",
        "Accuracy GPS": "",
        "Altitude GPS": "",
        "GNSS Timestamp": "",
        "HH:mm:ss": "",
        "SSS": "",
        "trip_id": "602DE_Trip8"
      }
    },
    {
      "type": "Feature",
      "geometry": {
        "type": "LineString",
        "coordinates": [
          [
            4.95520589816812,
            52.3395775376112
          ],
          [
            4.95520589816812,
            52.3395775376112
          ]
        ]
      },
      "properties": {
        "marker": "",
        "Acc Y (g)": "0.815",
        "HRot Count": "",
        "Speed": "",
        "Samples": "2615",
        "Heading GPS (dg)": "",
        "Speed GPS": "",
        "Accuracy GPS": "",
        "Altitude GPS": "",
        "GNSS Timestamp": "",
        "HH:mm:ss": "",
        "SSS": "",
        "trip_id": "602DE_Trip8"
      }
    },
    {
      "type": "Feature",
      "geometry": {
        "type": "LineString",
        "coordinates": [
          [
            4.95520589816812,
            52.3395775376112
          ],
          [
            4.95520589816812,
            52.3395775376112
          ]
        ]
      },
      "properties": {
        "marker": "",
        "Acc Y (g)": "0.800",
        "HRot Count": "",
        "Speed": "",
        "Samples": "2616",
        "Heading GPS (dg)": "",
        "Speed GPS": "",
        "Accuracy GPS": "",
        "Altitude GPS": "",
        "GNSS Timestamp": "",
        "HH:mm:ss": "",
        "SSS": "",
        "trip_id": "602DE_Trip8"
      }
    },
    {
      "type": "Feature",
      "geometry": {
        "type": "LineString",
        "coordinates": [
          [
            4.95520589816812,
            52.3395775376112
          ],
          [
            4.95520589816812,
            52.3395775376112
          ]
        ]
      },
      "properties": {
        "marker": "",
        "Acc Y (g)": "0.554",
        "HRot Count": "",
        "Speed": "",
        "Samples": "2617",
        "Heading GPS (dg)": "",
        "Speed GPS": "",
        "Accuracy GPS": "",
        "Altitude GPS": "",
        "GNSS Timestamp": "",
        "HH:mm:ss": "",
        "SSS": "",
        "trip_id": "602DE_Trip8"
      }
    },
    {
      "type": "Feature",
      "geometry": {
        "type": "LineString",
        "coordinates": [
          [
            4.95520589816812,
            52.3395775376112
          ],
          [
            4.95520589816812,
            52.3395775376112
          ]
        ]
      },
      "properties": {
        "marker": "",
        "Acc Y (g)": "0.641",
        "HRot Count": "",
        "Speed": "",
        "Samples": "2618",
        "Heading GPS (dg)": "",
        "Speed GPS": "",
        "Accuracy GPS": "",
        "Altitude GPS": "",
        "GNSS Timestamp": "",
        "HH:mm:ss": "",
        "SSS": "",
        "trip_id": "602DE_Trip8"
      }
    },
    {
      "type": "Feature",
      "geometry": {
        "type": "LineString",
        "coordinates": [
          [
            4.95520589816812,
            52.3395775376112
          ],
          [
            4.95520589816812,
            52.3395775376112
          ]
        ]
      },
      "properties": {
        "marker": "",
        "Acc Y (g)": "0.723",
        "HRot Count": "",
        "Speed": "",
        "Samples": "2619",
        "Heading GPS (dg)": "",
        "Speed GPS": "",
        "Accuracy GPS": "",
        "Altitude GPS": "",
        "GNSS Timestamp": "",
        "HH:mm:ss": "",
        "SSS": "",
        "trip_id": "602DE_Trip8"
      }
    },
    {
      "type": "Feature",
      "geometry": {
        "type": "LineString",
        "coordinates": [
          [
            4.95520589816812,
            52.3395775376112
          ],
          [
            4.95520589816812,
            52.3395775376112
          ]
        ]
      },
      "properties": {
        "marker": "",
        "Acc Y (g)": "0.437",
        "HRot Count": "",
        "Speed": "",
        "Samples": "2620",
        "Heading GPS (dg)": "",
        "Speed GPS": "",
        "Accuracy GPS": "",
        "Altitude GPS": "",
        "GNSS Timestamp": "",
        "HH:mm:ss": "",
        "SSS": "",
        "trip_id": "602DE_Trip8"
      }
    },
    {
      "type": "Feature",
      "geometry": {
        "type": "LineString",
        "coordinates": [
          [
            4.95520589816812,
            52.3395775376112
          ],
          [
            4.95520589816812,
            52.3395775376112
          ]
        ]
      },
      "properties": {
        "marker": "",
        "Acc Y (g)": "0.291",
        "HRot Count": "",
        "Speed": "",
        "Samples": "2621",
        "Heading GPS (dg)": "",
        "Speed GPS": "",
        "Accuracy GPS": "",
        "Altitude GPS": "",
        "GNSS Timestamp": "",
        "HH:mm:ss": "",
        "SSS": "",
        "trip_id": "602DE_Trip8"
      }
    },
    {
      "type": "Feature",
      "geometry": {
        "type": "LineString",
        "coordinates": [
          [
            4.95520589816812,
            52.3395775376112
          ],
          [
            4.95520589816812,
            52.3395775376112
          ]
        ]
      },
      "properties": {
        "marker": "",
        "Acc Y (g)": "0.244",
        "HRot Count": "",
        "Speed": "",
        "Samples": "2622",
        "Heading GPS (dg)": "",
        "Speed GPS": "",
        "Accuracy GPS": "",
        "Altitude GPS": "",
        "GNSS Timestamp": "",
        "HH:mm:ss": "",
        "SSS": "",
        "trip_id": "602DE_Trip8"
      }
    },
    {
      "type": "Feature",
      "geometry": {
        "type": "LineString",
        "coordinates": [
          [
            4.95520589816812,
            52.3395775376112
          ],
          [
            4.95520589816812,
            52.3395775376112
          ]
        ]
      },
      "properties": {
        "marker": "",
        "Acc Y (g)": "0.091",
        "HRot Count": "",
        "Speed": "",
        "Samples": "2623",
        "Heading GPS (dg)": "",
        "Speed GPS": "",
        "Accuracy GPS": "",
        "Altitude GPS": "",
        "GNSS Timestamp": "",
        "HH:mm:ss": "",
        "SSS": "",
        "trip_id": "602DE_Trip8"
      }
    },
    {
      "type": "Feature",
      "geometry": {
        "type": "LineString",
        "coordinates": [
          [
            4.95520589816812,
            52.3395775376112
          ],
          [
            4.95520589816812,
            52.3395775376112
          ]
        ]
      },
      "properties": {
        "marker": "",
        "Acc Y (g)": "0.120",
        "HRot Count": "",
        "Speed": "",
        "Samples": "2624",
        "Heading GPS (dg)": "",
        "Speed GPS": "",
        "Accuracy GPS": "",
        "Altitude GPS": "",
        "GNSS Timestamp": "",
        "HH:mm:ss": "",
        "SSS": "",
        "trip_id": "602DE_Trip8"
      }
    },
    {
      "type": "Feature",
      "geometry": {
        "type": "LineString",
        "coordinates": [
          [
            4.95520589816812,
            52.3395775376112
          ],
          [
            4.95520589816812,
            52.3395775376112
          ]
        ]
      },
      "properties": {
        "marker": "",
        "Acc Y (g)": "-0.219",
        "HRot Count": "",
        "Speed": "",
        "Samples": "2625",
        "Heading GPS (dg)": "",
        "Speed GPS": "",
        "Accuracy GPS": "",
        "Altitude GPS": "",
        "GNSS Timestamp": "",
        "HH:mm:ss": "",
        "SSS": "",
        "trip_id": "602DE_Trip8"
      }
    },
    {
      "type": "Feature",
      "geometry": {
        "type": "LineString",
        "coordinates": [
          [
            4.95520589816812,
            52.3395775376112
          ],
          [
            4.95520589816812,
            52.3395775376112
          ]
        ]
      },
      "properties": {
        "marker": "",
        "Acc Y (g)": "-0.145",
        "HRot Count": "",
        "Speed": "",
        "Samples": "2626",
        "Heading GPS (dg)": "",
        "Speed GPS": "",
        "Accuracy GPS": "",
        "Altitude GPS": "",
        "GNSS Timestamp": "",
        "HH:mm:ss": "",
        "SSS": "",
        "trip_id": "602DE_Trip8"
      }
    },
    {
      "type": "Feature",
      "geometry": {
        "type": "LineString",
        "coordinates": [
          [
            4.95520589816812,
            52.3395775376112
          ],
          [
            4.95520589816812,
            52.3395775376112
          ]
        ]
      },
      "properties": {
        "marker": "",
        "Acc Y (g)": "-0.499",
        "HRot Count": "",
        "Speed": "",
        "Samples": "2627",
        "Heading GPS (dg)": "",
        "Speed GPS": "",
        "Accuracy GPS": "",
        "Altitude GPS": "",
        "GNSS Timestamp": "",
        "HH:mm:ss": "",
        "SSS": "",
        "trip_id": "602DE_Trip8"
      }
    },
    {
      "type": "Feature",
      "geometry": {
        "type": "LineString",
        "coordinates": [
          [
            4.95520589816812,
            52.3395775376112
          ],
          [
            4.95520589816812,
            52.3395775376112
          ]
        ]
      },
      "properties": {
        "marker": "",
        "Acc Y (g)": "-0.559",
        "HRot Count": "",
        "Speed": "",
        "Samples": "2628",
        "Heading GPS (dg)": "",
        "Speed GPS": "",
        "Accuracy GPS": "",
        "Altitude GPS": "",
        "GNSS Timestamp": "",
        "HH:mm:ss": "",
        "SSS": "",
        "trip_id": "602DE_Trip8"
      }
    },
    {
      "type": "Feature",
      "geometry": {
        "type": "LineString",
        "coordinates": [
          [
            4.95520589816812,
            52.3395775376112
          ],
          [
            4.95520313428519,
            52.3395675338896
          ]
        ]
      },
      "properties": {
        "marker": "",
        "Acc Y (g)": "-0.483",
        "HRot Count": "",
        "Speed": "",
        "Samples": "2629",
        "Heading GPS (dg)": "",
        "Speed GPS": "",
        "Accuracy GPS": "",
        "Altitude GPS": "",
        "GNSS Timestamp": "",
        "HH:mm:ss": "",
        "SSS": "",
        "trip_id": "602DE_Trip8"
      }
    },
    {
      "type": "Feature",
      "geometry": {
        "type": "LineString",
        "coordinates": [
          [
            4.95520313428519,
            52.3395675338896
          ],
          [
            4.95520313428519,
            52.3395675338896
          ]
        ]
      },
      "properties": {
        "marker": "7",
        "Acc Y (g)": "-0.631",
        "HRot Count": "38",
        "Speed": "1079",
        "Samples": "2630",
        "Heading GPS (dg)": "216",
        "Speed GPS": "9",
        "Accuracy GPS": "18",
        "Altitude GPS": "6",
        "GNSS Timestamp": "2026-05-06 08:09:02.999000+00:00",
        "HH:mm:ss": "10:09:02",
        "SSS": "716",
        "trip_id": "602DE_Trip8",
        "timestamp": "2026-05-06 08:09:02.999000+00:00"
      }
    },
    {
      "type": "Feature",
      "geometry": {
        "type": "LineString",
        "coordinates": [
          [
            4.95520313428519,
            52.3395675338896
          ],
          [
            4.95520313428519,
            52.3395675338896
          ]
        ]
      },
      "properties": {
        "marker": "",
        "Acc Y (g)": "-0.906",
        "HRot Count": "",
        "Speed": "",
        "Samples": "2631",
        "Heading GPS (dg)": "",
        "Speed GPS": "",
        "Accuracy GPS": "",
        "Altitude GPS": "",
        "GNSS Timestamp": "",
        "HH:mm:ss": "",
        "SSS": "",
        "trip_id": "602DE_Trip8"
      }
    },
    {
      "type": "Feature",
      "geometry": {
        "type": "LineString",
        "coordinates": [
          [
            4.95520313428519,
            52.3395675338896
          ],
          [
            4.95520313428519,
            52.3395675338896
          ]
        ]
      },
      "properties": {
        "marker": "",
        "Acc Y (g)": "-1.071",
        "HRot Count": "",
        "Speed": "",
        "Samples": "2632",
        "Heading GPS (dg)": "",
        "Speed GPS": "",
        "Accuracy GPS": "",
        "Altitude GPS": "",
        "GNSS Timestamp": "",
        "HH:mm:ss": "",
        "SSS": "",
        "trip_id": "602DE_Trip8"
      }
    },
    {
      "type": "Feature",
      "geometry": {
        "type": "LineString",
        "coordinates": [
          [
            4.95520313428519,
            52.3395675338896
          ],
          [
            4.95520313428519,
            52.3395675338896
          ]
        ]
      },
      "properties": {
        "marker": "",
        "Acc Y (g)": "-1.101",
        "HRot Count": "",
        "Speed": "",
        "Samples": "2633",
        "Heading GPS (dg)": "",
        "Speed GPS": "",
        "Accuracy GPS": "",
        "Altitude GPS": "",
        "GNSS Timestamp": "",
        "HH:mm:ss": "",
        "SSS": "",
        "trip_id": "602DE_Trip8"
      }
    },
    {
      "type": "Feature",
      "geometry": {
        "type": "LineString",
        "coordinates": [
          [
            4.95520313428519,
            52.3395675338896
          ],
          [
            4.95520313428519,
            52.3395675338896
          ]
        ]
      },
      "properties": {
        "marker": "",
        "Acc Y (g)": "-0.817",
        "HRot Count": "",
        "Speed": "",
        "Samples": "2634",
        "Heading GPS (dg)": "",
        "Speed GPS": "",
        "Accuracy GPS": "",
        "Altitude GPS": "",
        "GNSS Timestamp": "",
        "HH:mm:ss": "",
        "SSS": "",
        "trip_id": "602DE_Trip8"
      }
    },
    {
      "type": "Feature",
      "geometry": {
        "type": "LineString",
        "coordinates": [
          [
            4.95520313428519,
            52.3395675338896
          ],
          [
            4.95520313428519,
            52.3395675338896
          ]
        ]
      },
      "properties": {
        "marker": "",
        "Acc Y (g)": "-0.815",
        "HRot Count": "",
        "Speed": "",
        "Samples": "2635",
        "Heading GPS (dg)": "",
        "Speed GPS": "",
        "Accuracy GPS": "",
        "Altitude GPS": "",
        "GNSS Timestamp": "",
        "HH:mm:ss": "",
        "SSS": "",
        "trip_id": "602DE_Trip8"
      }
    },
    {
      "type": "Feature",
      "geometry": {
        "type": "LineString",
        "coordinates": [
          [
            4.95520313428519,
            52.3395675338896
          ],
          [
            4.95520313428519,
            52.3395675338896
          ]
        ]
      },
      "properties": {
        "marker": "",
        "Acc Y (g)": "-0.913",
        "HRot Count": "",
        "Speed": "",
        "Samples": "2636",
        "Heading GPS (dg)": "",
        "Speed GPS": "",
        "Accuracy GPS": "",
        "Altitude GPS": "",
        "GNSS Timestamp": "",
        "HH:mm:ss": "",
        "SSS": "",
        "trip_id": "602DE_Trip8"
      }
    },
    {
      "type": "Feature",
      "geometry": {
        "type": "LineString",
        "coordinates": [
          [
            4.95520313428519,
            52.3395675338896
          ],
          [
            4.95520313428519,
            52.3395675338896
          ]
        ]
      },
      "properties": {
        "marker": "",
        "Acc Y (g)": "-1.079",
        "HRot Count": "",
        "Speed": "",
        "Samples": "2637",
        "Heading GPS (dg)": "",
        "Speed GPS": "",
        "Accuracy GPS": "",
        "Altitude GPS": "",
        "GNSS Timestamp": "",
        "HH:mm:ss": "",
        "SSS": "",
        "trip_id": "602DE_Trip8"
      }
    },
    {
      "type": "Feature",
      "geometry": {
        "type": "LineString",
        "coordinates": [
          [
            4.95520313428519,
            52.3395675338896
          ],
          [
            4.95520313428519,
            52.3395675338896
          ]
        ]
      },
      "properties": {
        "marker": "",
        "Acc Y (g)": "-0.925",
        "HRot Count": "",
        "Speed": "",
        "Samples": "2638",
        "Heading GPS (dg)": "",
        "Speed GPS": "",
        "Accuracy GPS": "",
        "Altitude GPS": "",
        "GNSS Timestamp": "",
        "HH:mm:ss": "",
        "SSS": "",
        "trip_id": "602DE_Trip8"
      }
    },
    {
      "type": "Feature",
      "geometry": {
        "type": "LineString",
        "coordinates": [
          [
            4.95520313428519,
            52.3395675338896
          ],
          [
            4.95520313428519,
            52.3395675338896
          ]
        ]
      },
      "properties": {
        "marker": "",
        "Acc Y (g)": "-1.150",
        "HRot Count": "",
        "Speed": "",
        "Samples": "2639",
        "Heading GPS (dg)": "",
        "Speed GPS": "",
        "Accuracy GPS": "",
        "Altitude GPS": "",
        "GNSS Timestamp": "",
        "HH:mm:ss": "",
        "SSS": "",
        "trip_id": "602DE_Trip8"
      }
    },
    {
      "type": "Feature",
      "geometry": {
        "type": "LineString",
        "coordinates": [
          [
            4.95520313428519,
            52.3395675338896
          ],
          [
            4.95520313428519,
            52.3395675338896
          ]
        ]
      },
      "properties": {
        "marker": "",
        "Acc Y (g)": "-0.396",
        "HRot Count": "",
        "Speed": "",
        "Samples": "2640",
        "Heading GPS (dg)": "",
        "Speed GPS": "",
        "Accuracy GPS": "",
        "Altitude GPS": "",
        "GNSS Timestamp": "",
        "HH:mm:ss": "",
        "SSS": "",
        "trip_id": "602DE_Trip8"
      }
    },
    {
      "type": "Feature",
      "geometry": {
        "type": "LineString",
        "coordinates": [
          [
            4.95520313428519,
            52.3395675338896
          ],
          [
            4.95520313428519,
            52.3395675338896
          ]
        ]
      },
      "properties": {
        "marker": "",
        "Acc Y (g)": "-0.785",
        "HRot Count": "",
        "Speed": "",
        "Samples": "2641",
        "Heading GPS (dg)": "",
        "Speed GPS": "",
        "Accuracy GPS": "",
        "Altitude GPS": "",
        "GNSS Timestamp": "",
        "HH:mm:ss": "",
        "SSS": "",
        "trip_id": "602DE_Trip8"
      }
    },
    {
      "type": "Feature",
      "geometry": {
        "type": "LineString",
        "coordinates": [
          [
            4.95520313428519,
            52.3395675338896
          ],
          [
            4.95520313428519,
            52.3395675338896
          ]
        ]
      },
      "properties": {
        "marker": "",
        "Acc Y (g)": "-0.616",
        "HRot Count": "",
        "Speed": "",
        "Samples": "2642",
        "Heading GPS (dg)": "",
        "Speed GPS": "",
        "Accuracy GPS": "",
        "Altitude GPS": "",
        "GNSS Timestamp": "",
        "HH:mm:ss": "",
        "SSS": "",
        "trip_id": "602DE_Trip8"
      }
    },
    {
      "type": "Feature",
      "geometry": {
        "type": "LineString",
        "coordinates": [
          [
            4.95520313428519,
            52.3395675338896
          ],
          [
            4.95520313428519,
            52.3395675338896
          ]
        ]
      },
      "properties": {
        "marker": "",
        "Acc Y (g)": "-0.649",
        "HRot Count": "",
        "Speed": "",
        "Samples": "2643",
        "Heading GPS (dg)": "",
        "Speed GPS": "",
        "Accuracy GPS": "",
        "Altitude GPS": "",
        "GNSS Timestamp": "",
        "HH:mm:ss": "",
        "SSS": "",
        "trip_id": "602DE_Trip8"
      }
    },
    {
      "type": "Feature",
      "geometry": {
        "type": "LineString",
        "coordinates": [
          [
            4.95520313428519,
            52.3395675338896
          ],
          [
            4.95520313428519,
            52.3395675338896
          ]
        ]
      },
      "properties": {
        "marker": "",
        "Acc Y (g)": "-0.437",
        "HRot Count": "",
        "Speed": "",
        "Samples": "2644",
        "Heading GPS (dg)": "",
        "Speed GPS": "",
        "Accuracy GPS": "",
        "Altitude GPS": "",
        "GNSS Timestamp": "",
        "HH:mm:ss": "",
        "SSS": "",
        "trip_id": "602DE_Trip8"
      }
    },
    {
      "type": "Feature",
      "geometry": {
        "type": "LineString",
        "coordinates": [
          [
            4.95520313428519,
            52.3395675338896
          ],
          [
            4.95520313428519,
            52.3395675338896
          ]
        ]
      },
      "properties": {
        "marker": "",
        "Acc Y (g)": "-0.438",
        "HRot Count": "",
        "Speed": "",
        "Samples": "2645",
        "Heading GPS (dg)": "",
        "Speed GPS": "",
        "Accuracy GPS": "",
        "Altitude GPS": "",
        "GNSS Timestamp": "",
        "HH:mm:ss": "",
        "SSS": "",
        "trip_id": "602DE_Trip8"
      }
    },
    {
      "type": "Feature",
      "geometry": {
        "type": "LineString",
        "coordinates": [
          [
            4.95520313428519,
            52.3395675338896
          ],
          [
            4.95520313428519,
            52.3395675338896
          ]
        ]
      },
      "properties": {
        "marker": "",
        "Acc Y (g)": "-0.442",
        "HRot Count": "",
        "Speed": "",
        "Samples": "2646",
        "Heading GPS (dg)": "",
        "Speed GPS": "",
        "Accuracy GPS": "",
        "Altitude GPS": "",
        "GNSS Timestamp": "",
        "HH:mm:ss": "",
        "SSS": "",
        "trip_id": "602DE_Trip8"
      }
    },
    {
      "type": "Feature",
      "geometry": {
        "type": "LineString",
        "coordinates": [
          [
            4.95520313428519,
            52.3395675338896
          ],
          [
            4.95520313428519,
            52.3395675338896
          ]
        ]
      },
      "properties": {
        "marker": "",
        "Acc Y (g)": "-0.027",
        "HRot Count": "",
        "Speed": "",
        "Samples": "2647",
        "Heading GPS (dg)": "",
        "Speed GPS": "",
        "Accuracy GPS": "",
        "Altitude GPS": "",
        "GNSS Timestamp": "",
        "HH:mm:ss": "",
        "SSS": "",
        "trip_id": "602DE_Trip8"
      }
    },
    {
      "type": "Feature",
      "geometry": {
        "type": "LineString",
        "coordinates": [
          [
            4.95520313428519,
            52.3395675338896
          ],
          [
            4.95520313428519,
            52.3395675338896
          ]
        ]
      },
      "properties": {
        "marker": "",
        "Acc Y (g)": "-0.143",
        "HRot Count": "",
        "Speed": "",
        "Samples": "2648",
        "Heading GPS (dg)": "",
        "Speed GPS": "",
        "Accuracy GPS": "",
        "Altitude GPS": "",
        "GNSS Timestamp": "",
        "HH:mm:ss": "",
        "SSS": "",
        "trip_id": "602DE_Trip8"
      }
    },
    {
      "type": "Feature",
      "geometry": {
        "type": "LineString",
        "coordinates": [
          [
            4.95520313428519,
            52.3395675338896
          ],
          [
            4.95520313428519,
            52.3395675338896
          ]
        ]
      },
      "properties": {
        "marker": "",
        "Acc Y (g)": "0.109",
        "HRot Count": "",
        "Speed": "",
        "Samples": "2649",
        "Heading GPS (dg)": "",
        "Speed GPS": "",
        "Accuracy GPS": "",
        "Altitude GPS": "",
        "GNSS Timestamp": "",
        "HH:mm:ss": "",
        "SSS": "",
        "trip_id": "602DE_Trip8"
      }
    },
    {
      "type": "Feature",
      "geometry": {
        "type": "LineString",
        "coordinates": [
          [
            4.95520313428519,
            52.3395675338896
          ],
          [
            4.95520313428519,
            52.3395675338896
          ]
        ]
      },
      "properties": {
        "marker": "",
        "Acc Y (g)": "0.075",
        "HRot Count": "",
        "Speed": "",
        "Samples": "2650",
        "Heading GPS (dg)": "",
        "Speed GPS": "",
        "Accuracy GPS": "",
        "Altitude GPS": "",
        "GNSS Timestamp": "",
        "HH:mm:ss": "",
        "SSS": "",
        "trip_id": "602DE_Trip8"
      }
    },
    {
      "type": "Feature",
      "geometry": {
        "type": "LineString",
        "coordinates": [
          [
            4.95520313428519,
            52.3395675338896
          ],
          [
            4.95520313428519,
            52.3395675338896
          ]
        ]
      },
      "properties": {
        "marker": "",
        "Acc Y (g)": "0.343",
        "HRot Count": "",
        "Speed": "",
        "Samples": "2651",
        "Heading GPS (dg)": "",
        "Speed GPS": "",
        "Accuracy GPS": "",
        "Altitude GPS": "",
        "GNSS Timestamp": "",
        "HH:mm:ss": "",
        "SSS": "",
        "trip_id": "602DE_Trip8"
      }
    },
    {
      "type": "Feature",
      "geometry": {
        "type": "LineString",
        "coordinates": [
          [
            4.95520313428519,
            52.3395675338896
          ],
          [
            4.95520313428519,
            52.3395675338896
          ]
        ]
      },
      "properties": {
        "marker": "",
        "Acc Y (g)": "0.338",
        "HRot Count": "",
        "Speed": "",
        "Samples": "2652",
        "Heading GPS (dg)": "",
        "Speed GPS": "",
        "Accuracy GPS": "",
        "Altitude GPS": "",
        "GNSS Timestamp": "",
        "HH:mm:ss": "",
        "SSS": "",
        "trip_id": "602DE_Trip8"
      }
    },
    {
      "type": "Feature",
      "geometry": {
        "type": "LineString",
        "coordinates": [
          [
            4.95520313428519,
            52.3395675338896
          ],
          [
            4.95520313428519,
            52.3395675338896
          ]
        ]
      },
      "properties": {
        "marker": "",
        "Acc Y (g)": "0.570",
        "HRot Count": "",
        "Speed": "",
        "Samples": "2653",
        "Heading GPS (dg)": "",
        "Speed GPS": "",
        "Accuracy GPS": "",
        "Altitude GPS": "",
        "GNSS Timestamp": "",
        "HH:mm:ss": "",
        "SSS": "",
        "trip_id": "602DE_Trip8"
      }
    },
    {
      "type": "Feature",
      "geometry": {
        "type": "LineString",
        "coordinates": [
          [
            4.95520313428519,
            52.3395675338896
          ],
          [
            4.95520313428519,
            52.3395675338896
          ]
        ]
      },
      "properties": {
        "marker": "",
        "Acc Y (g)": "0.397",
        "HRot Count": "",
        "Speed": "",
        "Samples": "2654",
        "Heading GPS (dg)": "",
        "Speed GPS": "",
        "Accuracy GPS": "",
        "Altitude GPS": "",
        "GNSS Timestamp": "",
        "HH:mm:ss": "",
        "SSS": "",
        "trip_id": "602DE_Trip8"
      }
    },
    {
      "type": "Feature",
      "geometry": {
        "type": "LineString",
        "coordinates": [
          [
            4.95520313428519,
            52.3395675338896
          ],
          [
            4.95520313428519,
            52.3395675338896
          ]
        ]
      },
      "properties": {
        "marker": "7",
        "Acc Y (g)": "1.016",
        "HRot Count": "39",
        "Speed": "1041",
        "Samples": "2655",
        "Heading GPS (dg)": "216",
        "Speed GPS": "9",
        "Accuracy GPS": "18",
        "Altitude GPS": "6",
        "GNSS Timestamp": "2026-05-06 08:09:02.999000+00:00",
        "HH:mm:ss": "10:09:03",
        "SSS": "145",
        "trip_id": "602DE_Trip8",
        "timestamp": "2026-05-06 08:09:02.999000+00:00"
      }
    },
    {
      "type": "Feature",
      "geometry": {
        "type": "LineString",
        "coordinates": [
          [
            4.95520313428519,
            52.3395675338896
          ],
          [
            4.95520313428519,
            52.3395675338896
          ]
        ]
      },
      "properties": {
        "marker": "",
        "Acc Y (g)": "0.774",
        "HRot Count": "",
        "Speed": "",
        "Samples": "2656",
        "Heading GPS (dg)": "",
        "Speed GPS": "",
        "Accuracy GPS": "",
        "Altitude GPS": "",
        "GNSS Timestamp": "",
        "HH:mm:ss": "",
        "SSS": "",
        "trip_id": "602DE_Trip8"
      }
    },
    {
      "type": "Feature",
      "geometry": {
        "type": "LineString",
        "coordinates": [
          [
            4.95520313428519,
            52.3395675338896
          ],
          [
            4.95520313428519,
            52.3395675338896
          ]
        ]
      },
      "properties": {
        "marker": "",
        "Acc Y (g)": "0.862",
        "HRot Count": "",
        "Speed": "",
        "Samples": "2657",
        "Heading GPS (dg)": "",
        "Speed GPS": "",
        "Accuracy GPS": "",
        "Altitude GPS": "",
        "GNSS Timestamp": "",
        "HH:mm:ss": "",
        "SSS": "",
        "trip_id": "602DE_Trip8"
      }
    },
    {
      "type": "Feature",
      "geometry": {
        "type": "LineString",
        "coordinates": [
          [
            4.95520313428519,
            52.3395675338896
          ],
          [
            4.95520313428519,
            52.3395675338896
          ]
        ]
      },
      "properties": {
        "marker": "",
        "Acc Y (g)": "0.941",
        "HRot Count": "",
        "Speed": "",
        "Samples": "2658",
        "Heading GPS (dg)": "",
        "Speed GPS": "",
        "Accuracy GPS": "",
        "Altitude GPS": "",
        "GNSS Timestamp": "",
        "HH:mm:ss": "",
        "SSS": "",
        "trip_id": "602DE_Trip8"
      }
    },
    {
      "type": "Feature",
      "geometry": {
        "type": "LineString",
        "coordinates": [
          [
            4.95520313428519,
            52.3395675338896
          ],
          [
            4.95520313428519,
            52.3395675338896
          ]
        ]
      },
      "properties": {
        "marker": "",
        "Acc Y (g)": "1.208",
        "HRot Count": "",
        "Speed": "",
        "Samples": "2659",
        "Heading GPS (dg)": "",
        "Speed GPS": "",
        "Accuracy GPS": "",
        "Altitude GPS": "",
        "GNSS Timestamp": "",
        "HH:mm:ss": "",
        "SSS": "",
        "trip_id": "602DE_Trip8"
      }
    },
    {
      "type": "Feature",
      "geometry": {
        "type": "LineString",
        "coordinates": [
          [
            4.95520313428519,
            52.3395675338896
          ],
          [
            4.95520313428519,
            52.3395675338896
          ]
        ]
      },
      "properties": {
        "marker": "",
        "Acc Y (g)": "0.944",
        "HRot Count": "",
        "Speed": "",
        "Samples": "2660",
        "Heading GPS (dg)": "",
        "Speed GPS": "",
        "Accuracy GPS": "",
        "Altitude GPS": "",
        "GNSS Timestamp": "",
        "HH:mm:ss": "",
        "SSS": "",
        "trip_id": "602DE_Trip8"
      }
    },
    {
      "type": "Feature",
      "geometry": {
        "type": "LineString",
        "coordinates": [
          [
            4.95520313428519,
            52.3395675338896
          ],
          [
            4.95520313428519,
            52.3395675338896
          ]
        ]
      },
      "properties": {
        "marker": "",
        "Acc Y (g)": "0.687",
        "HRot Count": "",
        "Speed": "",
        "Samples": "2661",
        "Heading GPS (dg)": "",
        "Speed GPS": "",
        "Accuracy GPS": "",
        "Altitude GPS": "",
        "GNSS Timestamp": "",
        "HH:mm:ss": "",
        "SSS": "",
        "trip_id": "602DE_Trip8"
      }
    },
    {
      "type": "Feature",
      "geometry": {
        "type": "LineString",
        "coordinates": [
          [
            4.95520313428519,
            52.3395675338896
          ],
          [
            4.95520313428519,
            52.3395675338896
          ]
        ]
      },
      "properties": {
        "marker": "",
        "Acc Y (g)": "0.877",
        "HRot Count": "",
        "Speed": "",
        "Samples": "2662",
        "Heading GPS (dg)": "",
        "Speed GPS": "",
        "Accuracy GPS": "",
        "Altitude GPS": "",
        "GNSS Timestamp": "",
        "HH:mm:ss": "",
        "SSS": "",
        "trip_id": "602DE_Trip8"
      }
    },
    {
      "type": "Feature",
      "geometry": {
        "type": "LineString",
        "coordinates": [
          [
            4.95520313428519,
            52.3395675338896
          ],
          [
            4.95520313428519,
            52.3395675338896
          ]
        ]
      },
      "properties": {
        "marker": "",
        "Acc Y (g)": "0.747",
        "HRot Count": "",
        "Speed": "",
        "Samples": "2663",
        "Heading GPS (dg)": "",
        "Speed GPS": "",
        "Accuracy GPS": "",
        "Altitude GPS": "",
        "GNSS Timestamp": "",
        "HH:mm:ss": "",
        "SSS": "",
        "trip_id": "602DE_Trip8"
      }
    },
    {
      "type": "Feature",
      "geometry": {
        "type": "LineString",
        "coordinates": [
          [
            4.95520313428519,
            52.3395675338896
          ],
          [
            4.95520313428519,
            52.3395675338896
          ]
        ]
      },
      "properties": {
        "marker": "",
        "Acc Y (g)": "0.319",
        "HRot Count": "",
        "Speed": "",
        "Samples": "2664",
        "Heading GPS (dg)": "",
        "Speed GPS": "",
        "Accuracy GPS": "",
        "Altitude GPS": "",
        "GNSS Timestamp": "",
        "HH:mm:ss": "",
        "SSS": "",
        "trip_id": "602DE_Trip8"
      }
    },
    {
      "type": "Feature",
      "geometry": {
        "type": "LineString",
        "coordinates": [
          [
            4.95520313428519,
            52.3395675338896
          ],
          [
            4.95520313428519,
            52.3395675338896
          ]
        ]
      },
      "properties": {
        "marker": "",
        "Acc Y (g)": "0.783",
        "HRot Count": "",
        "Speed": "",
        "Samples": "2665",
        "Heading GPS (dg)": "",
        "Speed GPS": "",
        "Accuracy GPS": "",
        "Altitude GPS": "",
        "GNSS Timestamp": "",
        "HH:mm:ss": "",
        "SSS": "",
        "trip_id": "602DE_Trip8"
      }
    },
    {
      "type": "Feature",
      "geometry": {
        "type": "LineString",
        "coordinates": [
          [
            4.95520313428519,
            52.3395675338896
          ],
          [
            4.95520313428519,
            52.3395675338896
          ]
        ]
      },
      "properties": {
        "marker": "",
        "Acc Y (g)": "2.226",
        "HRot Count": "",
        "Speed": "",
        "Samples": "2666",
        "Heading GPS (dg)": "",
        "Speed GPS": "",
        "Accuracy GPS": "",
        "Altitude GPS": "",
        "GNSS Timestamp": "",
        "HH:mm:ss": "",
        "SSS": "",
        "trip_id": "602DE_Trip8"
      }
    },
    {
      "type": "Feature",
      "geometry": {
        "type": "LineString",
        "coordinates": [
          [
            4.95520313428519,
            52.3395675338896
          ],
          [
            4.95520313428519,
            52.3395675338896
          ]
        ]
      },
      "properties": {
        "marker": "",
        "Acc Y (g)": "1.841",
        "HRot Count": "",
        "Speed": "",
        "Samples": "2667",
        "Heading GPS (dg)": "",
        "Speed GPS": "",
        "Accuracy GPS": "",
        "Altitude GPS": "",
        "GNSS Timestamp": "",
        "HH:mm:ss": "",
        "SSS": "",
        "trip_id": "602DE_Trip8"
      }
    },
    {
      "type": "Feature",
      "geometry": {
        "type": "LineString",
        "coordinates": [
          [
            4.95520313428519,
            52.3395675338896
          ],
          [
            4.95520313428519,
            52.3395675338896
          ]
        ]
      },
      "properties": {
        "marker": "",
        "Acc Y (g)": "-0.696",
        "HRot Count": "",
        "Speed": "",
        "Samples": "2668",
        "Heading GPS (dg)": "",
        "Speed GPS": "",
        "Accuracy GPS": "",
        "Altitude GPS": "",
        "GNSS Timestamp": "",
        "HH:mm:ss": "",
        "SSS": "",
        "trip_id": "602DE_Trip8"
      }
    },
    {
      "type": "Feature",
      "geometry": {
        "type": "LineString",
        "coordinates": [
          [
            4.95520313428519,
            52.3395675338896
          ],
          [
            4.95520313428519,
            52.3395675338896
          ]
        ]
      },
      "properties": {
        "marker": "",
        "Acc Y (g)": "0.305",
        "HRot Count": "",
        "Speed": "",
        "Samples": "2669",
        "Heading GPS (dg)": "",
        "Speed GPS": "",
        "Accuracy GPS": "",
        "Altitude GPS": "",
        "GNSS Timestamp": "",
        "HH:mm:ss": "",
        "SSS": "",
        "trip_id": "602DE_Trip8"
      }
    },
    {
      "type": "Feature",
      "geometry": {
        "type": "LineString",
        "coordinates": [
          [
            4.95520313428519,
            52.3395675338896
          ],
          [
            4.95520313428519,
            52.3395675338896
          ]
        ]
      },
      "properties": {
        "marker": "",
        "Acc Y (g)": "0.983",
        "HRot Count": "",
        "Speed": "",
        "Samples": "2670",
        "Heading GPS (dg)": "",
        "Speed GPS": "",
        "Accuracy GPS": "",
        "Altitude GPS": "",
        "GNSS Timestamp": "",
        "HH:mm:ss": "",
        "SSS": "",
        "trip_id": "602DE_Trip8"
      }
    },
    {
      "type": "Feature",
      "geometry": {
        "type": "LineString",
        "coordinates": [
          [
            4.95520313428519,
            52.3395675338896
          ],
          [
            4.95520313428519,
            52.3395675338896
          ]
        ]
      },
      "properties": {
        "marker": "",
        "Acc Y (g)": "0.970",
        "HRot Count": "",
        "Speed": "",
        "Samples": "2671",
        "Heading GPS (dg)": "",
        "Speed GPS": "",
        "Accuracy GPS": "",
        "Altitude GPS": "",
        "GNSS Timestamp": "",
        "HH:mm:ss": "",
        "SSS": "",
        "trip_id": "602DE_Trip8"
      }
    },
    {
      "type": "Feature",
      "geometry": {
        "type": "LineString",
        "coordinates": [
          [
            4.95520313428519,
            52.3395675338896
          ],
          [
            4.95520313428519,
            52.3395675338896
          ]
        ]
      },
      "properties": {
        "marker": "",
        "Acc Y (g)": "0.063",
        "HRot Count": "",
        "Speed": "",
        "Samples": "2672",
        "Heading GPS (dg)": "",
        "Speed GPS": "",
        "Accuracy GPS": "",
        "Altitude GPS": "",
        "GNSS Timestamp": "",
        "HH:mm:ss": "",
        "SSS": "",
        "trip_id": "602DE_Trip8"
      }
    },
    {
      "type": "Feature",
      "geometry": {
        "type": "LineString",
        "coordinates": [
          [
            4.95520313428519,
            52.3395675338896
          ],
          [
            4.95520313428519,
            52.3395675338896
          ]
        ]
      },
      "properties": {
        "marker": "",
        "Acc Y (g)": "0.397",
        "HRot Count": "",
        "Speed": "",
        "Samples": "2673",
        "Heading GPS (dg)": "",
        "Speed GPS": "",
        "Accuracy GPS": "",
        "Altitude GPS": "",
        "GNSS Timestamp": "",
        "HH:mm:ss": "",
        "SSS": "",
        "trip_id": "602DE_Trip8"
      }
    },
    {
      "type": "Feature",
      "geometry": {
        "type": "LineString",
        "coordinates": [
          [
            4.95520313428519,
            52.3395675338896
          ],
          [
            4.95520313428519,
            52.3395675338896
          ]
        ]
      },
      "properties": {
        "marker": "",
        "Acc Y (g)": "-0.041",
        "HRot Count": "",
        "Speed": "",
        "Samples": "2674",
        "Heading GPS (dg)": "",
        "Speed GPS": "",
        "Accuracy GPS": "",
        "Altitude GPS": "",
        "GNSS Timestamp": "",
        "HH:mm:ss": "",
        "SSS": "",
        "trip_id": "602DE_Trip8"
      }
    },
    {
      "type": "Feature",
      "geometry": {
        "type": "LineString",
        "coordinates": [
          [
            4.95520313428519,
            52.3395675338896
          ],
          [
            4.95520313428519,
            52.3395675338896
          ]
        ]
      },
      "properties": {
        "marker": "",
        "Acc Y (g)": "0.074",
        "HRot Count": "",
        "Speed": "",
        "Samples": "2675",
        "Heading GPS (dg)": "",
        "Speed GPS": "",
        "Accuracy GPS": "",
        "Altitude GPS": "",
        "GNSS Timestamp": "",
        "HH:mm:ss": "",
        "SSS": "",
        "trip_id": "602DE_Trip8"
      }
    },
    {
      "type": "Feature",
      "geometry": {
        "type": "LineString",
        "coordinates": [
          [
            4.95520313428519,
            52.3395675338896
          ],
          [
            4.95520313428519,
            52.3395675338896
          ]
        ]
      },
      "properties": {
        "marker": "",
        "Acc Y (g)": "-0.273",
        "HRot Count": "",
        "Speed": "",
        "Samples": "2676",
        "Heading GPS (dg)": "",
        "Speed GPS": "",
        "Accuracy GPS": "",
        "Altitude GPS": "",
        "GNSS Timestamp": "",
        "HH:mm:ss": "",
        "SSS": "",
        "trip_id": "602DE_Trip8"
      }
    },
    {
      "type": "Feature",
      "geometry": {
        "type": "LineString",
        "coordinates": [
          [
            4.95520313428519,
            52.3395675338896
          ],
          [
            4.95520313428519,
            52.3395675338896
          ]
        ]
      },
      "properties": {
        "marker": "",
        "Acc Y (g)": "-0.261",
        "HRot Count": "",
        "Speed": "",
        "Samples": "2677",
        "Heading GPS (dg)": "",
        "Speed GPS": "",
        "Accuracy GPS": "",
        "Altitude GPS": "",
        "GNSS Timestamp": "",
        "HH:mm:ss": "",
        "SSS": "",
        "trip_id": "602DE_Trip8"
      }
    },
    {
      "type": "Feature",
      "geometry": {
        "type": "LineString",
        "coordinates": [
          [
            4.95520313428519,
            52.3395675338896
          ],
          [
            4.95520313428519,
            52.3395675338896
          ]
        ]
      },
      "properties": {
        "marker": "",
        "Acc Y (g)": "-0.271",
        "HRot Count": "",
        "Speed": "",
        "Samples": "2678",
        "Heading GPS (dg)": "",
        "Speed GPS": "",
        "Accuracy GPS": "",
        "Altitude GPS": "",
        "GNSS Timestamp": "",
        "HH:mm:ss": "",
        "SSS": "",
        "trip_id": "602DE_Trip8"
      }
    },
    {
      "type": "Feature",
      "geometry": {
        "type": "LineString",
        "coordinates": [
          [
            4.95520313428519,
            52.3395675338896
          ],
          [
            4.95520313428519,
            52.3395675338896
          ]
        ]
      },
      "properties": {
        "marker": "",
        "Acc Y (g)": "-0.533",
        "HRot Count": "",
        "Speed": "",
        "Samples": "2679",
        "Heading GPS (dg)": "",
        "Speed GPS": "",
        "Accuracy GPS": "",
        "Altitude GPS": "",
        "GNSS Timestamp": "",
        "HH:mm:ss": "",
        "SSS": "",
        "trip_id": "602DE_Trip8"
      }
    },
    {
      "type": "Feature",
      "geometry": {
        "type": "LineString",
        "coordinates": [
          [
            4.95520313428519,
            52.3395675338896
          ],
          [
            4.95517734586741,
            52.3395394262569
          ]
        ]
      },
      "properties": {
        "marker": "",
        "Acc Y (g)": "-0.535",
        "HRot Count": "",
        "Speed": "",
        "Samples": "2680",
        "Heading GPS (dg)": "",
        "Speed GPS": "",
        "Accuracy GPS": "",
        "Altitude GPS": "",
        "GNSS Timestamp": "",
        "HH:mm:ss": "",
        "SSS": "",
        "trip_id": "602DE_Trip8"
      }
    },
    {
      "type": "Feature",
      "geometry": {
        "type": "LineString",
        "coordinates": [
          [
            4.95517734586741,
            52.3395394262569
          ],
          [
            4.95517734586741,
            52.3395394262569
          ]
        ]
      },
      "properties": {
        "marker": "7",
        "Acc Y (g)": "-0.622",
        "HRot Count": "40",
        "Speed": "1000",
        "Samples": "2681",
        "Heading GPS (dg)": "208",
        "Speed GPS": "9",
        "Accuracy GPS": "18",
        "Altitude GPS": "8",
        "GNSS Timestamp": "2026-05-06 08:09:03.999000+00:00",
        "HH:mm:ss": "10:09:03",
        "SSS": "738",
        "trip_id": "602DE_Trip8",
        "timestamp": "2026-05-06 08:09:03.999000+00:00"
      }
    },
    {
      "type": "Feature",
      "geometry": {
        "type": "LineString",
        "coordinates": [
          [
            4.95517734586741,
            52.3395394262569
          ],
          [
            4.95517734586741,
            52.3395394262569
          ]
        ]
      },
      "properties": {
        "marker": "",
        "Acc Y (g)": "-0.755",
        "HRot Count": "",
        "Speed": "",
        "Samples": "2682",
        "Heading GPS (dg)": "",
        "Speed GPS": "",
        "Accuracy GPS": "",
        "Altitude GPS": "",
        "GNSS Timestamp": "",
        "HH:mm:ss": "",
        "SSS": "",
        "trip_id": "602DE_Trip8"
      }
    },
    {
      "type": "Feature",
      "geometry": {
        "type": "LineString",
        "coordinates": [
          [
            4.95517734586741,
            52.3395394262569
          ],
          [
            4.95517734586741,
            52.3395394262569
          ]
        ]
      },
      "properties": {
        "marker": "",
        "Acc Y (g)": "-0.813",
        "HRot Count": "",
        "Speed": "",
        "Samples": "2683",
        "Heading GPS (dg)": "",
        "Speed GPS": "",
        "Accuracy GPS": "",
        "Altitude GPS": "",
        "GNSS Timestamp": "",
        "HH:mm:ss": "",
        "SSS": "",
        "trip_id": "602DE_Trip8"
      }
    },
    {
      "type": "Feature",
      "geometry": {
        "type": "LineString",
        "coordinates": [
          [
            4.95517734586741,
            52.3395394262569
          ],
          [
            4.95517734586741,
            52.3395394262569
          ]
        ]
      },
      "properties": {
        "marker": "",
        "Acc Y (g)": "-0.992",
        "HRot Count": "",
        "Speed": "",
        "Samples": "2684",
        "Heading GPS (dg)": "",
        "Speed GPS": "",
        "Accuracy GPS": "",
        "Altitude GPS": "",
        "GNSS Timestamp": "",
        "HH:mm:ss": "",
        "SSS": "",
        "trip_id": "602DE_Trip8"
      }
    },
    {
      "type": "Feature",
      "geometry": {
        "type": "LineString",
        "coordinates": [
          [
            4.95517734586741,
            52.3395394262569
          ],
          [
            4.95517734586741,
            52.3395394262569
          ]
        ]
      },
      "properties": {
        "marker": "",
        "Acc Y (g)": "-0.916",
        "HRot Count": "",
        "Speed": "",
        "Samples": "2685",
        "Heading GPS (dg)": "",
        "Speed GPS": "",
        "Accuracy GPS": "",
        "Altitude GPS": "",
        "GNSS Timestamp": "",
        "HH:mm:ss": "",
        "SSS": "",
        "trip_id": "602DE_Trip8"
      }
    },
    {
      "type": "Feature",
      "geometry": {
        "type": "LineString",
        "coordinates": [
          [
            4.95517734586741,
            52.3395394262569
          ],
          [
            4.95517734586741,
            52.3395394262569
          ]
        ]
      },
      "properties": {
        "marker": "",
        "Acc Y (g)": "-1.017",
        "HRot Count": "",
        "Speed": "",
        "Samples": "2686",
        "Heading GPS (dg)": "",
        "Speed GPS": "",
        "Accuracy GPS": "",
        "Altitude GPS": "",
        "GNSS Timestamp": "",
        "HH:mm:ss": "",
        "SSS": "",
        "trip_id": "602DE_Trip8"
      }
    },
    {
      "type": "Feature",
      "geometry": {
        "type": "LineString",
        "coordinates": [
          [
            4.95517734586741,
            52.3395394262569
          ],
          [
            4.95517734586741,
            52.3395394262569
          ]
        ]
      },
      "properties": {
        "marker": "",
        "Acc Y (g)": "-0.946",
        "HRot Count": "",
        "Speed": "",
        "Samples": "2687",
        "Heading GPS (dg)": "",
        "Speed GPS": "",
        "Accuracy GPS": "",
        "Altitude GPS": "",
        "GNSS Timestamp": "",
        "HH:mm:ss": "",
        "SSS": "",
        "trip_id": "602DE_Trip8"
      }
    },
    {
      "type": "Feature",
      "geometry": {
        "type": "LineString",
        "coordinates": [
          [
            4.95517734586741,
            52.3395394262569
          ],
          [
            4.95517734586741,
            52.3395394262569
          ]
        ]
      },
      "properties": {
        "marker": "",
        "Acc Y (g)": "-0.957",
        "HRot Count": "",
        "Speed": "",
        "Samples": "2688",
        "Heading GPS (dg)": "",
        "Speed GPS": "",
        "Accuracy GPS": "",
        "Altitude GPS": "",
        "GNSS Timestamp": "",
        "HH:mm:ss": "",
        "SSS": "",
        "trip_id": "602DE_Trip8"
      }
    },
    {
      "type": "Feature",
      "geometry": {
        "type": "LineString",
        "coordinates": [
          [
            4.95517734586741,
            52.3395394262569
          ],
          [
            4.95517734586741,
            52.3395394262569
          ]
        ]
      },
      "properties": {
        "marker": "",
        "Acc Y (g)": "-0.901",
        "HRot Count": "",
        "Speed": "",
        "Samples": "2689",
        "Heading GPS (dg)": "",
        "Speed GPS": "",
        "Accuracy GPS": "",
        "Altitude GPS": "",
        "GNSS Timestamp": "",
        "HH:mm:ss": "",
        "SSS": "",
        "trip_id": "602DE_Trip8"
      }
    },
    {
      "type": "Feature",
      "geometry": {
        "type": "LineString",
        "coordinates": [
          [
            4.95517734586741,
            52.3395394262569
          ],
          [
            4.95517734586741,
            52.3395394262569
          ]
        ]
      },
      "properties": {
        "marker": "",
        "Acc Y (g)": "-1.535",
        "HRot Count": "",
        "Speed": "",
        "Samples": "2690",
        "Heading GPS (dg)": "",
        "Speed GPS": "",
        "Accuracy GPS": "",
        "Altitude GPS": "",
        "GNSS Timestamp": "",
        "HH:mm:ss": "",
        "SSS": "",
        "trip_id": "602DE_Trip8"
      }
    },
    {
      "type": "Feature",
      "geometry": {
        "type": "LineString",
        "coordinates": [
          [
            4.95517734586741,
            52.3395394262569
          ],
          [
            4.95517734586741,
            52.3395394262569
          ]
        ]
      },
      "properties": {
        "marker": "",
        "Acc Y (g)": "-1.235",
        "HRot Count": "",
        "Speed": "",
        "Samples": "2691",
        "Heading GPS (dg)": "",
        "Speed GPS": "",
        "Accuracy GPS": "",
        "Altitude GPS": "",
        "GNSS Timestamp": "",
        "HH:mm:ss": "",
        "SSS": "",
        "trip_id": "602DE_Trip8"
      }
    },
    {
      "type": "Feature",
      "geometry": {
        "type": "LineString",
        "coordinates": [
          [
            4.95517734586741,
            52.3395394262569
          ],
          [
            4.95517734586741,
            52.3395394262569
          ]
        ]
      },
      "properties": {
        "marker": "",
        "Acc Y (g)": "-0.451",
        "HRot Count": "",
        "Speed": "",
        "Samples": "2692",
        "Heading GPS (dg)": "",
        "Speed GPS": "",
        "Accuracy GPS": "",
        "Altitude GPS": "",
        "GNSS Timestamp": "",
        "HH:mm:ss": "",
        "SSS": "",
        "trip_id": "602DE_Trip8"
      }
    },
    {
      "type": "Feature",
      "geometry": {
        "type": "LineString",
        "coordinates": [
          [
            4.95517734586741,
            52.3395394262569
          ],
          [
            4.95517734586741,
            52.3395394262569
          ]
        ]
      },
      "properties": {
        "marker": "",
        "Acc Y (g)": "0.176",
        "HRot Count": "",
        "Speed": "",
        "Samples": "2693",
        "Heading GPS (dg)": "",
        "Speed GPS": "",
        "Accuracy GPS": "",
        "Altitude GPS": "",
        "GNSS Timestamp": "",
        "HH:mm:ss": "",
        "SSS": "",
        "trip_id": "602DE_Trip8"
      }
    },
    {
      "type": "Feature",
      "geometry": {
        "type": "LineString",
        "coordinates": [
          [
            4.95517734586741,
            52.3395394262569
          ],
          [
            4.95517734586741,
            52.3395394262569
          ]
        ]
      },
      "properties": {
        "marker": "",
        "Acc Y (g)": "-1.358",
        "HRot Count": "",
        "Speed": "",
        "Samples": "2694",
        "Heading GPS (dg)": "",
        "Speed GPS": "",
        "Accuracy GPS": "",
        "Altitude GPS": "",
        "GNSS Timestamp": "",
        "HH:mm:ss": "",
        "SSS": "",
        "trip_id": "602DE_Trip8"
      }
    },
    {
      "type": "Feature",
      "geometry": {
        "type": "LineString",
        "coordinates": [
          [
            4.95517734586741,
            52.3395394262569
          ],
          [
            4.95517734586741,
            52.3395394262569
          ]
        ]
      },
      "properties": {
        "marker": "",
        "Acc Y (g)": "-0.449",
        "HRot Count": "",
        "Speed": "",
        "Samples": "2695",
        "Heading GPS (dg)": "",
        "Speed GPS": "",
        "Accuracy GPS": "",
        "Altitude GPS": "",
        "GNSS Timestamp": "",
        "HH:mm:ss": "",
        "SSS": "",
        "trip_id": "602DE_Trip8"
      }
    },
    {
      "type": "Feature",
      "geometry": {
        "type": "LineString",
        "coordinates": [
          [
            4.95517734586741,
            52.3395394262569
          ],
          [
            4.95517734586741,
            52.3395394262569
          ]
        ]
      },
      "properties": {
        "marker": "",
        "Acc Y (g)": "-0.621",
        "HRot Count": "",
        "Speed": "",
        "Samples": "2696",
        "Heading GPS (dg)": "",
        "Speed GPS": "",
        "Accuracy GPS": "",
        "Altitude GPS": "",
        "GNSS Timestamp": "",
        "HH:mm:ss": "",
        "SSS": "",
        "trip_id": "602DE_Trip8"
      }
    },
    {
      "type": "Feature",
      "geometry": {
        "type": "LineString",
        "coordinates": [
          [
            4.95517734586741,
            52.3395394262569
          ],
          [
            4.95517734586741,
            52.3395394262569
          ]
        ]
      },
      "properties": {
        "marker": "",
        "Acc Y (g)": "0.264",
        "HRot Count": "",
        "Speed": "",
        "Samples": "2697",
        "Heading GPS (dg)": "",
        "Speed GPS": "",
        "Accuracy GPS": "",
        "Altitude GPS": "",
        "GNSS Timestamp": "",
        "HH:mm:ss": "",
        "SSS": "",
        "trip_id": "602DE_Trip8"
      }
    },
    {
      "type": "Feature",
      "geometry": {
        "type": "LineString",
        "coordinates": [
          [
            4.95517734586741,
            52.3395394262569
          ],
          [
            4.95517734586741,
            52.3395394262569
          ]
        ]
      },
      "properties": {
        "marker": "",
        "Acc Y (g)": "-0.156",
        "HRot Count": "",
        "Speed": "",
        "Samples": "2698",
        "Heading GPS (dg)": "",
        "Speed GPS": "",
        "Accuracy GPS": "",
        "Altitude GPS": "",
        "GNSS Timestamp": "",
        "HH:mm:ss": "",
        "SSS": "",
        "trip_id": "602DE_Trip8"
      }
    },
    {
      "type": "Feature",
      "geometry": {
        "type": "LineString",
        "coordinates": [
          [
            4.95517734586741,
            52.3395394262569
          ],
          [
            4.95517734586741,
            52.3395394262569
          ]
        ]
      },
      "properties": {
        "marker": "",
        "Acc Y (g)": "0.436",
        "HRot Count": "",
        "Speed": "",
        "Samples": "2699",
        "Heading GPS (dg)": "",
        "Speed GPS": "",
        "Accuracy GPS": "",
        "Altitude GPS": "",
        "GNSS Timestamp": "",
        "HH:mm:ss": "",
        "SSS": "",
        "trip_id": "602DE_Trip8"
      }
    },
    {
      "type": "Feature",
      "geometry": {
        "type": "LineString",
        "coordinates": [
          [
            4.95517734586741,
            52.3395394262569
          ],
          [
            4.95517734586741,
            52.3395394262569
          ]
        ]
      },
      "properties": {
        "marker": "",
        "Acc Y (g)": "-0.029",
        "HRot Count": "",
        "Speed": "",
        "Samples": "2700",
        "Heading GPS (dg)": "",
        "Speed GPS": "",
        "Accuracy GPS": "",
        "Altitude GPS": "",
        "GNSS Timestamp": "",
        "HH:mm:ss": "",
        "SSS": "",
        "trip_id": "602DE_Trip8"
      }
    },
    {
      "type": "Feature",
      "geometry": {
        "type": "LineString",
        "coordinates": [
          [
            4.95517734586741,
            52.3395394262569
          ],
          [
            4.95517734586741,
            52.3395394262569
          ]
        ]
      },
      "properties": {
        "marker": "",
        "Acc Y (g)": "0.319",
        "HRot Count": "",
        "Speed": "",
        "Samples": "2701",
        "Heading GPS (dg)": "",
        "Speed GPS": "",
        "Accuracy GPS": "",
        "Altitude GPS": "",
        "GNSS Timestamp": "",
        "HH:mm:ss": "",
        "SSS": "",
        "trip_id": "602DE_Trip8"
      }
    },
    {
      "type": "Feature",
      "geometry": {
        "type": "LineString",
        "coordinates": [
          [
            4.95517734586741,
            52.3395394262569
          ],
          [
            4.95517734586741,
            52.3395394262569
          ]
        ]
      },
      "properties": {
        "marker": "",
        "Acc Y (g)": "0.025",
        "HRot Count": "",
        "Speed": "",
        "Samples": "2702",
        "Heading GPS (dg)": "",
        "Speed GPS": "",
        "Accuracy GPS": "",
        "Altitude GPS": "",
        "GNSS Timestamp": "",
        "HH:mm:ss": "",
        "SSS": "",
        "trip_id": "602DE_Trip8"
      }
    },
    {
      "type": "Feature",
      "geometry": {
        "type": "LineString",
        "coordinates": [
          [
            4.95517734586741,
            52.3395394262569
          ],
          [
            4.95517734586741,
            52.3395394262569
          ]
        ]
      },
      "properties": {
        "marker": "",
        "Acc Y (g)": "0.456",
        "HRot Count": "",
        "Speed": "",
        "Samples": "2703",
        "Heading GPS (dg)": "",
        "Speed GPS": "",
        "Accuracy GPS": "",
        "Altitude GPS": "",
        "GNSS Timestamp": "",
        "HH:mm:ss": "",
        "SSS": "",
        "trip_id": "602DE_Trip8"
      }
    },
    {
      "type": "Feature",
      "geometry": {
        "type": "LineString",
        "coordinates": [
          [
            4.95517734586741,
            52.3395394262569
          ],
          [
            4.95517734586741,
            52.3395394262569
          ]
        ]
      },
      "properties": {
        "marker": "",
        "Acc Y (g)": "0.300",
        "HRot Count": "",
        "Speed": "",
        "Samples": "2704",
        "Heading GPS (dg)": "",
        "Speed GPS": "",
        "Accuracy GPS": "",
        "Altitude GPS": "",
        "GNSS Timestamp": "",
        "HH:mm:ss": "",
        "SSS": "",
        "trip_id": "602DE_Trip8"
      }
    },
    {
      "type": "Feature",
      "geometry": {
        "type": "LineString",
        "coordinates": [
          [
            4.95517734586741,
            52.3395394262569
          ],
          [
            4.95517734586741,
            52.3395394262569
          ]
        ]
      },
      "properties": {
        "marker": "",
        "Acc Y (g)": "0.651",
        "HRot Count": "",
        "Speed": "",
        "Samples": "2705",
        "Heading GPS (dg)": "",
        "Speed GPS": "",
        "Accuracy GPS": "",
        "Altitude GPS": "",
        "GNSS Timestamp": "",
        "HH:mm:ss": "",
        "SSS": "",
        "trip_id": "602DE_Trip8"
      }
    },
    {
      "type": "Feature",
      "geometry": {
        "type": "LineString",
        "coordinates": [
          [
            4.95517734586741,
            52.3395394262569
          ],
          [
            4.95517734586741,
            52.3395394262569
          ]
        ]
      },
      "properties": {
        "marker": "",
        "Acc Y (g)": "0.474",
        "HRot Count": "",
        "Speed": "",
        "Samples": "2706",
        "Heading GPS (dg)": "",
        "Speed GPS": "",
        "Accuracy GPS": "",
        "Altitude GPS": "",
        "GNSS Timestamp": "",
        "HH:mm:ss": "",
        "SSS": "",
        "trip_id": "602DE_Trip8"
      }
    },
    {
      "type": "Feature",
      "geometry": {
        "type": "LineString",
        "coordinates": [
          [
            4.95517734586741,
            52.3395394262569
          ],
          [
            4.95517734586741,
            52.3395394262569
          ]
        ]
      },
      "properties": {
        "marker": "7",
        "Acc Y (g)": "0.828",
        "HRot Count": "41",
        "Speed": "970",
        "Samples": "2707",
        "Heading GPS (dg)": "208",
        "Speed GPS": "9",
        "Accuracy GPS": "18",
        "Altitude GPS": "8",
        "GNSS Timestamp": "2026-05-06 08:09:03.999000+00:00",
        "HH:mm:ss": "10:09:04",
        "SSS": "140",
        "trip_id": "602DE_Trip8",
        "timestamp": "2026-05-06 08:09:03.999000+00:00"
      }
    },
    {
      "type": "Feature",
      "geometry": {
        "type": "LineString",
        "coordinates": [
          [
            4.95517734586741,
            52.3395394262569
          ],
          [
            4.95517734586741,
            52.3395394262569
          ]
        ]
      },
      "properties": {
        "marker": "",
        "Acc Y (g)": "0.870",
        "HRot Count": "",
        "Speed": "",
        "Samples": "2708",
        "Heading GPS (dg)": "",
        "Speed GPS": "",
        "Accuracy GPS": "",
        "Altitude GPS": "",
        "GNSS Timestamp": "",
        "HH:mm:ss": "",
        "SSS": "",
        "trip_id": "602DE_Trip8"
      }
    },
    {
      "type": "Feature",
      "geometry": {
        "type": "LineString",
        "coordinates": [
          [
            4.95517734586741,
            52.3395394262569
          ],
          [
            4.95517734586741,
            52.3395394262569
          ]
        ]
      },
      "properties": {
        "marker": "",
        "Acc Y (g)": "0.994",
        "HRot Count": "",
        "Speed": "",
        "Samples": "2709",
        "Heading GPS (dg)": "",
        "Speed GPS": "",
        "Accuracy GPS": "",
        "Altitude GPS": "",
        "GNSS Timestamp": "",
        "HH:mm:ss": "",
        "SSS": "",
        "trip_id": "602DE_Trip8"
      }
    },
    {
      "type": "Feature",
      "geometry": {
        "type": "LineString",
        "coordinates": [
          [
            4.95517734586741,
            52.3395394262569
          ],
          [
            4.95517734586741,
            52.3395394262569
          ]
        ]
      },
      "properties": {
        "marker": "",
        "Acc Y (g)": "0.854",
        "HRot Count": "",
        "Speed": "",
        "Samples": "2710",
        "Heading GPS (dg)": "",
        "Speed GPS": "",
        "Accuracy GPS": "",
        "Altitude GPS": "",
        "GNSS Timestamp": "",
        "HH:mm:ss": "",
        "SSS": "",
        "trip_id": "602DE_Trip8"
      }
    },
    {
      "type": "Feature",
      "geometry": {
        "type": "LineString",
        "coordinates": [
          [
            4.95517734586741,
            52.3395394262569
          ],
          [
            4.95517734586741,
            52.3395394262569
          ]
        ]
      },
      "properties": {
        "marker": "",
        "Acc Y (g)": "1.071",
        "HRot Count": "",
        "Speed": "",
        "Samples": "2711",
        "Heading GPS (dg)": "",
        "Speed GPS": "",
        "Accuracy GPS": "",
        "Altitude GPS": "",
        "GNSS Timestamp": "",
        "HH:mm:ss": "",
        "SSS": "",
        "trip_id": "602DE_Trip8"
      }
    },
    {
      "type": "Feature",
      "geometry": {
        "type": "LineString",
        "coordinates": [
          [
            4.95517734586741,
            52.3395394262569
          ],
          [
            4.95517734586741,
            52.3395394262569
          ]
        ]
      },
      "properties": {
        "marker": "",
        "Acc Y (g)": "1.048",
        "HRot Count": "",
        "Speed": "",
        "Samples": "2712",
        "Heading GPS (dg)": "",
        "Speed GPS": "",
        "Accuracy GPS": "",
        "Altitude GPS": "",
        "GNSS Timestamp": "",
        "HH:mm:ss": "",
        "SSS": "",
        "trip_id": "602DE_Trip8"
      }
    },
    {
      "type": "Feature",
      "geometry": {
        "type": "LineString",
        "coordinates": [
          [
            4.95517734586741,
            52.3395394262569
          ],
          [
            4.95517734586741,
            52.3395394262569
          ]
        ]
      },
      "properties": {
        "marker": "",
        "Acc Y (g)": "0.917",
        "HRot Count": "",
        "Speed": "",
        "Samples": "2713",
        "Heading GPS (dg)": "",
        "Speed GPS": "",
        "Accuracy GPS": "",
        "Altitude GPS": "",
        "GNSS Timestamp": "",
        "HH:mm:ss": "",
        "SSS": "",
        "trip_id": "602DE_Trip8"
      }
    },
    {
      "type": "Feature",
      "geometry": {
        "type": "LineString",
        "coordinates": [
          [
            4.95517734586741,
            52.3395394262569
          ],
          [
            4.95517734586741,
            52.3395394262569
          ]
        ]
      },
      "properties": {
        "marker": "",
        "Acc Y (g)": "1.080",
        "HRot Count": "",
        "Speed": "",
        "Samples": "2714",
        "Heading GPS (dg)": "",
        "Speed GPS": "",
        "Accuracy GPS": "",
        "Altitude GPS": "",
        "GNSS Timestamp": "",
        "HH:mm:ss": "",
        "SSS": "",
        "trip_id": "602DE_Trip8"
      }
    },
    {
      "type": "Feature",
      "geometry": {
        "type": "LineString",
        "coordinates": [
          [
            4.95517734586741,
            52.3395394262569
          ],
          [
            4.95517734586741,
            52.3395394262569
          ]
        ]
      },
      "properties": {
        "marker": "",
        "Acc Y (g)": "0.975",
        "HRot Count": "",
        "Speed": "",
        "Samples": "2715",
        "Heading GPS (dg)": "",
        "Speed GPS": "",
        "Accuracy GPS": "",
        "Altitude GPS": "",
        "GNSS Timestamp": "",
        "HH:mm:ss": "",
        "SSS": "",
        "trip_id": "602DE_Trip8"
      }
    },
    {
      "type": "Feature",
      "geometry": {
        "type": "LineString",
        "coordinates": [
          [
            4.95517734586741,
            52.3395394262569
          ],
          [
            4.95517734586741,
            52.3395394262569
          ]
        ]
      },
      "properties": {
        "marker": "",
        "Acc Y (g)": "0.935",
        "HRot Count": "",
        "Speed": "",
        "Samples": "2716",
        "Heading GPS (dg)": "",
        "Speed GPS": "",
        "Accuracy GPS": "",
        "Altitude GPS": "",
        "GNSS Timestamp": "",
        "HH:mm:ss": "",
        "SSS": "",
        "trip_id": "602DE_Trip8"
      }
    },
    {
      "type": "Feature",
      "geometry": {
        "type": "LineString",
        "coordinates": [
          [
            4.95517734586741,
            52.3395394262569
          ],
          [
            4.95517734586741,
            52.3395394262569
          ]
        ]
      },
      "properties": {
        "marker": "",
        "Acc Y (g)": "0.942",
        "HRot Count": "",
        "Speed": "",
        "Samples": "2717",
        "Heading GPS (dg)": "",
        "Speed GPS": "",
        "Accuracy GPS": "",
        "Altitude GPS": "",
        "GNSS Timestamp": "",
        "HH:mm:ss": "",
        "SSS": "",
        "trip_id": "602DE_Trip8"
      }
    },
    {
      "type": "Feature",
      "geometry": {
        "type": "LineString",
        "coordinates": [
          [
            4.95517734586741,
            52.3395394262569
          ],
          [
            4.95517734586741,
            52.3395394262569
          ]
        ]
      },
      "properties": {
        "marker": "",
        "Acc Y (g)": "0.835",
        "HRot Count": "",
        "Speed": "",
        "Samples": "2718",
        "Heading GPS (dg)": "",
        "Speed GPS": "",
        "Accuracy GPS": "",
        "Altitude GPS": "",
        "GNSS Timestamp": "",
        "HH:mm:ss": "",
        "SSS": "",
        "trip_id": "602DE_Trip8"
      }
    },
    {
      "type": "Feature",
      "geometry": {
        "type": "LineString",
        "coordinates": [
          [
            4.95517734586741,
            52.3395394262569
          ],
          [
            4.95517734586741,
            52.3395394262569
          ]
        ]
      },
      "properties": {
        "marker": "",
        "Acc Y (g)": "0.935",
        "HRot Count": "",
        "Speed": "",
        "Samples": "2719",
        "Heading GPS (dg)": "",
        "Speed GPS": "",
        "Accuracy GPS": "",
        "Altitude GPS": "",
        "GNSS Timestamp": "",
        "HH:mm:ss": "",
        "SSS": "",
        "trip_id": "602DE_Trip8"
      }
    },
    {
      "type": "Feature",
      "geometry": {
        "type": "LineString",
        "coordinates": [
          [
            4.95517734586741,
            52.3395394262569
          ],
          [
            4.95517734586741,
            52.3395394262569
          ]
        ]
      },
      "properties": {
        "marker": "",
        "Acc Y (g)": "0.814",
        "HRot Count": "",
        "Speed": "",
        "Samples": "2720",
        "Heading GPS (dg)": "",
        "Speed GPS": "",
        "Accuracy GPS": "",
        "Altitude GPS": "",
        "GNSS Timestamp": "",
        "HH:mm:ss": "",
        "SSS": "",
        "trip_id": "602DE_Trip8"
      }
    },
    {
      "type": "Feature",
      "geometry": {
        "type": "LineString",
        "coordinates": [
          [
            4.95517734586741,
            52.3395394262569
          ],
          [
            4.95517734586741,
            52.3395394262569
          ]
        ]
      },
      "properties": {
        "marker": "",
        "Acc Y (g)": "0.814",
        "HRot Count": "",
        "Speed": "",
        "Samples": "2721",
        "Heading GPS (dg)": "",
        "Speed GPS": "",
        "Accuracy GPS": "",
        "Altitude GPS": "",
        "GNSS Timestamp": "",
        "HH:mm:ss": "",
        "SSS": "",
        "trip_id": "602DE_Trip8"
      }
    },
    {
      "type": "Feature",
      "geometry": {
        "type": "LineString",
        "coordinates": [
          [
            4.95517734586741,
            52.3395394262569
          ],
          [
            4.95517734586741,
            52.3395394262569
          ]
        ]
      },
      "properties": {
        "marker": "",
        "Acc Y (g)": "0.708",
        "HRot Count": "",
        "Speed": "",
        "Samples": "2722",
        "Heading GPS (dg)": "",
        "Speed GPS": "",
        "Accuracy GPS": "",
        "Altitude GPS": "",
        "GNSS Timestamp": "",
        "HH:mm:ss": "",
        "SSS": "",
        "trip_id": "602DE_Trip8"
      }
    },
    {
      "type": "Feature",
      "geometry": {
        "type": "LineString",
        "coordinates": [
          [
            4.95517734586741,
            52.3395394262569
          ],
          [
            4.95517734586741,
            52.3395394262569
          ]
        ]
      },
      "properties": {
        "marker": "",
        "Acc Y (g)": "0.617",
        "HRot Count": "",
        "Speed": "",
        "Samples": "2723",
        "Heading GPS (dg)": "",
        "Speed GPS": "",
        "Accuracy GPS": "",
        "Altitude GPS": "",
        "GNSS Timestamp": "",
        "HH:mm:ss": "",
        "SSS": "",
        "trip_id": "602DE_Trip8"
      }
    },
    {
      "type": "Feature",
      "geometry": {
        "type": "LineString",
        "coordinates": [
          [
            4.95517734586741,
            52.3395394262569
          ],
          [
            4.95517734586741,
            52.3395394262569
          ]
        ]
      },
      "properties": {
        "marker": "",
        "Acc Y (g)": "0.421",
        "HRot Count": "",
        "Speed": "",
        "Samples": "2724",
        "Heading GPS (dg)": "",
        "Speed GPS": "",
        "Accuracy GPS": "",
        "Altitude GPS": "",
        "GNSS Timestamp": "",
        "HH:mm:ss": "",
        "SSS": "",
        "trip_id": "602DE_Trip8"
      }
    },
    {
      "type": "Feature",
      "geometry": {
        "type": "LineString",
        "coordinates": [
          [
            4.95517734586741,
            52.3395394262569
          ],
          [
            4.95517734586741,
            52.3395394262569
          ]
        ]
      },
      "properties": {
        "marker": "",
        "Acc Y (g)": "0.456",
        "HRot Count": "",
        "Speed": "",
        "Samples": "2725",
        "Heading GPS (dg)": "",
        "Speed GPS": "",
        "Accuracy GPS": "",
        "Altitude GPS": "",
        "GNSS Timestamp": "",
        "HH:mm:ss": "",
        "SSS": "",
        "trip_id": "602DE_Trip8"
      }
    },
    {
      "type": "Feature",
      "geometry": {
        "type": "LineString",
        "coordinates": [
          [
            4.95517734586741,
            52.3395394262569
          ],
          [
            4.95517734586741,
            52.3395394262569
          ]
        ]
      },
      "properties": {
        "marker": "",
        "Acc Y (g)": "0.286",
        "HRot Count": "",
        "Speed": "",
        "Samples": "2726",
        "Heading GPS (dg)": "",
        "Speed GPS": "",
        "Accuracy GPS": "",
        "Altitude GPS": "",
        "GNSS Timestamp": "",
        "HH:mm:ss": "",
        "SSS": "",
        "trip_id": "602DE_Trip8"
      }
    },
    {
      "type": "Feature",
      "geometry": {
        "type": "LineString",
        "coordinates": [
          [
            4.95517734586741,
            52.3395394262569
          ],
          [
            4.95517734586741,
            52.3395394262569
          ]
        ]
      },
      "properties": {
        "marker": "",
        "Acc Y (g)": "0.224",
        "HRot Count": "",
        "Speed": "",
        "Samples": "2727",
        "Heading GPS (dg)": "",
        "Speed GPS": "",
        "Accuracy GPS": "",
        "Altitude GPS": "",
        "GNSS Timestamp": "",
        "HH:mm:ss": "",
        "SSS": "",
        "trip_id": "602DE_Trip8"
      }
    },
    {
      "type": "Feature",
      "geometry": {
        "type": "LineString",
        "coordinates": [
          [
            4.95517734586741,
            52.3395394262569
          ],
          [
            4.95517734586741,
            52.3395394262569
          ]
        ]
      },
      "properties": {
        "marker": "",
        "Acc Y (g)": "0.108",
        "HRot Count": "",
        "Speed": "",
        "Samples": "2728",
        "Heading GPS (dg)": "",
        "Speed GPS": "",
        "Accuracy GPS": "",
        "Altitude GPS": "",
        "GNSS Timestamp": "",
        "HH:mm:ss": "",
        "SSS": "",
        "trip_id": "602DE_Trip8"
      }
    },
    {
      "type": "Feature",
      "geometry": {
        "type": "LineString",
        "coordinates": [
          [
            4.95517734586741,
            52.3395394262569
          ],
          [
            4.95517734586741,
            52.3395394262569
          ]
        ]
      },
      "properties": {
        "marker": "",
        "Acc Y (g)": "-0.076",
        "HRot Count": "",
        "Speed": "",
        "Samples": "2729",
        "Heading GPS (dg)": "",
        "Speed GPS": "",
        "Accuracy GPS": "",
        "Altitude GPS": "",
        "GNSS Timestamp": "",
        "HH:mm:ss": "",
        "SSS": "",
        "trip_id": "602DE_Trip8"
      }
    },
    {
      "type": "Feature",
      "geometry": {
        "type": "LineString",
        "coordinates": [
          [
            4.95517734586741,
            52.3395394262569
          ],
          [
            4.95517734586741,
            52.3395394262569
          ]
        ]
      },
      "properties": {
        "marker": "",
        "Acc Y (g)": "-0.133",
        "HRot Count": "",
        "Speed": "",
        "Samples": "2730",
        "Heading GPS (dg)": "",
        "Speed GPS": "",
        "Accuracy GPS": "",
        "Altitude GPS": "",
        "GNSS Timestamp": "",
        "HH:mm:ss": "",
        "SSS": "",
        "trip_id": "602DE_Trip8"
      }
    },
    {
      "type": "Feature",
      "geometry": {
        "type": "LineString",
        "coordinates": [
          [
            4.95517734586741,
            52.3395394262569
          ],
          [
            4.95517734586741,
            52.3395394262569
          ]
        ]
      },
      "properties": {
        "marker": "",
        "Acc Y (g)": "-0.230",
        "HRot Count": "",
        "Speed": "",
        "Samples": "2731",
        "Heading GPS (dg)": "",
        "Speed GPS": "",
        "Accuracy GPS": "",
        "Altitude GPS": "",
        "GNSS Timestamp": "",
        "HH:mm:ss": "",
        "SSS": "",
        "trip_id": "602DE_Trip8"
      }
    },
    {
      "type": "Feature",
      "geometry": {
        "type": "LineString",
        "coordinates": [
          [
            4.95517734586741,
            52.3395394262569
          ],
          [
            4.95517734586741,
            52.3395394262569
          ]
        ]
      },
      "properties": {
        "marker": "",
        "Acc Y (g)": "-0.287",
        "HRot Count": "",
        "Speed": "",
        "Samples": "2732",
        "Heading GPS (dg)": "",
        "Speed GPS": "",
        "Accuracy GPS": "",
        "Altitude GPS": "",
        "GNSS Timestamp": "",
        "HH:mm:ss": "",
        "SSS": "",
        "trip_id": "602DE_Trip8"
      }
    },
    {
      "type": "Feature",
      "geometry": {
        "type": "LineString",
        "coordinates": [
          [
            4.95517734586741,
            52.3395394262569
          ],
          [
            4.95517734586741,
            52.3395394262569
          ]
        ]
      },
      "properties": {
        "marker": "",
        "Acc Y (g)": "-0.415",
        "HRot Count": "",
        "Speed": "",
        "Samples": "2733",
        "Heading GPS (dg)": "",
        "Speed GPS": "",
        "Accuracy GPS": "",
        "Altitude GPS": "",
        "GNSS Timestamp": "",
        "HH:mm:ss": "",
        "SSS": "",
        "trip_id": "602DE_Trip8"
      }
    },
    {
      "type": "Feature",
      "geometry": {
        "type": "LineString",
        "coordinates": [
          [
            4.95517734586741,
            52.3395394262569
          ],
          [
            4.95517734586741,
            52.3395394262569
          ]
        ]
      },
      "properties": {
        "marker": "",
        "Acc Y (g)": "-0.525",
        "HRot Count": "",
        "Speed": "",
        "Samples": "2734",
        "Heading GPS (dg)": "",
        "Speed GPS": "",
        "Accuracy GPS": "",
        "Altitude GPS": "",
        "GNSS Timestamp": "",
        "HH:mm:ss": "",
        "SSS": "",
        "trip_id": "602DE_Trip8"
      }
    },
    {
      "type": "Feature",
      "geometry": {
        "type": "LineString",
        "coordinates": [
          [
            4.95517734586741,
            52.3395394262569
          ],
          [
            4.95514561202259,
            52.3395153339123
          ]
        ]
      },
      "properties": {
        "marker": "",
        "Acc Y (g)": "-0.560",
        "HRot Count": "",
        "Speed": "",
        "Samples": "2735",
        "Heading GPS (dg)": "",
        "Speed GPS": "",
        "Accuracy GPS": "",
        "Altitude GPS": "",
        "GNSS Timestamp": "",
        "HH:mm:ss": "",
        "SSS": "",
        "trip_id": "602DE_Trip8"
      }
    },
    {
      "type": "Feature",
      "geometry": {
        "type": "LineString",
        "coordinates": [
          [
            4.95514561202259,
            52.3395153339123
          ],
          [
            4.95514561202259,
            52.3395153339123
          ]
        ]
      },
      "properties": {
        "marker": "7",
        "Acc Y (g)": "-0.722",
        "HRot Count": "42",
        "Speed": "934",
        "Samples": "2736",
        "Heading GPS (dg)": "209",
        "Speed GPS": "9",
        "Accuracy GPS": "18",
        "Altitude GPS": "9",
        "GNSS Timestamp": "2026-05-06 08:09:04.999000+00:00",
        "HH:mm:ss": "10:09:04",
        "SSS": "738",
        "trip_id": "602DE_Trip8",
        "timestamp": "2026-05-06 08:09:04.999000+00:00"
      }
    },
    {
      "type": "Feature",
      "geometry": {
        "type": "LineString",
        "coordinates": [
          [
            4.95514561202259,
            52.3395153339123
          ],
          [
            4.95514561202259,
            52.3395153339123
          ]
        ]
      },
      "properties": {
        "marker": "",
        "Acc Y (g)": "-0.688",
        "HRot Count": "",
        "Speed": "",
        "Samples": "2737",
        "Heading GPS (dg)": "",
        "Speed GPS": "",
        "Accuracy GPS": "",
        "Altitude GPS": "",
        "GNSS Timestamp": "",
        "HH:mm:ss": "",
        "SSS": "",
        "trip_id": "602DE_Trip8"
      }
    },
    {
      "type": "Feature",
      "geometry": {
        "type": "LineString",
        "coordinates": [
          [
            4.95514561202259,
            52.3395153339123
          ],
          [
            4.95514561202259,
            52.3395153339123
          ]
        ]
      },
      "properties": {
        "marker": "",
        "Acc Y (g)": "-0.821",
        "HRot Count": "",
        "Speed": "",
        "Samples": "2738",
        "Heading GPS (dg)": "",
        "Speed GPS": "",
        "Accuracy GPS": "",
        "Altitude GPS": "",
        "GNSS Timestamp": "",
        "HH:mm:ss": "",
        "SSS": "",
        "trip_id": "602DE_Trip8"
      }
    },
    {
      "type": "Feature",
      "geometry": {
        "type": "LineString",
        "coordinates": [
          [
            4.95514561202259,
            52.3395153339123
          ],
          [
            4.95514561202259,
            52.3395153339123
          ]
        ]
      },
      "properties": {
        "marker": "",
        "Acc Y (g)": "-0.887",
        "HRot Count": "",
        "Speed": "",
        "Samples": "2739",
        "Heading GPS (dg)": "",
        "Speed GPS": "",
        "Accuracy GPS": "",
        "Altitude GPS": "",
        "GNSS Timestamp": "",
        "HH:mm:ss": "",
        "SSS": "",
        "trip_id": "602DE_Trip8"
      }
    },
    {
      "type": "Feature",
      "geometry": {
        "type": "LineString",
        "coordinates": [
          [
            4.95514561202259,
            52.3395153339123
          ],
          [
            4.95514561202259,
            52.3395153339123
          ]
        ]
      },
      "properties": {
        "marker": "",
        "Acc Y (g)": "-0.973",
        "HRot Count": "",
        "Speed": "",
        "Samples": "2740",
        "Heading GPS (dg)": "",
        "Speed GPS": "",
        "Accuracy GPS": "",
        "Altitude GPS": "",
        "GNSS Timestamp": "",
        "HH:mm:ss": "",
        "SSS": "",
        "trip_id": "602DE_Trip8"
      }
    },
    {
      "type": "Feature",
      "geometry": {
        "type": "LineString",
        "coordinates": [
          [
            4.95514561202259,
            52.3395153339123
          ],
          [
            4.95514561202259,
            52.3395153339123
          ]
        ]
      },
      "properties": {
        "marker": "",
        "Acc Y (g)": "-0.920",
        "HRot Count": "",
        "Speed": "",
        "Samples": "2741",
        "Heading GPS (dg)": "",
        "Speed GPS": "",
        "Accuracy GPS": "",
        "Altitude GPS": "",
        "GNSS Timestamp": "",
        "HH:mm:ss": "",
        "SSS": "",
        "trip_id": "602DE_Trip8"
      }
    },
    {
      "type": "Feature",
      "geometry": {
        "type": "LineString",
        "coordinates": [
          [
            4.95514561202259,
            52.3395153339123
          ],
          [
            4.95514561202259,
            52.3395153339123
          ]
        ]
      },
      "properties": {
        "marker": "",
        "Acc Y (g)": "-1.057",
        "HRot Count": "",
        "Speed": "",
        "Samples": "2742",
        "Heading GPS (dg)": "",
        "Speed GPS": "",
        "Accuracy GPS": "",
        "Altitude GPS": "",
        "GNSS Timestamp": "",
        "HH:mm:ss": "",
        "SSS": "",
        "trip_id": "602DE_Trip8"
      }
    },
    {
      "type": "Feature",
      "geometry": {
        "type": "LineString",
        "coordinates": [
          [
            4.95514561202259,
            52.3395153339123
          ],
          [
            4.95514561202259,
            52.3395153339123
          ]
        ]
      },
      "properties": {
        "marker": "",
        "Acc Y (g)": "-0.869",
        "HRot Count": "",
        "Speed": "",
        "Samples": "2743",
        "Heading GPS (dg)": "",
        "Speed GPS": "",
        "Accuracy GPS": "",
        "Altitude GPS": "",
        "GNSS Timestamp": "",
        "HH:mm:ss": "",
        "SSS": "",
        "trip_id": "602DE_Trip8"
      }
    },
    {
      "type": "Feature",
      "geometry": {
        "type": "LineString",
        "coordinates": [
          [
            4.95514561202259,
            52.3395153339123
          ],
          [
            4.95514561202259,
            52.3395153339123
          ]
        ]
      },
      "properties": {
        "marker": "",
        "Acc Y (g)": "-1.246",
        "HRot Count": "",
        "Speed": "",
        "Samples": "2744",
        "Heading GPS (dg)": "",
        "Speed GPS": "",
        "Accuracy GPS": "",
        "Altitude GPS": "",
        "GNSS Timestamp": "",
        "HH:mm:ss": "",
        "SSS": "",
        "trip_id": "602DE_Trip8"
      }
    },
    {
      "type": "Feature",
      "geometry": {
        "type": "LineString",
        "coordinates": [
          [
            4.95514561202259,
            52.3395153339123
          ],
          [
            4.95514561202259,
            52.3395153339123
          ]
        ]
      },
      "properties": {
        "marker": "",
        "Acc Y (g)": "-0.953",
        "HRot Count": "",
        "Speed": "",
        "Samples": "2745",
        "Heading GPS (dg)": "",
        "Speed GPS": "",
        "Accuracy GPS": "",
        "Altitude GPS": "",
        "GNSS Timestamp": "",
        "HH:mm:ss": "",
        "SSS": "",
        "trip_id": "602DE_Trip8"
      }
    },
    {
      "type": "Feature",
      "geometry": {
        "type": "LineString",
        "coordinates": [
          [
            4.95514561202259,
            52.3395153339123
          ],
          [
            4.95514561202259,
            52.3395153339123
          ]
        ]
      },
      "properties": {
        "marker": "",
        "Acc Y (g)": "-0.771",
        "HRot Count": "",
        "Speed": "",
        "Samples": "2746",
        "Heading GPS (dg)": "",
        "Speed GPS": "",
        "Accuracy GPS": "",
        "Altitude GPS": "",
        "GNSS Timestamp": "",
        "HH:mm:ss": "",
        "SSS": "",
        "trip_id": "602DE_Trip8"
      }
    },
    {
      "type": "Feature",
      "geometry": {
        "type": "LineString",
        "coordinates": [
          [
            4.95514561202259,
            52.3395153339123
          ],
          [
            4.95514561202259,
            52.3395153339123
          ]
        ]
      },
      "properties": {
        "marker": "",
        "Acc Y (g)": "-1.089",
        "HRot Count": "",
        "Speed": "",
        "Samples": "2747",
        "Heading GPS (dg)": "",
        "Speed GPS": "",
        "Accuracy GPS": "",
        "Altitude GPS": "",
        "GNSS Timestamp": "",
        "HH:mm:ss": "",
        "SSS": "",
        "trip_id": "602DE_Trip8"
      }
    },
    {
      "type": "Feature",
      "geometry": {
        "type": "LineString",
        "coordinates": [
          [
            4.95514561202259,
            52.3395153339123
          ],
          [
            4.95514561202259,
            52.3395153339123
          ]
        ]
      },
      "properties": {
        "marker": "",
        "Acc Y (g)": "-0.819",
        "HRot Count": "",
        "Speed": "",
        "Samples": "2748",
        "Heading GPS (dg)": "",
        "Speed GPS": "",
        "Accuracy GPS": "",
        "Altitude GPS": "",
        "GNSS Timestamp": "",
        "HH:mm:ss": "",
        "SSS": "",
        "trip_id": "602DE_Trip8"
      }
    },
    {
      "type": "Feature",
      "geometry": {
        "type": "LineString",
        "coordinates": [
          [
            4.95514561202259,
            52.3395153339123
          ],
          [
            4.95514561202259,
            52.3395153339123
          ]
        ]
      },
      "properties": {
        "marker": "",
        "Acc Y (g)": "-0.866",
        "HRot Count": "",
        "Speed": "",
        "Samples": "2749",
        "Heading GPS (dg)": "",
        "Speed GPS": "",
        "Accuracy GPS": "",
        "Altitude GPS": "",
        "GNSS Timestamp": "",
        "HH:mm:ss": "",
        "SSS": "",
        "trip_id": "602DE_Trip8"
      }
    },
    {
      "type": "Feature",
      "geometry": {
        "type": "LineString",
        "coordinates": [
          [
            4.95514561202259,
            52.3395153339123
          ],
          [
            4.95514561202259,
            52.3395153339123
          ]
        ]
      },
      "properties": {
        "marker": "",
        "Acc Y (g)": "-0.693",
        "HRot Count": "",
        "Speed": "",
        "Samples": "2750",
        "Heading GPS (dg)": "",
        "Speed GPS": "",
        "Accuracy GPS": "",
        "Altitude GPS": "",
        "GNSS Timestamp": "",
        "HH:mm:ss": "",
        "SSS": "",
        "trip_id": "602DE_Trip8"
      }
    },
    {
      "type": "Feature",
      "geometry": {
        "type": "LineString",
        "coordinates": [
          [
            4.95514561202259,
            52.3395153339123
          ],
          [
            4.95514561202259,
            52.3395153339123
          ]
        ]
      },
      "properties": {
        "marker": "",
        "Acc Y (g)": "-0.761",
        "HRot Count": "",
        "Speed": "",
        "Samples": "2751",
        "Heading GPS (dg)": "",
        "Speed GPS": "",
        "Accuracy GPS": "",
        "Altitude GPS": "",
        "GNSS Timestamp": "",
        "HH:mm:ss": "",
        "SSS": "",
        "trip_id": "602DE_Trip8"
      }
    },
    {
      "type": "Feature",
      "geometry": {
        "type": "LineString",
        "coordinates": [
          [
            4.95514561202259,
            52.3395153339123
          ],
          [
            4.95514561202259,
            52.3395153339123
          ]
        ]
      },
      "properties": {
        "marker": "",
        "Acc Y (g)": "-0.497",
        "HRot Count": "",
        "Speed": "",
        "Samples": "2752",
        "Heading GPS (dg)": "",
        "Speed GPS": "",
        "Accuracy GPS": "",
        "Altitude GPS": "",
        "GNSS Timestamp": "",
        "HH:mm:ss": "",
        "SSS": "",
        "trip_id": "602DE_Trip8"
      }
    },
    {
      "type": "Feature",
      "geometry": {
        "type": "LineString",
        "coordinates": [
          [
            4.95514561202259,
            52.3395153339123
          ],
          [
            4.95514561202259,
            52.3395153339123
          ]
        ]
      },
      "properties": {
        "marker": "",
        "Acc Y (g)": "-0.518",
        "HRot Count": "",
        "Speed": "",
        "Samples": "2753",
        "Heading GPS (dg)": "",
        "Speed GPS": "",
        "Accuracy GPS": "",
        "Altitude GPS": "",
        "GNSS Timestamp": "",
        "HH:mm:ss": "",
        "SSS": "",
        "trip_id": "602DE_Trip8"
      }
    },
    {
      "type": "Feature",
      "geometry": {
        "type": "LineString",
        "coordinates": [
          [
            4.95514561202259,
            52.3395153339123
          ],
          [
            4.95514561202259,
            52.3395153339123
          ]
        ]
      },
      "properties": {
        "marker": "",
        "Acc Y (g)": "-0.395",
        "HRot Count": "",
        "Speed": "",
        "Samples": "2754",
        "Heading GPS (dg)": "",
        "Speed GPS": "",
        "Accuracy GPS": "",
        "Altitude GPS": "",
        "GNSS Timestamp": "",
        "HH:mm:ss": "",
        "SSS": "",
        "trip_id": "602DE_Trip8"
      }
    },
    {
      "type": "Feature",
      "geometry": {
        "type": "LineString",
        "coordinates": [
          [
            4.95514561202259,
            52.3395153339123
          ],
          [
            4.95514561202259,
            52.3395153339123
          ]
        ]
      },
      "properties": {
        "marker": "",
        "Acc Y (g)": "-0.220",
        "HRot Count": "",
        "Speed": "",
        "Samples": "2755",
        "Heading GPS (dg)": "",
        "Speed GPS": "",
        "Accuracy GPS": "",
        "Altitude GPS": "",
        "GNSS Timestamp": "",
        "HH:mm:ss": "",
        "SSS": "",
        "trip_id": "602DE_Trip8"
      }
    },
    {
      "type": "Feature",
      "geometry": {
        "type": "LineString",
        "coordinates": [
          [
            4.95514561202259,
            52.3395153339123
          ],
          [
            4.95514561202259,
            52.3395153339123
          ]
        ]
      },
      "properties": {
        "marker": "",
        "Acc Y (g)": "-0.239",
        "HRot Count": "",
        "Speed": "",
        "Samples": "2756",
        "Heading GPS (dg)": "",
        "Speed GPS": "",
        "Accuracy GPS": "",
        "Altitude GPS": "",
        "GNSS Timestamp": "",
        "HH:mm:ss": "",
        "SSS": "",
        "trip_id": "602DE_Trip8"
      }
    },
    {
      "type": "Feature",
      "geometry": {
        "type": "LineString",
        "coordinates": [
          [
            4.95514561202259,
            52.3395153339123
          ],
          [
            4.95514561202259,
            52.3395153339123
          ]
        ]
      },
      "properties": {
        "marker": "",
        "Acc Y (g)": "0.067",
        "HRot Count": "",
        "Speed": "",
        "Samples": "2757",
        "Heading GPS (dg)": "",
        "Speed GPS": "",
        "Accuracy GPS": "",
        "Altitude GPS": "",
        "GNSS Timestamp": "",
        "HH:mm:ss": "",
        "SSS": "",
        "trip_id": "602DE_Trip8"
      }
    },
    {
      "type": "Feature",
      "geometry": {
        "type": "LineString",
        "coordinates": [
          [
            4.95514561202259,
            52.3395153339123
          ],
          [
            4.95514561202259,
            52.3395153339123
          ]
        ]
      },
      "properties": {
        "marker": "",
        "Acc Y (g)": "-0.027",
        "HRot Count": "",
        "Speed": "",
        "Samples": "2758",
        "Heading GPS (dg)": "",
        "Speed GPS": "",
        "Accuracy GPS": "",
        "Altitude GPS": "",
        "GNSS Timestamp": "",
        "HH:mm:ss": "",
        "SSS": "",
        "trip_id": "602DE_Trip8"
      }
    },
    {
      "type": "Feature",
      "geometry": {
        "type": "LineString",
        "coordinates": [
          [
            4.95514561202259,
            52.3395153339123
          ],
          [
            4.95514561202259,
            52.3395153339123
          ]
        ]
      },
      "properties": {
        "marker": "",
        "Acc Y (g)": "0.344",
        "HRot Count": "",
        "Speed": "",
        "Samples": "2759",
        "Heading GPS (dg)": "",
        "Speed GPS": "",
        "Accuracy GPS": "",
        "Altitude GPS": "",
        "GNSS Timestamp": "",
        "HH:mm:ss": "",
        "SSS": "",
        "trip_id": "602DE_Trip8"
      }
    },
    {
      "type": "Feature",
      "geometry": {
        "type": "LineString",
        "coordinates": [
          [
            4.95514561202259,
            52.3395153339123
          ],
          [
            4.95514561202259,
            52.3395153339123
          ]
        ]
      },
      "properties": {
        "marker": "",
        "Acc Y (g)": "0.281",
        "HRot Count": "",
        "Speed": "",
        "Samples": "2760",
        "Heading GPS (dg)": "",
        "Speed GPS": "",
        "Accuracy GPS": "",
        "Altitude GPS": "",
        "GNSS Timestamp": "",
        "HH:mm:ss": "",
        "SSS": "",
        "trip_id": "602DE_Trip8"
      }
    },
    {
      "type": "Feature",
      "geometry": {
        "type": "LineString",
        "coordinates": [
          [
            4.95514561202259,
            52.3395153339123
          ],
          [
            4.95514561202259,
            52.3395153339123
          ]
        ]
      },
      "properties": {
        "marker": "",
        "Acc Y (g)": "0.408",
        "HRot Count": "",
        "Speed": "",
        "Samples": "2761",
        "Heading GPS (dg)": "",
        "Speed GPS": "",
        "Accuracy GPS": "",
        "Altitude GPS": "",
        "GNSS Timestamp": "",
        "HH:mm:ss": "",
        "SSS": "",
        "trip_id": "602DE_Trip8"
      }
    },
    {
      "type": "Feature",
      "geometry": {
        "type": "LineString",
        "coordinates": [
          [
            4.95514561202259,
            52.3395153339123
          ],
          [
            4.95514561202259,
            52.3395153339123
          ]
        ]
      },
      "properties": {
        "marker": "",
        "Acc Y (g)": "0.575",
        "HRot Count": "",
        "Speed": "",
        "Samples": "2762",
        "Heading GPS (dg)": "",
        "Speed GPS": "",
        "Accuracy GPS": "",
        "Altitude GPS": "",
        "GNSS Timestamp": "",
        "HH:mm:ss": "",
        "SSS": "",
        "trip_id": "602DE_Trip8"
      }
    },
    {
      "type": "Feature",
      "geometry": {
        "type": "LineString",
        "coordinates": [
          [
            4.95514561202259,
            52.3395153339123
          ],
          [
            4.95514561202259,
            52.3395153339123
          ]
        ]
      },
      "properties": {
        "marker": "7",
        "Acc Y (g)": "0.639",
        "HRot Count": "43",
        "Speed": "900",
        "Samples": "2763",
        "Heading GPS (dg)": "209",
        "Speed GPS": "9",
        "Accuracy GPS": "18",
        "Altitude GPS": "9",
        "GNSS Timestamp": "2026-05-06 08:09:04.999000+00:00",
        "HH:mm:ss": "10:09:05",
        "SSS": "332",
        "trip_id": "602DE_Trip8",
        "timestamp": "2026-05-06 08:09:04.999000+00:00"
      }
    },
    {
      "type": "Feature",
      "geometry": {
        "type": "LineString",
        "coordinates": [
          [
            4.95514561202259,
            52.3395153339123
          ],
          [
            4.95514561202259,
            52.3395153339123
          ]
        ]
      },
      "properties": {
        "marker": "",
        "Acc Y (g)": "0.762",
        "HRot Count": "",
        "Speed": "",
        "Samples": "2764",
        "Heading GPS (dg)": "",
        "Speed GPS": "",
        "Accuracy GPS": "",
        "Altitude GPS": "",
        "GNSS Timestamp": "",
        "HH:mm:ss": "",
        "SSS": "",
        "trip_id": "602DE_Trip8"
      }
    },
    {
      "type": "Feature",
      "geometry": {
        "type": "LineString",
        "coordinates": [
          [
            4.95514561202259,
            52.3395153339123
          ],
          [
            4.95514561202259,
            52.3395153339123
          ]
        ]
      },
      "properties": {
        "marker": "",
        "Acc Y (g)": "0.756",
        "HRot Count": "",
        "Speed": "",
        "Samples": "2765",
        "Heading GPS (dg)": "",
        "Speed GPS": "",
        "Accuracy GPS": "",
        "Altitude GPS": "",
        "GNSS Timestamp": "",
        "HH:mm:ss": "",
        "SSS": "",
        "trip_id": "602DE_Trip8"
      }
    },
    {
      "type": "Feature",
      "geometry": {
        "type": "LineString",
        "coordinates": [
          [
            4.95514561202259,
            52.3395153339123
          ],
          [
            4.95514561202259,
            52.3395153339123
          ]
        ]
      },
      "properties": {
        "marker": "",
        "Acc Y (g)": "0.905",
        "HRot Count": "",
        "Speed": "",
        "Samples": "2766",
        "Heading GPS (dg)": "",
        "Speed GPS": "",
        "Accuracy GPS": "",
        "Altitude GPS": "",
        "GNSS Timestamp": "",
        "HH:mm:ss": "",
        "SSS": "",
        "trip_id": "602DE_Trip8"
      }
    },
    {
      "type": "Feature",
      "geometry": {
        "type": "LineString",
        "coordinates": [
          [
            4.95514561202259,
            52.3395153339123
          ],
          [
            4.95514561202259,
            52.3395153339123
          ]
        ]
      },
      "properties": {
        "marker": "",
        "Acc Y (g)": "0.906",
        "HRot Count": "",
        "Speed": "",
        "Samples": "2767",
        "Heading GPS (dg)": "",
        "Speed GPS": "",
        "Accuracy GPS": "",
        "Altitude GPS": "",
        "GNSS Timestamp": "",
        "HH:mm:ss": "",
        "SSS": "",
        "trip_id": "602DE_Trip8"
      }
    },
    {
      "type": "Feature",
      "geometry": {
        "type": "LineString",
        "coordinates": [
          [
            4.95514561202259,
            52.3395153339123
          ],
          [
            4.95514561202259,
            52.3395153339123
          ]
        ]
      },
      "properties": {
        "marker": "",
        "Acc Y (g)": "1.005",
        "HRot Count": "",
        "Speed": "",
        "Samples": "2768",
        "Heading GPS (dg)": "",
        "Speed GPS": "",
        "Accuracy GPS": "",
        "Altitude GPS": "",
        "GNSS Timestamp": "",
        "HH:mm:ss": "",
        "SSS": "",
        "trip_id": "602DE_Trip8"
      }
    },
    {
      "type": "Feature",
      "geometry": {
        "type": "LineString",
        "coordinates": [
          [
            4.95514561202259,
            52.3395153339123
          ],
          [
            4.95514561202259,
            52.3395153339123
          ]
        ]
      },
      "properties": {
        "marker": "",
        "Acc Y (g)": "1.015",
        "HRot Count": "",
        "Speed": "",
        "Samples": "2769",
        "Heading GPS (dg)": "",
        "Speed GPS": "",
        "Accuracy GPS": "",
        "Altitude GPS": "",
        "GNSS Timestamp": "",
        "HH:mm:ss": "",
        "SSS": "",
        "trip_id": "602DE_Trip8"
      }
    },
    {
      "type": "Feature",
      "geometry": {
        "type": "LineString",
        "coordinates": [
          [
            4.95514561202259,
            52.3395153339123
          ],
          [
            4.95514561202259,
            52.3395153339123
          ]
        ]
      },
      "properties": {
        "marker": "",
        "Acc Y (g)": "1.007",
        "HRot Count": "",
        "Speed": "",
        "Samples": "2770",
        "Heading GPS (dg)": "",
        "Speed GPS": "",
        "Accuracy GPS": "",
        "Altitude GPS": "",
        "GNSS Timestamp": "",
        "HH:mm:ss": "",
        "SSS": "",
        "trip_id": "602DE_Trip8"
      }
    },
    {
      "type": "Feature",
      "geometry": {
        "type": "LineString",
        "coordinates": [
          [
            4.95514561202259,
            52.3395153339123
          ],
          [
            4.95514561202259,
            52.3395153339123
          ]
        ]
      },
      "properties": {
        "marker": "",
        "Acc Y (g)": "0.961",
        "HRot Count": "",
        "Speed": "",
        "Samples": "2771",
        "Heading GPS (dg)": "",
        "Speed GPS": "",
        "Accuracy GPS": "",
        "Altitude GPS": "",
        "GNSS Timestamp": "",
        "HH:mm:ss": "",
        "SSS": "",
        "trip_id": "602DE_Trip8"
      }
    },
    {
      "type": "Feature",
      "geometry": {
        "type": "LineString",
        "coordinates": [
          [
            4.95514561202259,
            52.3395153339123
          ],
          [
            4.95514561202259,
            52.3395153339123
          ]
        ]
      },
      "properties": {
        "marker": "",
        "Acc Y (g)": "1.012",
        "HRot Count": "",
        "Speed": "",
        "Samples": "2772",
        "Heading GPS (dg)": "",
        "Speed GPS": "",
        "Accuracy GPS": "",
        "Altitude GPS": "",
        "GNSS Timestamp": "",
        "HH:mm:ss": "",
        "SSS": "",
        "trip_id": "602DE_Trip8"
      }
    },
    {
      "type": "Feature",
      "geometry": {
        "type": "LineString",
        "coordinates": [
          [
            4.95514561202259,
            52.3395153339123
          ],
          [
            4.95514561202259,
            52.3395153339123
          ]
        ]
      },
      "properties": {
        "marker": "",
        "Acc Y (g)": "0.927",
        "HRot Count": "",
        "Speed": "",
        "Samples": "2773",
        "Heading GPS (dg)": "",
        "Speed GPS": "",
        "Accuracy GPS": "",
        "Altitude GPS": "",
        "GNSS Timestamp": "",
        "HH:mm:ss": "",
        "SSS": "",
        "trip_id": "602DE_Trip8"
      }
    },
    {
      "type": "Feature",
      "geometry": {
        "type": "LineString",
        "coordinates": [
          [
            4.95514561202259,
            52.3395153339123
          ],
          [
            4.95514561202259,
            52.3395153339123
          ]
        ]
      },
      "properties": {
        "marker": "",
        "Acc Y (g)": "1.039",
        "HRot Count": "",
        "Speed": "",
        "Samples": "2774",
        "Heading GPS (dg)": "",
        "Speed GPS": "",
        "Accuracy GPS": "",
        "Altitude GPS": "",
        "GNSS Timestamp": "",
        "HH:mm:ss": "",
        "SSS": "",
        "trip_id": "602DE_Trip8"
      }
    },
    {
      "type": "Feature",
      "geometry": {
        "type": "LineString",
        "coordinates": [
          [
            4.95514561202259,
            52.3395153339123
          ],
          [
            4.95514561202259,
            52.3395153339123
          ]
        ]
      },
      "properties": {
        "marker": "",
        "Acc Y (g)": "0.977",
        "HRot Count": "",
        "Speed": "",
        "Samples": "2775",
        "Heading GPS (dg)": "",
        "Speed GPS": "",
        "Accuracy GPS": "",
        "Altitude GPS": "",
        "GNSS Timestamp": "",
        "HH:mm:ss": "",
        "SSS": "",
        "trip_id": "602DE_Trip8"
      }
    },
    {
      "type": "Feature",
      "geometry": {
        "type": "LineString",
        "coordinates": [
          [
            4.95514561202259,
            52.3395153339123
          ],
          [
            4.95514561202259,
            52.3395153339123
          ]
        ]
      },
      "properties": {
        "marker": "",
        "Acc Y (g)": "0.825",
        "HRot Count": "",
        "Speed": "",
        "Samples": "2776",
        "Heading GPS (dg)": "",
        "Speed GPS": "",
        "Accuracy GPS": "",
        "Altitude GPS": "",
        "GNSS Timestamp": "",
        "HH:mm:ss": "",
        "SSS": "",
        "trip_id": "602DE_Trip8"
      }
    },
    {
      "type": "Feature",
      "geometry": {
        "type": "LineString",
        "coordinates": [
          [
            4.95514561202259,
            52.3395153339123
          ],
          [
            4.95514561202259,
            52.3395153339123
          ]
        ]
      },
      "properties": {
        "marker": "",
        "Acc Y (g)": "0.960",
        "HRot Count": "",
        "Speed": "",
        "Samples": "2777",
        "Heading GPS (dg)": "",
        "Speed GPS": "",
        "Accuracy GPS": "",
        "Altitude GPS": "",
        "GNSS Timestamp": "",
        "HH:mm:ss": "",
        "SSS": "",
        "trip_id": "602DE_Trip8"
      }
    },
    {
      "type": "Feature",
      "geometry": {
        "type": "LineString",
        "coordinates": [
          [
            4.95514561202259,
            52.3395153339123
          ],
          [
            4.95514561202259,
            52.3395153339123
          ]
        ]
      },
      "properties": {
        "marker": "",
        "Acc Y (g)": "0.902",
        "HRot Count": "",
        "Speed": "",
        "Samples": "2778",
        "Heading GPS (dg)": "",
        "Speed GPS": "",
        "Accuracy GPS": "",
        "Altitude GPS": "",
        "GNSS Timestamp": "",
        "HH:mm:ss": "",
        "SSS": "",
        "trip_id": "602DE_Trip8"
      }
    },
    {
      "type": "Feature",
      "geometry": {
        "type": "LineString",
        "coordinates": [
          [
            4.95514561202259,
            52.3395153339123
          ],
          [
            4.95514561202259,
            52.3395153339123
          ]
        ]
      },
      "properties": {
        "marker": "",
        "Acc Y (g)": "0.762",
        "HRot Count": "",
        "Speed": "",
        "Samples": "2779",
        "Heading GPS (dg)": "",
        "Speed GPS": "",
        "Accuracy GPS": "",
        "Altitude GPS": "",
        "GNSS Timestamp": "",
        "HH:mm:ss": "",
        "SSS": "",
        "trip_id": "602DE_Trip8"
      }
    },
    {
      "type": "Feature",
      "geometry": {
        "type": "LineString",
        "coordinates": [
          [
            4.95514561202259,
            52.3395153339123
          ],
          [
            4.95514561202259,
            52.3395153339123
          ]
        ]
      },
      "properties": {
        "marker": "",
        "Acc Y (g)": "0.791",
        "HRot Count": "",
        "Speed": "",
        "Samples": "2780",
        "Heading GPS (dg)": "",
        "Speed GPS": "",
        "Accuracy GPS": "",
        "Altitude GPS": "",
        "GNSS Timestamp": "",
        "HH:mm:ss": "",
        "SSS": "",
        "trip_id": "602DE_Trip8"
      }
    },
    {
      "type": "Feature",
      "geometry": {
        "type": "LineString",
        "coordinates": [
          [
            4.95514561202259,
            52.3395153339123
          ],
          [
            4.95514561202259,
            52.3395153339123
          ]
        ]
      },
      "properties": {
        "marker": "",
        "Acc Y (g)": "0.623",
        "HRot Count": "",
        "Speed": "",
        "Samples": "2781",
        "Heading GPS (dg)": "",
        "Speed GPS": "",
        "Accuracy GPS": "",
        "Altitude GPS": "",
        "GNSS Timestamp": "",
        "HH:mm:ss": "",
        "SSS": "",
        "trip_id": "602DE_Trip8"
      }
    },
    {
      "type": "Feature",
      "geometry": {
        "type": "LineString",
        "coordinates": [
          [
            4.95514561202259,
            52.3395153339123
          ],
          [
            4.95514561202259,
            52.3395153339123
          ]
        ]
      },
      "properties": {
        "marker": "",
        "Acc Y (g)": "0.563",
        "HRot Count": "",
        "Speed": "",
        "Samples": "2782",
        "Heading GPS (dg)": "",
        "Speed GPS": "",
        "Accuracy GPS": "",
        "Altitude GPS": "",
        "GNSS Timestamp": "",
        "HH:mm:ss": "",
        "SSS": "",
        "trip_id": "602DE_Trip8"
      }
    },
    {
      "type": "Feature",
      "geometry": {
        "type": "LineString",
        "coordinates": [
          [
            4.95514561202259,
            52.3395153339123
          ],
          [
            4.95514561202259,
            52.3395153339123
          ]
        ]
      },
      "properties": {
        "marker": "",
        "Acc Y (g)": "0.471",
        "HRot Count": "",
        "Speed": "",
        "Samples": "2783",
        "Heading GPS (dg)": "",
        "Speed GPS": "",
        "Accuracy GPS": "",
        "Altitude GPS": "",
        "GNSS Timestamp": "",
        "HH:mm:ss": "",
        "SSS": "",
        "trip_id": "602DE_Trip8"
      }
    },
    {
      "type": "Feature",
      "geometry": {
        "type": "LineString",
        "coordinates": [
          [
            4.95514561202259,
            52.3395153339123
          ],
          [
            4.95514561202259,
            52.3395153339123
          ]
        ]
      },
      "properties": {
        "marker": "",
        "Acc Y (g)": "0.394",
        "HRot Count": "",
        "Speed": "",
        "Samples": "2784",
        "Heading GPS (dg)": "",
        "Speed GPS": "",
        "Accuracy GPS": "",
        "Altitude GPS": "",
        "GNSS Timestamp": "",
        "HH:mm:ss": "",
        "SSS": "",
        "trip_id": "602DE_Trip8"
      }
    },
    {
      "type": "Feature",
      "geometry": {
        "type": "LineString",
        "coordinates": [
          [
            4.95514561202259,
            52.3395153339123
          ],
          [
            4.95514561202259,
            52.3395153339123
          ]
        ]
      },
      "properties": {
        "marker": "",
        "Acc Y (g)": "0.298",
        "HRot Count": "",
        "Speed": "",
        "Samples": "2785",
        "Heading GPS (dg)": "",
        "Speed GPS": "",
        "Accuracy GPS": "",
        "Altitude GPS": "",
        "GNSS Timestamp": "",
        "HH:mm:ss": "",
        "SSS": "",
        "trip_id": "602DE_Trip8"
      }
    },
    {
      "type": "Feature",
      "geometry": {
        "type": "LineString",
        "coordinates": [
          [
            4.95514561202259,
            52.3395153339123
          ],
          [
            4.95514561202259,
            52.3395153339123
          ]
        ]
      },
      "properties": {
        "marker": "",
        "Acc Y (g)": "0.236",
        "HRot Count": "",
        "Speed": "",
        "Samples": "2786",
        "Heading GPS (dg)": "",
        "Speed GPS": "",
        "Accuracy GPS": "",
        "Altitude GPS": "",
        "GNSS Timestamp": "",
        "HH:mm:ss": "",
        "SSS": "",
        "trip_id": "602DE_Trip8"
      }
    },
    {
      "type": "Feature",
      "geometry": {
        "type": "LineString",
        "coordinates": [
          [
            4.95514561202259,
            52.3395153339123
          ],
          [
            4.95514561202259,
            52.3395153339123
          ]
        ]
      },
      "properties": {
        "marker": "",
        "Acc Y (g)": "0.127",
        "HRot Count": "",
        "Speed": "",
        "Samples": "2787",
        "Heading GPS (dg)": "",
        "Speed GPS": "",
        "Accuracy GPS": "",
        "Altitude GPS": "",
        "GNSS Timestamp": "",
        "HH:mm:ss": "",
        "SSS": "",
        "trip_id": "602DE_Trip8"
      }
    },
    {
      "type": "Feature",
      "geometry": {
        "type": "LineString",
        "coordinates": [
          [
            4.95514561202259,
            52.3395153339123
          ],
          [
            4.95514561202259,
            52.3395153339123
          ]
        ]
      },
      "properties": {
        "marker": "",
        "Acc Y (g)": "0.054",
        "HRot Count": "",
        "Speed": "",
        "Samples": "2788",
        "Heading GPS (dg)": "",
        "Speed GPS": "",
        "Accuracy GPS": "",
        "Altitude GPS": "",
        "GNSS Timestamp": "",
        "HH:mm:ss": "",
        "SSS": "",
        "trip_id": "602DE_Trip8"
      }
    },
    {
      "type": "Feature",
      "geometry": {
        "type": "LineString",
        "coordinates": [
          [
            4.95514561202259,
            52.3395153339123
          ],
          [
            4.95514561202259,
            52.3395153339123
          ]
        ]
      },
      "properties": {
        "marker": "",
        "Acc Y (g)": "-0.062",
        "HRot Count": "",
        "Speed": "",
        "Samples": "2789",
        "Heading GPS (dg)": "",
        "Speed GPS": "",
        "Accuracy GPS": "",
        "Altitude GPS": "",
        "GNSS Timestamp": "",
        "HH:mm:ss": "",
        "SSS": "",
        "trip_id": "602DE_Trip8"
      }
    },
    {
      "type": "Feature",
      "geometry": {
        "type": "LineString",
        "coordinates": [
          [
            4.95514561202259,
            52.3395153339123
          ],
          [
            4.95514561202259,
            52.3395153339123
          ]
        ]
      },
      "properties": {
        "marker": "",
        "Acc Y (g)": "-0.187",
        "HRot Count": "",
        "Speed": "",
        "Samples": "2790",
        "Heading GPS (dg)": "",
        "Speed GPS": "",
        "Accuracy GPS": "",
        "Altitude GPS": "",
        "GNSS Timestamp": "",
        "HH:mm:ss": "",
        "SSS": "",
        "trip_id": "602DE_Trip8"
      }
    },
    {
      "type": "Feature",
      "geometry": {
        "type": "LineString",
        "coordinates": [
          [
            4.95514561202259,
            52.3395153339123
          ],
          [
            4.95514561202259,
            52.3395153339123
          ]
        ]
      },
      "properties": {
        "marker": "",
        "Acc Y (g)": "-0.233",
        "HRot Count": "",
        "Speed": "",
        "Samples": "2791",
        "Heading GPS (dg)": "",
        "Speed GPS": "",
        "Accuracy GPS": "",
        "Altitude GPS": "",
        "GNSS Timestamp": "",
        "HH:mm:ss": "",
        "SSS": "",
        "trip_id": "602DE_Trip8"
      }
    },
    {
      "type": "Feature",
      "geometry": {
        "type": "LineString",
        "coordinates": [
          [
            4.95514561202259,
            52.3395153339123
          ],
          [
            4.95514561202259,
            52.3395153339123
          ]
        ]
      },
      "properties": {
        "marker": "",
        "Acc Y (g)": "-0.341",
        "HRot Count": "",
        "Speed": "",
        "Samples": "2792",
        "Heading GPS (dg)": "",
        "Speed GPS": "",
        "Accuracy GPS": "",
        "Altitude GPS": "",
        "GNSS Timestamp": "",
        "HH:mm:ss": "",
        "SSS": "",
        "trip_id": "602DE_Trip8"
      }
    },
    {
      "type": "Feature",
      "geometry": {
        "type": "LineString",
        "coordinates": [
          [
            4.95514561202259,
            52.3395153339123
          ],
          [
            4.95514561202259,
            52.3395153339123
          ]
        ]
      },
      "properties": {
        "marker": "",
        "Acc Y (g)": "-0.409",
        "HRot Count": "",
        "Speed": "",
        "Samples": "2793",
        "Heading GPS (dg)": "",
        "Speed GPS": "",
        "Accuracy GPS": "",
        "Altitude GPS": "",
        "GNSS Timestamp": "",
        "HH:mm:ss": "",
        "SSS": "",
        "trip_id": "602DE_Trip8"
      }
    },
    {
      "type": "Feature",
      "geometry": {
        "type": "LineString",
        "coordinates": [
          [
            4.95514561202259,
            52.3395153339123
          ],
          [
            4.95512895493091,
            52.3394990293556
          ]
        ]
      },
      "properties": {
        "marker": "",
        "Acc Y (g)": "-0.515",
        "HRot Count": "",
        "Speed": "",
        "Samples": "2794",
        "Heading GPS (dg)": "",
        "Speed GPS": "",
        "Accuracy GPS": "",
        "Altitude GPS": "",
        "GNSS Timestamp": "",
        "HH:mm:ss": "",
        "SSS": "",
        "trip_id": "602DE_Trip8"
      }
    },
    {
      "type": "Feature",
      "geometry": {
        "type": "LineString",
        "coordinates": [
          [
            4.95512895493091,
            52.3394990293556
          ],
          [
            4.95512895493091,
            52.3394990293556
          ]
        ]
      },
      "properties": {
        "marker": "7",
        "Acc Y (g)": "-0.580",
        "HRot Count": "44",
        "Speed": "869",
        "Samples": "2795",
        "Heading GPS (dg)": "214",
        "Speed GPS": "7",
        "Accuracy GPS": "18",
        "Altitude GPS": "10",
        "GNSS Timestamp": "2026-05-06 08:09:05.999000+00:00",
        "HH:mm:ss": "10:09:05",
        "SSS": "936",
        "trip_id": "602DE_Trip8",
        "timestamp": "2026-05-06 08:09:05.999000+00:00"
      }
    },
    {
      "type": "Feature",
      "geometry": {
        "type": "LineString",
        "coordinates": [
          [
            4.95512895493091,
            52.3394990293556
          ],
          [
            4.95512895493091,
            52.3394990293556
          ]
        ]
      },
      "properties": {
        "marker": "",
        "Acc Y (g)": "-0.635",
        "HRot Count": "",
        "Speed": "",
        "Samples": "2796",
        "Heading GPS (dg)": "",
        "Speed GPS": "",
        "Accuracy GPS": "",
        "Altitude GPS": "",
        "GNSS Timestamp": "",
        "HH:mm:ss": "",
        "SSS": "",
        "trip_id": "602DE_Trip8"
      }
    },
    {
      "type": "Feature",
      "geometry": {
        "type": "LineString",
        "coordinates": [
          [
            4.95512895493091,
            52.3394990293556
          ],
          [
            4.95512895493091,
            52.3394990293556
          ]
        ]
      },
      "properties": {
        "marker": "",
        "Acc Y (g)": "-0.719",
        "HRot Count": "",
        "Speed": "",
        "Samples": "2797",
        "Heading GPS (dg)": "",
        "Speed GPS": "",
        "Accuracy GPS": "",
        "Altitude GPS": "",
        "GNSS Timestamp": "",
        "HH:mm:ss": "",
        "SSS": "",
        "trip_id": "602DE_Trip8"
      }
    },
    {
      "type": "Feature",
      "geometry": {
        "type": "LineString",
        "coordinates": [
          [
            4.95512895493091,
            52.3394990293556
          ],
          [
            4.95512895493091,
            52.3394990293556
          ]
        ]
      },
      "properties": {
        "marker": "",
        "Acc Y (g)": "-0.736",
        "HRot Count": "",
        "Speed": "",
        "Samples": "2798",
        "Heading GPS (dg)": "",
        "Speed GPS": "",
        "Accuracy GPS": "",
        "Altitude GPS": "",
        "GNSS Timestamp": "",
        "HH:mm:ss": "",
        "SSS": "",
        "trip_id": "602DE_Trip8"
      }
    },
    {
      "type": "Feature",
      "geometry": {
        "type": "LineString",
        "coordinates": [
          [
            4.95512895493091,
            52.3394990293556
          ],
          [
            4.95512895493091,
            52.3394990293556
          ]
        ]
      },
      "properties": {
        "marker": "",
        "Acc Y (g)": "-0.818",
        "HRot Count": "",
        "Speed": "",
        "Samples": "2799",
        "Heading GPS (dg)": "",
        "Speed GPS": "",
        "Accuracy GPS": "",
        "Altitude GPS": "",
        "GNSS Timestamp": "",
        "HH:mm:ss": "",
        "SSS": "",
        "trip_id": "602DE_Trip8"
      }
    },
    {
      "type": "Feature",
      "geometry": {
        "type": "LineString",
        "coordinates": [
          [
            4.95512895493091,
            52.3394990293556
          ],
          [
            4.95512895493091,
            52.3394990293556
          ]
        ]
      },
      "properties": {
        "marker": "",
        "Acc Y (g)": "-0.861",
        "HRot Count": "",
        "Speed": "",
        "Samples": "2800",
        "Heading GPS (dg)": "",
        "Speed GPS": "",
        "Accuracy GPS": "",
        "Altitude GPS": "",
        "GNSS Timestamp": "",
        "HH:mm:ss": "",
        "SSS": "",
        "trip_id": "602DE_Trip8"
      }
    },
    {
      "type": "Feature",
      "geometry": {
        "type": "LineString",
        "coordinates": [
          [
            4.95512895493091,
            52.3394990293556
          ],
          [
            4.95512895493091,
            52.3394990293556
          ]
        ]
      },
      "properties": {
        "marker": "",
        "Acc Y (g)": "-0.929",
        "HRot Count": "",
        "Speed": "",
        "Samples": "2801",
        "Heading GPS (dg)": "",
        "Speed GPS": "",
        "Accuracy GPS": "",
        "Altitude GPS": "",
        "GNSS Timestamp": "",
        "HH:mm:ss": "",
        "SSS": "",
        "trip_id": "602DE_Trip8"
      }
    },
    {
      "type": "Feature",
      "geometry": {
        "type": "LineString",
        "coordinates": [
          [
            4.95512895493091,
            52.3394990293556
          ],
          [
            4.95512895493091,
            52.3394990293556
          ]
        ]
      },
      "properties": {
        "marker": "",
        "Acc Y (g)": "-0.955",
        "HRot Count": "",
        "Speed": "",
        "Samples": "2802",
        "Heading GPS (dg)": "",
        "Speed GPS": "",
        "Accuracy GPS": "",
        "Altitude GPS": "",
        "GNSS Timestamp": "",
        "HH:mm:ss": "",
        "SSS": "",
        "trip_id": "602DE_Trip8"
      }
    },
    {
      "type": "Feature",
      "geometry": {
        "type": "LineString",
        "coordinates": [
          [
            4.95512895493091,
            52.3394990293556
          ],
          [
            4.95512895493091,
            52.3394990293556
          ]
        ]
      },
      "properties": {
        "marker": "",
        "Acc Y (g)": "-0.920",
        "HRot Count": "",
        "Speed": "",
        "Samples": "2803",
        "Heading GPS (dg)": "",
        "Speed GPS": "",
        "Accuracy GPS": "",
        "Altitude GPS": "",
        "GNSS Timestamp": "",
        "HH:mm:ss": "",
        "SSS": "",
        "trip_id": "602DE_Trip8"
      }
    },
    {
      "type": "Feature",
      "geometry": {
        "type": "LineString",
        "coordinates": [
          [
            4.95512895493091,
            52.3394990293556
          ],
          [
            4.95512895493091,
            52.3394990293556
          ]
        ]
      },
      "properties": {
        "marker": "",
        "Acc Y (g)": "-0.906",
        "HRot Count": "",
        "Speed": "",
        "Samples": "2804",
        "Heading GPS (dg)": "",
        "Speed GPS": "",
        "Accuracy GPS": "",
        "Altitude GPS": "",
        "GNSS Timestamp": "",
        "HH:mm:ss": "",
        "SSS": "",
        "trip_id": "602DE_Trip8"
      }
    },
    {
      "type": "Feature",
      "geometry": {
        "type": "LineString",
        "coordinates": [
          [
            4.95512895493091,
            52.3394990293556
          ],
          [
            4.95512895493091,
            52.3394990293556
          ]
        ]
      },
      "properties": {
        "marker": "",
        "Acc Y (g)": "-1.105",
        "HRot Count": "",
        "Speed": "",
        "Samples": "2805",
        "Heading GPS (dg)": "",
        "Speed GPS": "",
        "Accuracy GPS": "",
        "Altitude GPS": "",
        "GNSS Timestamp": "",
        "HH:mm:ss": "",
        "SSS": "",
        "trip_id": "602DE_Trip8"
      }
    },
    {
      "type": "Feature",
      "geometry": {
        "type": "LineString",
        "coordinates": [
          [
            4.95512895493091,
            52.3394990293556
          ],
          [
            4.95512895493091,
            52.3394990293556
          ]
        ]
      },
      "properties": {
        "marker": "",
        "Acc Y (g)": "-0.863",
        "HRot Count": "",
        "Speed": "",
        "Samples": "2806",
        "Heading GPS (dg)": "",
        "Speed GPS": "",
        "Accuracy GPS": "",
        "Altitude GPS": "",
        "GNSS Timestamp": "",
        "HH:mm:ss": "",
        "SSS": "",
        "trip_id": "602DE_Trip8"
      }
    },
    {
      "type": "Feature",
      "geometry": {
        "type": "LineString",
        "coordinates": [
          [
            4.95512895493091,
            52.3394990293556
          ],
          [
            4.95512895493091,
            52.3394990293556
          ]
        ]
      },
      "properties": {
        "marker": "",
        "Acc Y (g)": "-0.959",
        "HRot Count": "",
        "Speed": "",
        "Samples": "2807",
        "Heading GPS (dg)": "",
        "Speed GPS": "",
        "Accuracy GPS": "",
        "Altitude GPS": "",
        "GNSS Timestamp": "",
        "HH:mm:ss": "",
        "SSS": "",
        "trip_id": "602DE_Trip8"
      }
    },
    {
      "type": "Feature",
      "geometry": {
        "type": "LineString",
        "coordinates": [
          [
            4.95512895493091,
            52.3394990293556
          ],
          [
            4.95512895493091,
            52.3394990293556
          ]
        ]
      },
      "properties": {
        "marker": "",
        "Acc Y (g)": "-1.004",
        "HRot Count": "",
        "Speed": "",
        "Samples": "2808",
        "Heading GPS (dg)": "",
        "Speed GPS": "",
        "Accuracy GPS": "",
        "Altitude GPS": "",
        "GNSS Timestamp": "",
        "HH:mm:ss": "",
        "SSS": "",
        "trip_id": "602DE_Trip8"
      }
    },
    {
      "type": "Feature",
      "geometry": {
        "type": "LineString",
        "coordinates": [
          [
            4.95512895493091,
            52.3394990293556
          ],
          [
            4.95512895493091,
            52.3394990293556
          ]
        ]
      },
      "properties": {
        "marker": "",
        "Acc Y (g)": "-0.905",
        "HRot Count": "",
        "Speed": "",
        "Samples": "2809",
        "Heading GPS (dg)": "",
        "Speed GPS": "",
        "Accuracy GPS": "",
        "Altitude GPS": "",
        "GNSS Timestamp": "",
        "HH:mm:ss": "",
        "SSS": "",
        "trip_id": "602DE_Trip8"
      }
    },
    {
      "type": "Feature",
      "geometry": {
        "type": "LineString",
        "coordinates": [
          [
            4.95512895493091,
            52.3394990293556
          ],
          [
            4.95512895493091,
            52.3394990293556
          ]
        ]
      },
      "properties": {
        "marker": "",
        "Acc Y (g)": "-0.906",
        "HRot Count": "",
        "Speed": "",
        "Samples": "2810",
        "Heading GPS (dg)": "",
        "Speed GPS": "",
        "Accuracy GPS": "",
        "Altitude GPS": "",
        "GNSS Timestamp": "",
        "HH:mm:ss": "",
        "SSS": "",
        "trip_id": "602DE_Trip8"
      }
    },
    {
      "type": "Feature",
      "geometry": {
        "type": "LineString",
        "coordinates": [
          [
            4.95512895493091,
            52.3394990293556
          ],
          [
            4.95512895493091,
            52.3394990293556
          ]
        ]
      },
      "properties": {
        "marker": "",
        "Acc Y (g)": "-0.938",
        "HRot Count": "",
        "Speed": "",
        "Samples": "2811",
        "Heading GPS (dg)": "",
        "Speed GPS": "",
        "Accuracy GPS": "",
        "Altitude GPS": "",
        "GNSS Timestamp": "",
        "HH:mm:ss": "",
        "SSS": "",
        "trip_id": "602DE_Trip8"
      }
    },
    {
      "type": "Feature",
      "geometry": {
        "type": "LineString",
        "coordinates": [
          [
            4.95512895493091,
            52.3394990293556
          ],
          [
            4.95512895493091,
            52.3394990293556
          ]
        ]
      },
      "properties": {
        "marker": "",
        "Acc Y (g)": "-0.788",
        "HRot Count": "",
        "Speed": "",
        "Samples": "2812",
        "Heading GPS (dg)": "",
        "Speed GPS": "",
        "Accuracy GPS": "",
        "Altitude GPS": "",
        "GNSS Timestamp": "",
        "HH:mm:ss": "",
        "SSS": "",
        "trip_id": "602DE_Trip8"
      }
    },
    {
      "type": "Feature",
      "geometry": {
        "type": "LineString",
        "coordinates": [
          [
            4.95512895493091,
            52.3394990293556
          ],
          [
            4.95512895493091,
            52.3394990293556
          ]
        ]
      },
      "properties": {
        "marker": "",
        "Acc Y (g)": "-0.772",
        "HRot Count": "",
        "Speed": "",
        "Samples": "2813",
        "Heading GPS (dg)": "",
        "Speed GPS": "",
        "Accuracy GPS": "",
        "Altitude GPS": "",
        "GNSS Timestamp": "",
        "HH:mm:ss": "",
        "SSS": "",
        "trip_id": "602DE_Trip8"
      }
    },
    {
      "type": "Feature",
      "geometry": {
        "type": "LineString",
        "coordinates": [
          [
            4.95512895493091,
            52.3394990293556
          ],
          [
            4.95512895493091,
            52.3394990293556
          ]
        ]
      },
      "properties": {
        "marker": "",
        "Acc Y (g)": "-0.725",
        "HRot Count": "",
        "Speed": "",
        "Samples": "2814",
        "Heading GPS (dg)": "",
        "Speed GPS": "",
        "Accuracy GPS": "",
        "Altitude GPS": "",
        "GNSS Timestamp": "",
        "HH:mm:ss": "",
        "SSS": "",
        "trip_id": "602DE_Trip8"
      }
    },
    {
      "type": "Feature",
      "geometry": {
        "type": "LineString",
        "coordinates": [
          [
            4.95512895493091,
            52.3394990293556
          ],
          [
            4.95512895493091,
            52.3394990293556
          ]
        ]
      },
      "properties": {
        "marker": "",
        "Acc Y (g)": "-0.716",
        "HRot Count": "",
        "Speed": "",
        "Samples": "2815",
        "Heading GPS (dg)": "",
        "Speed GPS": "",
        "Accuracy GPS": "",
        "Altitude GPS": "",
        "GNSS Timestamp": "",
        "HH:mm:ss": "",
        "SSS": "",
        "trip_id": "602DE_Trip8"
      }
    },
    {
      "type": "Feature",
      "geometry": {
        "type": "LineString",
        "coordinates": [
          [
            4.95512895493091,
            52.3394990293556
          ],
          [
            4.95512895493091,
            52.3394990293556
          ]
        ]
      },
      "properties": {
        "marker": "",
        "Acc Y (g)": "-0.626",
        "HRot Count": "",
        "Speed": "",
        "Samples": "2816",
        "Heading GPS (dg)": "",
        "Speed GPS": "",
        "Accuracy GPS": "",
        "Altitude GPS": "",
        "GNSS Timestamp": "",
        "HH:mm:ss": "",
        "SSS": "",
        "trip_id": "602DE_Trip8"
      }
    },
    {
      "type": "Feature",
      "geometry": {
        "type": "LineString",
        "coordinates": [
          [
            4.95512895493091,
            52.3394990293556
          ],
          [
            4.95512895493091,
            52.3394990293556
          ]
        ]
      },
      "properties": {
        "marker": "",
        "Acc Y (g)": "-0.598",
        "HRot Count": "",
        "Speed": "",
        "Samples": "2817",
        "Heading GPS (dg)": "",
        "Speed GPS": "",
        "Accuracy GPS": "",
        "Altitude GPS": "",
        "GNSS Timestamp": "",
        "HH:mm:ss": "",
        "SSS": "",
        "trip_id": "602DE_Trip8"
      }
    },
    {
      "type": "Feature",
      "geometry": {
        "type": "LineString",
        "coordinates": [
          [
            4.95512895493091,
            52.3394990293556
          ],
          [
            4.95512895493091,
            52.3394990293556
          ]
        ]
      },
      "properties": {
        "marker": "",
        "Acc Y (g)": "-0.430",
        "HRot Count": "",
        "Speed": "",
        "Samples": "2818",
        "Heading GPS (dg)": "",
        "Speed GPS": "",
        "Accuracy GPS": "",
        "Altitude GPS": "",
        "GNSS Timestamp": "",
        "HH:mm:ss": "",
        "SSS": "",
        "trip_id": "602DE_Trip8"
      }
    },
    {
      "type": "Feature",
      "geometry": {
        "type": "LineString",
        "coordinates": [
          [
            4.95512895493091,
            52.3394990293556
          ],
          [
            4.95512895493091,
            52.3394990293556
          ]
        ]
      },
      "properties": {
        "marker": "",
        "Acc Y (g)": "-0.427",
        "HRot Count": "",
        "Speed": "",
        "Samples": "2819",
        "Heading GPS (dg)": "",
        "Speed GPS": "",
        "Accuracy GPS": "",
        "Altitude GPS": "",
        "GNSS Timestamp": "",
        "HH:mm:ss": "",
        "SSS": "",
        "trip_id": "602DE_Trip8"
      }
    },
    {
      "type": "Feature",
      "geometry": {
        "type": "LineString",
        "coordinates": [
          [
            4.95512895493091,
            52.3394990293556
          ],
          [
            4.95512895493091,
            52.3394990293556
          ]
        ]
      },
      "properties": {
        "marker": "",
        "Acc Y (g)": "-0.293",
        "HRot Count": "",
        "Speed": "",
        "Samples": "2820",
        "Heading GPS (dg)": "",
        "Speed GPS": "",
        "Accuracy GPS": "",
        "Altitude GPS": "",
        "GNSS Timestamp": "",
        "HH:mm:ss": "",
        "SSS": "",
        "trip_id": "602DE_Trip8"
      }
    },
    {
      "type": "Feature",
      "geometry": {
        "type": "LineString",
        "coordinates": [
          [
            4.95512895493091,
            52.3394990293556
          ],
          [
            4.95512895493091,
            52.3394990293556
          ]
        ]
      },
      "properties": {
        "marker": "",
        "Acc Y (g)": "-0.247",
        "HRot Count": "",
        "Speed": "",
        "Samples": "2821",
        "Heading GPS (dg)": "",
        "Speed GPS": "",
        "Accuracy GPS": "",
        "Altitude GPS": "",
        "GNSS Timestamp": "",
        "HH:mm:ss": "",
        "SSS": "",
        "trip_id": "602DE_Trip8"
      }
    },
    {
      "type": "Feature",
      "geometry": {
        "type": "LineString",
        "coordinates": [
          [
            4.95512895493091,
            52.3394990293556
          ],
          [
            4.95512895493091,
            52.3394990293556
          ]
        ]
      },
      "properties": {
        "marker": "",
        "Acc Y (g)": "-0.226",
        "HRot Count": "",
        "Speed": "",
        "Samples": "2822",
        "Heading GPS (dg)": "",
        "Speed GPS": "",
        "Accuracy GPS": "",
        "Altitude GPS": "",
        "GNSS Timestamp": "",
        "HH:mm:ss": "",
        "SSS": "",
        "trip_id": "602DE_Trip8"
      }
    },
    {
      "type": "Feature",
      "geometry": {
        "type": "LineString",
        "coordinates": [
          [
            4.95512895493091,
            52.3394990293556
          ],
          [
            4.95512895493091,
            52.3394990293556
          ]
        ]
      },
      "properties": {
        "marker": "",
        "Acc Y (g)": "-0.029",
        "HRot Count": "",
        "Speed": "",
        "Samples": "2823",
        "Heading GPS (dg)": "",
        "Speed GPS": "",
        "Accuracy GPS": "",
        "Altitude GPS": "",
        "GNSS Timestamp": "",
        "HH:mm:ss": "",
        "SSS": "",
        "trip_id": "602DE_Trip8"
      }
    },
    {
      "type": "Feature",
      "geometry": {
        "type": "LineString",
        "coordinates": [
          [
            4.95512895493091,
            52.3394990293556
          ],
          [
            4.95512895493091,
            52.3394990293556
          ]
        ]
      },
      "properties": {
        "marker": "",
        "Acc Y (g)": "-0.022",
        "HRot Count": "",
        "Speed": "",
        "Samples": "2824",
        "Heading GPS (dg)": "",
        "Speed GPS": "",
        "Accuracy GPS": "",
        "Altitude GPS": "",
        "GNSS Timestamp": "",
        "HH:mm:ss": "",
        "SSS": "",
        "trip_id": "602DE_Trip8"
      }
    },
    {
      "type": "Feature",
      "geometry": {
        "type": "LineString",
        "coordinates": [
          [
            4.95512895493091,
            52.3394990293556
          ],
          [
            4.95512895493091,
            52.3394990293556
          ]
        ]
      },
      "properties": {
        "marker": "",
        "Acc Y (g)": "0.152",
        "HRot Count": "",
        "Speed": "",
        "Samples": "2825",
        "Heading GPS (dg)": "",
        "Speed GPS": "",
        "Accuracy GPS": "",
        "Altitude GPS": "",
        "GNSS Timestamp": "",
        "HH:mm:ss": "",
        "SSS": "",
        "trip_id": "602DE_Trip8"
      }
    },
    {
      "type": "Feature",
      "geometry": {
        "type": "LineString",
        "coordinates": [
          [
            4.95512895493091,
            52.3394990293556
          ],
          [
            4.95512895493091,
            52.3394990293556
          ]
        ]
      },
      "properties": {
        "marker": "",
        "Acc Y (g)": "0.217",
        "HRot Count": "",
        "Speed": "",
        "Samples": "2826",
        "Heading GPS (dg)": "",
        "Speed GPS": "",
        "Accuracy GPS": "",
        "Altitude GPS": "",
        "GNSS Timestamp": "",
        "HH:mm:ss": "",
        "SSS": "",
        "trip_id": "602DE_Trip8"
      }
    },
    {
      "type": "Feature",
      "geometry": {
        "type": "LineString",
        "coordinates": [
          [
            4.95512895493091,
            52.3394990293556
          ],
          [
            4.95512895493091,
            52.3394990293556
          ]
        ]
      },
      "properties": {
        "marker": "",
        "Acc Y (g)": "0.271",
        "HRot Count": "",
        "Speed": "",
        "Samples": "2827",
        "Heading GPS (dg)": "",
        "Speed GPS": "",
        "Accuracy GPS": "",
        "Altitude GPS": "",
        "GNSS Timestamp": "",
        "HH:mm:ss": "",
        "SSS": "",
        "trip_id": "602DE_Trip8"
      }
    },
    {
      "type": "Feature",
      "geometry": {
        "type": "LineString",
        "coordinates": [
          [
            4.95512895493091,
            52.3394990293556
          ],
          [
            4.95512895493091,
            52.3394990293556
          ]
        ]
      },
      "properties": {
        "marker": "",
        "Acc Y (g)": "0.370",
        "HRot Count": "",
        "Speed": "",
        "Samples": "2828",
        "Heading GPS (dg)": "",
        "Speed GPS": "",
        "Accuracy GPS": "",
        "Altitude GPS": "",
        "GNSS Timestamp": "",
        "HH:mm:ss": "",
        "SSS": "",
        "trip_id": "602DE_Trip8"
      }
    },
    {
      "type": "Feature",
      "geometry": {
        "type": "LineString",
        "coordinates": [
          [
            4.95512895493091,
            52.3394990293556
          ],
          [
            4.95512895493091,
            52.3394990293556
          ]
        ]
      },
      "properties": {
        "marker": "",
        "Acc Y (g)": "0.378",
        "HRot Count": "",
        "Speed": "",
        "Samples": "2829",
        "Heading GPS (dg)": "",
        "Speed GPS": "",
        "Accuracy GPS": "",
        "Altitude GPS": "",
        "GNSS Timestamp": "",
        "HH:mm:ss": "",
        "SSS": "",
        "trip_id": "602DE_Trip8"
      }
    },
    {
      "type": "Feature",
      "geometry": {
        "type": "LineString",
        "coordinates": [
          [
            4.95512895493091,
            52.3394990293556
          ],
          [
            4.95512895493091,
            52.3394990293556
          ]
        ]
      },
      "properties": {
        "marker": "",
        "Acc Y (g)": "0.530",
        "HRot Count": "",
        "Speed": "",
        "Samples": "2830",
        "Heading GPS (dg)": "",
        "Speed GPS": "",
        "Accuracy GPS": "",
        "Altitude GPS": "",
        "GNSS Timestamp": "",
        "HH:mm:ss": "",
        "SSS": "",
        "trip_id": "602DE_Trip8"
      }
    },
    {
      "type": "Feature",
      "geometry": {
        "type": "LineString",
        "coordinates": [
          [
            4.95512895493091,
            52.3394990293556
          ],
          [
            4.95516376909205,
            52.3394912662799
          ]
        ]
      },
      "properties": {
        "marker": "",
        "Acc Y (g)": "0.478",
        "HRot Count": "",
        "Speed": "",
        "Samples": "2831",
        "Heading GPS (dg)": "",
        "Speed GPS": "",
        "Accuracy GPS": "",
        "Altitude GPS": "",
        "GNSS Timestamp": "",
        "HH:mm:ss": "",
        "SSS": "",
        "trip_id": "602DE_Trip8"
      }
    },
    {
      "type": "Feature",
      "geometry": {
        "type": "LineString",
        "coordinates": [
          [
            4.95516376909205,
            52.3394912662799
          ],
          [
            4.95516376909205,
            52.3394912662799
          ]
        ]
      },
      "properties": {
        "marker": "7",
        "Acc Y (g)": "0.587",
        "HRot Count": "45",
        "Speed": "781",
        "Samples": "2832",
        "Heading GPS (dg)": "199",
        "Speed GPS": "6",
        "Accuracy GPS": "18",
        "Altitude GPS": "10",
        "GNSS Timestamp": "2026-05-06 08:09:06.999000+00:00",
        "HH:mm:ss": "10:09:06",
        "SSS": "740",
        "trip_id": "602DE_Trip8",
        "timestamp": "2026-05-06 08:09:06.999000+00:00"
      }
    },
    {
      "type": "Feature",
      "geometry": {
        "type": "LineString",
        "coordinates": [
          [
            4.95516376909205,
            52.3394912662799
          ],
          [
            4.95516376909205,
            52.3394912662799
          ]
        ]
      },
      "properties": {
        "marker": "",
        "Acc Y (g)": "0.691",
        "HRot Count": "",
        "Speed": "",
        "Samples": "2833",
        "Heading GPS (dg)": "",
        "Speed GPS": "",
        "Accuracy GPS": "",
        "Altitude GPS": "",
        "GNSS Timestamp": "",
        "HH:mm:ss": "",
        "SSS": "",
        "trip_id": "602DE_Trip8"
      }
    },
    {
      "type": "Feature",
      "geometry": {
        "type": "LineString",
        "coordinates": [
          [
            4.95516376909205,
            52.3394912662799
          ],
          [
            4.95516376909205,
            52.3394912662799
          ]
        ]
      },
      "properties": {
        "marker": "",
        "Acc Y (g)": "0.659",
        "HRot Count": "",
        "Speed": "",
        "Samples": "2834",
        "Heading GPS (dg)": "",
        "Speed GPS": "",
        "Accuracy GPS": "",
        "Altitude GPS": "",
        "GNSS Timestamp": "",
        "HH:mm:ss": "",
        "SSS": "",
        "trip_id": "602DE_Trip8"
      }
    },
    {
      "type": "Feature",
      "geometry": {
        "type": "LineString",
        "coordinates": [
          [
            4.95516376909205,
            52.3394912662799
          ],
          [
            4.95516376909205,
            52.3394912662799
          ]
        ]
      },
      "properties": {
        "marker": "",
        "Acc Y (g)": "0.747",
        "HRot Count": "",
        "Speed": "",
        "Samples": "2835",
        "Heading GPS (dg)": "",
        "Speed GPS": "",
        "Accuracy GPS": "",
        "Altitude GPS": "",
        "GNSS Timestamp": "",
        "HH:mm:ss": "",
        "SSS": "",
        "trip_id": "602DE_Trip8"
      }
    },
    {
      "type": "Feature",
      "geometry": {
        "type": "LineString",
        "coordinates": [
          [
            4.95516376909205,
            52.3394912662799
          ],
          [
            4.95516376909205,
            52.3394912662799
          ]
        ]
      },
      "properties": {
        "marker": "",
        "Acc Y (g)": "0.832",
        "HRot Count": "",
        "Speed": "",
        "Samples": "2836",
        "Heading GPS (dg)": "",
        "Speed GPS": "",
        "Accuracy GPS": "",
        "Altitude GPS": "",
        "GNSS Timestamp": "",
        "HH:mm:ss": "",
        "SSS": "",
        "trip_id": "602DE_Trip8"
      }
    },
    {
      "type": "Feature",
      "geometry": {
        "type": "LineString",
        "coordinates": [
          [
            4.95516376909205,
            52.3394912662799
          ],
          [
            4.95516376909205,
            52.3394912662799
          ]
        ]
      },
      "properties": {
        "marker": "",
        "Acc Y (g)": "0.839",
        "HRot Count": "",
        "Speed": "",
        "Samples": "2837",
        "Heading GPS (dg)": "",
        "Speed GPS": "",
        "Accuracy GPS": "",
        "Altitude GPS": "",
        "GNSS Timestamp": "",
        "HH:mm:ss": "",
        "SSS": "",
        "trip_id": "602DE_Trip8"
      }
    },
    {
      "type": "Feature",
      "geometry": {
        "type": "LineString",
        "coordinates": [
          [
            4.95516376909205,
            52.3394912662799
          ],
          [
            4.95516376909205,
            52.3394912662799
          ]
        ]
      },
      "properties": {
        "marker": "",
        "Acc Y (g)": "0.945",
        "HRot Count": "",
        "Speed": "",
        "Samples": "2838",
        "Heading GPS (dg)": "",
        "Speed GPS": "",
        "Accuracy GPS": "",
        "Altitude GPS": "",
        "GNSS Timestamp": "",
        "HH:mm:ss": "",
        "SSS": "",
        "trip_id": "602DE_Trip8"
      }
    },
    {
      "type": "Feature",
      "geometry": {
        "type": "LineString",
        "coordinates": [
          [
            4.95516376909205,
            52.3394912662799
          ],
          [
            4.95516376909205,
            52.3394912662799
          ]
        ]
      },
      "properties": {
        "marker": "",
        "Acc Y (g)": "0.952",
        "HRot Count": "",
        "Speed": "",
        "Samples": "2839",
        "Heading GPS (dg)": "",
        "Speed GPS": "",
        "Accuracy GPS": "",
        "Altitude GPS": "",
        "GNSS Timestamp": "",
        "HH:mm:ss": "",
        "SSS": "",
        "trip_id": "602DE_Trip8"
      }
    },
    {
      "type": "Feature",
      "geometry": {
        "type": "LineString",
        "coordinates": [
          [
            4.95516376909205,
            52.3394912662799
          ],
          [
            4.95516376909205,
            52.3394912662799
          ]
        ]
      },
      "properties": {
        "marker": "",
        "Acc Y (g)": "0.952",
        "HRot Count": "",
        "Speed": "",
        "Samples": "2840",
        "Heading GPS (dg)": "",
        "Speed GPS": "",
        "Accuracy GPS": "",
        "Altitude GPS": "",
        "GNSS Timestamp": "",
        "HH:mm:ss": "",
        "SSS": "",
        "trip_id": "602DE_Trip8"
      }
    },
    {
      "type": "Feature",
      "geometry": {
        "type": "LineString",
        "coordinates": [
          [
            4.95516376909205,
            52.3394912662799
          ],
          [
            4.95516376909205,
            52.3394912662799
          ]
        ]
      },
      "properties": {
        "marker": "",
        "Acc Y (g)": "1.077",
        "HRot Count": "",
        "Speed": "",
        "Samples": "2841",
        "Heading GPS (dg)": "",
        "Speed GPS": "",
        "Accuracy GPS": "",
        "Altitude GPS": "",
        "GNSS Timestamp": "",
        "HH:mm:ss": "",
        "SSS": "",
        "trip_id": "602DE_Trip8"
      }
    },
    {
      "type": "Feature",
      "geometry": {
        "type": "LineString",
        "coordinates": [
          [
            4.95516376909205,
            52.3394912662799
          ],
          [
            4.95516376909205,
            52.3394912662799
          ]
        ]
      },
      "properties": {
        "marker": "",
        "Acc Y (g)": "0.905",
        "HRot Count": "",
        "Speed": "",
        "Samples": "2842",
        "Heading GPS (dg)": "",
        "Speed GPS": "",
        "Accuracy GPS": "",
        "Altitude GPS": "",
        "GNSS Timestamp": "",
        "HH:mm:ss": "",
        "SSS": "",
        "trip_id": "602DE_Trip8"
      }
    },
    {
      "type": "Feature",
      "geometry": {
        "type": "LineString",
        "coordinates": [
          [
            4.95516376909205,
            52.3394912662799
          ],
          [
            4.95516376909205,
            52.3394912662799
          ]
        ]
      },
      "properties": {
        "marker": "",
        "Acc Y (g)": "0.987",
        "HRot Count": "",
        "Speed": "",
        "Samples": "2843",
        "Heading GPS (dg)": "",
        "Speed GPS": "",
        "Accuracy GPS": "",
        "Altitude GPS": "",
        "GNSS Timestamp": "",
        "HH:mm:ss": "",
        "SSS": "",
        "trip_id": "602DE_Trip8"
      }
    },
    {
      "type": "Feature",
      "geometry": {
        "type": "LineString",
        "coordinates": [
          [
            4.95516376909205,
            52.3394912662799
          ],
          [
            4.95516376909205,
            52.3394912662799
          ]
        ]
      },
      "properties": {
        "marker": "",
        "Acc Y (g)": "1.028",
        "HRot Count": "",
        "Speed": "",
        "Samples": "2844",
        "Heading GPS (dg)": "",
        "Speed GPS": "",
        "Accuracy GPS": "",
        "Altitude GPS": "",
        "GNSS Timestamp": "",
        "HH:mm:ss": "",
        "SSS": "",
        "trip_id": "602DE_Trip8"
      }
    },
    {
      "type": "Feature",
      "geometry": {
        "type": "LineString",
        "coordinates": [
          [
            4.95516376909205,
            52.3394912662799
          ],
          [
            4.95516376909205,
            52.3394912662799
          ]
        ]
      },
      "properties": {
        "marker": "",
        "Acc Y (g)": "1.025",
        "HRot Count": "",
        "Speed": "",
        "Samples": "2845",
        "Heading GPS (dg)": "",
        "Speed GPS": "",
        "Accuracy GPS": "",
        "Altitude GPS": "",
        "GNSS Timestamp": "",
        "HH:mm:ss": "",
        "SSS": "",
        "trip_id": "602DE_Trip8"
      }
    },
    {
      "type": "Feature",
      "geometry": {
        "type": "LineString",
        "coordinates": [
          [
            4.95516376909205,
            52.3394912662799
          ],
          [
            4.95516376909205,
            52.3394912662799
          ]
        ]
      },
      "properties": {
        "marker": "",
        "Acc Y (g)": "0.934",
        "HRot Count": "",
        "Speed": "",
        "Samples": "2846",
        "Heading GPS (dg)": "",
        "Speed GPS": "",
        "Accuracy GPS": "",
        "Altitude GPS": "",
        "GNSS Timestamp": "",
        "HH:mm:ss": "",
        "SSS": "",
        "trip_id": "602DE_Trip8"
      }
    },
    {
      "type": "Feature",
      "geometry": {
        "type": "LineString",
        "coordinates": [
          [
            4.95516376909205,
            52.3394912662799
          ],
          [
            4.95516376909205,
            52.3394912662799
          ]
        ]
      },
      "properties": {
        "marker": "",
        "Acc Y (g)": "1.078",
        "HRot Count": "",
        "Speed": "",
        "Samples": "2847",
        "Heading GPS (dg)": "",
        "Speed GPS": "",
        "Accuracy GPS": "",
        "Altitude GPS": "",
        "GNSS Timestamp": "",
        "HH:mm:ss": "",
        "SSS": "",
        "trip_id": "602DE_Trip8"
      }
    },
    {
      "type": "Feature",
      "geometry": {
        "type": "LineString",
        "coordinates": [
          [
            4.95516376909205,
            52.3394912662799
          ],
          [
            4.95516376909205,
            52.3394912662799
          ]
        ]
      },
      "properties": {
        "marker": "",
        "Acc Y (g)": "0.957",
        "HRot Count": "",
        "Speed": "",
        "Samples": "2848",
        "Heading GPS (dg)": "",
        "Speed GPS": "",
        "Accuracy GPS": "",
        "Altitude GPS": "",
        "GNSS Timestamp": "",
        "HH:mm:ss": "",
        "SSS": "",
        "trip_id": "602DE_Trip8"
      }
    },
    {
      "type": "Feature",
      "geometry": {
        "type": "LineString",
        "coordinates": [
          [
            4.95516376909205,
            52.3394912662799
          ],
          [
            4.95516376909205,
            52.3394912662799
          ]
        ]
      },
      "properties": {
        "marker": "",
        "Acc Y (g)": "0.913",
        "HRot Count": "",
        "Speed": "",
        "Samples": "2849",
        "Heading GPS (dg)": "",
        "Speed GPS": "",
        "Accuracy GPS": "",
        "Altitude GPS": "",
        "GNSS Timestamp": "",
        "HH:mm:ss": "",
        "SSS": "",
        "trip_id": "602DE_Trip8"
      }
    },
    {
      "type": "Feature",
      "geometry": {
        "type": "LineString",
        "coordinates": [
          [
            4.95516376909205,
            52.3394912662799
          ],
          [
            4.95516376909205,
            52.3394912662799
          ]
        ]
      },
      "properties": {
        "marker": "",
        "Acc Y (g)": "1.010",
        "HRot Count": "",
        "Speed": "",
        "Samples": "2850",
        "Heading GPS (dg)": "",
        "Speed GPS": "",
        "Accuracy GPS": "",
        "Altitude GPS": "",
        "GNSS Timestamp": "",
        "HH:mm:ss": "",
        "SSS": "",
        "trip_id": "602DE_Trip8"
      }
    },
    {
      "type": "Feature",
      "geometry": {
        "type": "LineString",
        "coordinates": [
          [
            4.95516376909205,
            52.3394912662799
          ],
          [
            4.95516376909205,
            52.3394912662799
          ]
        ]
      },
      "properties": {
        "marker": "",
        "Acc Y (g)": "0.954",
        "HRot Count": "",
        "Speed": "",
        "Samples": "2851",
        "Heading GPS (dg)": "",
        "Speed GPS": "",
        "Accuracy GPS": "",
        "Altitude GPS": "",
        "GNSS Timestamp": "",
        "HH:mm:ss": "",
        "SSS": "",
        "trip_id": "602DE_Trip8"
      }
    },
    {
      "type": "Feature",
      "geometry": {
        "type": "LineString",
        "coordinates": [
          [
            4.95516376909205,
            52.3394912662799
          ],
          [
            4.95516376909205,
            52.3394912662799
          ]
        ]
      },
      "properties": {
        "marker": "",
        "Acc Y (g)": "0.847",
        "HRot Count": "",
        "Speed": "",
        "Samples": "2852",
        "Heading GPS (dg)": "",
        "Speed GPS": "",
        "Accuracy GPS": "",
        "Altitude GPS": "",
        "GNSS Timestamp": "",
        "HH:mm:ss": "",
        "SSS": "",
        "trip_id": "602DE_Trip8"
      }
    },
    {
      "type": "Feature",
      "geometry": {
        "type": "LineString",
        "coordinates": [
          [
            4.95516376909205,
            52.3394912662799
          ],
          [
            4.95516376909205,
            52.3394912662799
          ]
        ]
      },
      "properties": {
        "marker": "",
        "Acc Y (g)": "0.957",
        "HRot Count": "",
        "Speed": "",
        "Samples": "2853",
        "Heading GPS (dg)": "",
        "Speed GPS": "",
        "Accuracy GPS": "",
        "Altitude GPS": "",
        "GNSS Timestamp": "",
        "HH:mm:ss": "",
        "SSS": "",
        "trip_id": "602DE_Trip8"
      }
    },
    {
      "type": "Feature",
      "geometry": {
        "type": "LineString",
        "coordinates": [
          [
            4.95516376909205,
            52.3394912662799
          ],
          [
            4.95516376909205,
            52.3394912662799
          ]
        ]
      },
      "properties": {
        "marker": "",
        "Acc Y (g)": "0.685",
        "HRot Count": "",
        "Speed": "",
        "Samples": "2854",
        "Heading GPS (dg)": "",
        "Speed GPS": "",
        "Accuracy GPS": "",
        "Altitude GPS": "",
        "GNSS Timestamp": "",
        "HH:mm:ss": "",
        "SSS": "",
        "trip_id": "602DE_Trip8"
      }
    },
    {
      "type": "Feature",
      "geometry": {
        "type": "LineString",
        "coordinates": [
          [
            4.95516376909205,
            52.3394912662799
          ],
          [
            4.95516376909205,
            52.3394912662799
          ]
        ]
      },
      "properties": {
        "marker": "",
        "Acc Y (g)": "0.813",
        "HRot Count": "",
        "Speed": "",
        "Samples": "2855",
        "Heading GPS (dg)": "",
        "Speed GPS": "",
        "Accuracy GPS": "",
        "Altitude GPS": "",
        "GNSS Timestamp": "",
        "HH:mm:ss": "",
        "SSS": "",
        "trip_id": "602DE_Trip8"
      }
    },
    {
      "type": "Feature",
      "geometry": {
        "type": "LineString",
        "coordinates": [
          [
            4.95516376909205,
            52.3394912662799
          ],
          [
            4.95516376909205,
            52.3394912662799
          ]
        ]
      },
      "properties": {
        "marker": "",
        "Acc Y (g)": "0.758",
        "HRot Count": "",
        "Speed": "",
        "Samples": "2856",
        "Heading GPS (dg)": "",
        "Speed GPS": "",
        "Accuracy GPS": "",
        "Altitude GPS": "",
        "GNSS Timestamp": "",
        "HH:mm:ss": "",
        "SSS": "",
        "trip_id": "602DE_Trip8"
      }
    },
    {
      "type": "Feature",
      "geometry": {
        "type": "LineString",
        "coordinates": [
          [
            4.95516376909205,
            52.3394912662799
          ],
          [
            4.95516376909205,
            52.3394912662799
          ]
        ]
      },
      "properties": {
        "marker": "",
        "Acc Y (g)": "0.617",
        "HRot Count": "",
        "Speed": "",
        "Samples": "2857",
        "Heading GPS (dg)": "",
        "Speed GPS": "",
        "Accuracy GPS": "",
        "Altitude GPS": "",
        "GNSS Timestamp": "",
        "HH:mm:ss": "",
        "SSS": "",
        "trip_id": "602DE_Trip8"
      }
    },
    {
      "type": "Feature",
      "geometry": {
        "type": "LineString",
        "coordinates": [
          [
            4.95516376909205,
            52.3394912662799
          ],
          [
            4.95516376909205,
            52.3394912662799
          ]
        ]
      },
      "properties": {
        "marker": "",
        "Acc Y (g)": "0.636",
        "HRot Count": "",
        "Speed": "",
        "Samples": "2858",
        "Heading GPS (dg)": "",
        "Speed GPS": "",
        "Accuracy GPS": "",
        "Altitude GPS": "",
        "GNSS Timestamp": "",
        "HH:mm:ss": "",
        "SSS": "",
        "trip_id": "602DE_Trip8"
      }
    },
    {
      "type": "Feature",
      "geometry": {
        "type": "LineString",
        "coordinates": [
          [
            4.95516376909205,
            52.3394912662799
          ],
          [
            4.95516376909205,
            52.3394912662799
          ]
        ]
      },
      "properties": {
        "marker": "",
        "Acc Y (g)": "0.640",
        "HRot Count": "",
        "Speed": "",
        "Samples": "2859",
        "Heading GPS (dg)": "",
        "Speed GPS": "",
        "Accuracy GPS": "",
        "Altitude GPS": "",
        "GNSS Timestamp": "",
        "HH:mm:ss": "",
        "SSS": "",
        "trip_id": "602DE_Trip8"
      }
    },
    {
      "type": "Feature",
      "geometry": {
        "type": "LineString",
        "coordinates": [
          [
            4.95516376909205,
            52.3394912662799
          ],
          [
            4.95516376909205,
            52.3394912662799
          ]
        ]
      },
      "properties": {
        "marker": "",
        "Acc Y (g)": "0.508",
        "HRot Count": "",
        "Speed": "",
        "Samples": "2860",
        "Heading GPS (dg)": "",
        "Speed GPS": "",
        "Accuracy GPS": "",
        "Altitude GPS": "",
        "GNSS Timestamp": "",
        "HH:mm:ss": "",
        "SSS": "",
        "trip_id": "602DE_Trip8"
      }
    },
    {
      "type": "Feature",
      "geometry": {
        "type": "LineString",
        "coordinates": [
          [
            4.95516376909205,
            52.3394912662799
          ],
          [
            4.95516376909205,
            52.3394912662799
          ]
        ]
      },
      "properties": {
        "marker": "",
        "Acc Y (g)": "0.340",
        "HRot Count": "",
        "Speed": "",
        "Samples": "2861",
        "Heading GPS (dg)": "",
        "Speed GPS": "",
        "Accuracy GPS": "",
        "Altitude GPS": "",
        "GNSS Timestamp": "",
        "HH:mm:ss": "",
        "SSS": "",
        "trip_id": "602DE_Trip8"
      }
    },
    {
      "type": "Feature",
      "geometry": {
        "type": "LineString",
        "coordinates": [
          [
            4.95516376909205,
            52.3394912662799
          ],
          [
            4.95516376909205,
            52.3394912662799
          ]
        ]
      },
      "properties": {
        "marker": "",
        "Acc Y (g)": "0.361",
        "HRot Count": "",
        "Speed": "",
        "Samples": "2862",
        "Heading GPS (dg)": "",
        "Speed GPS": "",
        "Accuracy GPS": "",
        "Altitude GPS": "",
        "GNSS Timestamp": "",
        "HH:mm:ss": "",
        "SSS": "",
        "trip_id": "602DE_Trip8"
      }
    },
    {
      "type": "Feature",
      "geometry": {
        "type": "LineString",
        "coordinates": [
          [
            4.95516376909205,
            52.3394912662799
          ],
          [
            4.95516376909205,
            52.3394912662799
          ]
        ]
      },
      "properties": {
        "marker": "",
        "Acc Y (g)": "0.294",
        "HRot Count": "",
        "Speed": "",
        "Samples": "2863",
        "Heading GPS (dg)": "",
        "Speed GPS": "",
        "Accuracy GPS": "",
        "Altitude GPS": "",
        "GNSS Timestamp": "",
        "HH:mm:ss": "",
        "SSS": "",
        "trip_id": "602DE_Trip8"
      }
    },
    {
      "type": "Feature",
      "geometry": {
        "type": "LineString",
        "coordinates": [
          [
            4.95516376909205,
            52.3394912662799
          ],
          [
            4.95516376909205,
            52.3394912662799
          ]
        ]
      },
      "properties": {
        "marker": "",
        "Acc Y (g)": "0.242",
        "HRot Count": "",
        "Speed": "",
        "Samples": "2864",
        "Heading GPS (dg)": "",
        "Speed GPS": "",
        "Accuracy GPS": "",
        "Altitude GPS": "",
        "GNSS Timestamp": "",
        "HH:mm:ss": "",
        "SSS": "",
        "trip_id": "602DE_Trip8"
      }
    },
    {
      "type": "Feature",
      "geometry": {
        "type": "LineString",
        "coordinates": [
          [
            4.95516376909205,
            52.3394912662799
          ],
          [
            4.95516376909205,
            52.3394912662799
          ]
        ]
      },
      "properties": {
        "marker": "",
        "Acc Y (g)": "0.178",
        "HRot Count": "",
        "Speed": "",
        "Samples": "2865",
        "Heading GPS (dg)": "",
        "Speed GPS": "",
        "Accuracy GPS": "",
        "Altitude GPS": "",
        "GNSS Timestamp": "",
        "HH:mm:ss": "",
        "SSS": "",
        "trip_id": "602DE_Trip8"
      }
    },
    {
      "type": "Feature",
      "geometry": {
        "type": "LineString",
        "coordinates": [
          [
            4.95516376909205,
            52.3394912662799
          ],
          [
            4.95516376909205,
            52.3394912662799
          ]
        ]
      },
      "properties": {
        "marker": "",
        "Acc Y (g)": "0.081",
        "HRot Count": "",
        "Speed": "",
        "Samples": "2866",
        "Heading GPS (dg)": "",
        "Speed GPS": "",
        "Accuracy GPS": "",
        "Altitude GPS": "",
        "GNSS Timestamp": "",
        "HH:mm:ss": "",
        "SSS": "",
        "trip_id": "602DE_Trip8"
      }
    },
    {
      "type": "Feature",
      "geometry": {
        "type": "LineString",
        "coordinates": [
          [
            4.95516376909205,
            52.3394912662799
          ],
          [
            4.95516376909205,
            52.3394912662799
          ]
        ]
      },
      "properties": {
        "marker": "",
        "Acc Y (g)": "0.036",
        "HRot Count": "",
        "Speed": "",
        "Samples": "2867",
        "Heading GPS (dg)": "",
        "Speed GPS": "",
        "Accuracy GPS": "",
        "Altitude GPS": "",
        "GNSS Timestamp": "",
        "HH:mm:ss": "",
        "SSS": "",
        "trip_id": "602DE_Trip8"
      }
    },
    {
      "type": "Feature",
      "geometry": {
        "type": "LineString",
        "coordinates": [
          [
            4.95516376909205,
            52.3394912662799
          ],
          [
            4.95516376909205,
            52.3394912662799
          ]
        ]
      },
      "properties": {
        "marker": "",
        "Acc Y (g)": "0.072",
        "HRot Count": "",
        "Speed": "",
        "Samples": "2868",
        "Heading GPS (dg)": "",
        "Speed GPS": "",
        "Accuracy GPS": "",
        "Altitude GPS": "",
        "GNSS Timestamp": "",
        "HH:mm:ss": "",
        "SSS": "",
        "trip_id": "602DE_Trip8"
      }
    },
    {
      "type": "Feature",
      "geometry": {
        "type": "LineString",
        "coordinates": [
          [
            4.95516376909205,
            52.3394912662799
          ],
          [
            4.95516376909205,
            52.3394912662799
          ]
        ]
      },
      "properties": {
        "marker": "",
        "Acc Y (g)": "-0.041",
        "HRot Count": "",
        "Speed": "",
        "Samples": "2869",
        "Heading GPS (dg)": "",
        "Speed GPS": "",
        "Accuracy GPS": "",
        "Altitude GPS": "",
        "GNSS Timestamp": "",
        "HH:mm:ss": "",
        "SSS": "",
        "trip_id": "602DE_Trip8"
      }
    },
    {
      "type": "Feature",
      "geometry": {
        "type": "LineString",
        "coordinates": [
          [
            4.95516376909205,
            52.3394912662799
          ],
          [
            4.95516376909205,
            52.3394912662799
          ]
        ]
      },
      "properties": {
        "marker": "",
        "Acc Y (g)": "-0.044",
        "HRot Count": "",
        "Speed": "",
        "Samples": "2870",
        "Heading GPS (dg)": "",
        "Speed GPS": "",
        "Accuracy GPS": "",
        "Altitude GPS": "",
        "GNSS Timestamp": "",
        "HH:mm:ss": "",
        "SSS": "",
        "trip_id": "602DE_Trip8"
      }
    },
    {
      "type": "Feature",
      "geometry": {
        "type": "LineString",
        "coordinates": [
          [
            4.95516376909205,
            52.3394912662799
          ],
          [
            4.95516376909205,
            52.3394912662799
          ]
        ]
      },
      "properties": {
        "marker": "",
        "Acc Y (g)": "-0.104",
        "HRot Count": "",
        "Speed": "",
        "Samples": "2871",
        "Heading GPS (dg)": "",
        "Speed GPS": "",
        "Accuracy GPS": "",
        "Altitude GPS": "",
        "GNSS Timestamp": "",
        "HH:mm:ss": "",
        "SSS": "",
        "trip_id": "602DE_Trip8"
      }
    },
    {
      "type": "Feature",
      "geometry": {
        "type": "LineString",
        "coordinates": [
          [
            4.95516376909205,
            52.3394912662799
          ],
          [
            4.95516376909205,
            52.3394912662799
          ]
        ]
      },
      "properties": {
        "marker": "",
        "Acc Y (g)": "-0.190",
        "HRot Count": "",
        "Speed": "",
        "Samples": "2872",
        "Heading GPS (dg)": "",
        "Speed GPS": "",
        "Accuracy GPS": "",
        "Altitude GPS": "",
        "GNSS Timestamp": "",
        "HH:mm:ss": "",
        "SSS": "",
        "trip_id": "602DE_Trip8"
      }
    },
    {
      "type": "Feature",
      "geometry": {
        "type": "LineString",
        "coordinates": [
          [
            4.95516376909205,
            52.3394912662799
          ],
          [
            4.95516376909205,
            52.3394912662799
          ]
        ]
      },
      "properties": {
        "marker": "",
        "Acc Y (g)": "-0.183",
        "HRot Count": "",
        "Speed": "",
        "Samples": "2873",
        "Heading GPS (dg)": "",
        "Speed GPS": "",
        "Accuracy GPS": "",
        "Altitude GPS": "",
        "GNSS Timestamp": "",
        "HH:mm:ss": "",
        "SSS": "",
        "trip_id": "602DE_Trip8"
      }
    },
    {
      "type": "Feature",
      "geometry": {
        "type": "LineString",
        "coordinates": [
          [
            4.95516376909205,
            52.3394912662799
          ],
          [
            4.95516376909205,
            52.3394912662799
          ]
        ]
      },
      "properties": {
        "marker": "",
        "Acc Y (g)": "-0.269",
        "HRot Count": "",
        "Speed": "",
        "Samples": "2874",
        "Heading GPS (dg)": "",
        "Speed GPS": "",
        "Accuracy GPS": "",
        "Altitude GPS": "",
        "GNSS Timestamp": "",
        "HH:mm:ss": "",
        "SSS": "",
        "trip_id": "602DE_Trip8"
      }
    },
    {
      "type": "Feature",
      "geometry": {
        "type": "LineString",
        "coordinates": [
          [
            4.95516376909205,
            52.3394912662799
          ],
          [
            4.95516376909205,
            52.3394912662799
          ]
        ]
      },
      "properties": {
        "marker": "",
        "Acc Y (g)": "-0.315",
        "HRot Count": "",
        "Speed": "",
        "Samples": "2875",
        "Heading GPS (dg)": "",
        "Speed GPS": "",
        "Accuracy GPS": "",
        "Altitude GPS": "",
        "GNSS Timestamp": "",
        "HH:mm:ss": "",
        "SSS": "",
        "trip_id": "602DE_Trip8"
      }
    },
    {
      "type": "Feature",
      "geometry": {
        "type": "LineString",
        "coordinates": [
          [
            4.95516376909205,
            52.3394912662799
          ],
          [
            4.95516376909205,
            52.3394912662799
          ]
        ]
      },
      "properties": {
        "marker": "",
        "Acc Y (g)": "-0.377",
        "HRot Count": "",
        "Speed": "",
        "Samples": "2876",
        "Heading GPS (dg)": "",
        "Speed GPS": "",
        "Accuracy GPS": "",
        "Altitude GPS": "",
        "GNSS Timestamp": "",
        "HH:mm:ss": "",
        "SSS": "",
        "trip_id": "602DE_Trip8"
      }
    },
    {
      "type": "Feature",
      "geometry": {
        "type": "LineString",
        "coordinates": [
          [
            4.95516376909205,
            52.3394912662799
          ],
          [
            4.95516376909205,
            52.3394912662799
          ]
        ]
      },
      "properties": {
        "marker": "",
        "Acc Y (g)": "-0.414",
        "HRot Count": "",
        "Speed": "",
        "Samples": "2877",
        "Heading GPS (dg)": "",
        "Speed GPS": "",
        "Accuracy GPS": "",
        "Altitude GPS": "",
        "GNSS Timestamp": "",
        "HH:mm:ss": "",
        "SSS": "",
        "trip_id": "602DE_Trip8"
      }
    },
    {
      "type": "Feature",
      "geometry": {
        "type": "LineString",
        "coordinates": [
          [
            4.95516376909205,
            52.3394912662799
          ],
          [
            4.95520361392049,
            52.3394848316753
          ]
        ]
      },
      "properties": {
        "marker": "",
        "Acc Y (g)": "-0.430",
        "HRot Count": "",
        "Speed": "",
        "Samples": "2878",
        "Heading GPS (dg)": "",
        "Speed GPS": "",
        "Accuracy GPS": "",
        "Altitude GPS": "",
        "GNSS Timestamp": "",
        "HH:mm:ss": "",
        "SSS": "",
        "trip_id": "602DE_Trip8"
      }
    },
    {
      "type": "Feature",
      "geometry": {
        "type": "LineString",
        "coordinates": [
          [
            4.95520361392049,
            52.3394848316753
          ],
          [
            4.95520361392049,
            52.3394848316753
          ]
        ]
      },
      "properties": {
        "marker": "7",
        "Acc Y (g)": "-0.577",
        "HRot Count": "46",
        "Speed": "653",
        "Samples": "2879",
        "Heading GPS (dg)": "198",
        "Speed GPS": "5",
        "Accuracy GPS": "18",
        "Altitude GPS": "9",
        "GNSS Timestamp": "2026-05-06 08:09:07.999000+00:00",
        "HH:mm:ss": "10:09:07",
        "SSS": "534",
        "trip_id": "602DE_Trip8",
        "timestamp": "2026-05-06 08:09:07.999000+00:00"
      }
    },
    {
      "type": "Feature",
      "geometry": {
        "type": "LineString",
        "coordinates": [
          [
            4.95520361392049,
            52.3394848316753
          ],
          [
            4.95520361392049,
            52.3394848316753
          ]
        ]
      },
      "properties": {
        "marker": "",
        "Acc Y (g)": "-0.626",
        "HRot Count": "",
        "Speed": "",
        "Samples": "2880",
        "Heading GPS (dg)": "",
        "Speed GPS": "",
        "Accuracy GPS": "",
        "Altitude GPS": "",
        "GNSS Timestamp": "",
        "HH:mm:ss": "",
        "SSS": "",
        "trip_id": "602DE_Trip8"
      }
    },
    {
      "type": "Feature",
      "geometry": {
        "type": "LineString",
        "coordinates": [
          [
            4.95520361392049,
            52.3394848316753
          ],
          [
            4.95520361392049,
            52.3394848316753
          ]
        ]
      },
      "properties": {
        "marker": "",
        "Acc Y (g)": "-0.542",
        "HRot Count": "",
        "Speed": "",
        "Samples": "2881",
        "Heading GPS (dg)": "",
        "Speed GPS": "",
        "Accuracy GPS": "",
        "Altitude GPS": "",
        "GNSS Timestamp": "",
        "HH:mm:ss": "",
        "SSS": "",
        "trip_id": "602DE_Trip8"
      }
    },
    {
      "type": "Feature",
      "geometry": {
        "type": "LineString",
        "coordinates": [
          [
            4.95520361392049,
            52.3394848316753
          ],
          [
            4.95520361392049,
            52.3394848316753
          ]
        ]
      },
      "properties": {
        "marker": "",
        "Acc Y (g)": "-0.631",
        "HRot Count": "",
        "Speed": "",
        "Samples": "2882",
        "Heading GPS (dg)": "",
        "Speed GPS": "",
        "Accuracy GPS": "",
        "Altitude GPS": "",
        "GNSS Timestamp": "",
        "HH:mm:ss": "",
        "SSS": "",
        "trip_id": "602DE_Trip8"
      }
    },
    {
      "type": "Feature",
      "geometry": {
        "type": "LineString",
        "coordinates": [
          [
            4.95520361392049,
            52.3394848316753
          ],
          [
            4.95520361392049,
            52.3394848316753
          ]
        ]
      },
      "properties": {
        "marker": "",
        "Acc Y (g)": "-0.775",
        "HRot Count": "",
        "Speed": "",
        "Samples": "2883",
        "Heading GPS (dg)": "",
        "Speed GPS": "",
        "Accuracy GPS": "",
        "Altitude GPS": "",
        "GNSS Timestamp": "",
        "HH:mm:ss": "",
        "SSS": "",
        "trip_id": "602DE_Trip8"
      }
    },
    {
      "type": "Feature",
      "geometry": {
        "type": "LineString",
        "coordinates": [
          [
            4.95520361392049,
            52.3394848316753
          ],
          [
            4.95520361392049,
            52.3394848316753
          ]
        ]
      },
      "properties": {
        "marker": "",
        "Acc Y (g)": "-0.881",
        "HRot Count": "",
        "Speed": "",
        "Samples": "2884",
        "Heading GPS (dg)": "",
        "Speed GPS": "",
        "Accuracy GPS": "",
        "Altitude GPS": "",
        "GNSS Timestamp": "",
        "HH:mm:ss": "",
        "SSS": "",
        "trip_id": "602DE_Trip8"
      }
    },
    {
      "type": "Feature",
      "geometry": {
        "type": "LineString",
        "coordinates": [
          [
            4.95520361392049,
            52.3394848316753
          ],
          [
            4.95520361392049,
            52.3394848316753
          ]
        ]
      },
      "properties": {
        "marker": "",
        "Acc Y (g)": "-0.704",
        "HRot Count": "",
        "Speed": "",
        "Samples": "2885",
        "Heading GPS (dg)": "",
        "Speed GPS": "",
        "Accuracy GPS": "",
        "Altitude GPS": "",
        "GNSS Timestamp": "",
        "HH:mm:ss": "",
        "SSS": "",
        "trip_id": "602DE_Trip8"
      }
    },
    {
      "type": "Feature",
      "geometry": {
        "type": "LineString",
        "coordinates": [
          [
            4.95520361392049,
            52.3394848316753
          ],
          [
            4.95520361392049,
            52.3394848316753
          ]
        ]
      },
      "properties": {
        "marker": "",
        "Acc Y (g)": "-0.844",
        "HRot Count": "",
        "Speed": "",
        "Samples": "2886",
        "Heading GPS (dg)": "",
        "Speed GPS": "",
        "Accuracy GPS": "",
        "Altitude GPS": "",
        "GNSS Timestamp": "",
        "HH:mm:ss": "",
        "SSS": "",
        "trip_id": "602DE_Trip8"
      }
    },
    {
      "type": "Feature",
      "geometry": {
        "type": "LineString",
        "coordinates": [
          [
            4.95520361392049,
            52.3394848316753
          ],
          [
            4.95520361392049,
            52.3394848316753
          ]
        ]
      },
      "properties": {
        "marker": "",
        "Acc Y (g)": "-0.917",
        "HRot Count": "",
        "Speed": "",
        "Samples": "2887",
        "Heading GPS (dg)": "",
        "Speed GPS": "",
        "Accuracy GPS": "",
        "Altitude GPS": "",
        "GNSS Timestamp": "",
        "HH:mm:ss": "",
        "SSS": "",
        "trip_id": "602DE_Trip8"
      }
    },
    {
      "type": "Feature",
      "geometry": {
        "type": "LineString",
        "coordinates": [
          [
            4.95520361392049,
            52.3394848316753
          ],
          [
            4.95520361392049,
            52.3394848316753
          ]
        ]
      },
      "properties": {
        "marker": "",
        "Acc Y (g)": "-0.965",
        "HRot Count": "",
        "Speed": "",
        "Samples": "2888",
        "Heading GPS (dg)": "",
        "Speed GPS": "",
        "Accuracy GPS": "",
        "Altitude GPS": "",
        "GNSS Timestamp": "",
        "HH:mm:ss": "",
        "SSS": "",
        "trip_id": "602DE_Trip8"
      }
    },
    {
      "type": "Feature",
      "geometry": {
        "type": "LineString",
        "coordinates": [
          [
            4.95520361392049,
            52.3394848316753
          ],
          [
            4.95520361392049,
            52.3394848316753
          ]
        ]
      },
      "properties": {
        "marker": "",
        "Acc Y (g)": "-0.796",
        "HRot Count": "",
        "Speed": "",
        "Samples": "2889",
        "Heading GPS (dg)": "",
        "Speed GPS": "",
        "Accuracy GPS": "",
        "Altitude GPS": "",
        "GNSS Timestamp": "",
        "HH:mm:ss": "",
        "SSS": "",
        "trip_id": "602DE_Trip8"
      }
    },
    {
      "type": "Feature",
      "geometry": {
        "type": "LineString",
        "coordinates": [
          [
            4.95520361392049,
            52.3394848316753
          ],
          [
            4.95520361392049,
            52.3394848316753
          ]
        ]
      },
      "properties": {
        "marker": "",
        "Acc Y (g)": "-0.956",
        "HRot Count": "",
        "Speed": "",
        "Samples": "2890",
        "Heading GPS (dg)": "",
        "Speed GPS": "",
        "Accuracy GPS": "",
        "Altitude GPS": "",
        "GNSS Timestamp": "",
        "HH:mm:ss": "",
        "SSS": "",
        "trip_id": "602DE_Trip8"
      }
    },
    {
      "type": "Feature",
      "geometry": {
        "type": "LineString",
        "coordinates": [
          [
            4.95520361392049,
            52.3394848316753
          ],
          [
            4.95520361392049,
            52.3394848316753
          ]
        ]
      },
      "properties": {
        "marker": "",
        "Acc Y (g)": "-0.947",
        "HRot Count": "",
        "Speed": "",
        "Samples": "2891",
        "Heading GPS (dg)": "",
        "Speed GPS": "",
        "Accuracy GPS": "",
        "Altitude GPS": "",
        "GNSS Timestamp": "",
        "HH:mm:ss": "",
        "SSS": "",
        "trip_id": "602DE_Trip8"
      }
    },
    {
      "type": "Feature",
      "geometry": {
        "type": "LineString",
        "coordinates": [
          [
            4.95520361392049,
            52.3394848316753
          ],
          [
            4.95520361392049,
            52.3394848316753
          ]
        ]
      },
      "properties": {
        "marker": "",
        "Acc Y (g)": "-0.898",
        "HRot Count": "",
        "Speed": "",
        "Samples": "2892",
        "Heading GPS (dg)": "",
        "Speed GPS": "",
        "Accuracy GPS": "",
        "Altitude GPS": "",
        "GNSS Timestamp": "",
        "HH:mm:ss": "",
        "SSS": "",
        "trip_id": "602DE_Trip8"
      }
    },
    {
      "type": "Feature",
      "geometry": {
        "type": "LineString",
        "coordinates": [
          [
            4.95520361392049,
            52.3394848316753
          ],
          [
            4.95520361392049,
            52.3394848316753
          ]
        ]
      },
      "properties": {
        "marker": "",
        "Acc Y (g)": "-0.938",
        "HRot Count": "",
        "Speed": "",
        "Samples": "2893",
        "Heading GPS (dg)": "",
        "Speed GPS": "",
        "Accuracy GPS": "",
        "Altitude GPS": "",
        "GNSS Timestamp": "",
        "HH:mm:ss": "",
        "SSS": "",
        "trip_id": "602DE_Trip8"
      }
    },
    {
      "type": "Feature",
      "geometry": {
        "type": "LineString",
        "coordinates": [
          [
            4.95520361392049,
            52.3394848316753
          ],
          [
            4.95520361392049,
            52.3394848316753
          ]
        ]
      },
      "properties": {
        "marker": "",
        "Acc Y (g)": "-0.931",
        "HRot Count": "",
        "Speed": "",
        "Samples": "2894",
        "Heading GPS (dg)": "",
        "Speed GPS": "",
        "Accuracy GPS": "",
        "Altitude GPS": "",
        "GNSS Timestamp": "",
        "HH:mm:ss": "",
        "SSS": "",
        "trip_id": "602DE_Trip8"
      }
    },
    {
      "type": "Feature",
      "geometry": {
        "type": "LineString",
        "coordinates": [
          [
            4.95520361392049,
            52.3394848316753
          ],
          [
            4.95520361392049,
            52.3394848316753
          ]
        ]
      },
      "properties": {
        "marker": "",
        "Acc Y (g)": "-0.937",
        "HRot Count": "",
        "Speed": "",
        "Samples": "2895",
        "Heading GPS (dg)": "",
        "Speed GPS": "",
        "Accuracy GPS": "",
        "Altitude GPS": "",
        "GNSS Timestamp": "",
        "HH:mm:ss": "",
        "SSS": "",
        "trip_id": "602DE_Trip8"
      }
    },
    {
      "type": "Feature",
      "geometry": {
        "type": "LineString",
        "coordinates": [
          [
            4.95520361392049,
            52.3394848316753
          ],
          [
            4.95520361392049,
            52.3394848316753
          ]
        ]
      },
      "properties": {
        "marker": "",
        "Acc Y (g)": "-0.880",
        "HRot Count": "",
        "Speed": "",
        "Samples": "2896",
        "Heading GPS (dg)": "",
        "Speed GPS": "",
        "Accuracy GPS": "",
        "Altitude GPS": "",
        "GNSS Timestamp": "",
        "HH:mm:ss": "",
        "SSS": "",
        "trip_id": "602DE_Trip8"
      }
    },
    {
      "type": "Feature",
      "geometry": {
        "type": "LineString",
        "coordinates": [
          [
            4.95520361392049,
            52.3394848316753
          ],
          [
            4.95520361392049,
            52.3394848316753
          ]
        ]
      },
      "properties": {
        "marker": "",
        "Acc Y (g)": "-0.985",
        "HRot Count": "",
        "Speed": "",
        "Samples": "2897",
        "Heading GPS (dg)": "",
        "Speed GPS": "",
        "Accuracy GPS": "",
        "Altitude GPS": "",
        "GNSS Timestamp": "",
        "HH:mm:ss": "",
        "SSS": "",
        "trip_id": "602DE_Trip8"
      }
    },
    {
      "type": "Feature",
      "geometry": {
        "type": "LineString",
        "coordinates": [
          [
            4.95520361392049,
            52.3394848316753
          ],
          [
            4.95520361392049,
            52.3394848316753
          ]
        ]
      },
      "properties": {
        "marker": "",
        "Acc Y (g)": "-0.902",
        "HRot Count": "",
        "Speed": "",
        "Samples": "2898",
        "Heading GPS (dg)": "",
        "Speed GPS": "",
        "Accuracy GPS": "",
        "Altitude GPS": "",
        "GNSS Timestamp": "",
        "HH:mm:ss": "",
        "SSS": "",
        "trip_id": "602DE_Trip8"
      }
    },
    {
      "type": "Feature",
      "geometry": {
        "type": "LineString",
        "coordinates": [
          [
            4.95520361392049,
            52.3394848316753
          ],
          [
            4.95520361392049,
            52.3394848316753
          ]
        ]
      },
      "properties": {
        "marker": "",
        "Acc Y (g)": "-0.955",
        "HRot Count": "",
        "Speed": "",
        "Samples": "2899",
        "Heading GPS (dg)": "",
        "Speed GPS": "",
        "Accuracy GPS": "",
        "Altitude GPS": "",
        "GNSS Timestamp": "",
        "HH:mm:ss": "",
        "SSS": "",
        "trip_id": "602DE_Trip8"
      }
    },
    {
      "type": "Feature",
      "geometry": {
        "type": "LineString",
        "coordinates": [
          [
            4.95520361392049,
            52.3394848316753
          ],
          [
            4.95520361392049,
            52.3394848316753
          ]
        ]
      },
      "properties": {
        "marker": "",
        "Acc Y (g)": "-0.951",
        "HRot Count": "",
        "Speed": "",
        "Samples": "2900",
        "Heading GPS (dg)": "",
        "Speed GPS": "",
        "Accuracy GPS": "",
        "Altitude GPS": "",
        "GNSS Timestamp": "",
        "HH:mm:ss": "",
        "SSS": "",
        "trip_id": "602DE_Trip8"
      }
    },
    {
      "type": "Feature",
      "geometry": {
        "type": "LineString",
        "coordinates": [
          [
            4.95520361392049,
            52.3394848316753
          ],
          [
            4.95520361392049,
            52.3394848316753
          ]
        ]
      },
      "properties": {
        "marker": "",
        "Acc Y (g)": "-0.841",
        "HRot Count": "",
        "Speed": "",
        "Samples": "2901",
        "Heading GPS (dg)": "",
        "Speed GPS": "",
        "Accuracy GPS": "",
        "Altitude GPS": "",
        "GNSS Timestamp": "",
        "HH:mm:ss": "",
        "SSS": "",
        "trip_id": "602DE_Trip8"
      }
    },
    {
      "type": "Feature",
      "geometry": {
        "type": "LineString",
        "coordinates": [
          [
            4.95520361392049,
            52.3394848316753
          ],
          [
            4.95520361392049,
            52.3394848316753
          ]
        ]
      },
      "properties": {
        "marker": "",
        "Acc Y (g)": "-0.860",
        "HRot Count": "",
        "Speed": "",
        "Samples": "2902",
        "Heading GPS (dg)": "",
        "Speed GPS": "",
        "Accuracy GPS": "",
        "Altitude GPS": "",
        "GNSS Timestamp": "",
        "HH:mm:ss": "",
        "SSS": "",
        "trip_id": "602DE_Trip8"
      }
    },
    {
      "type": "Feature",
      "geometry": {
        "type": "LineString",
        "coordinates": [
          [
            4.95520361392049,
            52.3394848316753
          ],
          [
            4.95520361392049,
            52.3394848316753
          ]
        ]
      },
      "properties": {
        "marker": "",
        "Acc Y (g)": "-0.864",
        "HRot Count": "",
        "Speed": "",
        "Samples": "2903",
        "Heading GPS (dg)": "",
        "Speed GPS": "",
        "Accuracy GPS": "",
        "Altitude GPS": "",
        "GNSS Timestamp": "",
        "HH:mm:ss": "",
        "SSS": "",
        "trip_id": "602DE_Trip8"
      }
    },
    {
      "type": "Feature",
      "geometry": {
        "type": "LineString",
        "coordinates": [
          [
            4.95520361392049,
            52.3394848316753
          ],
          [
            4.95520361392049,
            52.3394848316753
          ]
        ]
      },
      "properties": {
        "marker": "",
        "Acc Y (g)": "-0.978",
        "HRot Count": "",
        "Speed": "",
        "Samples": "2904",
        "Heading GPS (dg)": "",
        "Speed GPS": "",
        "Accuracy GPS": "",
        "Altitude GPS": "",
        "GNSS Timestamp": "",
        "HH:mm:ss": "",
        "SSS": "",
        "trip_id": "602DE_Trip8"
      }
    },
    {
      "type": "Feature",
      "geometry": {
        "type": "LineString",
        "coordinates": [
          [
            4.95520361392049,
            52.3394848316753
          ],
          [
            4.95520361392049,
            52.3394848316753
          ]
        ]
      },
      "properties": {
        "marker": "",
        "Acc Y (g)": "-0.840",
        "HRot Count": "",
        "Speed": "",
        "Samples": "2905",
        "Heading GPS (dg)": "",
        "Speed GPS": "",
        "Accuracy GPS": "",
        "Altitude GPS": "",
        "GNSS Timestamp": "",
        "HH:mm:ss": "",
        "SSS": "",
        "trip_id": "602DE_Trip8"
      }
    },
    {
      "type": "Feature",
      "geometry": {
        "type": "LineString",
        "coordinates": [
          [
            4.95520361392049,
            52.3394848316753
          ],
          [
            4.95520361392049,
            52.3394848316753
          ]
        ]
      },
      "properties": {
        "marker": "",
        "Acc Y (g)": "-0.878",
        "HRot Count": "",
        "Speed": "",
        "Samples": "2906",
        "Heading GPS (dg)": "",
        "Speed GPS": "",
        "Accuracy GPS": "",
        "Altitude GPS": "",
        "GNSS Timestamp": "",
        "HH:mm:ss": "",
        "SSS": "",
        "trip_id": "602DE_Trip8"
      }
    },
    {
      "type": "Feature",
      "geometry": {
        "type": "LineString",
        "coordinates": [
          [
            4.95520361392049,
            52.3394848316753
          ],
          [
            4.95520361392049,
            52.3394848316753
          ]
        ]
      },
      "properties": {
        "marker": "",
        "Acc Y (g)": "-0.885",
        "HRot Count": "",
        "Speed": "",
        "Samples": "2907",
        "Heading GPS (dg)": "",
        "Speed GPS": "",
        "Accuracy GPS": "",
        "Altitude GPS": "",
        "GNSS Timestamp": "",
        "HH:mm:ss": "",
        "SSS": "",
        "trip_id": "602DE_Trip8"
      }
    },
    {
      "type": "Feature",
      "geometry": {
        "type": "LineString",
        "coordinates": [
          [
            4.95520361392049,
            52.3394848316753
          ],
          [
            4.95520361392049,
            52.3394848316753
          ]
        ]
      },
      "properties": {
        "marker": "",
        "Acc Y (g)": "-0.780",
        "HRot Count": "",
        "Speed": "",
        "Samples": "2908",
        "Heading GPS (dg)": "",
        "Speed GPS": "",
        "Accuracy GPS": "",
        "Altitude GPS": "",
        "GNSS Timestamp": "",
        "HH:mm:ss": "",
        "SSS": "",
        "trip_id": "602DE_Trip8"
      }
    },
    {
      "type": "Feature",
      "geometry": {
        "type": "LineString",
        "coordinates": [
          [
            4.95520361392049,
            52.3394848316753
          ],
          [
            4.95520361392049,
            52.3394848316753
          ]
        ]
      },
      "properties": {
        "marker": "",
        "Acc Y (g)": "-0.811",
        "HRot Count": "",
        "Speed": "",
        "Samples": "2909",
        "Heading GPS (dg)": "",
        "Speed GPS": "",
        "Accuracy GPS": "",
        "Altitude GPS": "",
        "GNSS Timestamp": "",
        "HH:mm:ss": "",
        "SSS": "",
        "trip_id": "602DE_Trip8"
      }
    },
    {
      "type": "Feature",
      "geometry": {
        "type": "LineString",
        "coordinates": [
          [
            4.95520361392049,
            52.3394848316753
          ],
          [
            4.95520361392049,
            52.3394848316753
          ]
        ]
      },
      "properties": {
        "marker": "",
        "Acc Y (g)": "-0.824",
        "HRot Count": "",
        "Speed": "",
        "Samples": "2910",
        "Heading GPS (dg)": "",
        "Speed GPS": "",
        "Accuracy GPS": "",
        "Altitude GPS": "",
        "GNSS Timestamp": "",
        "HH:mm:ss": "",
        "SSS": "",
        "trip_id": "602DE_Trip8"
      }
    },
    {
      "type": "Feature",
      "geometry": {
        "type": "LineString",
        "coordinates": [
          [
            4.95520361392049,
            52.3394848316753
          ],
          [
            4.95520361392049,
            52.3394848316753
          ]
        ]
      },
      "properties": {
        "marker": "",
        "Acc Y (g)": "-0.815",
        "HRot Count": "",
        "Speed": "",
        "Samples": "2911",
        "Heading GPS (dg)": "",
        "Speed GPS": "",
        "Accuracy GPS": "",
        "Altitude GPS": "",
        "GNSS Timestamp": "",
        "HH:mm:ss": "",
        "SSS": "",
        "trip_id": "602DE_Trip8"
      }
    },
    {
      "type": "Feature",
      "geometry": {
        "type": "LineString",
        "coordinates": [
          [
            4.95520361392049,
            52.3394848316753
          ],
          [
            4.95520361392049,
            52.3394848316753
          ]
        ]
      },
      "properties": {
        "marker": "",
        "Acc Y (g)": "-0.707",
        "HRot Count": "",
        "Speed": "",
        "Samples": "2912",
        "Heading GPS (dg)": "",
        "Speed GPS": "",
        "Accuracy GPS": "",
        "Altitude GPS": "",
        "GNSS Timestamp": "",
        "HH:mm:ss": "",
        "SSS": "",
        "trip_id": "602DE_Trip8"
      }
    },
    {
      "type": "Feature",
      "geometry": {
        "type": "LineString",
        "coordinates": [
          [
            4.95520361392049,
            52.3394848316753
          ],
          [
            4.95520361392049,
            52.3394848316753
          ]
        ]
      },
      "properties": {
        "marker": "",
        "Acc Y (g)": "-0.756",
        "HRot Count": "",
        "Speed": "",
        "Samples": "2913",
        "Heading GPS (dg)": "",
        "Speed GPS": "",
        "Accuracy GPS": "",
        "Altitude GPS": "",
        "GNSS Timestamp": "",
        "HH:mm:ss": "",
        "SSS": "",
        "trip_id": "602DE_Trip8"
      }
    },
    {
      "type": "Feature",
      "geometry": {
        "type": "LineString",
        "coordinates": [
          [
            4.95520361392049,
            52.3394848316753
          ],
          [
            4.95520361392049,
            52.3394848316753
          ]
        ]
      },
      "properties": {
        "marker": "",
        "Acc Y (g)": "-0.753",
        "HRot Count": "",
        "Speed": "",
        "Samples": "2914",
        "Heading GPS (dg)": "",
        "Speed GPS": "",
        "Accuracy GPS": "",
        "Altitude GPS": "",
        "GNSS Timestamp": "",
        "HH:mm:ss": "",
        "SSS": "",
        "trip_id": "602DE_Trip8"
      }
    },
    {
      "type": "Feature",
      "geometry": {
        "type": "LineString",
        "coordinates": [
          [
            4.95520361392049,
            52.3394848316753
          ],
          [
            4.95520361392049,
            52.3394848316753
          ]
        ]
      },
      "properties": {
        "marker": "",
        "Acc Y (g)": "-0.704",
        "HRot Count": "",
        "Speed": "",
        "Samples": "2915",
        "Heading GPS (dg)": "",
        "Speed GPS": "",
        "Accuracy GPS": "",
        "Altitude GPS": "",
        "GNSS Timestamp": "",
        "HH:mm:ss": "",
        "SSS": "",
        "trip_id": "602DE_Trip8"
      }
    },
    {
      "type": "Feature",
      "geometry": {
        "type": "LineString",
        "coordinates": [
          [
            4.95520361392049,
            52.3394848316753
          ],
          [
            4.95520361392049,
            52.3394848316753
          ]
        ]
      },
      "properties": {
        "marker": "",
        "Acc Y (g)": "-0.680",
        "HRot Count": "",
        "Speed": "",
        "Samples": "2916",
        "Heading GPS (dg)": "",
        "Speed GPS": "",
        "Accuracy GPS": "",
        "Altitude GPS": "",
        "GNSS Timestamp": "",
        "HH:mm:ss": "",
        "SSS": "",
        "trip_id": "602DE_Trip8"
      }
    },
    {
      "type": "Feature",
      "geometry": {
        "type": "LineString",
        "coordinates": [
          [
            4.95520361392049,
            52.3394848316753
          ],
          [
            4.95520361392049,
            52.3394848316753
          ]
        ]
      },
      "properties": {
        "marker": "",
        "Acc Y (g)": "-0.706",
        "HRot Count": "",
        "Speed": "",
        "Samples": "2917",
        "Heading GPS (dg)": "",
        "Speed GPS": "",
        "Accuracy GPS": "",
        "Altitude GPS": "",
        "GNSS Timestamp": "",
        "HH:mm:ss": "",
        "SSS": "",
        "trip_id": "602DE_Trip8"
      }
    },
    {
      "type": "Feature",
      "geometry": {
        "type": "LineString",
        "coordinates": [
          [
            4.95520361392049,
            52.3394848316753
          ],
          [
            4.95520361392049,
            52.3394848316753
          ]
        ]
      },
      "properties": {
        "marker": "",
        "Acc Y (g)": "-0.688",
        "HRot Count": "",
        "Speed": "",
        "Samples": "2918",
        "Heading GPS (dg)": "",
        "Speed GPS": "",
        "Accuracy GPS": "",
        "Altitude GPS": "",
        "GNSS Timestamp": "",
        "HH:mm:ss": "",
        "SSS": "",
        "trip_id": "602DE_Trip8"
      }
    },
    {
      "type": "Feature",
      "geometry": {
        "type": "LineString",
        "coordinates": [
          [
            4.95520361392049,
            52.3394848316753
          ],
          [
            4.95520361392049,
            52.3394848316753
          ]
        ]
      },
      "properties": {
        "marker": "",
        "Acc Y (g)": "-0.689",
        "HRot Count": "",
        "Speed": "",
        "Samples": "2919",
        "Heading GPS (dg)": "",
        "Speed GPS": "",
        "Accuracy GPS": "",
        "Altitude GPS": "",
        "GNSS Timestamp": "",
        "HH:mm:ss": "",
        "SSS": "",
        "trip_id": "602DE_Trip8"
      }
    },
    {
      "type": "Feature",
      "geometry": {
        "type": "LineString",
        "coordinates": [
          [
            4.95520361392049,
            52.3394848316753
          ],
          [
            4.95520361392049,
            52.3394848316753
          ]
        ]
      },
      "properties": {
        "marker": "",
        "Acc Y (g)": "-0.653",
        "HRot Count": "",
        "Speed": "",
        "Samples": "2920",
        "Heading GPS (dg)": "",
        "Speed GPS": "",
        "Accuracy GPS": "",
        "Altitude GPS": "",
        "GNSS Timestamp": "",
        "HH:mm:ss": "",
        "SSS": "",
        "trip_id": "602DE_Trip8"
      }
    },
    {
      "type": "Feature",
      "geometry": {
        "type": "LineString",
        "coordinates": [
          [
            4.95520361392049,
            52.3394848316753
          ],
          [
            4.95520361392049,
            52.3394848316753
          ]
        ]
      },
      "properties": {
        "marker": "",
        "Acc Y (g)": "-0.672",
        "HRot Count": "",
        "Speed": "",
        "Samples": "2921",
        "Heading GPS (dg)": "",
        "Speed GPS": "",
        "Accuracy GPS": "",
        "Altitude GPS": "",
        "GNSS Timestamp": "",
        "HH:mm:ss": "",
        "SSS": "",
        "trip_id": "602DE_Trip8"
      }
    },
    {
      "type": "Feature",
      "geometry": {
        "type": "LineString",
        "coordinates": [
          [
            4.95520361392049,
            52.3394848316753
          ],
          [
            4.95520361392049,
            52.3394848316753
          ]
        ]
      },
      "properties": {
        "marker": "",
        "Acc Y (g)": "-0.668",
        "HRot Count": "",
        "Speed": "",
        "Samples": "2922",
        "Heading GPS (dg)": "",
        "Speed GPS": "",
        "Accuracy GPS": "",
        "Altitude GPS": "",
        "GNSS Timestamp": "",
        "HH:mm:ss": "",
        "SSS": "",
        "trip_id": "602DE_Trip8"
      }
    },
    {
      "type": "Feature",
      "geometry": {
        "type": "LineString",
        "coordinates": [
          [
            4.95520361392049,
            52.3394848316753
          ],
          [
            4.95520361392049,
            52.3394848316753
          ]
        ]
      },
      "properties": {
        "marker": "",
        "Acc Y (g)": "-0.660",
        "HRot Count": "",
        "Speed": "",
        "Samples": "2923",
        "Heading GPS (dg)": "",
        "Speed GPS": "",
        "Accuracy GPS": "",
        "Altitude GPS": "",
        "GNSS Timestamp": "",
        "HH:mm:ss": "",
        "SSS": "",
        "trip_id": "602DE_Trip8"
      }
    },
    {
      "type": "Feature",
      "geometry": {
        "type": "LineString",
        "coordinates": [
          [
            4.95520361392049,
            52.3394848316753
          ],
          [
            4.95520361392049,
            52.3394848316753
          ]
        ]
      },
      "properties": {
        "marker": "",
        "Acc Y (g)": "-0.641",
        "HRot Count": "",
        "Speed": "",
        "Samples": "2924",
        "Heading GPS (dg)": "",
        "Speed GPS": "",
        "Accuracy GPS": "",
        "Altitude GPS": "",
        "GNSS Timestamp": "",
        "HH:mm:ss": "",
        "SSS": "",
        "trip_id": "602DE_Trip8"
      }
    },
    {
      "type": "Feature",
      "geometry": {
        "type": "LineString",
        "coordinates": [
          [
            4.95520361392049,
            52.3394848316753
          ],
          [
            4.95520361392049,
            52.3394848316753
          ]
        ]
      },
      "properties": {
        "marker": "",
        "Acc Y (g)": "-0.627",
        "HRot Count": "",
        "Speed": "",
        "Samples": "2925",
        "Heading GPS (dg)": "",
        "Speed GPS": "",
        "Accuracy GPS": "",
        "Altitude GPS": "",
        "GNSS Timestamp": "",
        "HH:mm:ss": "",
        "SSS": "",
        "trip_id": "602DE_Trip8"
      }
    },
    {
      "type": "Feature",
      "geometry": {
        "type": "LineString",
        "coordinates": [
          [
            4.95520361392049,
            52.3394848316753
          ],
          [
            4.95520361392049,
            52.3394848316753
          ]
        ]
      },
      "properties": {
        "marker": "",
        "Acc Y (g)": "-0.599",
        "HRot Count": "",
        "Speed": "",
        "Samples": "2926",
        "Heading GPS (dg)": "",
        "Speed GPS": "",
        "Accuracy GPS": "",
        "Altitude GPS": "",
        "GNSS Timestamp": "",
        "HH:mm:ss": "",
        "SSS": "",
        "trip_id": "602DE_Trip8"
      }
    },
    {
      "type": "Feature",
      "geometry": {
        "type": "LineString",
        "coordinates": [
          [
            4.95520361392049,
            52.3394848316753
          ],
          [
            4.95520361392049,
            52.3394848316753
          ]
        ]
      },
      "properties": {
        "marker": "",
        "Acc Y (g)": "-0.606",
        "HRot Count": "",
        "Speed": "",
        "Samples": "2927",
        "Heading GPS (dg)": "",
        "Speed GPS": "",
        "Accuracy GPS": "",
        "Altitude GPS": "",
        "GNSS Timestamp": "",
        "HH:mm:ss": "",
        "SSS": "",
        "trip_id": "602DE_Trip8"
      }
    },
    {
      "type": "Feature",
      "geometry": {
        "type": "LineString",
        "coordinates": [
          [
            4.95520361392049,
            52.3394848316753
          ],
          [
            4.95520361392049,
            52.3394848316753
          ]
        ]
      },
      "properties": {
        "marker": "",
        "Acc Y (g)": "-0.570",
        "HRot Count": "",
        "Speed": "",
        "Samples": "2928",
        "Heading GPS (dg)": "",
        "Speed GPS": "",
        "Accuracy GPS": "",
        "Altitude GPS": "",
        "GNSS Timestamp": "",
        "HH:mm:ss": "",
        "SSS": "",
        "trip_id": "602DE_Trip8"
      }
    },
    {
      "type": "Feature",
      "geometry": {
        "type": "LineString",
        "coordinates": [
          [
            4.95520361392049,
            52.3394848316753
          ],
          [
            4.95520361392049,
            52.3394848316753
          ]
        ]
      },
      "properties": {
        "marker": "",
        "Acc Y (g)": "-0.553",
        "HRot Count": "",
        "Speed": "",
        "Samples": "2929",
        "Heading GPS (dg)": "",
        "Speed GPS": "",
        "Accuracy GPS": "",
        "Altitude GPS": "",
        "GNSS Timestamp": "",
        "HH:mm:ss": "",
        "SSS": "",
        "trip_id": "602DE_Trip8"
      }
    },
    {
      "type": "Feature",
      "geometry": {
        "type": "LineString",
        "coordinates": [
          [
            4.95520361392049,
            52.3394848316753
          ],
          [
            4.95520361392049,
            52.3394848316753
          ]
        ]
      },
      "properties": {
        "marker": "",
        "Acc Y (g)": "-0.563",
        "HRot Count": "",
        "Speed": "",
        "Samples": "2930",
        "Heading GPS (dg)": "",
        "Speed GPS": "",
        "Accuracy GPS": "",
        "Altitude GPS": "",
        "GNSS Timestamp": "",
        "HH:mm:ss": "",
        "SSS": "",
        "trip_id": "602DE_Trip8"
      }
    },
    {
      "type": "Feature",
      "geometry": {
        "type": "LineString",
        "coordinates": [
          [
            4.95520361392049,
            52.3394848316753
          ],
          [
            4.95520361392049,
            52.3394848316753
          ]
        ]
      },
      "properties": {
        "marker": "",
        "Acc Y (g)": "-0.538",
        "HRot Count": "",
        "Speed": "",
        "Samples": "2931",
        "Heading GPS (dg)": "",
        "Speed GPS": "",
        "Accuracy GPS": "",
        "Altitude GPS": "",
        "GNSS Timestamp": "",
        "HH:mm:ss": "",
        "SSS": "",
        "trip_id": "602DE_Trip8"
      }
    },
    {
      "type": "Feature",
      "geometry": {
        "type": "LineString",
        "coordinates": [
          [
            4.95520361392049,
            52.3394848316753
          ],
          [
            4.95520361392049,
            52.3394848316753
          ]
        ]
      },
      "properties": {
        "marker": "",
        "Acc Y (g)": "-0.571",
        "HRot Count": "",
        "Speed": "",
        "Samples": "2932",
        "Heading GPS (dg)": "",
        "Speed GPS": "",
        "Accuracy GPS": "",
        "Altitude GPS": "",
        "GNSS Timestamp": "",
        "HH:mm:ss": "",
        "SSS": "",
        "trip_id": "602DE_Trip8"
      }
    },
    {
      "type": "Feature",
      "geometry": {
        "type": "LineString",
        "coordinates": [
          [
            4.95520361392049,
            52.3394848316753
          ],
          [
            4.95520361392049,
            52.3394848316753
          ]
        ]
      },
      "properties": {
        "marker": "",
        "Acc Y (g)": "-0.526",
        "HRot Count": "",
        "Speed": "",
        "Samples": "2933",
        "Heading GPS (dg)": "",
        "Speed GPS": "",
        "Accuracy GPS": "",
        "Altitude GPS": "",
        "GNSS Timestamp": "",
        "HH:mm:ss": "",
        "SSS": "",
        "trip_id": "602DE_Trip8"
      }
    },
    {
      "type": "Feature",
      "geometry": {
        "type": "LineString",
        "coordinates": [
          [
            4.95520361392049,
            52.3394848316753
          ],
          [
            4.95520361392049,
            52.3394848316753
          ]
        ]
      },
      "properties": {
        "marker": "",
        "Acc Y (g)": "-0.533",
        "HRot Count": "",
        "Speed": "",
        "Samples": "2934",
        "Heading GPS (dg)": "",
        "Speed GPS": "",
        "Accuracy GPS": "",
        "Altitude GPS": "",
        "GNSS Timestamp": "",
        "HH:mm:ss": "",
        "SSS": "",
        "trip_id": "602DE_Trip8"
      }
    },
    {
      "type": "Feature",
      "geometry": {
        "type": "LineString",
        "coordinates": [
          [
            4.95520361392049,
            52.3394848316753
          ],
          [
            4.95520361392049,
            52.3394848316753
          ]
        ]
      },
      "properties": {
        "marker": "",
        "Acc Y (g)": "-0.511",
        "HRot Count": "",
        "Speed": "",
        "Samples": "2935",
        "Heading GPS (dg)": "",
        "Speed GPS": "",
        "Accuracy GPS": "",
        "Altitude GPS": "",
        "GNSS Timestamp": "",
        "HH:mm:ss": "",
        "SSS": "",
        "trip_id": "602DE_Trip8"
      }
    },
    {
      "type": "Feature",
      "geometry": {
        "type": "LineString",
        "coordinates": [
          [
            4.95520361392049,
            52.3394848316753
          ],
          [
            4.95520361392049,
            52.3394848316753
          ]
        ]
      },
      "properties": {
        "marker": "",
        "Acc Y (g)": "-0.520",
        "HRot Count": "",
        "Speed": "",
        "Samples": "2936",
        "Heading GPS (dg)": "",
        "Speed GPS": "",
        "Accuracy GPS": "",
        "Altitude GPS": "",
        "GNSS Timestamp": "",
        "HH:mm:ss": "",
        "SSS": "",
        "trip_id": "602DE_Trip8"
      }
    },
    {
      "type": "Feature",
      "geometry": {
        "type": "LineString",
        "coordinates": [
          [
            4.95520361392049,
            52.3394848316753
          ],
          [
            4.95520361392049,
            52.3394848316753
          ]
        ]
      },
      "properties": {
        "marker": "",
        "Acc Y (g)": "-0.472",
        "HRot Count": "",
        "Speed": "",
        "Samples": "2937",
        "Heading GPS (dg)": "",
        "Speed GPS": "",
        "Accuracy GPS": "",
        "Altitude GPS": "",
        "GNSS Timestamp": "",
        "HH:mm:ss": "",
        "SSS": "",
        "trip_id": "602DE_Trip8"
      }
    },
    {
      "type": "Feature",
      "geometry": {
        "type": "LineString",
        "coordinates": [
          [
            4.95520361392049,
            52.3394848316753
          ],
          [
            4.95520361392049,
            52.3394848316753
          ]
        ]
      },
      "properties": {
        "marker": "",
        "Acc Y (g)": "-0.507",
        "HRot Count": "",
        "Speed": "",
        "Samples": "2938",
        "Heading GPS (dg)": "",
        "Speed GPS": "",
        "Accuracy GPS": "",
        "Altitude GPS": "",
        "GNSS Timestamp": "",
        "HH:mm:ss": "",
        "SSS": "",
        "trip_id": "602DE_Trip8"
      }
    },
    {
      "type": "Feature",
      "geometry": {
        "type": "LineString",
        "coordinates": [
          [
            4.95520361392049,
            52.3394848316753
          ],
          [
            4.95520361392049,
            52.3394848316753
          ]
        ]
      },
      "properties": {
        "marker": "",
        "Acc Y (g)": "-0.499",
        "HRot Count": "",
        "Speed": "",
        "Samples": "2939",
        "Heading GPS (dg)": "",
        "Speed GPS": "",
        "Accuracy GPS": "",
        "Altitude GPS": "",
        "GNSS Timestamp": "",
        "HH:mm:ss": "",
        "SSS": "",
        "trip_id": "602DE_Trip8"
      }
    },
    {
      "type": "Feature",
      "geometry": {
        "type": "LineString",
        "coordinates": [
          [
            4.95520361392049,
            52.3394848316753
          ],
          [
            4.95520361392049,
            52.3394848316753
          ]
        ]
      },
      "properties": {
        "marker": "",
        "Acc Y (g)": "-0.539",
        "HRot Count": "",
        "Speed": "",
        "Samples": "2940",
        "Heading GPS (dg)": "",
        "Speed GPS": "",
        "Accuracy GPS": "",
        "Altitude GPS": "",
        "GNSS Timestamp": "",
        "HH:mm:ss": "",
        "SSS": "",
        "trip_id": "602DE_Trip8"
      }
    },
    {
      "type": "Feature",
      "geometry": {
        "type": "LineString",
        "coordinates": [
          [
            4.95520361392049,
            52.3394848316753
          ],
          [
            4.95520361392049,
            52.3394848316753
          ]
        ]
      },
      "properties": {
        "marker": "",
        "Acc Y (g)": "-0.520",
        "HRot Count": "",
        "Speed": "",
        "Samples": "2941",
        "Heading GPS (dg)": "",
        "Speed GPS": "",
        "Accuracy GPS": "",
        "Altitude GPS": "",
        "GNSS Timestamp": "",
        "HH:mm:ss": "",
        "SSS": "",
        "trip_id": "602DE_Trip8"
      }
    },
    {
      "type": "Feature",
      "geometry": {
        "type": "LineString",
        "coordinates": [
          [
            4.95520361392049,
            52.3394848316753
          ],
          [
            4.95520361392049,
            52.3394848316753
          ]
        ]
      },
      "properties": {
        "marker": "",
        "Acc Y (g)": "-0.526",
        "HRot Count": "",
        "Speed": "",
        "Samples": "2942",
        "Heading GPS (dg)": "",
        "Speed GPS": "",
        "Accuracy GPS": "",
        "Altitude GPS": "",
        "GNSS Timestamp": "",
        "HH:mm:ss": "",
        "SSS": "",
        "trip_id": "602DE_Trip8"
      }
    },
    {
      "type": "Feature",
      "geometry": {
        "type": "LineString",
        "coordinates": [
          [
            4.95520361392049,
            52.3394848316753
          ],
          [
            4.95520361392049,
            52.3394848316753
          ]
        ]
      },
      "properties": {
        "marker": "",
        "Acc Y (g)": "-0.528",
        "HRot Count": "",
        "Speed": "",
        "Samples": "2943",
        "Heading GPS (dg)": "",
        "Speed GPS": "",
        "Accuracy GPS": "",
        "Altitude GPS": "",
        "GNSS Timestamp": "",
        "HH:mm:ss": "",
        "SSS": "",
        "trip_id": "602DE_Trip8"
      }
    },
    {
      "type": "Feature",
      "geometry": {
        "type": "LineString",
        "coordinates": [
          [
            4.95520361392049,
            52.3394848316753
          ],
          [
            4.95520361392049,
            52.3394848316753
          ]
        ]
      },
      "properties": {
        "marker": "",
        "Acc Y (g)": "-0.516",
        "HRot Count": "",
        "Speed": "",
        "Samples": "2944",
        "Heading GPS (dg)": "",
        "Speed GPS": "",
        "Accuracy GPS": "",
        "Altitude GPS": "",
        "GNSS Timestamp": "",
        "HH:mm:ss": "",
        "SSS": "",
        "trip_id": "602DE_Trip8"
      }
    },
    {
      "type": "Feature",
      "geometry": {
        "type": "LineString",
        "coordinates": [
          [
            4.95520361392049,
            52.3394848316753
          ],
          [
            4.95520361392049,
            52.3394848316753
          ]
        ]
      },
      "properties": {
        "marker": "",
        "Acc Y (g)": "-0.525",
        "HRot Count": "",
        "Speed": "",
        "Samples": "2945",
        "Heading GPS (dg)": "",
        "Speed GPS": "",
        "Accuracy GPS": "",
        "Altitude GPS": "",
        "GNSS Timestamp": "",
        "HH:mm:ss": "",
        "SSS": "",
        "trip_id": "602DE_Trip8"
      }
    },
    {
      "type": "Feature",
      "geometry": {
        "type": "LineString",
        "coordinates": [
          [
            4.95520361392049,
            52.3394848316753
          ],
          [
            4.95520361392049,
            52.3394848316753
          ]
        ]
      },
      "properties": {
        "marker": "",
        "Acc Y (g)": "-0.505",
        "HRot Count": "",
        "Speed": "",
        "Samples": "2946",
        "Heading GPS (dg)": "",
        "Speed GPS": "",
        "Accuracy GPS": "",
        "Altitude GPS": "",
        "GNSS Timestamp": "",
        "HH:mm:ss": "",
        "SSS": "",
        "trip_id": "602DE_Trip8"
      }
    },
    {
      "type": "Feature",
      "geometry": {
        "type": "LineString",
        "coordinates": [
          [
            4.95520361392049,
            52.3394848316753
          ],
          [
            4.95520361392049,
            52.3394848316753
          ]
        ]
      },
      "properties": {
        "marker": "",
        "Acc Y (g)": "-0.496",
        "HRot Count": "",
        "Speed": "",
        "Samples": "2947",
        "Heading GPS (dg)": "",
        "Speed GPS": "",
        "Accuracy GPS": "",
        "Altitude GPS": "",
        "GNSS Timestamp": "",
        "HH:mm:ss": "",
        "SSS": "",
        "trip_id": "602DE_Trip8"
      }
    },
    {
      "type": "Feature",
      "geometry": {
        "type": "LineString",
        "coordinates": [
          [
            4.95520361392049,
            52.3394848316753
          ],
          [
            4.95520361392049,
            52.3394848316753
          ]
        ]
      },
      "properties": {
        "marker": "",
        "Acc Y (g)": "-0.511",
        "HRot Count": "",
        "Speed": "",
        "Samples": "2948",
        "Heading GPS (dg)": "",
        "Speed GPS": "",
        "Accuracy GPS": "",
        "Altitude GPS": "",
        "GNSS Timestamp": "",
        "HH:mm:ss": "",
        "SSS": "",
        "trip_id": "602DE_Trip8"
      }
    },
    {
      "type": "Feature",
      "geometry": {
        "type": "LineString",
        "coordinates": [
          [
            4.95520361392049,
            52.3394848316753
          ],
          [
            4.95520361392049,
            52.3394848316753
          ]
        ]
      },
      "properties": {
        "marker": "",
        "Acc Y (g)": "-0.496",
        "HRot Count": "",
        "Speed": "",
        "Samples": "2949",
        "Heading GPS (dg)": "",
        "Speed GPS": "",
        "Accuracy GPS": "",
        "Altitude GPS": "",
        "GNSS Timestamp": "",
        "HH:mm:ss": "",
        "SSS": "",
        "trip_id": "602DE_Trip8"
      }
    },
    {
      "type": "Feature",
      "geometry": {
        "type": "LineString",
        "coordinates": [
          [
            4.95520361392049,
            52.3394848316753
          ],
          [
            4.95520361392049,
            52.3394848316753
          ]
        ]
      },
      "properties": {
        "marker": "",
        "Acc Y (g)": "-0.509",
        "HRot Count": "",
        "Speed": "",
        "Samples": "2950",
        "Heading GPS (dg)": "",
        "Speed GPS": "",
        "Accuracy GPS": "",
        "Altitude GPS": "",
        "GNSS Timestamp": "",
        "HH:mm:ss": "",
        "SSS": "",
        "trip_id": "602DE_Trip8"
      }
    },
    {
      "type": "Feature",
      "geometry": {
        "type": "LineString",
        "coordinates": [
          [
            4.95520361392049,
            52.3394848316753
          ],
          [
            4.95520361392049,
            52.3394848316753
          ]
        ]
      },
      "properties": {
        "marker": "",
        "Acc Y (g)": "-0.502",
        "HRot Count": "",
        "Speed": "",
        "Samples": "2951",
        "Heading GPS (dg)": "",
        "Speed GPS": "",
        "Accuracy GPS": "",
        "Altitude GPS": "",
        "GNSS Timestamp": "",
        "HH:mm:ss": "",
        "SSS": "",
        "trip_id": "602DE_Trip8"
      }
    },
    {
      "type": "Feature",
      "geometry": {
        "type": "LineString",
        "coordinates": [
          [
            4.95520361392049,
            52.3394848316753
          ],
          [
            4.95520361392049,
            52.3394848316753
          ]
        ]
      },
      "properties": {
        "marker": "",
        "Acc Y (g)": "-0.519",
        "HRot Count": "",
        "Speed": "",
        "Samples": "2952",
        "Heading GPS (dg)": "",
        "Speed GPS": "",
        "Accuracy GPS": "",
        "Altitude GPS": "",
        "GNSS Timestamp": "",
        "HH:mm:ss": "",
        "SSS": "",
        "trip_id": "602DE_Trip8"
      }
    },
    {
      "type": "Feature",
      "geometry": {
        "type": "LineString",
        "coordinates": [
          [
            4.95520361392049,
            52.3394848316753
          ],
          [
            4.95520361392049,
            52.3394848316753
          ]
        ]
      },
      "properties": {
        "marker": "",
        "Acc Y (g)": "-0.495",
        "HRot Count": "",
        "Speed": "",
        "Samples": "2953",
        "Heading GPS (dg)": "",
        "Speed GPS": "",
        "Accuracy GPS": "",
        "Altitude GPS": "",
        "GNSS Timestamp": "",
        "HH:mm:ss": "",
        "SSS": "",
        "trip_id": "602DE_Trip8"
      }
    },
    {
      "type": "Feature",
      "geometry": {
        "type": "LineString",
        "coordinates": [
          [
            4.95520361392049,
            52.3394848316753
          ],
          [
            4.95521767509675,
            52.339476784567
          ]
        ]
      },
      "properties": {
        "marker": "",
        "Acc Y (g)": "-0.522",
        "HRot Count": "",
        "Speed": "",
        "Samples": "2954",
        "Heading GPS (dg)": "",
        "Speed GPS": "",
        "Accuracy GPS": "",
        "Altitude GPS": "",
        "GNSS Timestamp": "",
        "HH:mm:ss": "",
        "SSS": "",
        "trip_id": "602DE_Trip8"
      }
    }
  ]
}