{"type": "FeatureCollection", "features": [{"type": "Feature", "geometry": {"type": "LineString", "coordinates": [[4.8617764, 52.2958308], [4.8617954, 52.2958626]]}, "properties": {"Speed": 0.0, "Speed_display": 9.4, "road_quality": 3, "marker": 0, "trip_id": "602CA_Trip17", "hrot_diff": 0, "sample_diff": 1, "time_diff_s": 0.02, "gps_distance_m": 3.8, "original_speed": "", "wheel_diameter_mm": 711, "braking_intensity": 0.0, "is_braking": false, "is_crash": false, "crash_intensity_g": 0.0, "segment_start_sample": 2449, "segment_end_sample": 2450, "time_str": ""}}, {"type": "Feature", "geometry": {"type": "LineString", "coordinates": [[4.8617954, 52.2958626], [4.8618174, 52.2958982]]}, "properties": {"Speed": 0.0, "Speed_display": 8.6, "road_quality": 2, "marker": 0, "trip_id": "602CA_Trip17", "hrot_diff": 0, "sample_diff": 1, "time_diff_s": 0.02, "gps_distance_m": 4.2, "original_speed": "", "wheel_diameter_mm": 711, "braking_intensity": 0.0, "is_braking": false, "is_crash": false, "crash_intensity_g": 0.0, "segment_start_sample": 2505, "segment_end_sample": 2506, "time_str": ""}}, {"type": "Feature", "geometry": {"type": "LineString", "coordinates": [[4.8618174, 52.2958982], [4.8618355, 52.2959189]]}, "properties": {"Speed": 0.0, "Speed_display": 7.9, "road_quality": 2, "marker": 0, "trip_id": "602CA_Trip17", "hrot_diff": 0, "sample_diff": 1, "time_diff_s": 0.02, "gps_distance_m": 2.6, "original_speed": "", "wheel_diameter_mm": 711, "braking_intensity": 0.0, "is_braking": false, "is_crash": false, "crash_intensity_g": 0.0, "segment_start_sample": 2550, "segment_end_sample": 2551, "time_str": ""}}, {"type": "Feature", "geometry": {"type": "LineString", "coordinates": [[4.8618355, 52.2959189], [4.8618389, 52.2959425]]}, "properties": {"Speed": 0.0, "Speed_display": 7.9, "road_quality": 3, "marker": 0, "trip_id": "602CA_Trip17", "hrot_diff": 0, "sample_diff": 1, "time_diff_s": 0.02, "gps_distance_m": 2.6, "original_speed": "", "wheel_diameter_mm": 711, "braking_intensity": 0.0, "is_braking": false, "is_crash": false, "crash_intensity_g": 0.0, "segment_start_sample": 2612, "segment_end_sample": 2613, "time_str": ""}}, {"type": "Feature", "geometry": {"type": "LineString", "coordinates": [[4.8618389, 52.2959425], [4.8618505, 52.2959631]]}, "properties": {"Speed": 0.0, "Speed_display": 8.6, "road_quality": 3, "marker": 0, "trip_id": "602CA_Trip17", "hrot_diff": 0, "sample_diff": 1, "time_diff_s": 0.02, "gps_distance_m": 2.4, "original_speed": "", "wheel_diameter_mm": 711, "braking_intensity": 0.0, "is_braking": false, "is_crash": false, "crash_intensity_g": 0.0, "segment_start_sample": 2658, "segment_end_sample": 2659, "time_str": ""}}, {"type": "Feature", "geometry": {"type": "LineString", "coordinates": [[4.8618505, 52.2959631], [4.8618591, 52.2959961]]}, "properties": {"Speed": 0.0, "Speed_display": 9.4, "road_quality": 3, "marker": 0, "trip_id": "602CA_Trip17", "hrot_diff": 0, "sample_diff": 1, "time_diff_s": 0.02, "gps_distance_m": 3.7, "original_speed": "", "wheel_diameter_mm": 711, "braking_intensity": 0.0, "is_braking": false, "is_crash": false, "crash_intensity_g": 0.0, "segment_start_sample": 2707, "segment_end_sample": 2708, "time_str": ""}}, {"type": "Feature", "geometry": {"type": "LineString", "coordinates": [[4.8618591, 52.2959961], [4.8618657, 52.2960287]]}, "properties": {"Speed": 0.0, "Speed_display": 8.6, "road_quality": 3, "marker": 0, "trip_id": "602CA_Trip17", "hrot_diff": 0, "sample_diff": 1, "time_diff_s": 0.02, "gps_distance_m": 3.7, "original_speed": "", "wheel_diameter_mm": 711, "braking_intensity": 0.0, "is_braking": false, "is_crash": false, "crash_intensity_g": 0.0, "segment_start_sample": 2751, "segment_end_sample": 2752, "time_str": ""}}, {"type": "Feature", "geometry": {"type": "LineString", "coordinates": [[4.8618657, 52.2960287], [4.8618777, 52.2960652]]}, "properties": {"Speed": 0.0, "Speed_display": 10.1, "road_quality": 2, "marker": 0, "trip_id": "602CA_Trip17", "hrot_diff": 0, "sample_diff": 1, "time_diff_s": 0.02, "gps_distance_m": 4.1, "original_speed": "", "wheel_diameter_mm": 711, "braking_intensity": 0.0, "is_braking": false, "is_crash": false, "crash_intensity_g": 0.0, "segment_start_sample": 2809, "segment_end_sample": 2810, "time_str": ""}}, {"type": "Feature", "geometry": {"type": "LineString", "coordinates": [[4.8618777, 52.2960652], [4.8619047, 52.296099]]}, "properties": {"Speed": 0.0, "Speed_display": 10.8, "road_quality": 2, "marker": 0, "trip_id": "602CA_Trip17", "hrot_diff": 0, "sample_diff": 1, "time_diff_s": 0.02, "gps_distance_m": 4.2, "original_speed": "", "wheel_diameter_mm": 711, "braking_intensity": 0.0, "is_braking": false, "is_crash": false, "crash_intensity_g": 0.0, "segment_start_sample": 2857, "segment_end_sample": 2858, "time_str": ""}}, {"type": "Feature", "geometry": {"type": "LineString", "coordinates": [[4.8619047, 52.296099], [4.8619376, 52.2961468]]}, "properties": {"Speed": 0.0, "Speed_display": 10.8, "road_quality": 2, "marker": 0, "trip_id": "602CA_Trip17", "hrot_diff": 0, "sample_diff": 1, "time_diff_s": 0.02, "gps_distance_m": 5.8, "original_speed": "", "wheel_diameter_mm": 711, "braking_intensity": 0.0, "is_braking": false, "is_crash": false, "crash_intensity_g": 0.0, "segment_start_sample": 2906, "segment_end_sample": 2907, "time_str": ""}}, {"type": "Feature", "geometry": {"type": "LineString", "coordinates": [[4.8619376, 52.2961468], [4.8619565, 52.2961893]]}, "properties": {"Speed": 0.0, "Speed_display": 12.2, "road_quality": 2, "marker": 0, "trip_id": "602CA_Trip17", "hrot_diff": 0, "sample_diff": 1, "time_diff_s": 0.02, "gps_distance_m": 4.9, "original_speed": "", "wheel_diameter_mm": 711, "braking_intensity": 0.0, "is_braking": false, "is_crash": false, "crash_intensity_g": 0.0, "segment_start_sample": 2956, "segment_end_sample": 2957, "time_str": ""}}, {"type": "Feature", "geometry": {"type": "LineString", "coordinates": [[4.8619565, 52.2961893], [4.8619914, 52.2962357]]}, "properties": {"Speed": 0.0, "Speed_display": 11.5, "road_quality": 2, "marker": 0, "trip_id": "602CA_Trip17", "hrot_diff": 0, "sample_diff": 1, "time_diff_s": 0.02, "gps_distance_m": 5.7, "original_speed": "", "wheel_diameter_mm": 711, "braking_intensity": 0.0, "is_braking": false, "is_crash": false, "crash_intensity_g": 0.0, "segment_start_sample": 3007, "segment_end_sample": 3008, "time_str": ""}}, {"type": "Feature", "geometry": {"type": "LineString", "coordinates": [[4.8619914, 52.2962357], [4.8620076, 52.2962719]]}, "properties": {"Speed": 0.0, "Speed_display": 10.8, "road_quality": 2, "marker": 0, "trip_id": "602CA_Trip17", "hrot_diff": 0, "sample_diff": 1, "time_diff_s": 0.02, "gps_distance_m": 4.2, "original_speed": "", "wheel_diameter_mm": 711, "braking_intensity": 0.0, "is_braking": false, "is_crash": false, "crash_intensity_g": 0.0, "segment_start_sample": 3056, "segment_end_sample": 3057, "time_str": ""}}, {"type": "Feature", "geometry": {"type": "LineString", "coordinates": [[4.8620076, 52.2962719], [4.8620353, 52.2963032]]}, "properties": {"Speed": 0.0, "Speed_display": 10.8, "road_quality": 2, "marker": 0, "trip_id": "602CA_Trip17", "hrot_diff": 0, "sample_diff": 1, "time_diff_s": 0.02, "gps_distance_m": 4.0, "original_speed": "", "wheel_diameter_mm": 711, "braking_intensity": 0.0, "is_braking": false, "is_crash": false, "crash_intensity_g": 0.0, "segment_start_sample": 3107, "segment_end_sample": 3108, "time_str": ""}}, {"type": "Feature", "geometry": {"type": "LineString", "coordinates": [[4.8620353, 52.2963032], [4.862056, 52.2963398]]}, "properties": {"Speed": 0.0, "Speed_display": 10.8, "road_quality": 2, "marker": 0, "trip_id": "602CA_Trip17", "hrot_diff": 0, "sample_diff": 1, "time_diff_s": 0.02, "gps_distance_m": 4.3, "original_speed": "", "wheel_diameter_mm": 711, "braking_intensity": 0.0, "is_braking": false, "is_crash": false, "crash_intensity_g": 0.0, "segment_start_sample": 3158, "segment_end_sample": 3159, "time_str": ""}}, {"type": "Feature", "geometry": {"type": "LineString", "coordinates": [[4.862056, 52.2963398], [4.862084, 52.2963782]]}, "properties": {"Speed": 0.0, "Speed_display": 10.1, "road_quality": 2, "marker": 0, "trip_id": "602CA_Trip17", "hrot_diff": 0, "sample_diff": 1, "time_diff_s": 0.02, "gps_distance_m": 4.7, "original_speed": "", "wheel_diameter_mm": 711, "braking_intensity": 0.0, "is_braking": false, "is_crash": false, "crash_intensity_g": 0.0, "segment_start_sample": 3207, "segment_end_sample": 3208, "time_str": ""}}, {"type": "Feature", "geometry": {"type": "LineString", "coordinates": [[4.862084, 52.2963782], [4.8621057, 52.2964136]]}, "properties": {"Speed": 0.0, "Speed_display": 10.8, "road_quality": 2, "marker": 0, "trip_id": "602CA_Trip17", "hrot_diff": 0, "sample_diff": 1, "time_diff_s": 0.02, "gps_distance_m": 4.2, "original_speed": "", "wheel_diameter_mm": 711, "braking_intensity": 0.0, "is_braking": false, "is_crash": false, "crash_intensity_g": 0.0, "segment_start_sample": 3258, "segment_end_sample": 3259, "time_str": ""}}, {"type": "Feature", "geometry": {"type": "LineString", "coordinates": [[4.8621057, 52.2964136], [4.862121, 52.2964546]]}, "properties": {"Speed": 0.0, "Speed_display": 10.1, "road_quality": 2, "marker": 0, "trip_id": "602CA_Trip17", "hrot_diff": 0, "sample_diff": 1, "time_diff_s": 0.02, "gps_distance_m": 4.7, "original_speed": "", "wheel_diameter_mm": 711, "braking_intensity": 0.0, "is_braking": false, "is_crash": false, "crash_intensity_g": 0.0, "segment_start_sample": 3310, "segment_end_sample": 3311, "time_str": ""}}, {"type": "Feature", "geometry": {"type": "LineString", "coordinates": [[4.862121, 52.2964546], [4.8621452, 52.2964904]]}, "properties": {"Speed": 0.0, "Speed_display": 10.1, "road_quality": 2, "marker": 0, "trip_id": "602CA_Trip17", "hrot_diff": 0, "sample_diff": 1, "time_diff_s": 0.02, "gps_distance_m": 4.3, "original_speed": "", "wheel_diameter_mm": 711, "braking_intensity": 0.0, "is_braking": false, "is_crash": false, "crash_intensity_g": 0.0, "segment_start_sample": 3348, "segment_end_sample": 3349, "time_str": ""}}, {"type": "Feature", "geometry": {"type": "LineString", "coordinates": [[4.8621452, 52.2964904], [4.8621642, 52.2965269]]}, "properties": {"Speed": 0.0, "Speed_display": 10.8, "road_quality": 2, "marker": 0, "trip_id": "602CA_Trip17", "hrot_diff": 0, "sample_diff": 1, "time_diff_s": 0.02, "gps_distance_m": 4.3, "original_speed": "", "wheel_diameter_mm": 711, "braking_intensity": 0.0, "is_braking": false, "is_crash": false, "crash_intensity_g": 0.0, "segment_start_sample": 3399, "segment_end_sample": 3400, "time_str": ""}}, {"type": "Feature", "geometry": {"type": "LineString", "coordinates": [[4.8621642, 52.2965269], [4.8621901, 52.29657]]}, "properties": {"Speed": 0.0, "Speed_display": 10.8, "road_quality": 2, "marker": 0, "trip_id": "602CA_Trip17", "hrot_diff": 0, "sample_diff": 1, "time_diff_s": 0.02, "gps_distance_m": 5.1, "original_speed": "", "wheel_diameter_mm": 711, "braking_intensity": 0.0, "is_braking": false, "is_crash": false, "crash_intensity_g": 0.0, "segment_start_sample": 3450, "segment_end_sample": 3451, "time_str": ""}}, {"type": "Feature", "geometry": {"type": "LineString", "coordinates": [[4.8621901, 52.29657], [4.8622131, 52.296614]]}, "properties": {"Speed": 0.0, "Speed_display": 10.8, "road_quality": 2, "marker": 0, "trip_id": "602CA_Trip17", "hrot_diff": 0, "sample_diff": 1, "time_diff_s": 0.02, "gps_distance_m": 5.1, "original_speed": "", "wheel_diameter_mm": 711, "braking_intensity": 0.0, "is_braking": false, "is_crash": false, "crash_intensity_g": 0.0, "segment_start_sample": 3501, "segment_end_sample": 3502, "time_str": ""}}, {"type": "Feature", "geometry": {"type": "LineString", "coordinates": [[4.8622131, 52.296614], [4.8622342, 52.2966514]]}, "properties": {"Speed": 0.0, "Speed_display": 11.5, "road_quality": 3, "marker": 0, "trip_id": "602CA_Trip17", "hrot_diff": 0, "sample_diff": 1, "time_diff_s": 0.02, "gps_distance_m": 4.4, "original_speed": "", "wheel_diameter_mm": 711, "braking_intensity": 0.0, "is_braking": false, "is_crash": false, "crash_intensity_g": 0.0, "segment_start_sample": 3552, "segment_end_sample": 3553, "time_str": ""}}, {"type": "Feature", "geometry": {"type": "LineString", "coordinates": [[4.8622342, 52.2966514], [4.8622589, 52.2966922]]}, "properties": {"Speed": 0.0, "Speed_display": 10.8, "road_quality": 3, "marker": 0, "trip_id": "602CA_Trip17", "hrot_diff": 0, "sample_diff": 1, "time_diff_s": 0.02, "gps_distance_m": 4.8, "original_speed": "", "wheel_diameter_mm": 711, "braking_intensity": 0.0, "is_braking": false, "is_crash": false, "crash_intensity_g": 0.0, "segment_start_sample": 3605, "segment_end_sample": 3606, "time_str": ""}}, {"type": "Feature", "geometry": {"type": "LineString", "coordinates": [[4.8622589, 52.2966922], [4.862282, 52.2967299]]}, "properties": {"Speed": 0.0, "Speed_display": 10.8, "road_quality": 3, "marker": 0, "trip_id": "602CA_Trip17", "hrot_diff": 0, "sample_diff": 1, "time_diff_s": 0.02, "gps_distance_m": 4.5, "original_speed": "", "wheel_diameter_mm": 711, "braking_intensity": 0.0, "is_braking": false, "is_crash": false, "crash_intensity_g": 0.0, "segment_start_sample": 3657, "segment_end_sample": 3658, "time_str": ""}}, {"type": "Feature", "geometry": {"type": "LineString", "coordinates": [[4.862282, 52.2967299], [4.8622997, 52.2967643]]}, "properties": {"Speed": 0.0, "Speed_display": 10.8, "road_quality": 3, "marker": 0, "trip_id": "602CA_Trip17", "hrot_diff": 0, "sample_diff": 1, "time_diff_s": 0.02, "gps_distance_m": 4.0, "original_speed": "", "wheel_diameter_mm": 711, "braking_intensity": 0.0, "is_braking": false, "is_crash": false, "crash_intensity_g": 0.0, "segment_start_sample": 3707, "segment_end_sample": 3708, "time_str": ""}}, {"type": "Feature", "geometry": {"type": "LineString", "coordinates": [[4.8622997, 52.2967643], [4.862322, 52.2968]]}, "properties": {"Speed": 0.0, "Speed_display": 9.4, "road_quality": 3, "marker": 0, "trip_id": "602CA_Trip17", "hrot_diff": 0, "sample_diff": 1, "time_diff_s": 0.02, "gps_distance_m": 4.2, "original_speed": "", "wheel_diameter_mm": 711, "braking_intensity": 0.0, "is_braking": false, "is_crash": false, "crash_intensity_g": 0.0, "segment_start_sample": 3748, "segment_end_sample": 3749, "time_str": ""}}, {"type": "Feature", "geometry": {"type": "LineString", "coordinates": [[4.862322, 52.2968], [4.8623375, 52.2968346]]}, "properties": {"Speed": 0.0, "Speed_display": 10.1, "road_quality": 3, "marker": 0, "trip_id": "602CA_Trip17", "hrot_diff": 0, "sample_diff": 1, "time_diff_s": 0.02, "gps_distance_m": 4.0, "original_speed": "", "wheel_diameter_mm": 711, "braking_intensity": 0.0, "is_braking": false, "is_crash": false, "crash_intensity_g": 0.0, "segment_start_sample": 3804, "segment_end_sample": 3805, "time_str": ""}}, {"type": "Feature", "geometry": {"type": "LineString", "coordinates": [[4.8623375, 52.2968346], [4.8623533, 52.2968695]]}, "properties": {"Speed": 0.0, "Speed_display": 10.1, "road_quality": 3, "marker": 0, "trip_id": "602CA_Trip17", "hrot_diff": 0, "sample_diff": 1, "time_diff_s": 0.02, "gps_distance_m": 4.0, "original_speed": "", "wheel_diameter_mm": 711, "braking_intensity": 0.0, "is_braking": false, "is_crash": false, "crash_intensity_g": 0.0, "segment_start_sample": 3859, "segment_end_sample": 3860, "time_str": ""}}, {"type": "Feature", "geometry": {"type": "LineString", "coordinates": [[4.8623533, 52.2968695], [4.8623628, 52.2969049]]}, "properties": {"Speed": 0.0, "Speed_display": 9.4, "road_quality": 2, "marker": 0, "trip_id": "602CA_Trip17", "hrot_diff": 0, "sample_diff": 1, "time_diff_s": 0.02, "gps_distance_m": 4.0, "original_speed": "", "wheel_diameter_mm": 711, "braking_intensity": 0.0, "is_braking": false, "is_crash": false, "crash_intensity_g": 0.0, "segment_start_sample": 3899, "segment_end_sample": 3900, "time_str": ""}}, {"type": "Feature", "geometry": {"type": "LineString", "coordinates": [[4.8623628, 52.2969049], [4.8623705, 52.2969383]]}, "properties": {"Speed": 0.0, "Speed_display": 8.6, "road_quality": 2, "marker": 0, "trip_id": "602CA_Trip17", "hrot_diff": 0, "sample_diff": 1, "time_diff_s": 0.02, "gps_distance_m": 3.8, "original_speed": "", "wheel_diameter_mm": 711, "braking_intensity": 0.0, "is_braking": false, "is_crash": false, "crash_intensity_g": 0.0, "segment_start_sample": 3953, "segment_end_sample": 3954, "time_str": ""}}, {"type": "Feature", "geometry": {"type": "LineString", "coordinates": [[4.8623705, 52.2969383], [4.8623817, 52.2969654]]}, "properties": {"Speed": 0.0, "Speed_display": 7.9, "road_quality": 2, "marker": 0, "trip_id": "602CA_Trip17", "hrot_diff": 0, "sample_diff": 1, "time_diff_s": 0.02, "gps_distance_m": 3.1, "original_speed": "", "wheel_diameter_mm": 711, "braking_intensity": 0.0, "is_braking": false, "is_crash": false, "crash_intensity_g": 0.0, "segment_start_sample": 4004, "segment_end_sample": 4005, "time_str": ""}}, {"type": "Feature", "geometry": {"type": "LineString", "coordinates": [[4.8623817, 52.2969654], [4.8623942, 52.2969959]]}, "properties": {"Speed": 0.0, "Speed_display": 8.6, "road_quality": 2, "marker": 0, "trip_id": "602CA_Trip17", "hrot_diff": 0, "sample_diff": 1, "time_diff_s": 0.02, "gps_distance_m": 3.5, "original_speed": "", "wheel_diameter_mm": 711, "braking_intensity": 0.0, "is_braking": false, "is_crash": false, "crash_intensity_g": 0.0, "segment_start_sample": 4053, "segment_end_sample": 4054, "time_str": ""}}, {"type": "Feature", "geometry": {"type": "LineString", "coordinates": [[4.8623942, 52.2969959], [4.8624158, 52.297023]]}, "properties": {"Speed": 0.0, "Speed_display": 9.4, "road_quality": 2, "marker": 0, "trip_id": "602CA_Trip17", "hrot_diff": 0, "sample_diff": 1, "time_diff_s": 0.02, "gps_distance_m": 3.4, "original_speed": "", "wheel_diameter_mm": 711, "braking_intensity": 0.0, "is_braking": false, "is_crash": false, "crash_intensity_g": 0.0, "segment_start_sample": 4102, "segment_end_sample": 4103, "time_str": ""}}, {"type": "Feature", "geometry": {"type": "LineString", "coordinates": [[4.8624158, 52.297023], [4.8624371, 52.2970498]]}, "properties": {"Speed": 0.0, "Speed_display": 8.6, "road_quality": 2, "marker": 0, "trip_id": "602CA_Trip17", "hrot_diff": 0, "sample_diff": 1, "time_diff_s": 0.02, "gps_distance_m": 3.3, "original_speed": "", "wheel_diameter_mm": 711, "braking_intensity": 0.0, "is_braking": false, "is_crash": false, "crash_intensity_g": 0.0, "segment_start_sample": 4153, "segment_end_sample": 4154, "time_str": ""}}, {"type": "Feature", "geometry": {"type": "LineString", "coordinates": [[4.8624371, 52.2970498], [4.8624603, 52.2970788]]}, "properties": {"Speed": 0.0, "Speed_display": 8.6, "road_quality": 2, "marker": 0, "trip_id": "602CA_Trip17", "hrot_diff": 0, "sample_diff": 1, "time_diff_s": 0.02, "gps_distance_m": 3.6, "original_speed": "", "wheel_diameter_mm": 711, "braking_intensity": 0.0, "is_braking": false, "is_crash": false, "crash_intensity_g": 0.0, "segment_start_sample": 4203, "segment_end_sample": 4204, "time_str": ""}}, {"type": "Feature", "geometry": {"type": "LineString", "coordinates": [[4.8624603, 52.2970788], [4.8624802, 52.2971044]]}, "properties": {"Speed": 0.0, "Speed_display": 8.6, "road_quality": 2, "marker": 0, "trip_id": "602CA_Trip17", "hrot_diff": 0, "sample_diff": 1, "time_diff_s": 0.02, "gps_distance_m": 3.2, "original_speed": "", "wheel_diameter_mm": 711, "braking_intensity": 0.0, "is_braking": false, "is_crash": false, "crash_intensity_g": 0.0, "segment_start_sample": 4255, "segment_end_sample": 4256, "time_str": ""}}, {"type": "Feature", "geometry": {"type": "LineString", "coordinates": [[4.8624802, 52.2971044], [4.8624988, 52.2971362]]}, "properties": {"Speed": 0.0, "Speed_display": 8.6, "road_quality": 2, "marker": 0, "trip_id": "602CA_Trip17", "hrot_diff": 0, "sample_diff": 1, "time_diff_s": 0.02, "gps_distance_m": 3.8, "original_speed": "", "wheel_diameter_mm": 711, "braking_intensity": 0.0, "is_braking": false, "is_crash": false, "crash_intensity_g": 0.0, "segment_start_sample": 4310, "segment_end_sample": 4311, "time_str": ""}}, {"type": "Feature", "geometry": {"type": "LineString", "coordinates": [[4.8624988, 52.2971362], [4.8625154, 52.2971658]]}, "properties": {"Speed": 0.0, "Speed_display": 7.9, "road_quality": 2, "marker": 0, "trip_id": "602CA_Trip17", "hrot_diff": 0, "sample_diff": 1, "time_diff_s": 0.02, "gps_distance_m": 3.5, "original_speed": "", "wheel_diameter_mm": 711, "braking_intensity": 0.0, "is_braking": false, "is_crash": false, "crash_intensity_g": 0.0, "segment_start_sample": 4353, "segment_end_sample": 4354, "time_str": ""}}, {"type": "Feature", "geometry": {"type": "LineString", "coordinates": [[4.8625154, 52.2971658], [4.862528, 52.2971937]]}, "properties": {"Speed": 0.0, "Speed_display": 7.2, "road_quality": 2, "marker": 0, "trip_id": "602CA_Trip17", "hrot_diff": 0, "sample_diff": 1, "time_diff_s": 0.02, "gps_distance_m": 3.2, "original_speed": "", "wheel_diameter_mm": 711, "braking_intensity": 0.0, "is_braking": false, "is_crash": false, "crash_intensity_g": 0.0, "segment_start_sample": 4411, "segment_end_sample": 4412, "time_str": ""}}, {"type": "Feature", "geometry": {"type": "LineString", "coordinates": [[4.862528, 52.2971937], [4.8625372, 52.2972154]]}, "properties": {"Speed": 0.0, "Speed_display": 5.8, "road_quality": 2, "marker": 0, "trip_id": "602CA_Trip17", "hrot_diff": 0, "sample_diff": 1, "time_diff_s": 0.02, "gps_distance_m": 2.5, "original_speed": "", "wheel_diameter_mm": 711, "braking_intensity": 0.0, "is_braking": false, "is_crash": false, "crash_intensity_g": 0.0, "segment_start_sample": 4457, "segment_end_sample": 4458, "time_str": ""}}, {"type": "Feature", "geometry": {"type": "LineString", "coordinates": [[4.8625372, 52.2972154], [4.8625512, 52.2972368]]}, "properties": {"Speed": 0.0, "Speed_display": 6.5, "road_quality": 2, "marker": 0, "trip_id": "602CA_Trip17", "hrot_diff": 0, "sample_diff": 1, "time_diff_s": 0.02, "gps_distance_m": 2.6, "original_speed": "", "wheel_diameter_mm": 711, "braking_intensity": 0.0, "is_braking": false, "is_crash": false, "crash_intensity_g": 0.0, "segment_start_sample": 4501, "segment_end_sample": 4502, "time_str": ""}}, {"type": "Feature", "geometry": {"type": "LineString", "coordinates": [[4.8625512, 52.2972368], [4.8625656, 52.2972595]]}, "properties": {"Speed": 0.0, "Speed_display": 6.5, "road_quality": 2, "marker": 0, "trip_id": "602CA_Trip17", "hrot_diff": 0, "sample_diff": 1, "time_diff_s": 0.02, "gps_distance_m": 2.7, "original_speed": "", "wheel_diameter_mm": 711, "braking_intensity": 0.0, "is_braking": false, "is_crash": false, "crash_intensity_g": 0.0, "segment_start_sample": 4549, "segment_end_sample": 4550, "time_str": ""}}, {"type": "Feature", "geometry": {"type": "LineString", "coordinates": [[4.8625656, 52.2972595], [4.8625866, 52.2972804]]}, "properties": {"Speed": 0.0, "Speed_display": 7.2, "road_quality": 2, "marker": 0, "trip_id": "602CA_Trip17", "hrot_diff": 0, "sample_diff": 1, "time_diff_s": 0.02, "gps_distance_m": 2.7, "original_speed": "", "wheel_diameter_mm": 711, "braking_intensity": 0.0, "is_braking": false, "is_crash": false, "crash_intensity_g": 0.0, "segment_start_sample": 4599, "segment_end_sample": 4600, "time_str": ""}}, {"type": "Feature", "geometry": {"type": "LineString", "coordinates": [[4.8625866, 52.2972804], [4.8626092, 52.2973019]]}, "properties": {"Speed": 0.0, "Speed_display": 5.8, "road_quality": 2, "marker": 0, "trip_id": "602CA_Trip17", "hrot_diff": 0, "sample_diff": 1, "time_diff_s": 0.02, "gps_distance_m": 2.8, "original_speed": "", "wheel_diameter_mm": 711, "braking_intensity": 0.0, "is_braking": false, "is_crash": false, "crash_intensity_g": 0.0, "segment_start_sample": 4656, "segment_end_sample": 4657, "time_str": ""}}, {"type": "Feature", "geometry": {"type": "LineString", "coordinates": [[4.8626092, 52.2973019], [4.8626334, 52.2973217]]}, "properties": {"Speed": 0.0, "Speed_display": 7.2, "road_quality": 2, "marker": 0, "trip_id": "602CA_Trip17", "hrot_diff": 0, "sample_diff": 1, "time_diff_s": 0.02, "gps_distance_m": 2.7, "original_speed": "", "wheel_diameter_mm": 711, "braking_intensity": 0.0, "is_braking": false, "is_crash": false, "crash_intensity_g": 0.0, "segment_start_sample": 4718, "segment_end_sample": 4719, "time_str": ""}}, {"type": "Feature", "geometry": {"type": "LineString", "coordinates": [[4.8626334, 52.2973217], [4.8626579, 52.2973455]]}, "properties": {"Speed": 0.0, "Speed_display": 5.8, "road_quality": 2, "marker": 0, "trip_id": "602CA_Trip17", "hrot_diff": 0, "sample_diff": 1, "time_diff_s": 0.02, "gps_distance_m": 3.1, "original_speed": "", "wheel_diameter_mm": 711, "braking_intensity": 0.0, "is_braking": false, "is_crash": false, "crash_intensity_g": 0.0, "segment_start_sample": 4760, "segment_end_sample": 4761, "time_str": ""}}, {"type": "Feature", "geometry": {"type": "LineString", "coordinates": [[4.8626579, 52.2973455], [4.8626743, 52.297365]]}, "properties": {"Speed": 0.0, "Speed_display": 6.5, "road_quality": 2, "marker": 0, "trip_id": "602CA_Trip17", "hrot_diff": 0, "sample_diff": 1, "time_diff_s": 0.02, "gps_distance_m": 2.4, "original_speed": "", "wheel_diameter_mm": 711, "braking_intensity": 0.0, "is_braking": false, "is_crash": false, "crash_intensity_g": 0.0, "segment_start_sample": 4819, "segment_end_sample": 4820, "time_str": ""}}, {"type": "Feature", "geometry": {"type": "LineString", "coordinates": [[4.8626743, 52.297365], [4.862695, 52.2973892]]}, "properties": {"Speed": 0.0, "Speed_display": 5.8, "road_quality": 2, "marker": 0, "trip_id": "602CA_Trip17", "hrot_diff": 0, "sample_diff": 1, "time_diff_s": 0.02, "gps_distance_m": 3.0, "original_speed": "", "wheel_diameter_mm": 711, "braking_intensity": 0.0, "is_braking": false, "is_crash": false, "crash_intensity_g": 0.0, "segment_start_sample": 4862, "segment_end_sample": 4863, "time_str": ""}}, {"type": "Feature", "geometry": {"type": "LineString", "coordinates": [[4.862695, 52.2973892], [4.8627161, 52.2974086]]}, "properties": {"Speed": 0.0, "Speed_display": 5.8, "road_quality": 2, "marker": 0, "trip_id": "602CA_Trip17", "hrot_diff": 0, "sample_diff": 1, "time_diff_s": 0.02, "gps_distance_m": 2.6, "original_speed": "", "wheel_diameter_mm": 711, "braking_intensity": 0.0, "is_braking": false, "is_crash": false, "crash_intensity_g": 0.0, "segment_start_sample": 4903, "segment_end_sample": 4904, "time_str": ""}}, {"type": "Feature", "geometry": {"type": "LineString", "coordinates": [[4.8627161, 52.2974086], [4.8627332, 52.2974294]]}, "properties": {"Speed": 0.0, "Speed_display": 5.8, "road_quality": 2, "marker": 0, "trip_id": "602CA_Trip17", "hrot_diff": 0, "sample_diff": 1, "time_diff_s": 0.02, "gps_distance_m": 2.6, "original_speed": "", "wheel_diameter_mm": 711, "braking_intensity": 0.0, "is_braking": false, "is_crash": false, "crash_intensity_g": 0.0, "segment_start_sample": 4960, "segment_end_sample": 4961, "time_str": ""}}, {"type": "Feature", "geometry": {"type": "LineString", "coordinates": [[4.8627332, 52.2974294], [4.8627558, 52.2974551]]}, "properties": {"Speed": 0.0, "Speed_display": 6.5, "road_quality": 2, "marker": 0, "trip_id": "602CA_Trip17", "hrot_diff": 0, "sample_diff": 1, "time_diff_s": 0.02, "gps_distance_m": 3.2, "original_speed": "", "wheel_diameter_mm": 711, "braking_intensity": 0.0, "is_braking": false, "is_crash": false, "crash_intensity_g": 0.0, "segment_start_sample": 5012, "segment_end_sample": 5013, "time_str": ""}}, {"type": "Feature", "geometry": {"type": "LineString", "coordinates": [[4.8627558, 52.2974551], [4.8627736, 52.2974745]]}, "properties": {"Speed": 0.0, "Speed_display": 6.5, "road_quality": 2, "marker": 0, "trip_id": "602CA_Trip17", "hrot_diff": 0, "sample_diff": 1, "time_diff_s": 0.02, "gps_distance_m": 2.5, "original_speed": "", "wheel_diameter_mm": 711, "braking_intensity": 0.0, "is_braking": false, "is_crash": false, "crash_intensity_g": 0.0, "segment_start_sample": 5060, "segment_end_sample": 5061, "time_str": ""}}, {"type": "Feature", "geometry": {"type": "LineString", "coordinates": [[4.8627736, 52.2974745], [4.862798, 52.2975012]]}, "properties": {"Speed": 0.0, "Speed_display": 7.9, "road_quality": 2, "marker": 0, "trip_id": "602CA_Trip17", "hrot_diff": 0, "sample_diff": 1, "time_diff_s": 0.02, "gps_distance_m": 3.4, "original_speed": "", "wheel_diameter_mm": 711, "braking_intensity": 0.0, "is_braking": false, "is_crash": false, "crash_intensity_g": 0.0, "segment_start_sample": 5109, "segment_end_sample": 5110, "time_str": ""}}, {"type": "Feature", "geometry": {"type": "LineString", "coordinates": [[4.862798, 52.2975012], [4.8628252, 52.2975316]]}, "properties": {"Speed": 0.0, "Speed_display": 7.9, "road_quality": 2, "marker": 0, "trip_id": "602CA_Trip17", "hrot_diff": 0, "sample_diff": 1, "time_diff_s": 0.02, "gps_distance_m": 3.9, "original_speed": "", "wheel_diameter_mm": 711, "braking_intensity": 0.0, "is_braking": false, "is_crash": false, "crash_intensity_g": 0.0, "segment_start_sample": 5156, "segment_end_sample": 5157, "time_str": ""}}, {"type": "Feature", "geometry": {"type": "LineString", "coordinates": [[4.8628252, 52.2975316], [4.8628417, 52.2975605]]}, "properties": {"Speed": 0.0, "Speed_display": 7.9, "road_quality": 2, "marker": 0, "trip_id": "602CA_Trip17", "hrot_diff": 0, "sample_diff": 1, "time_diff_s": 0.02, "gps_distance_m": 3.4, "original_speed": "", "wheel_diameter_mm": 711, "braking_intensity": 0.0, "is_braking": false, "is_crash": false, "crash_intensity_g": 0.0, "segment_start_sample": 5202, "segment_end_sample": 5203, "time_str": ""}}, {"type": "Feature", "geometry": {"type": "LineString", "coordinates": [[4.8628417, 52.2975605], [4.862862, 52.2975813]]}, "properties": {"Speed": 0.0, "Speed_display": 7.2, "road_quality": 2, "marker": 0, "trip_id": "602CA_Trip17", "hrot_diff": 0, "sample_diff": 1, "time_diff_s": 0.02, "gps_distance_m": 2.7, "original_speed": "", "wheel_diameter_mm": 711, "braking_intensity": 0.0, "is_braking": false, "is_crash": false, "crash_intensity_g": 0.0, "segment_start_sample": 5249, "segment_end_sample": 5250, "time_str": ""}}, {"type": "Feature", "geometry": {"type": "LineString", "coordinates": [[4.862862, 52.2975813], [4.8628872, 52.2976027]]}, "properties": {"Speed": 0.0, "Speed_display": 7.9, "road_quality": 2, "marker": 0, "trip_id": "602CA_Trip17", "hrot_diff": 0, "sample_diff": 1, "time_diff_s": 0.02, "gps_distance_m": 2.9, "original_speed": "", "wheel_diameter_mm": 711, "braking_intensity": 0.0, "is_braking": false, "is_crash": false, "crash_intensity_g": 0.0, "segment_start_sample": 5311, "segment_end_sample": 5312, "time_str": ""}}, {"type": "Feature", "geometry": {"type": "LineString", "coordinates": [[4.8628872, 52.2976027], [4.8629206, 52.297628]]}, "properties": {"Speed": 0.0, "Speed_display": 7.9, "road_quality": 2, "marker": 0, "trip_id": "602CA_Trip17", "hrot_diff": 0, "sample_diff": 1, "time_diff_s": 0.02, "gps_distance_m": 3.6, "original_speed": "", "wheel_diameter_mm": 711, "braking_intensity": 0.0, "is_braking": false, "is_crash": false, "crash_intensity_g": 0.0, "segment_start_sample": 5360, "segment_end_sample": 5361, "time_str": ""}}, {"type": "Feature", "geometry": {"type": "LineString", "coordinates": [[4.8629206, 52.297628], [4.8629523, 52.2976437]]}, "properties": {"Speed": 0.0, "Speed_display": 7.2, "road_quality": 2, "marker": 0, "trip_id": "602CA_Trip17", "hrot_diff": 0, "sample_diff": 1, "time_diff_s": 0.02, "gps_distance_m": 2.8, "original_speed": "", "wheel_diameter_mm": 711, "braking_intensity": 0.0, "is_braking": false, "is_crash": false, "crash_intensity_g": 0.0, "segment_start_sample": 5408, "segment_end_sample": 5409, "time_str": ""}}, {"type": "Feature", "geometry": {"type": "LineString", "coordinates": [[4.8629523, 52.2976437], [4.8629748, 52.2976628]]}, "properties": {"Speed": 0.0, "Speed_display": 7.2, "road_quality": 2, "marker": 0, "trip_id": "602CA_Trip17", "hrot_diff": 0, "sample_diff": 1, "time_diff_s": 0.02, "gps_distance_m": 2.6, "original_speed": "", "wheel_diameter_mm": 711, "braking_intensity": 0.0, "is_braking": false, "is_crash": false, "crash_intensity_g": 0.0, "segment_start_sample": 5456, "segment_end_sample": 5457, "time_str": ""}}, {"type": "Feature", "geometry": {"type": "LineString", "coordinates": [[4.8629748, 52.2976628], [4.8630106, 52.2976851]]}, "properties": {"Speed": 0.0, "Speed_display": 7.2, "road_quality": 2, "marker": 0, "trip_id": "602CA_Trip17", "hrot_diff": 0, "sample_diff": 1, "time_diff_s": 0.02, "gps_distance_m": 3.5, "original_speed": "", "wheel_diameter_mm": 711, "braking_intensity": 0.0, "is_braking": false, "is_crash": false, "crash_intensity_g": 0.0, "segment_start_sample": 5498, "segment_end_sample": 5499, "time_str": ""}}, {"type": "Feature", "geometry": {"type": "LineString", "coordinates": [[4.8630106, 52.2976851], [4.8630549, 52.2976972]]}, "properties": {"Speed": 0.0, "Speed_display": 6.5, "road_quality": 2, "marker": 0, "trip_id": "602CA_Trip17", "hrot_diff": 0, "sample_diff": 1, "time_diff_s": 0.02, "gps_distance_m": 3.3, "original_speed": "", "wheel_diameter_mm": 711, "braking_intensity": 0.0, "is_braking": false, "is_crash": false, "crash_intensity_g": 0.0, "segment_start_sample": 5554, "segment_end_sample": 5555, "time_str": ""}}, {"type": "Feature", "geometry": {"type": "LineString", "coordinates": [[4.8630549, 52.2976972], [4.8631019, 52.2977057]]}, "properties": {"Speed": 0.0, "Speed_display": 7.2, "road_quality": 2, "marker": 0, "trip_id": "602CA_Trip17", "hrot_diff": 0, "sample_diff": 1, "time_diff_s": 0.02, "gps_distance_m": 3.3, "original_speed": "", "wheel_diameter_mm": 711, "braking_intensity": 0.0, "is_braking": false, "is_crash": false, "crash_intensity_g": 0.0, "segment_start_sample": 5608, "segment_end_sample": 5609, "time_str": ""}}, {"type": "Feature", "geometry": {"type": "LineString", "coordinates": [[4.8631019, 52.2977057], [4.8631536, 52.2977101]]}, "properties": {"Speed": 0.0, "Speed_display": 7.9, "road_quality": 2, "marker": 0, "trip_id": "602CA_Trip17", "hrot_diff": 0, "sample_diff": 1, "time_diff_s": 0.02, "gps_distance_m": 3.5, "original_speed": "", "wheel_diameter_mm": 711, "braking_intensity": 0.0, "is_braking": false, "is_crash": false, "crash_intensity_g": 0.0, "segment_start_sample": 5659, "segment_end_sample": 5660, "time_str": ""}}, {"type": "Feature", "geometry": {"type": "LineString", "coordinates": [[4.8631536, 52.2977101], [4.8631996, 52.2977109]]}, "properties": {"Speed": 0.0, "Speed_display": 8.6, "road_quality": 2, "marker": 0, "trip_id": "602CA_Trip17", "hrot_diff": 0, "sample_diff": 1, "time_diff_s": 0.02, "gps_distance_m": 3.1, "original_speed": "", "wheel_diameter_mm": 711, "braking_intensity": 0.0, "is_braking": false, "is_crash": false, "crash_intensity_g": 0.0, "segment_start_sample": 5698, "segment_end_sample": 5699, "time_str": ""}}, {"type": "Feature", "geometry": {"type": "LineString", "coordinates": [[4.8631996, 52.2977109], [4.8632495, 52.2977089]]}, "properties": {"Speed": 0.0, "Speed_display": 8.6, "road_quality": 2, "marker": 0, "trip_id": "602CA_Trip17", "hrot_diff": 0, "sample_diff": 1, "time_diff_s": 0.02, "gps_distance_m": 3.4, "original_speed": "", "wheel_diameter_mm": 711, "braking_intensity": 0.0, "is_braking": false, "is_crash": false, "crash_intensity_g": 0.0, "segment_start_sample": 5760, "segment_end_sample": 5761, "time_str": ""}}, {"type": "Feature", "geometry": {"type": "LineString", "coordinates": [[4.8632495, 52.2977089], [4.863303, 52.2977091]]}, "properties": {"Speed": 0.0, "Speed_display": 9.4, "road_quality": 2, "marker": 0, "trip_id": "602CA_Trip17", "hrot_diff": 0, "sample_diff": 1, "time_diff_s": 0.02, "gps_distance_m": 3.6, "original_speed": "", "wheel_diameter_mm": 711, "braking_intensity": 0.0, "is_braking": false, "is_crash": false, "crash_intensity_g": 0.0, "segment_start_sample": 5810, "segment_end_sample": 5811, "time_str": ""}}, {"type": "Feature", "geometry": {"type": "LineString", "coordinates": [[4.863303, 52.2977091], [4.8633651, 52.2977053]]}, "properties": {"Speed": 0.0, "Speed_display": 10.1, "road_quality": 2, "marker": 0, "trip_id": "602CA_Trip17", "hrot_diff": 0, "sample_diff": 1, "time_diff_s": 0.02, "gps_distance_m": 4.2, "original_speed": "", "wheel_diameter_mm": 711, "braking_intensity": 0.0, "is_braking": false, "is_crash": false, "crash_intensity_g": 0.0, "segment_start_sample": 5858, "segment_end_sample": 5859, "time_str": ""}}, {"type": "Feature", "geometry": {"type": "LineString", "coordinates": [[4.8633651, 52.2977053], [4.8634331, 52.2976906]]}, "properties": {"Speed": 0.0, "Speed_display": 10.8, "road_quality": 2, "marker": 0, "trip_id": "602CA_Trip17", "hrot_diff": 0, "sample_diff": 1, "time_diff_s": 0.02, "gps_distance_m": 4.9, "original_speed": "", "wheel_diameter_mm": 711, "braking_intensity": 0.0, "is_braking": false, "is_crash": false, "crash_intensity_g": 0.0, "segment_start_sample": 5906, "segment_end_sample": 5907, "time_str": ""}}, {"type": "Feature", "geometry": {"type": "LineString", "coordinates": [[4.8634331, 52.2976906], [4.8635511, 52.2976928]]}, "properties": {"Speed": 0.0, "Speed_display": 10.8, "road_quality": 2, "marker": 0, "trip_id": "602CA_Trip17", "hrot_diff": 0, "sample_diff": 1, "time_diff_s": 0.02, "gps_distance_m": 8.0, "original_speed": "", "wheel_diameter_mm": 711, "braking_intensity": 0.0, "is_braking": false, "is_crash": false, "crash_intensity_g": 0.0, "segment_start_sample": 6004, "segment_end_sample": 6005, "time_str": ""}}, {"type": "Feature", "geometry": {"type": "LineString", "coordinates": [[4.8635511, 52.2976928], [4.8636152, 52.2976844]]}, "properties": {"Speed": 0.0, "Speed_display": 10.1, "road_quality": 3, "marker": 0, "trip_id": "602CA_Trip17", "hrot_diff": 0, "sample_diff": 1, "time_diff_s": 0.02, "gps_distance_m": 4.5, "original_speed": "", "wheel_diameter_mm": 711, "braking_intensity": 0.0, "is_braking": false, "is_crash": false, "crash_intensity_g": 0.0, "segment_start_sample": 6052, "segment_end_sample": 6053, "time_str": ""}}, {"type": "Feature", "geometry": {"type": "LineString", "coordinates": [[4.8636152, 52.2976844], [4.863676, 52.2976757]]}, "properties": {"Speed": 0.0, "Speed_display": 10.1, "road_quality": 3, "marker": 0, "trip_id": "602CA_Trip17", "hrot_diff": 0, "sample_diff": 1, "time_diff_s": 0.02, "gps_distance_m": 4.2, "original_speed": "", "wheel_diameter_mm": 711, "braking_intensity": 0.0, "is_braking": false, "is_crash": false, "crash_intensity_g": 0.0, "segment_start_sample": 6099, "segment_end_sample": 6100, "time_str": ""}}, {"type": "Feature", "geometry": {"type": "LineString", "coordinates": [[4.863676, 52.2976757], [4.8637359, 52.2976694]]}, "properties": {"Speed": 0.0, "Speed_display": 9.4, "road_quality": 2, "marker": 0, "trip_id": "602CA_Trip17", "hrot_diff": 0, "sample_diff": 1, "time_diff_s": 0.02, "gps_distance_m": 4.1, "original_speed": "", "wheel_diameter_mm": 711, "braking_intensity": 0.0, "is_braking": false, "is_crash": false, "crash_intensity_g": 0.0, "segment_start_sample": 6158, "segment_end_sample": 6159, "time_str": ""}}, {"type": "Feature", "geometry": {"type": "LineString", "coordinates": [[4.8637359, 52.2976694], [4.8637928, 52.2976644]]}, "properties": {"Speed": 0.0, "Speed_display": 9.4, "road_quality": 2, "marker": 0, "trip_id": "602CA_Trip17", "hrot_diff": 0, "sample_diff": 1, "time_diff_s": 0.02, "gps_distance_m": 3.9, "original_speed": "", "wheel_diameter_mm": 711, "braking_intensity": 0.0, "is_braking": false, "is_crash": false, "crash_intensity_g": 0.0, "segment_start_sample": 6205, "segment_end_sample": 6206, "time_str": ""}}, {"type": "Feature", "geometry": {"type": "LineString", "coordinates": [[4.8637928, 52.2976644], [4.8638549, 52.2976524]]}, "properties": {"Speed": 0.0, "Speed_display": 10.1, "road_quality": 2, "marker": 0, "trip_id": "602CA_Trip17", "hrot_diff": 0, "sample_diff": 1, "time_diff_s": 0.02, "gps_distance_m": 4.4, "original_speed": "", "wheel_diameter_mm": 711, "braking_intensity": 0.0, "is_braking": false, "is_crash": false, "crash_intensity_g": 0.0, "segment_start_sample": 6252, "segment_end_sample": 6253, "time_str": ""}}, {"type": "Feature", "geometry": {"type": "LineString", "coordinates": [[4.8638549, 52.2976524], [4.8639184, 52.297643]]}, "properties": {"Speed": 0.0, "Speed_display": 10.1, "road_quality": 2, "marker": 0, "trip_id": "602CA_Trip17", "hrot_diff": 0, "sample_diff": 1, "time_diff_s": 0.02, "gps_distance_m": 4.4, "original_speed": "", "wheel_diameter_mm": 711, "braking_intensity": 0.0, "is_braking": false, "is_crash": false, "crash_intensity_g": 0.0, "segment_start_sample": 6298, "segment_end_sample": 6299, "time_str": ""}}, {"type": "Feature", "geometry": {"type": "LineString", "coordinates": [[4.8639184, 52.297643], [4.8639801, 52.2976356]]}, "properties": {"Speed": 0.0, "Speed_display": 10.1, "road_quality": 2, "marker": 0, "trip_id": "602CA_Trip17", "hrot_diff": 0, "sample_diff": 1, "time_diff_s": 0.02, "gps_distance_m": 4.3, "original_speed": "", "wheel_diameter_mm": 711, "braking_intensity": 0.0, "is_braking": false, "is_crash": false, "crash_intensity_g": 0.0, "segment_start_sample": 6356, "segment_end_sample": 6357, "time_str": ""}}, {"type": "Feature", "geometry": {"type": "LineString", "coordinates": [[4.8639801, 52.2976356], [4.8640392, 52.2976248]]}, "properties": {"Speed": 0.0, "Speed_display": 10.1, "road_quality": 2, "marker": 0, "trip_id": "602CA_Trip17", "hrot_diff": 0, "sample_diff": 1, "time_diff_s": 0.02, "gps_distance_m": 4.2, "original_speed": "", "wheel_diameter_mm": 711, "braking_intensity": 0.0, "is_braking": false, "is_crash": false, "crash_intensity_g": 0.0, "segment_start_sample": 6403, "segment_end_sample": 6404, "time_str": ""}}, {"type": "Feature", "geometry": {"type": "LineString", "coordinates": [[4.8640392, 52.2976248], [4.8641076, 52.2976151]]}, "properties": {"Speed": 0.0, "Speed_display": 10.8, "road_quality": 2, "marker": 0, "trip_id": "602CA_Trip17", "hrot_diff": 0, "sample_diff": 1, "time_diff_s": 0.02, "gps_distance_m": 4.8, "original_speed": "", "wheel_diameter_mm": 711, "braking_intensity": 0.0, "is_braking": false, "is_crash": false, "crash_intensity_g": 0.0, "segment_start_sample": 6450, "segment_end_sample": 6451, "time_str": ""}}, {"type": "Feature", "geometry": {"type": "LineString", "coordinates": [[4.8641076, 52.2976151], [4.8641933, 52.2976012]]}, "properties": {"Speed": 0.0, "Speed_display": 11.5, "road_quality": 2, "marker": 0, "trip_id": "602CA_Trip17", "hrot_diff": 0, "sample_diff": 1, "time_diff_s": 0.02, "gps_distance_m": 6.0, "original_speed": "", "wheel_diameter_mm": 711, "braking_intensity": 0.0, "is_braking": false, "is_crash": false, "crash_intensity_g": 0.0, "segment_start_sample": 6508, "segment_end_sample": 6509, "time_str": ""}}, {"type": "Feature", "geometry": {"type": "LineString", "coordinates": [[4.8641933, 52.2976012], [4.8642553, 52.2975931]]}, "properties": {"Speed": 0.0, "Speed_display": 11.5, "road_quality": 2, "marker": 0, "trip_id": "602CA_Trip17", "hrot_diff": 0, "sample_diff": 1, "time_diff_s": 0.02, "gps_distance_m": 4.3, "original_speed": "", "wheel_diameter_mm": 711, "braking_intensity": 0.0, "is_braking": false, "is_crash": false, "crash_intensity_g": 0.0, "segment_start_sample": 6553, "segment_end_sample": 6554, "time_str": ""}}, {"type": "Feature", "geometry": {"type": "LineString", "coordinates": [[4.8642553, 52.2975931], [4.8643264, 52.2975796]]}, "properties": {"Speed": 0.0, "Speed_display": 12.2, "road_quality": 2, "marker": 0, "trip_id": "602CA_Trip17", "hrot_diff": 0, "sample_diff": 1, "time_diff_s": 0.02, "gps_distance_m": 5.1, "original_speed": "", "wheel_diameter_mm": 711, "braking_intensity": 0.0, "is_braking": false, "is_crash": false, "crash_intensity_g": 0.0, "segment_start_sample": 6598, "segment_end_sample": 6599, "time_str": ""}}, {"type": "Feature", "geometry": {"type": "LineString", "coordinates": [[4.8643264, 52.2975796], [4.8643881, 52.2975676]]}, "properties": {"Speed": 0.0, "Speed_display": 11.5, "road_quality": 2, "marker": 0, "trip_id": "602CA_Trip17", "hrot_diff": 0, "sample_diff": 1, "time_diff_s": 0.02, "gps_distance_m": 4.4, "original_speed": "", "wheel_diameter_mm": 711, "braking_intensity": 0.0, "is_braking": false, "is_crash": false, "crash_intensity_g": 0.0, "segment_start_sample": 6652, "segment_end_sample": 6653, "time_str": ""}}, {"type": "Feature", "geometry": {"type": "LineString", "coordinates": [[4.8643881, 52.2975676], [4.8644584, 52.2975513]]}, "properties": {"Speed": 0.0, "Speed_display": 11.5, "road_quality": 2, "marker": 0, "trip_id": "602CA_Trip17", "hrot_diff": 0, "sample_diff": 1, "time_diff_s": 0.02, "gps_distance_m": 5.1, "original_speed": "", "wheel_diameter_mm": 711, "braking_intensity": 0.0, "is_braking": false, "is_crash": false, "crash_intensity_g": 0.0, "segment_start_sample": 6707, "segment_end_sample": 6708, "time_str": ""}}, {"type": "Feature", "geometry": {"type": "LineString", "coordinates": [[4.8644584, 52.2975513], [4.8645259, 52.2975331]]}, "properties": {"Speed": 0.0, "Speed_display": 11.5, "road_quality": 2, "marker": 0, "trip_id": "602CA_Trip17", "hrot_diff": 0, "sample_diff": 1, "time_diff_s": 0.02, "gps_distance_m": 5.0, "original_speed": "", "wheel_diameter_mm": 711, "braking_intensity": 0.0, "is_braking": false, "is_crash": false, "crash_intensity_g": 0.0, "segment_start_sample": 6751, "segment_end_sample": 6752, "time_str": ""}}, {"type": "Feature", "geometry": {"type": "LineString", "coordinates": [[4.8645259, 52.2975331], [4.8645984, 52.297513]]}, "properties": {"Speed": 0.0, "Speed_display": 11.5, "road_quality": 2, "marker": 0, "trip_id": "602CA_Trip17", "hrot_diff": 0, "sample_diff": 1, "time_diff_s": 0.02, "gps_distance_m": 5.4, "original_speed": "", "wheel_diameter_mm": 711, "braking_intensity": 0.0, "is_braking": false, "is_crash": false, "crash_intensity_g": 0.0, "segment_start_sample": 6805, "segment_end_sample": 6806, "time_str": ""}}, {"type": "Feature", "geometry": {"type": "LineString", "coordinates": [[4.8645984, 52.297513], [4.864666, 52.2974939]]}, "properties": {"Speed": 0.0, "Speed_display": 11.5, "road_quality": 2, "marker": 0, "trip_id": "602CA_Trip17", "hrot_diff": 0, "sample_diff": 1, "time_diff_s": 0.02, "gps_distance_m": 5.1, "original_speed": "", "wheel_diameter_mm": 711, "braking_intensity": 0.0, "is_braking": false, "is_crash": false, "crash_intensity_g": 0.0, "segment_start_sample": 6849, "segment_end_sample": 6850, "time_str": ""}}, {"type": "Feature", "geometry": {"type": "LineString", "coordinates": [[4.864666, 52.2974939], [4.8647321, 52.2974814]]}, "properties": {"Speed": 0.0, "Speed_display": 10.8, "road_quality": 2, "marker": 0, "trip_id": "602CA_Trip17", "hrot_diff": 0, "sample_diff": 1, "time_diff_s": 0.02, "gps_distance_m": 4.7, "original_speed": "", "wheel_diameter_mm": 711, "braking_intensity": 0.0, "is_braking": false, "is_crash": false, "crash_intensity_g": 0.0, "segment_start_sample": 6902, "segment_end_sample": 6903, "time_str": ""}}, {"type": "Feature", "geometry": {"type": "LineString", "coordinates": [[4.8647321, 52.2974814], [4.8648004, 52.2974636]]}, "properties": {"Speed": 0.0, "Speed_display": 10.8, "road_quality": 2, "marker": 0, "trip_id": "602CA_Trip17", "hrot_diff": 0, "sample_diff": 1, "time_diff_s": 0.02, "gps_distance_m": 5.0, "original_speed": "", "wheel_diameter_mm": 711, "braking_intensity": 0.0, "is_braking": false, "is_crash": false, "crash_intensity_g": 0.0, "segment_start_sample": 6957, "segment_end_sample": 6958, "time_str": ""}}, {"type": "Feature", "geometry": {"type": "LineString", "coordinates": [[4.8648004, 52.2974636], [4.8648703, 52.2974474]]}, "properties": {"Speed": 0.0, "Speed_display": 11.5, "road_quality": 2, "marker": 0, "trip_id": "602CA_Trip17", "hrot_diff": 0, "sample_diff": 1, "time_diff_s": 0.02, "gps_distance_m": 5.1, "original_speed": "", "wheel_diameter_mm": 711, "braking_intensity": 0.0, "is_braking": false, "is_crash": false, "crash_intensity_g": 0.0, "segment_start_sample": 7000, "segment_end_sample": 7001, "time_str": ""}}, {"type": "Feature", "geometry": {"type": "LineString", "coordinates": [[4.8648703, 52.2974474], [4.8649487, 52.2974274]]}, "properties": {"Speed": 0.0, "Speed_display": 11.5, "road_quality": 2, "marker": 0, "trip_id": "602CA_Trip17", "hrot_diff": 0, "sample_diff": 1, "time_diff_s": 0.02, "gps_distance_m": 5.8, "original_speed": "", "wheel_diameter_mm": 711, "braking_intensity": 0.0, "is_braking": false, "is_crash": false, "crash_intensity_g": 0.0, "segment_start_sample": 7055, "segment_end_sample": 7056, "time_str": ""}}, {"type": "Feature", "geometry": {"type": "LineString", "coordinates": [[4.8649487, 52.2974274], [4.8650205, 52.2974113]]}, "properties": {"Speed": 0.0, "Speed_display": 13.0, "road_quality": 2, "marker": 0, "trip_id": "602CA_Trip17", "hrot_diff": 0, "sample_diff": 1, "time_diff_s": 0.02, "gps_distance_m": 5.2, "original_speed": "", "wheel_diameter_mm": 711, "braking_intensity": 0.0, "is_braking": false, "is_crash": false, "crash_intensity_g": 0.0, "segment_start_sample": 7098, "segment_end_sample": 7099, "time_str": ""}}, {"type": "Feature", "geometry": {"type": "LineString", "coordinates": [[4.8650205, 52.2974113], [4.8650865, 52.2973921]]}, "properties": {"Speed": 0.0, "Speed_display": 12.2, "road_quality": 2, "marker": 0, "trip_id": "602CA_Trip17", "hrot_diff": 0, "sample_diff": 1, "time_diff_s": 0.02, "gps_distance_m": 5.0, "original_speed": "", "wheel_diameter_mm": 711, "braking_intensity": 0.0, "is_braking": false, "is_crash": false, "crash_intensity_g": 0.0, "segment_start_sample": 7152, "segment_end_sample": 7153, "time_str": ""}}, {"type": "Feature", "geometry": {"type": "LineString", "coordinates": [[4.8650865, 52.2973921], [4.8651637, 52.2973766]]}, "properties": {"Speed": 0.0, "Speed_display": 13.0, "road_quality": 2, "marker": 0, "trip_id": "602CA_Trip17", "hrot_diff": 0, "sample_diff": 1, "time_diff_s": 0.02, "gps_distance_m": 5.5, "original_speed": "", "wheel_diameter_mm": 711, "braking_intensity": 0.0, "is_braking": false, "is_crash": false, "crash_intensity_g": 0.0, "segment_start_sample": 7206, "segment_end_sample": 7207, "time_str": ""}}, {"type": "Feature", "geometry": {"type": "LineString", "coordinates": [[4.8651637, 52.2973766], [4.8652427, 52.2973621]]}, "properties": {"Speed": 0.0, "Speed_display": 13.0, "road_quality": 2, "marker": 0, "trip_id": "602CA_Trip17", "hrot_diff": 0, "sample_diff": 1, "time_diff_s": 0.02, "gps_distance_m": 5.6, "original_speed": "", "wheel_diameter_mm": 711, "braking_intensity": 0.0, "is_braking": false, "is_crash": false, "crash_intensity_g": 0.0, "segment_start_sample": 7250, "segment_end_sample": 7251, "time_str": ""}}, {"type": "Feature", "geometry": {"type": "LineString", "coordinates": [[4.8652427, 52.2973621], [4.8653177, 52.2973503]]}, "properties": {"Speed": 0.0, "Speed_display": 12.2, "road_quality": 2, "marker": 0, "trip_id": "602CA_Trip17", "hrot_diff": 0, "sample_diff": 1, "time_diff_s": 0.02, "gps_distance_m": 5.3, "original_speed": "", "wheel_diameter_mm": 711, "braking_intensity": 0.0, "is_braking": false, "is_crash": false, "crash_intensity_g": 0.0, "segment_start_sample": 7305, "segment_end_sample": 7306, "time_str": ""}}, {"type": "Feature", "geometry": {"type": "LineString", "coordinates": [[4.8653177, 52.2973503], [4.865394, 52.2973349]]}, "properties": {"Speed": 0.0, "Speed_display": 12.2, "road_quality": 2, "marker": 0, "trip_id": "602CA_Trip17", "hrot_diff": 0, "sample_diff": 1, "time_diff_s": 0.02, "gps_distance_m": 5.5, "original_speed": "", "wheel_diameter_mm": 711, "braking_intensity": 0.0, "is_braking": false, "is_crash": false, "crash_intensity_g": 0.0, "segment_start_sample": 7349, "segment_end_sample": 7350, "time_str": ""}}, {"type": "Feature", "geometry": {"type": "LineString", "coordinates": [[4.865394, 52.2973349], [4.8654657, 52.2973222]]}, "properties": {"Speed": 0.0, "Speed_display": 11.5, "road_quality": 2, "marker": 0, "trip_id": "602CA_Trip17", "hrot_diff": 0, "sample_diff": 1, "time_diff_s": 0.02, "gps_distance_m": 5.1, "original_speed": "", "wheel_diameter_mm": 711, "braking_intensity": 0.0, "is_braking": false, "is_crash": false, "crash_intensity_g": 0.0, "segment_start_sample": 7405, "segment_end_sample": 7406, "time_str": ""}}, {"type": "Feature", "geometry": {"type": "LineString", "coordinates": [[4.8654657, 52.2973222], [4.8655402, 52.297302]]}, "properties": {"Speed": 0.0, "Speed_display": 12.2, "road_quality": 2, "marker": 0, "trip_id": "602CA_Trip17", "hrot_diff": 0, "sample_diff": 1, "time_diff_s": 0.02, "gps_distance_m": 5.5, "original_speed": "", "wheel_diameter_mm": 711, "braking_intensity": 0.0, "is_braking": false, "is_crash": false, "crash_intensity_g": 0.0, "segment_start_sample": 7449, "segment_end_sample": 7450, "time_str": ""}}, {"type": "Feature", "geometry": {"type": "LineString", "coordinates": [[4.8655402, 52.297302], [4.8656064, 52.2972804]]}, "properties": {"Speed": 0.0, "Speed_display": 10.8, "road_quality": 2, "marker": 0, "trip_id": "602CA_Trip17", "hrot_diff": 0, "sample_diff": 1, "time_diff_s": 0.02, "gps_distance_m": 5.1, "original_speed": "", "wheel_diameter_mm": 711, "braking_intensity": 0.0, "is_braking": false, "is_crash": false, "crash_intensity_g": 0.0, "segment_start_sample": 7505, "segment_end_sample": 7506, "time_str": ""}}, {"type": "Feature", "geometry": {"type": "LineString", "coordinates": [[4.8656064, 52.2972804], [4.8656733, 52.2972634]]}, "properties": {"Speed": 0.0, "Speed_display": 11.5, "road_quality": 2, "marker": 0, "trip_id": "602CA_Trip17", "hrot_diff": 0, "sample_diff": 1, "time_diff_s": 0.02, "gps_distance_m": 4.9, "original_speed": "", "wheel_diameter_mm": 711, "braking_intensity": 0.0, "is_braking": false, "is_crash": false, "crash_intensity_g": 0.0, "segment_start_sample": 7550, "segment_end_sample": 7551, "time_str": ""}}, {"type": "Feature", "geometry": {"type": "LineString", "coordinates": [[4.8656733, 52.2972634], [4.8657441, 52.2972458]]}, "properties": {"Speed": 0.0, "Speed_display": 11.5, "road_quality": 2, "marker": 0, "trip_id": "602CA_Trip17", "hrot_diff": 0, "sample_diff": 1, "time_diff_s": 0.02, "gps_distance_m": 5.2, "original_speed": "", "wheel_diameter_mm": 711, "braking_intensity": 0.0, "is_braking": false, "is_crash": false, "crash_intensity_g": 0.0, "segment_start_sample": 7605, "segment_end_sample": 7606, "time_str": ""}}, {"type": "Feature", "geometry": {"type": "LineString", "coordinates": [[4.8657441, 52.2972458], [4.8658154, 52.2972278]]}, "properties": {"Speed": 0.0, "Speed_display": 11.5, "road_quality": 2, "marker": 0, "trip_id": "602CA_Trip17", "hrot_diff": 0, "sample_diff": 1, "time_diff_s": 0.02, "gps_distance_m": 5.2, "original_speed": "", "wheel_diameter_mm": 711, "braking_intensity": 0.0, "is_braking": false, "is_crash": false, "crash_intensity_g": 0.0, "segment_start_sample": 7650, "segment_end_sample": 7651, "time_str": ""}}, {"type": "Feature", "geometry": {"type": "LineString", "coordinates": [[4.8658154, 52.2972278], [4.8658859, 52.2972096]]}, "properties": {"Speed": 0.0, "Speed_display": 12.2, "road_quality": 2, "marker": 0, "trip_id": "602CA_Trip17", "hrot_diff": 0, "sample_diff": 1, "time_diff_s": 0.02, "gps_distance_m": 5.2, "original_speed": "", "wheel_diameter_mm": 711, "braking_intensity": 0.0, "is_braking": false, "is_crash": false, "crash_intensity_g": 0.0, "segment_start_sample": 7707, "segment_end_sample": 7708, "time_str": ""}}, {"type": "Feature", "geometry": {"type": "LineString", "coordinates": [[4.8658859, 52.2972096], [4.8659486, 52.2971938]]}, "properties": {"Speed": 0.0, "Speed_display": 11.5, "road_quality": 2, "marker": 0, "trip_id": "602CA_Trip17", "hrot_diff": 0, "sample_diff": 1, "time_diff_s": 0.02, "gps_distance_m": 4.6, "original_speed": "", "wheel_diameter_mm": 711, "braking_intensity": 0.0, "is_braking": false, "is_crash": false, "crash_intensity_g": 0.0, "segment_start_sample": 7753, "segment_end_sample": 7754, "time_str": ""}}, {"type": "Feature", "geometry": {"type": "LineString", "coordinates": [[4.8659486, 52.2971938], [4.8660146, 52.2971763]]}, "properties": {"Speed": 0.0, "Speed_display": 11.5, "road_quality": 2, "marker": 0, "trip_id": "602CA_Trip17", "hrot_diff": 0, "sample_diff": 1, "time_diff_s": 0.02, "gps_distance_m": 4.9, "original_speed": "", "wheel_diameter_mm": 711, "braking_intensity": 0.0, "is_braking": false, "is_crash": false, "crash_intensity_g": 0.0, "segment_start_sample": 7799, "segment_end_sample": 7800, "time_str": ""}}, {"type": "Feature", "geometry": {"type": "LineString", "coordinates": [[4.8660146, 52.2971763], [4.8660641, 52.2971607]]}, "properties": {"Speed": 0.0, "Speed_display": 10.1, "road_quality": 2, "marker": 0, "trip_id": "602CA_Trip17", "hrot_diff": 0, "sample_diff": 1, "time_diff_s": 0.02, "gps_distance_m": 3.8, "original_speed": "", "wheel_diameter_mm": 711, "braking_intensity": 0.0, "is_braking": false, "is_crash": false, "crash_intensity_g": 0.0, "segment_start_sample": 7849, "segment_end_sample": 7850, "time_str": ""}}, {"type": "Feature", "geometry": {"type": "LineString", "coordinates": [[4.8660641, 52.2971607], [4.866119, 52.2971613]]}, "properties": {"Speed": 0.0, "Speed_display": 9.4, "road_quality": 2, "marker": 0, "trip_id": "602CA_Trip17", "hrot_diff": 0, "sample_diff": 1, "time_diff_s": 0.02, "gps_distance_m": 3.7, "original_speed": "", "wheel_diameter_mm": 711, "braking_intensity": 0.0, "is_braking": false, "is_crash": false, "crash_intensity_g": 0.0, "segment_start_sample": 7901, "segment_end_sample": 7902, "time_str": ""}}, {"type": "Feature", "geometry": {"type": "LineString", "coordinates": [[4.866119, 52.2971613], [4.8661342, 52.2971792]]}, "properties": {"Speed": 0.0, "Speed_display": 7.9, "road_quality": 2, "marker": 0, "trip_id": "602CA_Trip17", "hrot_diff": 0, "sample_diff": 1, "time_diff_s": 0.02, "gps_distance_m": 2.2, "original_speed": "", "wheel_diameter_mm": 711, "braking_intensity": 0.0, "is_braking": false, "is_crash": false, "crash_intensity_g": 0.0, "segment_start_sample": 7963, "segment_end_sample": 7964, "time_str": ""}}, {"type": "Feature", "geometry": {"type": "LineString", "coordinates": [[4.8661342, 52.2971792], [4.866111, 52.2972104]]}, "properties": {"Speed": 0.0, "Speed_display": 8.6, "road_quality": 2, "marker": 0, "trip_id": "602CA_Trip17", "hrot_diff": 0, "sample_diff": 1, "time_diff_s": 0.02, "gps_distance_m": 3.8, "original_speed": "", "wheel_diameter_mm": 711, "braking_intensity": 0.0, "is_braking": false, "is_crash": false, "crash_intensity_g": 0.0, "segment_start_sample": 8010, "segment_end_sample": 8011, "time_str": ""}}, {"type": "Feature", "geometry": {"type": "LineString", "coordinates": [[4.866111, 52.2972104], [4.8660934, 52.2972389]]}, "properties": {"Speed": 0.0, "Speed_display": 7.9, "road_quality": 2, "marker": 0, "trip_id": "602CA_Trip17", "hrot_diff": 0, "sample_diff": 1, "time_diff_s": 0.02, "gps_distance_m": 3.4, "original_speed": "", "wheel_diameter_mm": 711, "braking_intensity": 0.0, "is_braking": false, "is_crash": false, "crash_intensity_g": 0.0, "segment_start_sample": 8056, "segment_end_sample": 8057, "time_str": ""}}, {"type": "Feature", "geometry": {"type": "LineString", "coordinates": [[4.8660934, 52.2972389], [4.8660833, 52.2972718]]}, "properties": {"Speed": 0.0, "Speed_display": 7.9, "road_quality": 2, "marker": 0, "trip_id": "602CA_Trip17", "hrot_diff": 0, "sample_diff": 1, "time_diff_s": 0.02, "gps_distance_m": 3.7, "original_speed": "", "wheel_diameter_mm": 711, "braking_intensity": 0.0, "is_braking": false, "is_crash": false, "crash_intensity_g": 0.0, "segment_start_sample": 8104, "segment_end_sample": 8105, "time_str": ""}}, {"type": "Feature", "geometry": {"type": "LineString", "coordinates": [[4.8660833, 52.2972718], [4.8660743, 52.2972989]]}, "properties": {"Speed": 0.0, "Speed_display": 7.9, "road_quality": 2, "marker": 0, "trip_id": "602CA_Trip17", "hrot_diff": 0, "sample_diff": 1, "time_diff_s": 0.02, "gps_distance_m": 3.1, "original_speed": "", "wheel_diameter_mm": 711, "braking_intensity": 0.0, "is_braking": false, "is_crash": false, "crash_intensity_g": 0.0, "segment_start_sample": 8150, "segment_end_sample": 8151, "time_str": ""}}, {"type": "Feature", "geometry": {"type": "LineString", "coordinates": [[4.8660743, 52.2972989], [4.8660695, 52.2973308]]}, "properties": {"Speed": 0.0, "Speed_display": 9.4, "road_quality": 2, "marker": 0, "trip_id": "602CA_Trip17", "hrot_diff": 0, "sample_diff": 1, "time_diff_s": 0.02, "gps_distance_m": 3.6, "original_speed": "", "wheel_diameter_mm": 711, "braking_intensity": 0.0, "is_braking": false, "is_crash": false, "crash_intensity_g": 0.0, "segment_start_sample": 8208, "segment_end_sample": 8209, "time_str": ""}}, {"type": "Feature", "geometry": {"type": "LineString", "coordinates": [[4.8660695, 52.2973308], [4.866057, 52.2973665]]}, "properties": {"Speed": 0.0, "Speed_display": 9.4, "road_quality": 2, "marker": 0, "trip_id": "602CA_Trip17", "hrot_diff": 0, "sample_diff": 1, "time_diff_s": 0.02, "gps_distance_m": 4.1, "original_speed": "", "wheel_diameter_mm": 711, "braking_intensity": 0.0, "is_braking": false, "is_crash": false, "crash_intensity_g": 0.0, "segment_start_sample": 8251, "segment_end_sample": 8252, "time_str": ""}}, {"type": "Feature", "geometry": {"type": "LineString", "coordinates": [[4.866057, 52.2973665], [4.866066, 52.2973966]]}, "properties": {"Speed": 0.0, "Speed_display": 7.2, "road_quality": 2, "marker": 0, "trip_id": "602CA_Trip17", "hrot_diff": 0, "sample_diff": 1, "time_diff_s": 0.02, "gps_distance_m": 3.4, "original_speed": "", "wheel_diameter_mm": 711, "braking_intensity": 0.0, "is_braking": false, "is_crash": false, "crash_intensity_g": 0.0, "segment_start_sample": 8309, "segment_end_sample": 8310, "time_str": ""}}, {"type": "Feature", "geometry": {"type": "LineString", "coordinates": [[4.866066, 52.2973966], [4.8660861, 52.2974187]]}, "properties": {"Speed": 0.0, "Speed_display": 8.6, "road_quality": 2, "marker": 0, "trip_id": "602CA_Trip17", "hrot_diff": 0, "sample_diff": 1, "time_diff_s": 0.02, "gps_distance_m": 2.8, "original_speed": "", "wheel_diameter_mm": 711, "braking_intensity": 0.0, "is_braking": false, "is_crash": false, "crash_intensity_g": 0.0, "segment_start_sample": 8353, "segment_end_sample": 8354, "time_str": ""}}, {"type": "Feature", "geometry": {"type": "LineString", "coordinates": [[4.8660861, 52.2974187], [4.8661192, 52.2974402]]}, "properties": {"Speed": 0.0, "Speed_display": 8.6, "road_quality": 3, "marker": 0, "trip_id": "602CA_Trip17", "hrot_diff": 0, "sample_diff": 1, "time_diff_s": 0.02, "gps_distance_m": 3.3, "original_speed": "", "wheel_diameter_mm": 711, "braking_intensity": 0.0, "is_braking": false, "is_crash": false, "crash_intensity_g": 0.0, "segment_start_sample": 8412, "segment_end_sample": 8413, "time_str": ""}}, {"type": "Feature", "geometry": {"type": "LineString", "coordinates": [[4.8661192, 52.2974402], [4.8661678, 52.2974564]]}, "properties": {"Speed": 0.0, "Speed_display": 9.4, "road_quality": 3, "marker": 0, "trip_id": "602CA_Trip17", "hrot_diff": 0, "sample_diff": 1, "time_diff_s": 0.02, "gps_distance_m": 3.8, "original_speed": "", "wheel_diameter_mm": 711, "braking_intensity": 0.0, "is_braking": false, "is_crash": false, "crash_intensity_g": 0.0, "segment_start_sample": 8458, "segment_end_sample": 8459, "time_str": ""}}, {"type": "Feature", "geometry": {"type": "LineString", "coordinates": [[4.8661678, 52.2974564], [4.8662203, 52.2974735]]}, "properties": {"Speed": 0.0, "Speed_display": 8.6, "road_quality": 2, "marker": 0, "trip_id": "602CA_Trip17", "hrot_diff": 0, "sample_diff": 1, "time_diff_s": 0.02, "gps_distance_m": 4.0, "original_speed": "", "wheel_diameter_mm": 711, "braking_intensity": 0.0, "is_braking": false, "is_crash": false, "crash_intensity_g": 0.0, "segment_start_sample": 8504, "segment_end_sample": 8505, "time_str": ""}}, {"type": "Feature", "geometry": {"type": "LineString", "coordinates": [[4.8662203, 52.2974735], [4.8662726, 52.2974808]]}, "properties": {"Speed": 0.0, "Speed_display": 8.6, "road_quality": 2, "marker": 0, "trip_id": "602CA_Trip17", "hrot_diff": 0, "sample_diff": 1, "time_diff_s": 0.02, "gps_distance_m": 3.6, "original_speed": "", "wheel_diameter_mm": 711, "braking_intensity": 0.0, "is_braking": false, "is_crash": false, "crash_intensity_g": 0.0, "segment_start_sample": 8553, "segment_end_sample": 8554, "time_str": ""}}, {"type": "Feature", "geometry": {"type": "LineString", "coordinates": [[4.8662726, 52.2974808], [4.8663145, 52.2974895]]}, "properties": {"Speed": 0.0, "Speed_display": 7.9, "road_quality": 2, "marker": 0, "trip_id": "602CA_Trip17", "hrot_diff": 0, "sample_diff": 1, "time_diff_s": 0.02, "gps_distance_m": 3.0, "original_speed": "", "wheel_diameter_mm": 711, "braking_intensity": 0.0, "is_braking": false, "is_crash": false, "crash_intensity_g": 0.0, "segment_start_sample": 8598, "segment_end_sample": 8599, "time_str": ""}}, {"type": "Feature", "geometry": {"type": "LineString", "coordinates": [[4.8663145, 52.2974895], [4.8663539, 52.2974826]]}, "properties": {"Speed": 0.0, "Speed_display": 7.2, "road_quality": 2, "marker": 0, "trip_id": "602CA_Trip17", "hrot_diff": 0, "sample_diff": 1, "time_diff_s": 0.02, "gps_distance_m": 2.8, "original_speed": "", "wheel_diameter_mm": 711, "braking_intensity": 0.0, "is_braking": false, "is_crash": false, "crash_intensity_g": 0.0, "segment_start_sample": 8664, "segment_end_sample": 8665, "time_str": ""}}, {"type": "Feature", "geometry": {"type": "LineString", "coordinates": [[4.8663539, 52.2974826], [4.8663892, 52.297468]]}, "properties": {"Speed": 0.0, "Speed_display": 6.5, "road_quality": 2, "marker": 0, "trip_id": "602CA_Trip17", "hrot_diff": 0, "sample_diff": 1, "time_diff_s": 0.02, "gps_distance_m": 2.9, "original_speed": "", "wheel_diameter_mm": 711, "braking_intensity": 0.0, "is_braking": false, "is_crash": false, "crash_intensity_g": 0.0, "segment_start_sample": 8714, "segment_end_sample": 8715, "time_str": ""}}, {"type": "Feature", "geometry": {"type": "LineString", "coordinates": [[4.8663892, 52.297468], [4.8664132, 52.2974531]]}, "properties": {"Speed": 0.0, "Speed_display": 6.5, "road_quality": 2, "marker": 0, "trip_id": "602CA_Trip17", "hrot_diff": 0, "sample_diff": 1, "time_diff_s": 0.02, "gps_distance_m": 2.3, "original_speed": "", "wheel_diameter_mm": 711, "braking_intensity": 0.0, "is_braking": false, "is_crash": false, "crash_intensity_g": 0.0, "segment_start_sample": 8762, "segment_end_sample": 8763, "time_str": ""}}, {"type": "Feature", "geometry": {"type": "LineString", "coordinates": [[4.8664132, 52.2974531], [4.8664254, 52.2974331]]}, "properties": {"Speed": 0.0, "Speed_display": 7.2, "road_quality": 2, "marker": 0, "trip_id": "602CA_Trip17", "hrot_diff": 0, "sample_diff": 1, "time_diff_s": 0.02, "gps_distance_m": 2.4, "original_speed": "", "wheel_diameter_mm": 711, "braking_intensity": 0.0, "is_braking": false, "is_crash": false, "crash_intensity_g": 0.0, "segment_start_sample": 8809, "segment_end_sample": 8810, "time_str": ""}}, {"type": "Feature", "geometry": {"type": "LineString", "coordinates": [[4.8664254, 52.2974331], [4.8664494, 52.2973999]]}, "properties": {"Speed": 0.0, "Speed_display": 8.6, "road_quality": 2, "marker": 0, "trip_id": "602CA_Trip17", "hrot_diff": 0, "sample_diff": 1, "time_diff_s": 0.02, "gps_distance_m": 4.0, "original_speed": "", "wheel_diameter_mm": 711, "braking_intensity": 0.0, "is_braking": false, "is_crash": false, "crash_intensity_g": 0.0, "segment_start_sample": 8855, "segment_end_sample": 8856, "time_str": ""}}, {"type": "Feature", "geometry": {"type": "LineString", "coordinates": [[4.8664494, 52.2973999], [4.8664798, 52.2973729]]}, "properties": {"Speed": 0.0, "Speed_display": 8.6, "road_quality": 2, "marker": 0, "trip_id": "602CA_Trip17", "hrot_diff": 0, "sample_diff": 1, "time_diff_s": 0.02, "gps_distance_m": 3.6, "original_speed": "", "wheel_diameter_mm": 711, "braking_intensity": 0.0, "is_braking": false, "is_crash": false, "crash_intensity_g": 0.0, "segment_start_sample": 8899, "segment_end_sample": 8900, "time_str": ""}}, {"type": "Feature", "geometry": {"type": "LineString", "coordinates": [[4.8664798, 52.2973729], [4.8665115, 52.2973426]]}, "properties": {"Speed": 0.0, "Speed_display": 8.6, "road_quality": 2, "marker": 0, "trip_id": "602CA_Trip17", "hrot_diff": 0, "sample_diff": 1, "time_diff_s": 0.02, "gps_distance_m": 4.0, "original_speed": "", "wheel_diameter_mm": 711, "braking_intensity": 0.0, "is_braking": false, "is_crash": false, "crash_intensity_g": 0.0, "segment_start_sample": 8958, "segment_end_sample": 8959, "time_str": ""}}, {"type": "Feature", "geometry": {"type": "LineString", "coordinates": [[4.8665115, 52.2973426], [4.8665401, 52.2973126]]}, "properties": {"Speed": 0.0, "Speed_display": 8.6, "road_quality": 2, "marker": 0, "trip_id": "602CA_Trip17", "hrot_diff": 0, "sample_diff": 1, "time_diff_s": 0.02, "gps_distance_m": 3.9, "original_speed": "", "wheel_diameter_mm": 711, "braking_intensity": 0.0, "is_braking": false, "is_crash": false, "crash_intensity_g": 0.0, "segment_start_sample": 9004, "segment_end_sample": 9005, "time_str": ""}}, {"type": "Feature", "geometry": {"type": "LineString", "coordinates": [[4.8665401, 52.2973126], [4.8665746, 52.297282]]}, "properties": {"Speed": 0.0, "Speed_display": 9.4, "road_quality": 2, "marker": 0, "trip_id": "602CA_Trip17", "hrot_diff": 0, "sample_diff": 1, "time_diff_s": 0.02, "gps_distance_m": 4.1, "original_speed": "", "wheel_diameter_mm": 711, "braking_intensity": 0.0, "is_braking": false, "is_crash": false, "crash_intensity_g": 0.0, "segment_start_sample": 9050, "segment_end_sample": 9051, "time_str": ""}}, {"type": "Feature", "geometry": {"type": "LineString", "coordinates": [[4.8665746, 52.297282], [4.8666074, 52.2972549]]}, "properties": {"Speed": 0.0, "Speed_display": 8.6, "road_quality": 2, "marker": 0, "trip_id": "602CA_Trip17", "hrot_diff": 0, "sample_diff": 1, "time_diff_s": 0.02, "gps_distance_m": 3.7, "original_speed": "", "wheel_diameter_mm": 711, "braking_intensity": 0.0, "is_braking": false, "is_crash": false, "crash_intensity_g": 0.0, "segment_start_sample": 9099, "segment_end_sample": 9100, "time_str": ""}}, {"type": "Feature", "geometry": {"type": "LineString", "coordinates": [[4.8666074, 52.2972549], [4.8666467, 52.2972358]]}, "properties": {"Speed": 0.0, "Speed_display": 8.6, "road_quality": 2, "marker": 0, "trip_id": "602CA_Trip17", "hrot_diff": 0, "sample_diff": 1, "time_diff_s": 0.02, "gps_distance_m": 3.4, "original_speed": "", "wheel_diameter_mm": 711, "braking_intensity": 0.0, "is_braking": false, "is_crash": false, "crash_intensity_g": 0.0, "segment_start_sample": 9149, "segment_end_sample": 9150, "time_str": ""}}, {"type": "Feature", "geometry": {"type": "LineString", "coordinates": [[4.8666467, 52.2972358], [4.8666837, 52.2972175]]}, "properties": {"Speed": 0.0, "Speed_display": 8.6, "road_quality": 2, "marker": 0, "trip_id": "602CA_Trip17", "hrot_diff": 0, "sample_diff": 1, "time_diff_s": 0.02, "gps_distance_m": 3.2, "original_speed": "", "wheel_diameter_mm": 711, "braking_intensity": 0.0, "is_braking": false, "is_crash": false, "crash_intensity_g": 0.0, "segment_start_sample": 9198, "segment_end_sample": 9199, "time_str": ""}}, {"type": "Feature", "geometry": {"type": "LineString", "coordinates": [[4.8666837, 52.2972175], [4.8667201, 52.2972031]]}, "properties": {"Speed": 0.0, "Speed_display": 7.2, "road_quality": 2, "marker": 0, "trip_id": "602CA_Trip17", "hrot_diff": 0, "sample_diff": 1, "time_diff_s": 0.02, "gps_distance_m": 2.9, "original_speed": "", "wheel_diameter_mm": 711, "braking_intensity": 0.0, "is_braking": false, "is_crash": false, "crash_intensity_g": 0.0, "segment_start_sample": 9248, "segment_end_sample": 9249, "time_str": ""}}, {"type": "Feature", "geometry": {"type": "LineString", "coordinates": [[4.8667201, 52.2972031], [4.8667555, 52.2971926]]}, "properties": {"Speed": 0.0, "Speed_display": 7.2, "road_quality": 2, "marker": 0, "trip_id": "602CA_Trip17", "hrot_diff": 0, "sample_diff": 1, "time_diff_s": 0.02, "gps_distance_m": 2.7, "original_speed": "", "wheel_diameter_mm": 711, "braking_intensity": 0.0, "is_braking": false, "is_crash": false, "crash_intensity_g": 0.0, "segment_start_sample": 9300, "segment_end_sample": 9301, "time_str": ""}}, {"type": "Feature", "geometry": {"type": "LineString", "coordinates": [[4.8667555, 52.2971926], [4.8667944, 52.2971857]]}, "properties": {"Speed": 0.0, "Speed_display": 5.8, "road_quality": 2, "marker": 0, "trip_id": "602CA_Trip17", "hrot_diff": 0, "sample_diff": 1, "time_diff_s": 0.02, "gps_distance_m": 2.8, "original_speed": "", "wheel_diameter_mm": 711, "braking_intensity": 0.0, "is_braking": false, "is_crash": false, "crash_intensity_g": 0.0, "segment_start_sample": 9351, "segment_end_sample": 9352, "time_str": ""}}, {"type": "Feature", "geometry": {"type": "LineString", "coordinates": [[4.8667944, 52.2971857], [4.8668255, 52.2971945]]}, "properties": {"Speed": 0.0, "Speed_display": 5.8, "road_quality": 2, "marker": 0, "trip_id": "602CA_Trip17", "hrot_diff": 0, "sample_diff": 1, "time_diff_s": 0.02, "gps_distance_m": 2.3, "original_speed": "", "wheel_diameter_mm": 711, "braking_intensity": 0.0, "is_braking": false, "is_crash": false, "crash_intensity_g": 0.0, "segment_start_sample": 9403, "segment_end_sample": 9404, "time_str": ""}}, {"type": "Feature", "geometry": {"type": "LineString", "coordinates": [[4.8668255, 52.2971945], [4.8668446, 52.297217]]}, "properties": {"Speed": 0.0, "Speed_display": 7.9, "road_quality": 2, "marker": 0, "trip_id": "602CA_Trip17", "hrot_diff": 0, "sample_diff": 1, "time_diff_s": 0.02, "gps_distance_m": 2.8, "original_speed": "", "wheel_diameter_mm": 711, "braking_intensity": 0.0, "is_braking": false, "is_crash": false, "crash_intensity_g": 0.0, "segment_start_sample": 9456, "segment_end_sample": 9457, "time_str": ""}}, {"type": "Feature", "geometry": {"type": "LineString", "coordinates": [[4.8668446, 52.297217], [4.8668673, 52.2972499]]}, "properties": {"Speed": 0.0, "Speed_display": 7.9, "road_quality": 2, "marker": 0, "trip_id": "602CA_Trip17", "hrot_diff": 0, "sample_diff": 1, "time_diff_s": 0.02, "gps_distance_m": 4.0, "original_speed": "", "wheel_diameter_mm": 711, "braking_intensity": 0.0, "is_braking": false, "is_crash": false, "crash_intensity_g": 0.0, "segment_start_sample": 9509, "segment_end_sample": 9510, "time_str": ""}}, {"type": "Feature", "geometry": {"type": "LineString", "coordinates": [[4.8668673, 52.2972499], [4.8668974, 52.2972764]]}, "properties": {"Speed": 0.0, "Speed_display": 7.2, "road_quality": 2, "marker": 0, "trip_id": "602CA_Trip17", "hrot_diff": 0, "sample_diff": 1, "time_diff_s": 0.02, "gps_distance_m": 3.6, "original_speed": "", "wheel_diameter_mm": 711, "braking_intensity": 0.0, "is_braking": false, "is_crash": false, "crash_intensity_g": 0.0, "segment_start_sample": 9561, "segment_end_sample": 9562, "time_str": ""}}, {"type": "Feature", "geometry": {"type": "LineString", "coordinates": [[4.8668974, 52.2972764], [4.8669288, 52.2972954]]}, "properties": {"Speed": 0.0, "Speed_display": 7.9, "road_quality": 2, "marker": 0, "trip_id": "602CA_Trip17", "hrot_diff": 0, "sample_diff": 1, "time_diff_s": 0.02, "gps_distance_m": 3.0, "original_speed": "", "wheel_diameter_mm": 711, "braking_intensity": 0.0, "is_braking": false, "is_crash": false, "crash_intensity_g": 0.0, "segment_start_sample": 9614, "segment_end_sample": 9615, "time_str": ""}}, {"type": "Feature", "geometry": {"type": "LineString", "coordinates": [[4.8669288, 52.2972954], [4.8669652, 52.2973118]]}, "properties": {"Speed": 0.0, "Speed_display": 7.2, "road_quality": 2, "marker": 0, "trip_id": "602CA_Trip17", "hrot_diff": 0, "sample_diff": 1, "time_diff_s": 0.02, "gps_distance_m": 3.1, "original_speed": "", "wheel_diameter_mm": 711, "braking_intensity": 0.0, "is_braking": false, "is_crash": false, "crash_intensity_g": 0.0, "segment_start_sample": 9649, "segment_end_sample": 9650, "time_str": ""}}, {"type": "Feature", "geometry": {"type": "LineString", "coordinates": [[4.8669652, 52.2973118], [4.8669973, 52.2973247]]}, "properties": {"Speed": 0.0, "Speed_display": 7.9, "road_quality": 2, "marker": 0, "trip_id": "602CA_Trip17", "hrot_diff": 0, "sample_diff": 1, "time_diff_s": 0.02, "gps_distance_m": 2.6, "original_speed": "", "wheel_diameter_mm": 711, "braking_intensity": 0.0, "is_braking": false, "is_crash": false, "crash_intensity_g": 0.0, "segment_start_sample": 9699, "segment_end_sample": 9700, "time_str": ""}}, {"type": "Feature", "geometry": {"type": "LineString", "coordinates": [[4.8669973, 52.2973247], [4.8670354, 52.2973446]]}, "properties": {"Speed": 0.0, "Speed_display": 8.6, "road_quality": 2, "marker": 0, "trip_id": "602CA_Trip17", "hrot_diff": 0, "sample_diff": 1, "time_diff_s": 0.02, "gps_distance_m": 3.4, "original_speed": "", "wheel_diameter_mm": 711, "braking_intensity": 0.0, "is_braking": false, "is_crash": false, "crash_intensity_g": 0.0, "segment_start_sample": 9749, "segment_end_sample": 9750, "time_str": ""}}, {"type": "Feature", "geometry": {"type": "LineString", "coordinates": [[4.8670354, 52.2973446], [4.8670686, 52.2973658]]}, "properties": {"Speed": 0.0, "Speed_display": 8.6, "road_quality": 2, "marker": 0, "trip_id": "602CA_Trip17", "hrot_diff": 0, "sample_diff": 1, "time_diff_s": 0.02, "gps_distance_m": 3.3, "original_speed": "", "wheel_diameter_mm": 711, "braking_intensity": 0.0, "is_braking": false, "is_crash": false, "crash_intensity_g": 0.0, "segment_start_sample": 9811, "segment_end_sample": 9812, "time_str": ""}}, {"type": "Feature", "geometry": {"type": "LineString", "coordinates": [[4.8670686, 52.2973658], [4.8670982, 52.2973848]]}, "properties": {"Speed": 0.0, "Speed_display": 8.6, "road_quality": 2, "marker": 0, "trip_id": "602CA_Trip17", "hrot_diff": 0, "sample_diff": 1, "time_diff_s": 0.02, "gps_distance_m": 2.9, "original_speed": "", "wheel_diameter_mm": 711, "braking_intensity": 0.0, "is_braking": false, "is_crash": false, "crash_intensity_g": 0.0, "segment_start_sample": 9858, "segment_end_sample": 9859, "time_str": ""}}, {"type": "Feature", "geometry": {"type": "LineString", "coordinates": [[4.8670982, 52.2973848], [4.8671222, 52.2974078]]}, "properties": {"Speed": 0.0, "Speed_display": 9.4, "road_quality": 2, "marker": 0, "trip_id": "602CA_Trip17", "hrot_diff": 0, "sample_diff": 1, "time_diff_s": 0.02, "gps_distance_m": 3.0, "original_speed": "", "wheel_diameter_mm": 711, "braking_intensity": 0.0, "is_braking": false, "is_crash": false, "crash_intensity_g": 0.0, "segment_start_sample": 9907, "segment_end_sample": 9908, "time_str": ""}}, {"type": "Feature", "geometry": {"type": "LineString", "coordinates": [[4.8671222, 52.2974078], [4.8671459, 52.2974351]]}, "properties": {"Speed": 0.0, "Speed_display": 8.6, "road_quality": 2, "marker": 0, "trip_id": "602CA_Trip17", "hrot_diff": 0, "sample_diff": 1, "time_diff_s": 0.02, "gps_distance_m": 3.4, "original_speed": "", "wheel_diameter_mm": 711, "braking_intensity": 0.0, "is_braking": false, "is_crash": false, "crash_intensity_g": 0.0, "segment_start_sample": 9953, "segment_end_sample": 9954, "time_str": ""}}, {"type": "Feature", "geometry": {"type": "LineString", "coordinates": [[4.8671459, 52.2974351], [4.8671763, 52.2974616]]}, "properties": {"Speed": 0.0, "Speed_display": 9.4, "road_quality": 2, "marker": 0, "trip_id": "602CA_Trip17", "hrot_diff": 0, "sample_diff": 1, "time_diff_s": 0.02, "gps_distance_m": 3.6, "original_speed": "", "wheel_diameter_mm": 711, "braking_intensity": 0.0, "is_braking": false, "is_crash": false, "crash_intensity_g": 0.0, "segment_start_sample": 10000, "segment_end_sample": 10001, "time_str": ""}}, {"type": "Feature", "geometry": {"type": "LineString", "coordinates": [[4.8671763, 52.2974616], [4.8672072, 52.2974891]]}, "properties": {"Speed": 0.0, "Speed_display": 9.4, "road_quality": 2, "marker": 0, "trip_id": "602CA_Trip17", "hrot_diff": 0, "sample_diff": 1, "time_diff_s": 0.02, "gps_distance_m": 3.7, "original_speed": "", "wheel_diameter_mm": 711, "braking_intensity": 0.0, "is_braking": false, "is_crash": false, "crash_intensity_g": 0.0, "segment_start_sample": 10060, "segment_end_sample": 10061, "time_str": ""}}, {"type": "Feature", "geometry": {"type": "LineString", "coordinates": [[4.8672072, 52.2974891], [4.8672365, 52.2975166]]}, "properties": {"Speed": 0.0, "Speed_display": 9.4, "road_quality": 2, "marker": 0, "trip_id": "602CA_Trip17", "hrot_diff": 0, "sample_diff": 1, "time_diff_s": 0.02, "gps_distance_m": 3.6, "original_speed": "", "wheel_diameter_mm": 711, "braking_intensity": 0.0, "is_braking": false, "is_crash": false, "crash_intensity_g": 0.0, "segment_start_sample": 10101, "segment_end_sample": 10102, "time_str": ""}}, {"type": "Feature", "geometry": {"type": "LineString", "coordinates": [[4.8672365, 52.2975166], [4.8672618, 52.2975439]]}, "properties": {"Speed": 0.0, "Speed_display": 10.1, "road_quality": 2, "marker": 0, "trip_id": "602CA_Trip17", "hrot_diff": 0, "sample_diff": 1, "time_diff_s": 0.02, "gps_distance_m": 3.5, "original_speed": "", "wheel_diameter_mm": 711, "braking_intensity": 0.0, "is_braking": false, "is_crash": false, "crash_intensity_g": 0.0, "segment_start_sample": 10156, "segment_end_sample": 10157, "time_str": ""}}, {"type": "Feature", "geometry": {"type": "LineString", "coordinates": [[4.8672618, 52.2975439], [4.8673045, 52.2975721]]}, "properties": {"Speed": 0.0, "Speed_display": 10.1, "road_quality": 2, "marker": 0, "trip_id": "602CA_Trip17", "hrot_diff": 0, "sample_diff": 1, "time_diff_s": 0.02, "gps_distance_m": 4.3, "original_speed": "", "wheel_diameter_mm": 711, "braking_intensity": 0.0, "is_braking": false, "is_crash": false, "crash_intensity_g": 0.0, "segment_start_sample": 10210, "segment_end_sample": 10211, "time_str": ""}}, {"type": "Feature", "geometry": {"type": "LineString", "coordinates": [[4.8673045, 52.2975721], [4.8673444, 52.2976006]]}, "properties": {"Speed": 0.0, "Speed_display": 10.8, "road_quality": 2, "marker": 0, "trip_id": "602CA_Trip17", "hrot_diff": 0, "sample_diff": 1, "time_diff_s": 0.02, "gps_distance_m": 4.2, "original_speed": "", "wheel_diameter_mm": 711, "braking_intensity": 0.0, "is_braking": false, "is_crash": false, "crash_intensity_g": 0.0, "segment_start_sample": 10248, "segment_end_sample": 10249, "time_str": ""}}, {"type": "Feature", "geometry": {"type": "LineString", "coordinates": [[4.8673444, 52.2976006], [4.8673976, 52.2976234]]}, "properties": {"Speed": 0.0, "Speed_display": 11.5, "road_quality": 2, "marker": 0, "trip_id": "602CA_Trip17", "hrot_diff": 0, "sample_diff": 1, "time_diff_s": 0.02, "gps_distance_m": 4.4, "original_speed": "", "wheel_diameter_mm": 711, "braking_intensity": 0.0, "is_braking": false, "is_crash": false, "crash_intensity_g": 0.0, "segment_start_sample": 10299, "segment_end_sample": 10300, "time_str": ""}}, {"type": "Feature", "geometry": {"type": "LineString", "coordinates": [[4.8673976, 52.2976234], [4.8674561, 52.2976559]]}, "properties": {"Speed": 0.0, "Speed_display": 11.5, "road_quality": 2, "marker": 0, "trip_id": "602CA_Trip17", "hrot_diff": 0, "sample_diff": 1, "time_diff_s": 0.02, "gps_distance_m": 5.4, "original_speed": "", "wheel_diameter_mm": 711, "braking_intensity": 0.0, "is_braking": false, "is_crash": false, "crash_intensity_g": 0.0, "segment_start_sample": 10359, "segment_end_sample": 10360, "time_str": ""}}, {"type": "Feature", "geometry": {"type": "LineString", "coordinates": [[4.8674561, 52.2976559], [4.8675078, 52.2976833]]}, "properties": {"Speed": 0.0, "Speed_display": 11.5, "road_quality": 3, "marker": 0, "trip_id": "602CA_Trip17", "hrot_diff": 0, "sample_diff": 1, "time_diff_s": 0.02, "gps_distance_m": 4.7, "original_speed": "", "wheel_diameter_mm": 711, "braking_intensity": 0.0, "is_braking": false, "is_crash": false, "crash_intensity_g": 0.0, "segment_start_sample": 10406, "segment_end_sample": 10407, "time_str": ""}}, {"type": "Feature", "geometry": {"type": "LineString", "coordinates": [[4.8675078, 52.2976833], [4.8675569, 52.2977128]]}, "properties": {"Speed": 0.0, "Speed_display": 12.2, "road_quality": 3, "marker": 0, "trip_id": "602CA_Trip17", "hrot_diff": 0, "sample_diff": 1, "time_diff_s": 0.02, "gps_distance_m": 4.7, "original_speed": "", "wheel_diameter_mm": 711, "braking_intensity": 0.0, "is_braking": false, "is_crash": false, "crash_intensity_g": 0.0, "segment_start_sample": 10453, "segment_end_sample": 10454, "time_str": ""}}, {"type": "Feature", "geometry": {"type": "LineString", "coordinates": [[4.8675569, 52.2977128], [4.8676054, 52.2977419]]}, "properties": {"Speed": 0.0, "Speed_display": 12.2, "road_quality": 2, "marker": 0, "trip_id": "602CA_Trip17", "hrot_diff": 0, "sample_diff": 1, "time_diff_s": 0.02, "gps_distance_m": 4.6, "original_speed": "", "wheel_diameter_mm": 711, "braking_intensity": 0.0, "is_braking": false, "is_crash": false, "crash_intensity_g": 0.0, "segment_start_sample": 10500, "segment_end_sample": 10501, "time_str": ""}}, {"type": "Feature", "geometry": {"type": "LineString", "coordinates": [[4.8676054, 52.2977419], [4.8676531, 52.2977733]]}, "properties": {"Speed": 0.0, "Speed_display": 13.0, "road_quality": 2, "marker": 0, "trip_id": "602CA_Trip17", "hrot_diff": 0, "sample_diff": 1, "time_diff_s": 0.02, "gps_distance_m": 4.8, "original_speed": "", "wheel_diameter_mm": 711, "braking_intensity": 0.0, "is_braking": false, "is_crash": false, "crash_intensity_g": 0.0, "segment_start_sample": 10554, "segment_end_sample": 10555, "time_str": ""}}, {"type": "Feature", "geometry": {"type": "LineString", "coordinates": [[4.8676531, 52.2977733], [4.8677103, 52.2978034]]}, "properties": {"Speed": 0.0, "Speed_display": 13.0, "road_quality": 2, "marker": 0, "trip_id": "602CA_Trip17", "hrot_diff": 0, "sample_diff": 1, "time_diff_s": 0.02, "gps_distance_m": 5.1, "original_speed": "", "wheel_diameter_mm": 711, "braking_intensity": 0.0, "is_braking": false, "is_crash": false, "crash_intensity_g": 0.0, "segment_start_sample": 10599, "segment_end_sample": 10600, "time_str": ""}}, {"type": "Feature", "geometry": {"type": "LineString", "coordinates": [[4.8677103, 52.2978034], [4.8677651, 52.2978366]]}, "properties": {"Speed": 0.0, "Speed_display": 13.0, "road_quality": 2, "marker": 0, "trip_id": "602CA_Trip17", "hrot_diff": 0, "sample_diff": 1, "time_diff_s": 0.02, "gps_distance_m": 5.2, "original_speed": "", "wheel_diameter_mm": 711, "braking_intensity": 0.0, "is_braking": false, "is_crash": false, "crash_intensity_g": 0.0, "segment_start_sample": 10651, "segment_end_sample": 10652, "time_str": ""}}, {"type": "Feature", "geometry": {"type": "LineString", "coordinates": [[4.8677651, 52.2978366], [4.8678183, 52.2978702]]}, "properties": {"Speed": 0.0, "Speed_display": 13.7, "road_quality": 2, "marker": 0, "trip_id": "602CA_Trip17", "hrot_diff": 0, "sample_diff": 1, "time_diff_s": 0.02, "gps_distance_m": 5.2, "original_speed": "", "wheel_diameter_mm": 711, "braking_intensity": 0.0, "is_braking": false, "is_crash": false, "crash_intensity_g": 0.0, "segment_start_sample": 10704, "segment_end_sample": 10705, "time_str": ""}}, {"type": "Feature", "geometry": {"type": "LineString", "coordinates": [[4.8678183, 52.2978702], [4.8678728, 52.2979087]]}, "properties": {"Speed": 0.0, "Speed_display": 13.7, "road_quality": 3, "marker": 0, "trip_id": "602CA_Trip17", "hrot_diff": 0, "sample_diff": 1, "time_diff_s": 0.02, "gps_distance_m": 5.7, "original_speed": "", "wheel_diameter_mm": 711, "braking_intensity": 0.0, "is_braking": false, "is_crash": false, "crash_intensity_g": 0.0, "segment_start_sample": 10756, "segment_end_sample": 10757, "time_str": ""}}, {"type": "Feature", "geometry": {"type": "LineString", "coordinates": [[4.8678728, 52.2979087], [4.8679286, 52.2979461]]}, "properties": {"Speed": 0.0, "Speed_display": 14.4, "road_quality": 3, "marker": 0, "trip_id": "602CA_Trip17", "hrot_diff": 0, "sample_diff": 1, "time_diff_s": 0.02, "gps_distance_m": 5.6, "original_speed": "", "wheel_diameter_mm": 711, "braking_intensity": 0.0, "is_braking": false, "is_crash": false, "crash_intensity_g": 0.0, "segment_start_sample": 10806, "segment_end_sample": 10807, "time_str": ""}}, {"type": "Feature", "geometry": {"type": "LineString", "coordinates": [[4.8679286, 52.2979461], [4.8679792, 52.2979844]]}, "properties": {"Speed": 0.0, "Speed_display": 13.7, "road_quality": 3, "marker": 0, "trip_id": "602CA_Trip17", "hrot_diff": 0, "sample_diff": 1, "time_diff_s": 0.02, "gps_distance_m": 5.5, "original_speed": "", "wheel_diameter_mm": 711, "braking_intensity": 0.0, "is_braking": false, "is_crash": false, "crash_intensity_g": 0.0, "segment_start_sample": 10855, "segment_end_sample": 10856, "time_str": ""}}, {"type": "Feature", "geometry": {"type": "LineString", "coordinates": [[4.8679792, 52.2979844], [4.8680281, 52.2980238]]}, "properties": {"Speed": 0.0, "Speed_display": 13.7, "road_quality": 3, "marker": 0, "trip_id": "602CA_Trip17", "hrot_diff": 0, "sample_diff": 1, "time_diff_s": 0.02, "gps_distance_m": 5.5, "original_speed": "", "wheel_diameter_mm": 711, "braking_intensity": 0.0, "is_braking": false, "is_crash": false, "crash_intensity_g": 0.0, "segment_start_sample": 10906, "segment_end_sample": 10907, "time_str": ""}}, {"type": "Feature", "geometry": {"type": "LineString", "coordinates": [[4.8680281, 52.2980238], [4.8680747, 52.298062]]}, "properties": {"Speed": 0.0, "Speed_display": 13.7, "road_quality": 3, "marker": 0, "trip_id": "602CA_Trip17", "hrot_diff": 0, "sample_diff": 1, "time_diff_s": 0.02, "gps_distance_m": 5.3, "original_speed": "", "wheel_diameter_mm": 711, "braking_intensity": 0.0, "is_braking": false, "is_crash": false, "crash_intensity_g": 0.0, "segment_start_sample": 10954, "segment_end_sample": 10955, "time_str": ""}}, {"type": "Feature", "geometry": {"type": "LineString", "coordinates": [[4.8680747, 52.298062], [4.8681199, 52.2981029]]}, "properties": {"Speed": 0.0, "Speed_display": 14.4, "road_quality": 2, "marker": 0, "trip_id": "602CA_Trip17", "hrot_diff": 0, "sample_diff": 1, "time_diff_s": 0.02, "gps_distance_m": 5.5, "original_speed": "", "wheel_diameter_mm": 711, "braking_intensity": 0.0, "is_braking": false, "is_crash": false, "crash_intensity_g": 0.0, "segment_start_sample": 11002, "segment_end_sample": 11003, "time_str": ""}}, {"type": "Feature", "geometry": {"type": "LineString", "coordinates": [[4.8681199, 52.2981029], [4.8681674, 52.2981397]]}, "properties": {"Speed": 0.0, "Speed_display": 15.1, "road_quality": 2, "marker": 0, "trip_id": "602CA_Trip17", "hrot_diff": 0, "sample_diff": 1, "time_diff_s": 0.02, "gps_distance_m": 5.2, "original_speed": "", "wheel_diameter_mm": 711, "braking_intensity": 0.0, "is_braking": false, "is_crash": false, "crash_intensity_g": 0.0, "segment_start_sample": 11049, "segment_end_sample": 11050, "time_str": ""}}, {"type": "Feature", "geometry": {"type": "LineString", "coordinates": [[4.8681674, 52.2981397], [4.8682166, 52.2981828]]}, "properties": {"Speed": 0.0, "Speed_display": 15.8, "road_quality": 3, "marker": 0, "trip_id": "602CA_Trip17", "hrot_diff": 0, "sample_diff": 1, "time_diff_s": 0.02, "gps_distance_m": 5.8, "original_speed": "", "wheel_diameter_mm": 711, "braking_intensity": 0.0, "is_braking": false, "is_crash": false, "crash_intensity_g": 0.0, "segment_start_sample": 11106, "segment_end_sample": 11107, "time_str": ""}}, {"type": "Feature", "geometry": {"type": "LineString", "coordinates": [[4.8682166, 52.2981828], [4.8682633, 52.2982277]]}, "properties": {"Speed": 0.0, "Speed_display": 14.4, "road_quality": 3, "marker": 0, "trip_id": "602CA_Trip17", "hrot_diff": 0, "sample_diff": 1, "time_diff_s": 0.02, "gps_distance_m": 5.9, "original_speed": "", "wheel_diameter_mm": 711, "braking_intensity": 0.0, "is_braking": false, "is_crash": false, "crash_intensity_g": 0.0, "segment_start_sample": 11151, "segment_end_sample": 11152, "time_str": ""}}, {"type": "Feature", "geometry": {"type": "LineString", "coordinates": [[4.8682633, 52.2982277], [4.8682949, 52.298274]]}, "properties": {"Speed": 0.0, "Speed_display": 13.7, "road_quality": 2, "marker": 0, "trip_id": "602CA_Trip17", "hrot_diff": 0, "sample_diff": 1, "time_diff_s": 0.02, "gps_distance_m": 5.6, "original_speed": "", "wheel_diameter_mm": 711, "braking_intensity": 0.0, "is_braking": false, "is_crash": false, "crash_intensity_g": 0.0, "segment_start_sample": 11205, "segment_end_sample": 11206, "time_str": ""}}, {"type": "Feature", "geometry": {"type": "LineString", "coordinates": [[4.8682949, 52.298274], [4.8683275, 52.2983185]]}, "properties": {"Speed": 0.0, "Speed_display": 13.0, "road_quality": 2, "marker": 0, "trip_id": "602CA_Trip17", "hrot_diff": 0, "sample_diff": 1, "time_diff_s": 0.02, "gps_distance_m": 5.4, "original_speed": "", "wheel_diameter_mm": 711, "braking_intensity": 0.0, "is_braking": false, "is_crash": false, "crash_intensity_g": 0.0, "segment_start_sample": 11251, "segment_end_sample": 11252, "time_str": ""}}, {"type": "Feature", "geometry": {"type": "LineString", "coordinates": [[4.8683275, 52.2983185], [4.8683578, 52.2983671]]}, "properties": {"Speed": 0.0, "Speed_display": 14.4, "road_quality": 2, "marker": 0, "trip_id": "602CA_Trip17", "hrot_diff": 0, "sample_diff": 1, "time_diff_s": 0.02, "gps_distance_m": 5.8, "original_speed": "", "wheel_diameter_mm": 711, "braking_intensity": 0.0, "is_braking": false, "is_crash": false, "crash_intensity_g": 0.0, "segment_start_sample": 11298, "segment_end_sample": 11299, "time_str": ""}}, {"type": "Feature", "geometry": {"type": "LineString", "coordinates": [[4.8683578, 52.2983671], [4.8683887, 52.2984136]]}, "properties": {"Speed": 0.0, "Speed_display": 13.7, "road_quality": 2, "marker": 0, "trip_id": "602CA_Trip17", "hrot_diff": 0, "sample_diff": 1, "time_diff_s": 0.02, "gps_distance_m": 5.6, "original_speed": "", "wheel_diameter_mm": 711, "braking_intensity": 0.0, "is_braking": false, "is_crash": false, "crash_intensity_g": 0.0, "segment_start_sample": 11354, "segment_end_sample": 11355, "time_str": ""}}, {"type": "Feature", "geometry": {"type": "LineString", "coordinates": [[4.8683887, 52.2984136], [4.8684244, 52.2984509]]}, "properties": {"Speed": 0.0, "Speed_display": 13.0, "road_quality": 2, "marker": 0, "trip_id": "602CA_Trip17", "hrot_diff": 0, "sample_diff": 1, "time_diff_s": 0.02, "gps_distance_m": 4.8, "original_speed": "", "wheel_diameter_mm": 711, "braking_intensity": 0.0, "is_braking": false, "is_crash": false, "crash_intensity_g": 0.0, "segment_start_sample": 11400, "segment_end_sample": 11401, "time_str": ""}}, {"type": "Feature", "geometry": {"type": "LineString", "coordinates": [[4.8684244, 52.2984509], [4.8684702, 52.2984876]]}, "properties": {"Speed": 0.0, "Speed_display": 13.0, "road_quality": 2, "marker": 0, "trip_id": "602CA_Trip17", "hrot_diff": 0, "sample_diff": 1, "time_diff_s": 0.02, "gps_distance_m": 5.1, "original_speed": "", "wheel_diameter_mm": 711, "braking_intensity": 0.0, "is_braking": false, "is_crash": false, "crash_intensity_g": 0.0, "segment_start_sample": 11448, "segment_end_sample": 11449, "time_str": ""}}, {"type": "Feature", "geometry": {"type": "LineString", "coordinates": [[4.8684702, 52.2984876], [4.8685066, 52.2985223]]}, "properties": {"Speed": 0.0, "Speed_display": 12.2, "road_quality": 2, "marker": 0, "trip_id": "602CA_Trip17", "hrot_diff": 0, "sample_diff": 1, "time_diff_s": 0.02, "gps_distance_m": 4.6, "original_speed": "", "wheel_diameter_mm": 711, "braking_intensity": 0.0, "is_braking": false, "is_crash": false, "crash_intensity_g": 0.0, "segment_start_sample": 11498, "segment_end_sample": 11499, "time_str": ""}}, {"type": "Feature", "geometry": {"type": "LineString", "coordinates": [[4.8685066, 52.2985223], [4.8685186, 52.2985615]]}, "properties": {"Speed": 0.0, "Speed_display": 10.1, "road_quality": 2, "marker": 0, "trip_id": "602CA_Trip17", "hrot_diff": 0, "sample_diff": 1, "time_diff_s": 0.02, "gps_distance_m": 4.4, "original_speed": "", "wheel_diameter_mm": 711, "braking_intensity": 0.0, "is_braking": false, "is_crash": false, "crash_intensity_g": 0.0, "segment_start_sample": 11550, "segment_end_sample": 11551, "time_str": ""}}, {"type": "Feature", "geometry": {"type": "LineString", "coordinates": [[4.8685186, 52.2985615], [4.8685487, 52.2985981]]}, "properties": {"Speed": 0.0, "Speed_display": 11.5, "road_quality": 2, "marker": 0, "trip_id": "602CA_Trip17", "hrot_diff": 0, "sample_diff": 1, "time_diff_s": 0.02, "gps_distance_m": 4.6, "original_speed": "", "wheel_diameter_mm": 711, "braking_intensity": 0.0, "is_braking": false, "is_crash": false, "crash_intensity_g": 0.0, "segment_start_sample": 11602, "segment_end_sample": 11603, "time_str": ""}}, {"type": "Feature", "geometry": {"type": "LineString", "coordinates": [[4.8685487, 52.2985981], [4.8685798, 52.2986381]]}, "properties": {"Speed": 0.0, "Speed_display": 10.8, "road_quality": 2, "marker": 0, "trip_id": "602CA_Trip17", "hrot_diff": 0, "sample_diff": 1, "time_diff_s": 0.02, "gps_distance_m": 4.9, "original_speed": "", "wheel_diameter_mm": 711, "braking_intensity": 0.0, "is_braking": false, "is_crash": false, "crash_intensity_g": 0.0, "segment_start_sample": 11655, "segment_end_sample": 11656, "time_str": ""}}, {"type": "Feature", "geometry": {"type": "LineString", "coordinates": [[4.8685798, 52.2986381], [4.8686145, 52.2986816]]}, "properties": {"Speed": 0.0, "Speed_display": 11.5, "road_quality": 2, "marker": 0, "trip_id": "602CA_Trip17", "hrot_diff": 0, "sample_diff": 1, "time_diff_s": 0.02, "gps_distance_m": 5.4, "original_speed": "", "wheel_diameter_mm": 711, "braking_intensity": 0.0, "is_braking": false, "is_crash": false, "crash_intensity_g": 0.0, "segment_start_sample": 11698, "segment_end_sample": 11699, "time_str": ""}}, {"type": "Feature", "geometry": {"type": "LineString", "coordinates": [[4.8686145, 52.2986816], [4.8686291, 52.2987121]]}, "properties": {"Speed": 0.0, "Speed_display": 11.5, "road_quality": 2, "marker": 0, "trip_id": "602CA_Trip17", "hrot_diff": 0, "sample_diff": 1, "time_diff_s": 0.02, "gps_distance_m": 3.5, "original_speed": "", "wheel_diameter_mm": 711, "braking_intensity": 0.0, "is_braking": false, "is_crash": false, "crash_intensity_g": 0.0, "segment_start_sample": 11754, "segment_end_sample": 11755, "time_str": ""}}, {"type": "Feature", "geometry": {"type": "LineString", "coordinates": [[4.8686291, 52.2987121], [4.868638, 52.2987527]]}, "properties": {"Speed": 0.0, "Speed_display": 9.4, "road_quality": 2, "marker": 0, "trip_id": "602CA_Trip17", "hrot_diff": 0, "sample_diff": 1, "time_diff_s": 0.02, "gps_distance_m": 4.6, "original_speed": "", "wheel_diameter_mm": 711, "braking_intensity": 0.0, "is_braking": false, "is_crash": false, "crash_intensity_g": 0.0, "segment_start_sample": 11799, "segment_end_sample": 11800, "time_str": ""}}, {"type": "Feature", "geometry": {"type": "LineString", "coordinates": [[4.868638, 52.2987527], [4.8686591, 52.2987798]]}, "properties": {"Speed": 0.0, "Speed_display": 7.2, "road_quality": 2, "marker": 0, "trip_id": "602CA_Trip17", "hrot_diff": 0, "sample_diff": 1, "time_diff_s": 0.02, "gps_distance_m": 3.3, "original_speed": "", "wheel_diameter_mm": 711, "braking_intensity": 0.0, "is_braking": false, "is_crash": false, "crash_intensity_g": 0.0, "segment_start_sample": 11854, "segment_end_sample": 11855, "time_str": ""}}, {"type": "Feature", "geometry": {"type": "LineString", "coordinates": [[4.8686591, 52.2987798], [4.8686934, 52.2988086]]}, "properties": {"Speed": 0.0, "Speed_display": 7.9, "road_quality": 2, "marker": 0, "trip_id": "602CA_Trip17", "hrot_diff": 0, "sample_diff": 1, "time_diff_s": 0.02, "gps_distance_m": 4.0, "original_speed": "", "wheel_diameter_mm": 711, "braking_intensity": 0.0, "is_braking": false, "is_crash": false, "crash_intensity_g": 0.0, "segment_start_sample": 11898, "segment_end_sample": 11899, "time_str": ""}}, {"type": "Feature", "geometry": {"type": "LineString", "coordinates": [[4.8686934, 52.2988086], [4.8687143, 52.2988482]]}, "properties": {"Speed": 0.0, "Speed_display": 10.8, "road_quality": 3, "marker": 0, "trip_id": "602CA_Trip17", "hrot_diff": 0, "sample_diff": 1, "time_diff_s": 0.02, "gps_distance_m": 4.6, "original_speed": "", "wheel_diameter_mm": 711, "braking_intensity": 0.0, "is_braking": false, "is_crash": false, "crash_intensity_g": 0.0, "segment_start_sample": 11952, "segment_end_sample": 11953, "time_str": ""}}, {"type": "Feature", "geometry": {"type": "LineString", "coordinates": [[4.8687143, 52.2988482], [4.8687306, 52.2989027]]}, "properties": {"Speed": 0.0, "Speed_display": 11.5, "road_quality": 3, "marker": 0, "trip_id": "602CA_Trip17", "hrot_diff": 0, "sample_diff": 1, "time_diff_s": 0.02, "gps_distance_m": 6.2, "original_speed": "", "wheel_diameter_mm": 711, "braking_intensity": 0.0, "is_braking": false, "is_crash": false, "crash_intensity_g": 0.0, "segment_start_sample": 12006, "segment_end_sample": 12007, "time_str": ""}}, {"type": "Feature", "geometry": {"type": "LineString", "coordinates": [[4.8687306, 52.2989027], [4.868755, 52.2989586]]}, "properties": {"Speed": 0.0, "Speed_display": 10.8, "road_quality": 3, "marker": 0, "trip_id": "602CA_Trip17", "hrot_diff": 0, "sample_diff": 1, "time_diff_s": 0.02, "gps_distance_m": 6.4, "original_speed": "", "wheel_diameter_mm": 711, "braking_intensity": 0.0, "is_braking": false, "is_crash": false, "crash_intensity_g": 0.0, "segment_start_sample": 12048, "segment_end_sample": 12049, "time_str": ""}}, {"type": "Feature", "geometry": {"type": "LineString", "coordinates": [[4.868755, 52.2989586], [4.8687771, 52.2990206]]}, "properties": {"Speed": 0.0, "Speed_display": 10.1, "road_quality": 3, "marker": 0, "trip_id": "602CA_Trip17", "hrot_diff": 0, "sample_diff": 1, "time_diff_s": 0.02, "gps_distance_m": 7.1, "original_speed": "", "wheel_diameter_mm": 711, "braking_intensity": 0.0, "is_braking": false, "is_crash": false, "crash_intensity_g": 0.0, "segment_start_sample": 12099, "segment_end_sample": 12100, "time_str": ""}}, {"type": "Feature", "geometry": {"type": "LineString", "coordinates": [[4.8687771, 52.2990206], [4.8687815, 52.2990632]]}, "properties": {"Speed": 0.0, "Speed_display": 10.8, "road_quality": 3, "marker": 0, "trip_id": "602CA_Trip17", "hrot_diff": 0, "sample_diff": 1, "time_diff_s": 0.02, "gps_distance_m": 4.7, "original_speed": "", "wheel_diameter_mm": 711, "braking_intensity": 0.0, "is_braking": false, "is_crash": false, "crash_intensity_g": 0.0, "segment_start_sample": 12153, "segment_end_sample": 12154, "time_str": ""}}, {"type": "Feature", "geometry": {"type": "LineString", "coordinates": [[4.8687815, 52.2990632], [4.8688051, 52.2991157]]}, "properties": {"Speed": 0.0, "Speed_display": 11.5, "road_quality": 3, "marker": 0, "trip_id": "602CA_Trip17", "hrot_diff": 0, "sample_diff": 1, "time_diff_s": 0.02, "gps_distance_m": 6.1, "original_speed": "", "wheel_diameter_mm": 711, "braking_intensity": 0.0, "is_braking": false, "is_crash": false, "crash_intensity_g": 0.0, "segment_start_sample": 12205, "segment_end_sample": 12206, "time_str": ""}}, {"type": "Feature", "geometry": {"type": "LineString", "coordinates": [[4.8688051, 52.2991157], [4.8688217, 52.2991674]]}, "properties": {"Speed": 0.0, "Speed_display": 11.5, "road_quality": 3, "marker": 0, "trip_id": "602CA_Trip17", "hrot_diff": 0, "sample_diff": 1, "time_diff_s": 0.02, "gps_distance_m": 5.9, "original_speed": "", "wheel_diameter_mm": 711, "braking_intensity": 0.0, "is_braking": false, "is_crash": false, "crash_intensity_g": 0.0, "segment_start_sample": 12251, "segment_end_sample": 12252, "time_str": ""}}, {"type": "Feature", "geometry": {"type": "LineString", "coordinates": [[4.8688217, 52.2991674], [4.8688242, 52.2992238]]}, "properties": {"Speed": 0.0, "Speed_display": 11.5, "road_quality": 3, "marker": 0, "trip_id": "602CA_Trip17", "hrot_diff": 0, "sample_diff": 1, "time_diff_s": 0.02, "gps_distance_m": 6.3, "original_speed": "", "wheel_diameter_mm": 711, "braking_intensity": 0.0, "is_braking": false, "is_crash": false, "crash_intensity_g": 0.0, "segment_start_sample": 12299, "segment_end_sample": 12300, "time_str": ""}}, {"type": "Feature", "geometry": {"type": "LineString", "coordinates": [[4.8688242, 52.2992238], [4.8688233, 52.2992541]]}, "properties": {"Speed": 0.0, "Speed_display": 9.4, "road_quality": 3, "marker": 0, "trip_id": "602CA_Trip17", "hrot_diff": 0, "sample_diff": 1, "time_diff_s": 0.02, "gps_distance_m": 3.4, "original_speed": "", "wheel_diameter_mm": 711, "braking_intensity": 0.0, "is_braking": false, "is_crash": false, "crash_intensity_g": 0.0, "segment_start_sample": 12361, "segment_end_sample": 12362, "time_str": ""}}, {"type": "Feature", "geometry": {"type": "LineString", "coordinates": [[4.8688233, 52.2992541], [4.8688239, 52.2992902]]}, "properties": {"Speed": 0.0, "Speed_display": 8.6, "road_quality": 2, "marker": 0, "trip_id": "602CA_Trip17", "hrot_diff": 0, "sample_diff": 1, "time_diff_s": 0.02, "gps_distance_m": 4.0, "original_speed": "", "wheel_diameter_mm": 711, "braking_intensity": 0.0, "is_braking": false, "is_crash": false, "crash_intensity_g": 0.0, "segment_start_sample": 12398, "segment_end_sample": 12399, "time_str": ""}}, {"type": "Feature", "geometry": {"type": "LineString", "coordinates": [[4.8688239, 52.2992902], [4.8688377, 52.2993183]]}, "properties": {"Speed": 0.0, "Speed_display": 7.9, "road_quality": 2, "marker": 0, "trip_id": "602CA_Trip17", "hrot_diff": 0, "sample_diff": 1, "time_diff_s": 0.02, "gps_distance_m": 3.3, "original_speed": "", "wheel_diameter_mm": 711, "braking_intensity": 0.0, "is_braking": false, "is_crash": false, "crash_intensity_g": 0.0, "segment_start_sample": 12460, "segment_end_sample": 12461, "time_str": ""}}, {"type": "Feature", "geometry": {"type": "LineString", "coordinates": [[4.8688377, 52.2993183], [4.8688605, 52.2993374]]}, "properties": {"Speed": 0.0, "Speed_display": 7.2, "road_quality": 3, "marker": 0, "trip_id": "602CA_Trip17", "hrot_diff": 0, "sample_diff": 1, "time_diff_s": 0.02, "gps_distance_m": 2.6, "original_speed": "", "wheel_diameter_mm": 711, "braking_intensity": 0.0, "is_braking": false, "is_crash": false, "crash_intensity_g": 0.0, "segment_start_sample": 12502, "segment_end_sample": 12503, "time_str": ""}}, {"type": "Feature", "geometry": {"type": "LineString", "coordinates": [[4.8688605, 52.2993374], [4.8689015, 52.2993401]]}, "properties": {"Speed": 0.0, "Speed_display": 7.9, "road_quality": 3, "marker": 0, "trip_id": "602CA_Trip17", "hrot_diff": 0, "sample_diff": 1, "time_diff_s": 0.02, "gps_distance_m": 2.8, "original_speed": "", "wheel_diameter_mm": 711, "braking_intensity": 0.0, "is_braking": false, "is_crash": false, "crash_intensity_g": 0.0, "segment_start_sample": 12558, "segment_end_sample": 12559, "time_str": ""}}, {"type": "Feature", "geometry": {"type": "LineString", "coordinates": [[4.8689015, 52.2993401], [4.8689505, 52.2993581]]}, "properties": {"Speed": 0.0, "Speed_display": 8.6, "road_quality": 3, "marker": 0, "trip_id": "602CA_Trip17", "hrot_diff": 0, "sample_diff": 1, "time_diff_s": 0.02, "gps_distance_m": 3.9, "original_speed": "", "wheel_diameter_mm": 711, "braking_intensity": 0.0, "is_braking": false, "is_crash": false, "crash_intensity_g": 0.0, "segment_start_sample": 12606, "segment_end_sample": 12607, "time_str": ""}}, {"type": "Feature", "geometry": {"type": "LineString", "coordinates": [[4.8689505, 52.2993581], [4.869004, 52.2993667]]}, "properties": {"Speed": 0.0, "Speed_display": 7.9, "road_quality": 3, "marker": 0, "trip_id": "602CA_Trip17", "hrot_diff": 0, "sample_diff": 1, "time_diff_s": 0.02, "gps_distance_m": 3.8, "original_speed": "", "wheel_diameter_mm": 711, "braking_intensity": 0.0, "is_braking": false, "is_crash": false, "crash_intensity_g": 0.0, "segment_start_sample": 12649, "segment_end_sample": 12650, "time_str": ""}}, {"type": "Feature", "geometry": {"type": "LineString", "coordinates": [[4.869004, 52.2993667], [4.8690459, 52.2993732]]}, "properties": {"Speed": 0.0, "Speed_display": 7.9, "road_quality": 3, "marker": 0, "trip_id": "602CA_Trip17", "hrot_diff": 0, "sample_diff": 1, "time_diff_s": 0.02, "gps_distance_m": 2.9, "original_speed": "", "wheel_diameter_mm": 711, "braking_intensity": 0.0, "is_braking": false, "is_crash": false, "crash_intensity_g": 0.0, "segment_start_sample": 12706, "segment_end_sample": 12707, "time_str": ""}}, {"type": "Feature", "geometry": {"type": "LineString", "coordinates": [[4.8690459, 52.2993732], [4.8691017, 52.2993841]]}, "properties": {"Speed": 0.0, "Speed_display": 7.2, "road_quality": 2, "marker": 0, "trip_id": "602CA_Trip17", "hrot_diff": 0, "sample_diff": 1, "time_diff_s": 0.02, "gps_distance_m": 4.0, "original_speed": "", "wheel_diameter_mm": 711, "braking_intensity": 0.0, "is_braking": false, "is_crash": false, "crash_intensity_g": 0.0, "segment_start_sample": 12749, "segment_end_sample": 12750, "time_str": ""}}, {"type": "Feature", "geometry": {"type": "LineString", "coordinates": [[4.8691017, 52.2993841], [4.8691336, 52.2994014]]}, "properties": {"Speed": 0.0, "Speed_display": 7.9, "road_quality": 2, "marker": 0, "trip_id": "602CA_Trip17", "hrot_diff": 0, "sample_diff": 1, "time_diff_s": 0.02, "gps_distance_m": 2.9, "original_speed": "", "wheel_diameter_mm": 711, "braking_intensity": 0.0, "is_braking": false, "is_crash": false, "crash_intensity_g": 0.0, "segment_start_sample": 12805, "segment_end_sample": 12806, "time_str": ""}}, {"type": "Feature", "geometry": {"type": "LineString", "coordinates": [[4.8691336, 52.2994014], [4.8691724, 52.2994294]]}, "properties": {"Speed": 0.0, "Speed_display": 7.9, "road_quality": 2, "marker": 0, "trip_id": "602CA_Trip17", "hrot_diff": 0, "sample_diff": 1, "time_diff_s": 0.02, "gps_distance_m": 4.1, "original_speed": "", "wheel_diameter_mm": 711, "braking_intensity": 0.0, "is_braking": false, "is_crash": false, "crash_intensity_g": 0.0, "segment_start_sample": 12848, "segment_end_sample": 12849, "time_str": ""}}, {"type": "Feature", "geometry": {"type": "LineString", "coordinates": [[4.8691724, 52.2994294], [4.8691992, 52.2994584]]}, "properties": {"Speed": 0.0, "Speed_display": 8.6, "road_quality": 2, "marker": 0, "trip_id": "602CA_Trip17", "hrot_diff": 0, "sample_diff": 1, "time_diff_s": 0.02, "gps_distance_m": 3.7, "original_speed": "", "wheel_diameter_mm": 711, "braking_intensity": 0.0, "is_braking": false, "is_crash": false, "crash_intensity_g": 0.0, "segment_start_sample": 12902, "segment_end_sample": 12903, "time_str": ""}}, {"type": "Feature", "geometry": {"type": "LineString", "coordinates": [[4.8691992, 52.2994584], [4.8692159, 52.2994985]]}, "properties": {"Speed": 0.0, "Speed_display": 9.4, "road_quality": 2, "marker": 0, "trip_id": "602CA_Trip17", "hrot_diff": 0, "sample_diff": 1, "time_diff_s": 0.02, "gps_distance_m": 4.6, "original_speed": "", "wheel_diameter_mm": 711, "braking_intensity": 0.0, "is_braking": false, "is_crash": false, "crash_intensity_g": 0.0, "segment_start_sample": 12958, "segment_end_sample": 12959, "time_str": ""}}, {"type": "Feature", "geometry": {"type": "LineString", "coordinates": [[4.8692159, 52.2994985], [4.8692328, 52.2995323]]}, "properties": {"Speed": 0.0, "Speed_display": 9.4, "road_quality": 2, "marker": 0, "trip_id": "602CA_Trip17", "hrot_diff": 0, "sample_diff": 1, "time_diff_s": 0.02, "gps_distance_m": 3.9, "original_speed": "", "wheel_diameter_mm": 711, "braking_intensity": 0.0, "is_braking": false, "is_crash": false, "crash_intensity_g": 0.0, "segment_start_sample": 13009, "segment_end_sample": 13010, "time_str": ""}}, {"type": "Feature", "geometry": {"type": "LineString", "coordinates": [[4.8692328, 52.2995323], [4.8692521, 52.2995748]]}, "properties": {"Speed": 0.0, "Speed_display": 10.1, "road_quality": 2, "marker": 0, "trip_id": "602CA_Trip17", "hrot_diff": 0, "sample_diff": 1, "time_diff_s": 0.02, "gps_distance_m": 4.9, "original_speed": "", "wheel_diameter_mm": 711, "braking_intensity": 0.0, "is_braking": false, "is_crash": false, "crash_intensity_g": 0.0, "segment_start_sample": 13048, "segment_end_sample": 13049, "time_str": ""}}, {"type": "Feature", "geometry": {"type": "LineString", "coordinates": [[4.8692521, 52.2995748], [4.8692678, 52.2996339]]}, "properties": {"Speed": 0.0, "Speed_display": 10.8, "road_quality": 3, "marker": 0, "trip_id": "602CA_Trip17", "hrot_diff": 0, "sample_diff": 1, "time_diff_s": 0.02, "gps_distance_m": 6.7, "original_speed": "", "wheel_diameter_mm": 711, "braking_intensity": 0.0, "is_braking": false, "is_crash": false, "crash_intensity_g": 0.0, "segment_start_sample": 13100, "segment_end_sample": 13101, "time_str": ""}}, {"type": "Feature", "geometry": {"type": "LineString", "coordinates": [[4.8692678, 52.2996339], [4.8692643, 52.2996789]]}, "properties": {"Speed": 0.0, "Speed_display": 10.8, "road_quality": 2, "marker": 0, "trip_id": "602CA_Trip17", "hrot_diff": 0, "sample_diff": 1, "time_diff_s": 0.02, "gps_distance_m": 5.0, "original_speed": "", "wheel_diameter_mm": 711, "braking_intensity": 0.0, "is_braking": false, "is_crash": false, "crash_intensity_g": 0.0, "segment_start_sample": 13152, "segment_end_sample": 13153, "time_str": ""}}, {"type": "Feature", "geometry": {"type": "LineString", "coordinates": [[4.8692643, 52.2996789], [4.8692891, 52.299723]]}, "properties": {"Speed": 0.0, "Speed_display": 10.1, "road_quality": 2, "marker": 0, "trip_id": "602CA_Trip17", "hrot_diff": 0, "sample_diff": 1, "time_diff_s": 0.02, "gps_distance_m": 5.2, "original_speed": "", "wheel_diameter_mm": 711, "braking_intensity": 0.0, "is_braking": false, "is_crash": false, "crash_intensity_g": 0.0, "segment_start_sample": 13203, "segment_end_sample": 13204, "time_str": ""}}, {"type": "Feature", "geometry": {"type": "LineString", "coordinates": [[4.8692891, 52.299723], [4.8693135, 52.2997558]]}, "properties": {"Speed": 0.0, "Speed_display": 10.1, "road_quality": 2, "marker": 0, "trip_id": "602CA_Trip17", "hrot_diff": 0, "sample_diff": 1, "time_diff_s": 0.02, "gps_distance_m": 4.0, "original_speed": "", "wheel_diameter_mm": 711, "braking_intensity": 0.0, "is_braking": false, "is_crash": false, "crash_intensity_g": 0.0, "segment_start_sample": 13256, "segment_end_sample": 13257, "time_str": ""}}, {"type": "Feature", "geometry": {"type": "LineString", "coordinates": [[4.8693135, 52.2997558], [4.8693423, 52.2997905]]}, "properties": {"Speed": 0.0, "Speed_display": 10.1, "road_quality": 2, "marker": 0, "trip_id": "602CA_Trip17", "hrot_diff": 0, "sample_diff": 1, "time_diff_s": 0.02, "gps_distance_m": 4.3, "original_speed": "", "wheel_diameter_mm": 711, "braking_intensity": 0.0, "is_braking": false, "is_crash": false, "crash_intensity_g": 0.0, "segment_start_sample": 13308, "segment_end_sample": 13309, "time_str": ""}}, {"type": "Feature", "geometry": {"type": "LineString", "coordinates": [[4.8693423, 52.2997905], [4.8693719, 52.2998233]]}, "properties": {"Speed": 0.0, "Speed_display": 10.8, "road_quality": 3, "marker": 0, "trip_id": "602CA_Trip17", "hrot_diff": 0, "sample_diff": 1, "time_diff_s": 0.02, "gps_distance_m": 4.2, "original_speed": "", "wheel_diameter_mm": 711, "braking_intensity": 0.0, "is_braking": false, "is_crash": false, "crash_intensity_g": 0.0, "segment_start_sample": 13348, "segment_end_sample": 13349, "time_str": ""}}, {"type": "Feature", "geometry": {"type": "LineString", "coordinates": [[4.8693719, 52.2998233], [4.8694041, 52.2998579]]}, "properties": {"Speed": 0.0, "Speed_display": 10.1, "road_quality": 3, "marker": 0, "trip_id": "602CA_Trip17", "hrot_diff": 0, "sample_diff": 1, "time_diff_s": 0.02, "gps_distance_m": 4.4, "original_speed": "", "wheel_diameter_mm": 711, "braking_intensity": 0.0, "is_braking": false, "is_crash": false, "crash_intensity_g": 0.0, "segment_start_sample": 13400, "segment_end_sample": 13401, "time_str": ""}}, {"type": "Feature", "geometry": {"type": "LineString", "coordinates": [[4.8694041, 52.2998579], [4.8694243, 52.2998899]]}, "properties": {"Speed": 0.0, "Speed_display": 10.8, "road_quality": 3, "marker": 0, "trip_id": "602CA_Trip17", "hrot_diff": 0, "sample_diff": 1, "time_diff_s": 0.02, "gps_distance_m": 3.8, "original_speed": "", "wheel_diameter_mm": 711, "braking_intensity": 0.0, "is_braking": false, "is_crash": false, "crash_intensity_g": 0.0, "segment_start_sample": 13453, "segment_end_sample": 13454, "time_str": ""}}, {"type": "Feature", "geometry": {"type": "LineString", "coordinates": [[4.8694243, 52.2998899], [4.8694404, 52.2999298]]}, "properties": {"Speed": 0.0, "Speed_display": 10.8, "road_quality": 2, "marker": 0, "trip_id": "602CA_Trip17", "hrot_diff": 0, "sample_diff": 1, "time_diff_s": 0.02, "gps_distance_m": 4.6, "original_speed": "", "wheel_diameter_mm": 711, "braking_intensity": 0.0, "is_braking": false, "is_crash": false, "crash_intensity_g": 0.0, "segment_start_sample": 13504, "segment_end_sample": 13505, "time_str": ""}}, {"type": "Feature", "geometry": {"type": "LineString", "coordinates": [[4.8694404, 52.2999298], [4.8694718, 52.2999686]]}, "properties": {"Speed": 0.0, "Speed_display": 10.1, "road_quality": 2, "marker": 0, "trip_id": "602CA_Trip17", "hrot_diff": 0, "sample_diff": 1, "time_diff_s": 0.02, "gps_distance_m": 4.8, "original_speed": "", "wheel_diameter_mm": 711, "braking_intensity": 0.0, "is_braking": false, "is_crash": false, "crash_intensity_g": 0.0, "segment_start_sample": 13554, "segment_end_sample": 13555, "time_str": ""}}, {"type": "Feature", "geometry": {"type": "LineString", "coordinates": [[4.8694718, 52.2999686], [4.8694895, 52.3000014]]}, "properties": {"Speed": 0.0, "Speed_display": 10.1, "road_quality": 2, "marker": 0, "trip_id": "602CA_Trip17", "hrot_diff": 0, "sample_diff": 1, "time_diff_s": 0.02, "gps_distance_m": 3.8, "original_speed": "", "wheel_diameter_mm": 711, "braking_intensity": 0.0, "is_braking": false, "is_crash": false, "crash_intensity_g": 0.0, "segment_start_sample": 13605, "segment_end_sample": 13606, "time_str": ""}}, {"type": "Feature", "geometry": {"type": "LineString", "coordinates": [[4.8694895, 52.3000014], [4.8695089, 52.3000349]]}, "properties": {"Speed": 0.0, "Speed_display": 10.1, "road_quality": 2, "marker": 0, "trip_id": "602CA_Trip17", "hrot_diff": 0, "sample_diff": 1, "time_diff_s": 0.02, "gps_distance_m": 4.0, "original_speed": "", "wheel_diameter_mm": 711, "braking_intensity": 0.0, "is_braking": false, "is_crash": false, "crash_intensity_g": 0.0, "segment_start_sample": 13657, "segment_end_sample": 13658, "time_str": ""}}, {"type": "Feature", "geometry": {"type": "LineString", "coordinates": [[4.8695089, 52.3000349], [4.8695303, 52.3000685]]}, "properties": {"Speed": 0.0, "Speed_display": 9.4, "road_quality": 2, "marker": 0, "trip_id": "602CA_Trip17", "hrot_diff": 0, "sample_diff": 1, "time_diff_s": 0.02, "gps_distance_m": 4.0, "original_speed": "", "wheel_diameter_mm": 711, "braking_intensity": 0.0, "is_braking": false, "is_crash": false, "crash_intensity_g": 0.0, "segment_start_sample": 13710, "segment_end_sample": 13711, "time_str": ""}}, {"type": "Feature", "geometry": {"type": "LineString", "coordinates": [[4.8695303, 52.3000685], [4.8695506, 52.3001041]]}, "properties": {"Speed": 0.0, "Speed_display": 9.4, "road_quality": 2, "marker": 0, "trip_id": "602CA_Trip17", "hrot_diff": 0, "sample_diff": 1, "time_diff_s": 0.02, "gps_distance_m": 4.2, "original_speed": "", "wheel_diameter_mm": 711, "braking_intensity": 0.0, "is_braking": false, "is_crash": false, "crash_intensity_g": 0.0, "segment_start_sample": 13748, "segment_end_sample": 13749, "time_str": ""}}, {"type": "Feature", "geometry": {"type": "LineString", "coordinates": [[4.8695506, 52.3001041], [4.8695704, 52.3001376]]}, "properties": {"Speed": 0.0, "Speed_display": 10.1, "road_quality": 2, "marker": 0, "trip_id": "602CA_Trip17", "hrot_diff": 0, "sample_diff": 1, "time_diff_s": 0.02, "gps_distance_m": 4.0, "original_speed": "", "wheel_diameter_mm": 711, "braking_intensity": 0.0, "is_braking": false, "is_crash": false, "crash_intensity_g": 0.0, "segment_start_sample": 13799, "segment_end_sample": 13800, "time_str": ""}}, {"type": "Feature", "geometry": {"type": "LineString", "coordinates": [[4.8695704, 52.3001376], [4.8695984, 52.3001708]]}, "properties": {"Speed": 0.0, "Speed_display": 10.8, "road_quality": 2, "marker": 0, "trip_id": "602CA_Trip17", "hrot_diff": 0, "sample_diff": 1, "time_diff_s": 0.02, "gps_distance_m": 4.2, "original_speed": "", "wheel_diameter_mm": 711, "braking_intensity": 0.0, "is_braking": false, "is_crash": false, "crash_intensity_g": 0.0, "segment_start_sample": 13852, "segment_end_sample": 13853, "time_str": ""}}, {"type": "Feature", "geometry": {"type": "LineString", "coordinates": [[4.8695984, 52.3001708], [4.8696234, 52.3002198]]}, "properties": {"Speed": 0.0, "Speed_display": 10.1, "road_quality": 2, "marker": 0, "trip_id": "602CA_Trip17", "hrot_diff": 0, "sample_diff": 1, "time_diff_s": 0.02, "gps_distance_m": 5.7, "original_speed": "", "wheel_diameter_mm": 711, "braking_intensity": 0.0, "is_braking": false, "is_crash": false, "crash_intensity_g": 0.0, "segment_start_sample": 13906, "segment_end_sample": 13907, "time_str": ""}}, {"type": "Feature", "geometry": {"type": "LineString", "coordinates": [[4.8696234, 52.3002198], [4.8696596, 52.3002533]]}, "properties": {"Speed": 0.0, "Speed_display": 9.4, "road_quality": 2, "marker": 0, "trip_id": "602CA_Trip17", "hrot_diff": 0, "sample_diff": 1, "time_diff_s": 0.02, "gps_distance_m": 4.5, "original_speed": "", "wheel_diameter_mm": 711, "braking_intensity": 0.0, "is_braking": false, "is_crash": false, "crash_intensity_g": 0.0, "segment_start_sample": 13948, "segment_end_sample": 13949, "time_str": ""}}, {"type": "Feature", "geometry": {"type": "LineString", "coordinates": [[4.8696596, 52.3002533], [4.8696795, 52.3002824]]}, "properties": {"Speed": 0.0, "Speed_display": 9.4, "road_quality": 2, "marker": 0, "trip_id": "602CA_Trip17", "hrot_diff": 0, "sample_diff": 1, "time_diff_s": 0.02, "gps_distance_m": 3.5, "original_speed": "", "wheel_diameter_mm": 711, "braking_intensity": 0.0, "is_braking": false, "is_crash": false, "crash_intensity_g": 0.0, "segment_start_sample": 14007, "segment_end_sample": 14008, "time_str": ""}}, {"type": "Feature", "geometry": {"type": "LineString", "coordinates": [[4.8696795, 52.3002824], [4.869706, 52.3003094]]}, "properties": {"Speed": 0.0, "Speed_display": 8.6, "road_quality": 2, "marker": 0, "trip_id": "602CA_Trip17", "hrot_diff": 0, "sample_diff": 1, "time_diff_s": 0.02, "gps_distance_m": 3.5, "original_speed": "", "wheel_diameter_mm": 711, "braking_intensity": 0.0, "is_braking": false, "is_crash": false, "crash_intensity_g": 0.0, "segment_start_sample": 14052, "segment_end_sample": 14053, "time_str": ""}}, {"type": "Feature", "geometry": {"type": "LineString", "coordinates": [[4.869706, 52.3003094], [4.8697222, 52.3003368]]}, "properties": {"Speed": 0.0, "Speed_display": 8.6, "road_quality": 2, "marker": 0, "trip_id": "602CA_Trip17", "hrot_diff": 0, "sample_diff": 1, "time_diff_s": 0.02, "gps_distance_m": 3.2, "original_speed": "", "wheel_diameter_mm": 711, "braking_intensity": 0.0, "is_braking": false, "is_crash": false, "crash_intensity_g": 0.0, "segment_start_sample": 14100, "segment_end_sample": 14101, "time_str": ""}}, {"type": "Feature", "geometry": {"type": "LineString", "coordinates": [[4.8697222, 52.3003368], [4.8697445, 52.300365]]}, "properties": {"Speed": 0.0, "Speed_display": 7.9, "road_quality": 2, "marker": 0, "trip_id": "602CA_Trip17", "hrot_diff": 0, "sample_diff": 1, "time_diff_s": 0.02, "gps_distance_m": 3.5, "original_speed": "", "wheel_diameter_mm": 711, "braking_intensity": 0.0, "is_braking": false, "is_crash": false, "crash_intensity_g": 0.0, "segment_start_sample": 14150, "segment_end_sample": 14151, "time_str": ""}}, {"type": "Feature", "geometry": {"type": "LineString", "coordinates": [[4.8697445, 52.300365], [4.869769, 52.3003865]]}, "properties": {"Speed": 0.0, "Speed_display": 7.9, "road_quality": 2, "marker": 0, "trip_id": "602CA_Trip17", "hrot_diff": 0, "sample_diff": 1, "time_diff_s": 0.02, "gps_distance_m": 2.9, "original_speed": "", "wheel_diameter_mm": 711, "braking_intensity": 0.0, "is_braking": false, "is_crash": false, "crash_intensity_g": 0.0, "segment_start_sample": 14204, "segment_end_sample": 14205, "time_str": ""}}, {"type": "Feature", "geometry": {"type": "LineString", "coordinates": [[4.869769, 52.3003865], [4.8697848, 52.3004114]]}, "properties": {"Speed": 0.0, "Speed_display": 7.9, "road_quality": 2, "marker": 0, "trip_id": "602CA_Trip17", "hrot_diff": 0, "sample_diff": 1, "time_diff_s": 0.02, "gps_distance_m": 3.0, "original_speed": "", "wheel_diameter_mm": 711, "braking_intensity": 0.0, "is_braking": false, "is_crash": false, "crash_intensity_g": 0.0, "segment_start_sample": 14261, "segment_end_sample": 14262, "time_str": ""}}, {"type": "Feature", "geometry": {"type": "LineString", "coordinates": [[4.8697848, 52.3004114], [4.8697993, 52.3004344]]}, "properties": {"Speed": 0.0, "Speed_display": 7.2, "road_quality": 2, "marker": 0, "trip_id": "602CA_Trip17", "hrot_diff": 0, "sample_diff": 1, "time_diff_s": 0.02, "gps_distance_m": 2.7, "original_speed": "", "wheel_diameter_mm": 711, "braking_intensity": 0.0, "is_braking": false, "is_crash": false, "crash_intensity_g": 0.0, "segment_start_sample": 14302, "segment_end_sample": 14303, "time_str": ""}}, {"type": "Feature", "geometry": {"type": "LineString", "coordinates": [[4.8697993, 52.3004344], [4.8698162, 52.3004572]]}, "properties": {"Speed": 0.0, "Speed_display": 5.0, "road_quality": 2, "marker": 0, "trip_id": "602CA_Trip17", "hrot_diff": 0, "sample_diff": 1, "time_diff_s": 0.02, "gps_distance_m": 2.8, "original_speed": "", "wheel_diameter_mm": 711, "braking_intensity": 0.0, "is_braking": false, "is_crash": false, "crash_intensity_g": 0.0, "segment_start_sample": 14372, "segment_end_sample": 14373, "time_str": ""}}, {"type": "Feature", "geometry": {"type": "LineString", "coordinates": [[4.8698162, 52.3004572], [4.8698296, 52.3004717]]}, "properties": {"Speed": 0.0, "Speed_display": 3.6, "road_quality": 2, "marker": 0, "trip_id": "602CA_Trip17", "hrot_diff": 0, "sample_diff": 1, "time_diff_s": 0.02, "gps_distance_m": 1.9, "original_speed": "", "wheel_diameter_mm": 711, "braking_intensity": 0.0, "is_braking": false, "is_crash": false, "crash_intensity_g": 0.0, "segment_start_sample": 14399, "segment_end_sample": 14400, "time_str": ""}}, {"type": "Feature", "geometry": {"type": "LineString", "coordinates": [[4.8698296, 52.3004717], [4.8698309, 52.3004829]]}, "properties": {"Speed": 0.0, "Speed_display": 2.9, "road_quality": 3, "marker": 0, "trip_id": "602CA_Trip17", "hrot_diff": 0, "sample_diff": 1, "time_diff_s": 0.02, "gps_distance_m": 1.2, "original_speed": "", "wheel_diameter_mm": 711, "braking_intensity": 0.0, "is_braking": false, "is_crash": false, "crash_intensity_g": 0.0, "segment_start_sample": 14481, "segment_end_sample": 14482, "time_str": ""}}, {"type": "Feature", "geometry": {"type": "LineString", "coordinates": [[4.8698309, 52.3004829], [4.8698437, 52.3004943]]}, "properties": {"Speed": 0.0, "Speed_display": 3.6, "road_quality": 3, "marker": 0, "trip_id": "602CA_Trip17", "hrot_diff": 0, "sample_diff": 1, "time_diff_s": 0.02, "gps_distance_m": 1.5, "original_speed": "", "wheel_diameter_mm": 711, "braking_intensity": 0.0, "is_braking": false, "is_crash": false, "crash_intensity_g": 0.0, "segment_start_sample": 14517, "segment_end_sample": 14518, "time_str": ""}}, {"type": "Feature", "geometry": {"type": "LineString", "coordinates": [[4.8698437, 52.3004943], [4.8698537, 52.3005038]]}, "properties": {"Speed": 0.0, "Speed_display": 5.0, "road_quality": 3, "marker": 0, "trip_id": "602CA_Trip17", "hrot_diff": 0, "sample_diff": 1, "time_diff_s": 0.02, "gps_distance_m": 1.3, "original_speed": "", "wheel_diameter_mm": 711, "braking_intensity": 0.0, "is_braking": false, "is_crash": false, "crash_intensity_g": 0.0, "segment_start_sample": 14570, "segment_end_sample": 14571, "time_str": ""}}, {"type": "Feature", "geometry": {"type": "LineString", "coordinates": [[4.8698537, 52.3005038], [4.869867, 52.3005231]]}, "properties": {"Speed": 0.0, "Speed_display": 5.0, "road_quality": 3, "marker": 0, "trip_id": "602CA_Trip17", "hrot_diff": 0, "sample_diff": 1, "time_diff_s": 0.02, "gps_distance_m": 2.3, "original_speed": "", "wheel_diameter_mm": 711, "braking_intensity": 0.0, "is_braking": false, "is_crash": false, "crash_intensity_g": 0.0, "segment_start_sample": 14609, "segment_end_sample": 14610, "time_str": ""}}, {"type": "Feature", "geometry": {"type": "LineString", "coordinates": [[4.869867, 52.3005231], [4.8698785, 52.3005434]]}, "properties": {"Speed": 0.0, "Speed_display": 5.0, "road_quality": 3, "marker": 0, "trip_id": "602CA_Trip17", "hrot_diff": 0, "sample_diff": 1, "time_diff_s": 0.02, "gps_distance_m": 2.4, "original_speed": "", "wheel_diameter_mm": 711, "braking_intensity": 0.0, "is_braking": false, "is_crash": false, "crash_intensity_g": 0.0, "segment_start_sample": 14656, "segment_end_sample": 14657, "time_str": ""}}, {"type": "Feature", "geometry": {"type": "LineString", "coordinates": [[4.8698785, 52.3005434], [4.8698985, 52.3005737]]}, "properties": {"Speed": 0.0, "Speed_display": 9.4, "road_quality": 3, "marker": 0, "trip_id": "602CA_Trip17", "hrot_diff": 0, "sample_diff": 1, "time_diff_s": 0.02, "gps_distance_m": 3.6, "original_speed": "", "wheel_diameter_mm": 711, "braking_intensity": 0.0, "is_braking": false, "is_crash": false, "crash_intensity_g": 0.0, "segment_start_sample": 14709, "segment_end_sample": 14710, "time_str": ""}}, {"type": "Feature", "geometry": {"type": "LineString", "coordinates": [[4.8698985, 52.3005737], [4.8699206, 52.3006105]]}, "properties": {"Speed": 0.0, "Speed_display": 10.1, "road_quality": 2, "marker": 0, "trip_id": "602CA_Trip17", "hrot_diff": 0, "sample_diff": 1, "time_diff_s": 0.02, "gps_distance_m": 4.4, "original_speed": "", "wheel_diameter_mm": 711, "braking_intensity": 0.0, "is_braking": false, "is_crash": false, "crash_intensity_g": 0.0, "segment_start_sample": 14749, "segment_end_sample": 14750, "time_str": ""}}, {"type": "Feature", "geometry": {"type": "LineString", "coordinates": [[4.8699206, 52.3006105], [4.8699282, 52.3006403]]}, "properties": {"Speed": 0.0, "Speed_display": 10.1, "road_quality": 2, "marker": 0, "trip_id": "602CA_Trip17", "hrot_diff": 0, "sample_diff": 1, "time_diff_s": 0.02, "gps_distance_m": 3.4, "original_speed": "", "wheel_diameter_mm": 711, "braking_intensity": 0.0, "is_braking": false, "is_crash": false, "crash_intensity_g": 0.0, "segment_start_sample": 14802, "segment_end_sample": 14803, "time_str": ""}}, {"type": "Feature", "geometry": {"type": "LineString", "coordinates": [[4.8699282, 52.3006403], [4.869937, 52.3006754]]}, "properties": {"Speed": 0.0, "Speed_display": 10.1, "road_quality": 2, "marker": 0, "trip_id": "602CA_Trip17", "hrot_diff": 0, "sample_diff": 1, "time_diff_s": 0.02, "gps_distance_m": 3.9, "original_speed": "", "wheel_diameter_mm": 711, "braking_intensity": 0.0, "is_braking": false, "is_crash": false, "crash_intensity_g": 0.0, "segment_start_sample": 14851, "segment_end_sample": 14852, "time_str": ""}}, {"type": "Feature", "geometry": {"type": "LineString", "coordinates": [[4.869937, 52.3006754], [4.8699554, 52.3007065]]}, "properties": {"Speed": 0.0, "Speed_display": 10.1, "road_quality": 3, "marker": 0, "trip_id": "602CA_Trip17", "hrot_diff": 0, "sample_diff": 1, "time_diff_s": 0.02, "gps_distance_m": 3.7, "original_speed": "", "wheel_diameter_mm": 711, "braking_intensity": 0.0, "is_braking": false, "is_crash": false, "crash_intensity_g": 0.0, "segment_start_sample": 14898, "segment_end_sample": 14899, "time_str": ""}}, {"type": "Feature", "geometry": {"type": "LineString", "coordinates": [[4.8699554, 52.3007065], [4.8699745, 52.3007436]]}, "properties": {"Speed": 0.0, "Speed_display": 11.5, "road_quality": 3, "marker": 0, "trip_id": "602CA_Trip17", "hrot_diff": 0, "sample_diff": 1, "time_diff_s": 0.02, "gps_distance_m": 4.3, "original_speed": "", "wheel_diameter_mm": 711, "braking_intensity": 0.0, "is_braking": false, "is_crash": false, "crash_intensity_g": 0.0, "segment_start_sample": 14956, "segment_end_sample": 14957, "time_str": ""}}, {"type": "Feature", "geometry": {"type": "LineString", "coordinates": [[4.8699745, 52.3007436], [4.87001, 52.3007927]]}, "properties": {"Speed": 0.0, "Speed_display": 11.5, "road_quality": 3, "marker": 0, "trip_id": "602CA_Trip17", "hrot_diff": 0, "sample_diff": 1, "time_diff_s": 0.02, "gps_distance_m": 6.0, "original_speed": "", "wheel_diameter_mm": 711, "braking_intensity": 0.0, "is_braking": false, "is_crash": false, "crash_intensity_g": 0.0, "segment_start_sample": 15003, "segment_end_sample": 15004, "time_str": ""}}, {"type": "Feature", "geometry": {"type": "LineString", "coordinates": [[4.87001, 52.3007927], [4.8700433, 52.3008419]]}, "properties": {"Speed": 0.0, "Speed_display": 13.0, "road_quality": 3, "marker": 0, "trip_id": "602CA_Trip17", "hrot_diff": 0, "sample_diff": 1, "time_diff_s": 0.02, "gps_distance_m": 5.9, "original_speed": "", "wheel_diameter_mm": 711, "braking_intensity": 0.0, "is_braking": false, "is_crash": false, "crash_intensity_g": 0.0, "segment_start_sample": 15057, "segment_end_sample": 15058, "time_str": ""}}, {"type": "Feature", "geometry": {"type": "LineString", "coordinates": [[4.8700433, 52.3008419], [4.8700841, 52.3008915]]}, "properties": {"Speed": 0.0, "Speed_display": 12.2, "road_quality": 3, "marker": 0, "trip_id": "602CA_Trip17", "hrot_diff": 0, "sample_diff": 1, "time_diff_s": 0.02, "gps_distance_m": 6.2, "original_speed": "", "wheel_diameter_mm": 711, "braking_intensity": 0.0, "is_braking": false, "is_crash": false, "crash_intensity_g": 0.0, "segment_start_sample": 15101, "segment_end_sample": 15102, "time_str": ""}}, {"type": "Feature", "geometry": {"type": "LineString", "coordinates": [[4.8700841, 52.3008915], [4.8701019, 52.3009299]]}, "properties": {"Speed": 0.0, "Speed_display": 10.8, "road_quality": 3, "marker": 0, "trip_id": "602CA_Trip17", "hrot_diff": 0, "sample_diff": 1, "time_diff_s": 0.02, "gps_distance_m": 4.4, "original_speed": "", "wheel_diameter_mm": 711, "braking_intensity": 0.0, "is_braking": false, "is_crash": false, "crash_intensity_g": 0.0, "segment_start_sample": 15158, "segment_end_sample": 15159, "time_str": ""}}, {"type": "Feature", "geometry": {"type": "LineString", "coordinates": [[4.8701019, 52.3009299], [4.8701198, 52.3009695]]}, "properties": {"Speed": 0.0, "Speed_display": 11.5, "road_quality": 2, "marker": 0, "trip_id": "602CA_Trip17", "hrot_diff": 0, "sample_diff": 1, "time_diff_s": 0.02, "gps_distance_m": 4.6, "original_speed": "", "wheel_diameter_mm": 711, "braking_intensity": 0.0, "is_braking": false, "is_crash": false, "crash_intensity_g": 0.0, "segment_start_sample": 15202, "segment_end_sample": 15203, "time_str": ""}}, {"type": "Feature", "geometry": {"type": "LineString", "coordinates": [[4.8701198, 52.3009695], [4.8701343, 52.301017]]}, "properties": {"Speed": 0.0, "Speed_display": 12.2, "road_quality": 3, "marker": 0, "trip_id": "602CA_Trip17", "hrot_diff": 0, "sample_diff": 1, "time_diff_s": 0.02, "gps_distance_m": 5.4, "original_speed": "", "wheel_diameter_mm": 711, "braking_intensity": 0.0, "is_braking": false, "is_crash": false, "crash_intensity_g": 0.0, "segment_start_sample": 15257, "segment_end_sample": 15258, "time_str": ""}}, {"type": "Feature", "geometry": {"type": "LineString", "coordinates": [[4.8701343, 52.301017], [4.8701659, 52.3010622]]}, "properties": {"Speed": 0.0, "Speed_display": 13.0, "road_quality": 3, "marker": 0, "trip_id": "602CA_Trip17", "hrot_diff": 0, "sample_diff": 1, "time_diff_s": 0.02, "gps_distance_m": 5.5, "original_speed": "", "wheel_diameter_mm": 711, "braking_intensity": 0.0, "is_braking": false, "is_crash": false, "crash_intensity_g": 0.0, "segment_start_sample": 15301, "segment_end_sample": 15302, "time_str": ""}}, {"type": "Feature", "geometry": {"type": "LineString", "coordinates": [[4.8701659, 52.3010622], [4.8701913, 52.3011074]]}, "properties": {"Speed": 0.0, "Speed_display": 11.5, "road_quality": 3, "marker": 0, "trip_id": "602CA_Trip17", "hrot_diff": 0, "sample_diff": 1, "time_diff_s": 0.02, "gps_distance_m": 5.3, "original_speed": "", "wheel_diameter_mm": 711, "braking_intensity": 0.0, "is_braking": false, "is_crash": false, "crash_intensity_g": 0.0, "segment_start_sample": 15355, "segment_end_sample": 15356, "time_str": ""}}, {"type": "Feature", "geometry": {"type": "LineString", "coordinates": [[4.8701913, 52.3011074], [4.8702177, 52.301152]]}, "properties": {"Speed": 0.0, "Speed_display": 12.2, "road_quality": 3, "marker": 0, "trip_id": "602CA_Trip17", "hrot_diff": 0, "sample_diff": 1, "time_diff_s": 0.02, "gps_distance_m": 5.3, "original_speed": "", "wheel_diameter_mm": 711, "braking_intensity": 0.0, "is_braking": false, "is_crash": false, "crash_intensity_g": 0.0, "segment_start_sample": 15399, "segment_end_sample": 15400, "time_str": ""}}, {"type": "Feature", "geometry": {"type": "LineString", "coordinates": [[4.8702177, 52.301152], [4.8702419, 52.3011936]]}, "properties": {"Speed": 0.0, "Speed_display": 12.2, "road_quality": 2, "marker": 0, "trip_id": "602CA_Trip17", "hrot_diff": 0, "sample_diff": 1, "time_diff_s": 0.02, "gps_distance_m": 4.9, "original_speed": "", "wheel_diameter_mm": 711, "braking_intensity": 0.0, "is_braking": false, "is_crash": false, "crash_intensity_g": 0.0, "segment_start_sample": 15455, "segment_end_sample": 15456, "time_str": ""}}, {"type": "Feature", "geometry": {"type": "LineString", "coordinates": [[4.8702419, 52.3011936], [4.8702721, 52.3012324]]}, "properties": {"Speed": 0.0, "Speed_display": 12.2, "road_quality": 2, "marker": 0, "trip_id": "602CA_Trip17", "hrot_diff": 0, "sample_diff": 1, "time_diff_s": 0.02, "gps_distance_m": 4.8, "original_speed": "", "wheel_diameter_mm": 711, "braking_intensity": 0.0, "is_braking": false, "is_crash": false, "crash_intensity_g": 0.0, "segment_start_sample": 15499, "segment_end_sample": 15500, "time_str": ""}}, {"type": "Feature", "geometry": {"type": "LineString", "coordinates": [[4.8702721, 52.3012324], [4.8702993, 52.3012756]]}, "properties": {"Speed": 0.0, "Speed_display": 13.0, "road_quality": 3, "marker": 0, "trip_id": "602CA_Trip17", "hrot_diff": 0, "sample_diff": 1, "time_diff_s": 0.02, "gps_distance_m": 5.1, "original_speed": "", "wheel_diameter_mm": 711, "braking_intensity": 0.0, "is_braking": false, "is_crash": false, "crash_intensity_g": 0.0, "segment_start_sample": 15555, "segment_end_sample": 15556, "time_str": ""}}, {"type": "Feature", "geometry": {"type": "LineString", "coordinates": [[4.8702993, 52.3012756], [4.8703234, 52.3013188]]}, "properties": {"Speed": 0.0, "Speed_display": 12.2, "road_quality": 3, "marker": 0, "trip_id": "602CA_Trip17", "hrot_diff": 0, "sample_diff": 1, "time_diff_s": 0.02, "gps_distance_m": 5.1, "original_speed": "", "wheel_diameter_mm": 711, "braking_intensity": 0.0, "is_braking": false, "is_crash": false, "crash_intensity_g": 0.0, "segment_start_sample": 15600, "segment_end_sample": 15601, "time_str": ""}}, {"type": "Feature", "geometry": {"type": "LineString", "coordinates": [[4.8703234, 52.3013188], [4.8703443, 52.3013605]]}, "properties": {"Speed": 0.0, "Speed_display": 12.2, "road_quality": 3, "marker": 0, "trip_id": "602CA_Trip17", "hrot_diff": 0, "sample_diff": 1, "time_diff_s": 0.02, "gps_distance_m": 4.8, "original_speed": "", "wheel_diameter_mm": 711, "braking_intensity": 0.0, "is_braking": false, "is_crash": false, "crash_intensity_g": 0.0, "segment_start_sample": 15656, "segment_end_sample": 15657, "time_str": ""}}, {"type": "Feature", "geometry": {"type": "LineString", "coordinates": [[4.8703443, 52.3013605], [4.8703714, 52.3014034]]}, "properties": {"Speed": 0.0, "Speed_display": 12.2, "road_quality": 3, "marker": 0, "trip_id": "602CA_Trip17", "hrot_diff": 0, "sample_diff": 1, "time_diff_s": 0.02, "gps_distance_m": 5.1, "original_speed": "", "wheel_diameter_mm": 711, "braking_intensity": 0.0, "is_braking": false, "is_crash": false, "crash_intensity_g": 0.0, "segment_start_sample": 15701, "segment_end_sample": 15702, "time_str": ""}}, {"type": "Feature", "geometry": {"type": "LineString", "coordinates": [[4.8703714, 52.3014034], [4.8703919, 52.301441]]}, "properties": {"Speed": 0.0, "Speed_display": 10.8, "road_quality": 2, "marker": 0, "trip_id": "602CA_Trip17", "hrot_diff": 0, "sample_diff": 1, "time_diff_s": 0.02, "gps_distance_m": 4.4, "original_speed": "", "wheel_diameter_mm": 711, "braking_intensity": 0.0, "is_braking": false, "is_crash": false, "crash_intensity_g": 0.0, "segment_start_sample": 15757, "segment_end_sample": 15758, "time_str": ""}}, {"type": "Feature", "geometry": {"type": "LineString", "coordinates": [[4.8703919, 52.301441], [4.8704068, 52.3014733]]}, "properties": {"Speed": 0.0, "Speed_display": 10.1, "road_quality": 2, "marker": 0, "trip_id": "602CA_Trip17", "hrot_diff": 0, "sample_diff": 1, "time_diff_s": 0.02, "gps_distance_m": 3.7, "original_speed": "", "wheel_diameter_mm": 711, "braking_intensity": 0.0, "is_braking": false, "is_crash": false, "crash_intensity_g": 0.0, "segment_start_sample": 15804, "segment_end_sample": 15805, "time_str": ""}}, {"type": "Feature", "geometry": {"type": "LineString", "coordinates": [[4.8704068, 52.3014733], [4.8704253, 52.3015088]]}, "properties": {"Speed": 0.0, "Speed_display": 10.8, "road_quality": 2, "marker": 0, "trip_id": "602CA_Trip17", "hrot_diff": 0, "sample_diff": 1, "time_diff_s": 0.02, "gps_distance_m": 4.1, "original_speed": "", "wheel_diameter_mm": 711, "braking_intensity": 0.0, "is_braking": false, "is_crash": false, "crash_intensity_g": 0.0, "segment_start_sample": 15850, "segment_end_sample": 15851, "time_str": ""}}, {"type": "Feature", "geometry": {"type": "LineString", "coordinates": [[4.8704253, 52.3015088], [4.8704489, 52.3015477]]}, "properties": {"Speed": 0.0, "Speed_display": 10.8, "road_quality": 2, "marker": 0, "trip_id": "602CA_Trip17", "hrot_diff": 0, "sample_diff": 1, "time_diff_s": 0.02, "gps_distance_m": 4.6, "original_speed": "", "wheel_diameter_mm": 711, "braking_intensity": 0.0, "is_braking": false, "is_crash": false, "crash_intensity_g": 0.0, "segment_start_sample": 15907, "segment_end_sample": 15908, "time_str": ""}}, {"type": "Feature", "geometry": {"type": "LineString", "coordinates": [[4.8704489, 52.3015477], [4.8704764, 52.3015878]]}, "properties": {"Speed": 0.0, "Speed_display": 11.5, "road_quality": 2, "marker": 0, "trip_id": "602CA_Trip17", "hrot_diff": 0, "sample_diff": 1, "time_diff_s": 0.02, "gps_distance_m": 4.8, "original_speed": "", "wheel_diameter_mm": 711, "braking_intensity": 0.0, "is_braking": false, "is_crash": false, "crash_intensity_g": 0.0, "segment_start_sample": 15953, "segment_end_sample": 15954, "time_str": ""}}, {"type": "Feature", "geometry": {"type": "LineString", "coordinates": [[4.8704764, 52.3015878], [4.8705016, 52.3016266]]}, "properties": {"Speed": 0.0, "Speed_display": 10.8, "road_quality": 2, "marker": 0, "trip_id": "602CA_Trip17", "hrot_diff": 0, "sample_diff": 1, "time_diff_s": 0.02, "gps_distance_m": 4.6, "original_speed": "", "wheel_diameter_mm": 711, "braking_intensity": 0.0, "is_braking": false, "is_crash": false, "crash_intensity_g": 0.0, "segment_start_sample": 15998, "segment_end_sample": 15999, "time_str": ""}}, {"type": "Feature", "geometry": {"type": "LineString", "coordinates": [[4.8705016, 52.3016266], [4.8705265, 52.3016635]]}, "properties": {"Speed": 0.0, "Speed_display": 10.8, "road_quality": 2, "marker": 0, "trip_id": "602CA_Trip17", "hrot_diff": 0, "sample_diff": 1, "time_diff_s": 0.02, "gps_distance_m": 4.4, "original_speed": "", "wheel_diameter_mm": 711, "braking_intensity": 0.0, "is_braking": false, "is_crash": false, "crash_intensity_g": 0.0, "segment_start_sample": 16055, "segment_end_sample": 16056, "time_str": ""}}, {"type": "Feature", "geometry": {"type": "LineString", "coordinates": [[4.8705265, 52.3016635], [4.8705461, 52.3017026]]}, "properties": {"Speed": 0.0, "Speed_display": 10.8, "road_quality": 2, "marker": 0, "trip_id": "602CA_Trip17", "hrot_diff": 0, "sample_diff": 1, "time_diff_s": 0.02, "gps_distance_m": 4.5, "original_speed": "", "wheel_diameter_mm": 711, "braking_intensity": 0.0, "is_braking": false, "is_crash": false, "crash_intensity_g": 0.0, "segment_start_sample": 16101, "segment_end_sample": 16102, "time_str": ""}}, {"type": "Feature", "geometry": {"type": "LineString", "coordinates": [[4.8705461, 52.3017026], [4.8705729, 52.301743]]}, "properties": {"Speed": 0.0, "Speed_display": 10.1, "road_quality": 2, "marker": 0, "trip_id": "602CA_Trip17", "hrot_diff": 0, "sample_diff": 1, "time_diff_s": 0.02, "gps_distance_m": 4.8, "original_speed": "", "wheel_diameter_mm": 711, "braking_intensity": 0.0, "is_braking": false, "is_crash": false, "crash_intensity_g": 0.0, "segment_start_sample": 16159, "segment_end_sample": 16160, "time_str": ""}}, {"type": "Feature", "geometry": {"type": "LineString", "coordinates": [[4.8705729, 52.301743], [4.8705863, 52.3017773]]}, "properties": {"Speed": 0.0, "Speed_display": 10.8, "road_quality": 2, "marker": 0, "trip_id": "602CA_Trip17", "hrot_diff": 0, "sample_diff": 1, "time_diff_s": 0.02, "gps_distance_m": 3.9, "original_speed": "", "wheel_diameter_mm": 711, "braking_intensity": 0.0, "is_braking": false, "is_crash": false, "crash_intensity_g": 0.0, "segment_start_sample": 16209, "segment_end_sample": 16210, "time_str": ""}}, {"type": "Feature", "geometry": {"type": "LineString", "coordinates": [[4.8705863, 52.3017773], [4.8705983, 52.3018159]]}, "properties": {"Speed": 0.0, "Speed_display": 10.8, "road_quality": 2, "marker": 0, "trip_id": "602CA_Trip17", "hrot_diff": 0, "sample_diff": 1, "time_diff_s": 0.02, "gps_distance_m": 4.4, "original_speed": "", "wheel_diameter_mm": 711, "braking_intensity": 0.0, "is_braking": false, "is_crash": false, "crash_intensity_g": 0.0, "segment_start_sample": 16260, "segment_end_sample": 16261, "time_str": ""}}, {"type": "Feature", "geometry": {"type": "LineString", "coordinates": [[4.8705983, 52.3018159], [4.8706142, 52.301853]]}, "properties": {"Speed": 0.0, "Speed_display": 10.8, "road_quality": 2, "marker": 0, "trip_id": "602CA_Trip17", "hrot_diff": 0, "sample_diff": 1, "time_diff_s": 0.02, "gps_distance_m": 4.3, "original_speed": "", "wheel_diameter_mm": 711, "braking_intensity": 0.0, "is_braking": false, "is_crash": false, "crash_intensity_g": 0.0, "segment_start_sample": 16300, "segment_end_sample": 16301, "time_str": ""}}, {"type": "Feature", "geometry": {"type": "LineString", "coordinates": [[4.8706142, 52.301853], [4.8706135, 52.3018905]]}, "properties": {"Speed": 0.0, "Speed_display": 10.1, "road_quality": 2, "marker": 0, "trip_id": "602CA_Trip17", "hrot_diff": 0, "sample_diff": 1, "time_diff_s": 0.02, "gps_distance_m": 4.2, "original_speed": "", "wheel_diameter_mm": 711, "braking_intensity": 0.0, "is_braking": false, "is_crash": false, "crash_intensity_g": 0.0, "segment_start_sample": 16356, "segment_end_sample": 16357, "time_str": ""}}, {"type": "Feature", "geometry": {"type": "LineString", "coordinates": [[4.8706135, 52.3018905], [4.8706011, 52.3019232]]}, "properties": {"Speed": 0.0, "Speed_display": 10.1, "road_quality": 2, "marker": 0, "trip_id": "602CA_Trip17", "hrot_diff": 0, "sample_diff": 1, "time_diff_s": 0.02, "gps_distance_m": 3.7, "original_speed": "", "wheel_diameter_mm": 711, "braking_intensity": 0.0, "is_braking": false, "is_crash": false, "crash_intensity_g": 0.0, "segment_start_sample": 16399, "segment_end_sample": 16400, "time_str": ""}}, {"type": "Feature", "geometry": {"type": "LineString", "coordinates": [[4.8706011, 52.3019232], [4.8705896, 52.3019508]]}, "properties": {"Speed": 0.0, "Speed_display": 8.6, "road_quality": 2, "marker": 0, "trip_id": "602CA_Trip17", "hrot_diff": 0, "sample_diff": 1, "time_diff_s": 0.02, "gps_distance_m": 3.2, "original_speed": "", "wheel_diameter_mm": 711, "braking_intensity": 0.0, "is_braking": false, "is_crash": false, "crash_intensity_g": 0.0, "segment_start_sample": 16459, "segment_end_sample": 16460, "time_str": ""}}, {"type": "Feature", "geometry": {"type": "LineString", "coordinates": [[4.8705896, 52.3019508], [4.870568, 52.3019749]]}, "properties": {"Speed": 0.0, "Speed_display": 7.9, "road_quality": 2, "marker": 0, "trip_id": "602CA_Trip17", "hrot_diff": 0, "sample_diff": 1, "time_diff_s": 0.02, "gps_distance_m": 3.1, "original_speed": "", "wheel_diameter_mm": 711, "braking_intensity": 0.0, "is_braking": false, "is_crash": false, "crash_intensity_g": 0.0, "segment_start_sample": 16506, "segment_end_sample": 16507, "time_str": ""}}, {"type": "Feature", "geometry": {"type": "LineString", "coordinates": [[4.870568, 52.3019749], [4.8705512, 52.3020022]]}, "properties": {"Speed": 0.0, "Speed_display": 7.9, "road_quality": 2, "marker": 0, "trip_id": "602CA_Trip17", "hrot_diff": 0, "sample_diff": 1, "time_diff_s": 0.02, "gps_distance_m": 3.2, "original_speed": "", "wheel_diameter_mm": 711, "braking_intensity": 0.0, "is_braking": false, "is_crash": false, "crash_intensity_g": 0.0, "segment_start_sample": 16551, "segment_end_sample": 16552, "time_str": ""}}, {"type": "Feature", "geometry": {"type": "LineString", "coordinates": [[4.8705512, 52.3020022], [4.8705425, 52.3020305]]}, "properties": {"Speed": 0.0, "Speed_display": 7.9, "road_quality": 2, "marker": 0, "trip_id": "602CA_Trip17", "hrot_diff": 0, "sample_diff": 1, "time_diff_s": 0.02, "gps_distance_m": 3.2, "original_speed": "", "wheel_diameter_mm": 711, "braking_intensity": 0.0, "is_braking": false, "is_crash": false, "crash_intensity_g": 0.0, "segment_start_sample": 16598, "segment_end_sample": 16599, "time_str": ""}}, {"type": "Feature", "geometry": {"type": "LineString", "coordinates": [[4.8705425, 52.3020305], [4.8705377, 52.3020571]]}, "properties": {"Speed": 0.0, "Speed_display": 7.2, "road_quality": 2, "marker": 0, "trip_id": "602CA_Trip17", "hrot_diff": 0, "sample_diff": 1, "time_diff_s": 0.02, "gps_distance_m": 3.0, "original_speed": "", "wheel_diameter_mm": 711, "braking_intensity": 0.0, "is_braking": false, "is_crash": false, "crash_intensity_g": 0.0, "segment_start_sample": 16659, "segment_end_sample": 16660, "time_str": ""}}, {"type": "Feature", "geometry": {"type": "LineString", "coordinates": [[4.8705377, 52.3020571], [4.8705357, 52.3020817]]}, "properties": {"Speed": 0.0, "Speed_display": 6.5, "road_quality": 2, "marker": 0, "trip_id": "602CA_Trip17", "hrot_diff": 0, "sample_diff": 1, "time_diff_s": 0.02, "gps_distance_m": 2.7, "original_speed": "", "wheel_diameter_mm": 711, "braking_intensity": 0.0, "is_braking": false, "is_crash": false, "crash_intensity_g": 0.0, "segment_start_sample": 16705, "segment_end_sample": 16706, "time_str": ""}}, {"type": "Feature", "geometry": {"type": "LineString", "coordinates": [[4.8705357, 52.3020817], [4.870528, 52.3021043]]}, "properties": {"Speed": 0.0, "Speed_display": 6.5, "road_quality": 2, "marker": 0, "trip_id": "602CA_Trip17", "hrot_diff": 0, "sample_diff": 1, "time_diff_s": 0.02, "gps_distance_m": 2.6, "original_speed": "", "wheel_diameter_mm": 711, "braking_intensity": 0.0, "is_braking": false, "is_crash": false, "crash_intensity_g": 0.0, "segment_start_sample": 16754, "segment_end_sample": 16755, "time_str": ""}}, {"type": "Feature", "geometry": {"type": "LineString", "coordinates": [[4.870528, 52.3021043], [4.8705185, 52.3021221]]}, "properties": {"Speed": 0.0, "Speed_display": 5.0, "road_quality": 2, "marker": 0, "trip_id": "602CA_Trip17", "hrot_diff": 0, "sample_diff": 1, "time_diff_s": 0.02, "gps_distance_m": 2.1, "original_speed": "", "wheel_diameter_mm": 711, "braking_intensity": 0.0, "is_braking": false, "is_crash": false, "crash_intensity_g": 0.0, "segment_start_sample": 16800, "segment_end_sample": 16801, "time_str": ""}}, {"type": "Feature", "geometry": {"type": "LineString", "coordinates": [[4.8705185, 52.3021221], [4.8705049, 52.3021424]]}, "properties": {"Speed": 0.0, "Speed_display": 5.8, "road_quality": 2, "marker": 0, "trip_id": "602CA_Trip17", "hrot_diff": 0, "sample_diff": 1, "time_diff_s": 0.02, "gps_distance_m": 2.4, "original_speed": "", "wheel_diameter_mm": 711, "braking_intensity": 0.0, "is_braking": false, "is_crash": false, "crash_intensity_g": 0.0, "segment_start_sample": 16863, "segment_end_sample": 16864, "time_str": ""}}, {"type": "Feature", "geometry": {"type": "LineString", "coordinates": [[4.8705049, 52.3021424], [4.8704897, 52.302159]]}, "properties": {"Speed": 0.0, "Speed_display": 6.5, "road_quality": 2, "marker": 0, "trip_id": "602CA_Trip17", "hrot_diff": 0, "sample_diff": 1, "time_diff_s": 0.02, "gps_distance_m": 2.1, "original_speed": "", "wheel_diameter_mm": 711, "braking_intensity": 0.0, "is_braking": false, "is_crash": false, "crash_intensity_g": 0.0, "segment_start_sample": 16910, "segment_end_sample": 16911, "time_str": ""}}, {"type": "Feature", "geometry": {"type": "LineString", "coordinates": [[4.8704897, 52.302159], [4.8704762, 52.3021843]]}, "properties": {"Speed": 0.0, "Speed_display": 8.6, "road_quality": 2, "marker": 0, "trip_id": "602CA_Trip17", "hrot_diff": 0, "sample_diff": 1, "time_diff_s": 0.02, "gps_distance_m": 3.0, "original_speed": "", "wheel_diameter_mm": 711, "braking_intensity": 0.0, "is_braking": false, "is_crash": false, "crash_intensity_g": 0.0, "segment_start_sample": 16954, "segment_end_sample": 16955, "time_str": ""}}, {"type": "Feature", "geometry": {"type": "LineString", "coordinates": [[4.8704762, 52.3021843], [4.8704742, 52.3022137]]}, "properties": {"Speed": 0.0, "Speed_display": 8.6, "road_quality": 2, "marker": 0, "trip_id": "602CA_Trip17", "hrot_diff": 0, "sample_diff": 1, "time_diff_s": 0.02, "gps_distance_m": 3.3, "original_speed": "", "wheel_diameter_mm": 711, "braking_intensity": 0.0, "is_braking": false, "is_crash": false, "crash_intensity_g": 0.0, "segment_start_sample": 16999, "segment_end_sample": 17000, "time_str": ""}}, {"type": "Feature", "geometry": {"type": "LineString", "coordinates": [[4.8704742, 52.3022137], [4.8704654, 52.3022493]]}, "properties": {"Speed": 0.0, "Speed_display": 8.6, "road_quality": 2, "marker": 0, "trip_id": "602CA_Trip17", "hrot_diff": 0, "sample_diff": 1, "time_diff_s": 0.02, "gps_distance_m": 4.0, "original_speed": "", "wheel_diameter_mm": 711, "braking_intensity": 0.0, "is_braking": false, "is_crash": false, "crash_intensity_g": 0.0, "segment_start_sample": 17058, "segment_end_sample": 17059, "time_str": ""}}, {"type": "Feature", "geometry": {"type": "LineString", "coordinates": [[4.8704654, 52.3022493], [4.8704623, 52.3022819]]}, "properties": {"Speed": 0.0, "Speed_display": 8.6, "road_quality": 2, "marker": 0, "trip_id": "602CA_Trip17", "hrot_diff": 0, "sample_diff": 1, "time_diff_s": 0.02, "gps_distance_m": 3.6, "original_speed": "", "wheel_diameter_mm": 711, "braking_intensity": 0.0, "is_braking": false, "is_crash": false, "crash_intensity_g": 0.0, "segment_start_sample": 17102, "segment_end_sample": 17103, "time_str": ""}}, {"type": "Feature", "geometry": {"type": "LineString", "coordinates": [[4.8704623, 52.3022819], [4.8704579, 52.3023155]]}, "properties": {"Speed": 0.0, "Speed_display": 7.9, "road_quality": 2, "marker": 0, "trip_id": "602CA_Trip17", "hrot_diff": 0, "sample_diff": 1, "time_diff_s": 0.02, "gps_distance_m": 3.7, "original_speed": "", "wheel_diameter_mm": 711, "braking_intensity": 0.0, "is_braking": false, "is_crash": false, "crash_intensity_g": 0.0, "segment_start_sample": 17162, "segment_end_sample": 17163, "time_str": ""}}, {"type": "Feature", "geometry": {"type": "LineString", "coordinates": [[4.8704579, 52.3023155], [4.8704675, 52.3023481]]}, "properties": {"Speed": 0.0, "Speed_display": 8.6, "road_quality": 2, "marker": 0, "trip_id": "602CA_Trip17", "hrot_diff": 0, "sample_diff": 1, "time_diff_s": 0.02, "gps_distance_m": 3.7, "original_speed": "", "wheel_diameter_mm": 711, "braking_intensity": 0.0, "is_braking": false, "is_crash": false, "crash_intensity_g": 0.0, "segment_start_sample": 17203, "segment_end_sample": 17204, "time_str": ""}}, {"type": "Feature", "geometry": {"type": "LineString", "coordinates": [[4.8704675, 52.3023481], [4.8704704, 52.3023812]]}, "properties": {"Speed": 0.0, "Speed_display": 9.4, "road_quality": 2, "marker": 0, "trip_id": "602CA_Trip17", "hrot_diff": 0, "sample_diff": 1, "time_diff_s": 0.02, "gps_distance_m": 3.7, "original_speed": "", "wheel_diameter_mm": 711, "braking_intensity": 0.0, "is_braking": false, "is_crash": false, "crash_intensity_g": 0.0, "segment_start_sample": 17259, "segment_end_sample": 17260, "time_str": ""}}, {"type": "Feature", "geometry": {"type": "LineString", "coordinates": [[4.8704704, 52.3023812], [4.8704775, 52.3024165]]}, "properties": {"Speed": 0.0, "Speed_display": 9.4, "road_quality": 2, "marker": 0, "trip_id": "602CA_Trip17", "hrot_diff": 0, "sample_diff": 1, "time_diff_s": 0.02, "gps_distance_m": 4.0, "original_speed": "", "wheel_diameter_mm": 711, "braking_intensity": 0.0, "is_braking": false, "is_crash": false, "crash_intensity_g": 0.0, "segment_start_sample": 17298, "segment_end_sample": 17299, "time_str": ""}}, {"type": "Feature", "geometry": {"type": "LineString", "coordinates": [[4.8704775, 52.3024165], [4.8704817, 52.3024531]]}, "properties": {"Speed": 0.0, "Speed_display": 9.4, "road_quality": 2, "marker": 0, "trip_id": "602CA_Trip17", "hrot_diff": 0, "sample_diff": 1, "time_diff_s": 0.02, "gps_distance_m": 4.1, "original_speed": "", "wheel_diameter_mm": 711, "braking_intensity": 0.0, "is_braking": false, "is_crash": false, "crash_intensity_g": 0.0, "segment_start_sample": 17350, "segment_end_sample": 17351, "time_str": ""}}, {"type": "Feature", "geometry": {"type": "LineString", "coordinates": [[4.8704817, 52.3024531], [4.8704826, 52.3024909]]}, "properties": {"Speed": 0.0, "Speed_display": 10.1, "road_quality": 2, "marker": 0, "trip_id": "602CA_Trip17", "hrot_diff": 0, "sample_diff": 1, "time_diff_s": 0.02, "gps_distance_m": 4.2, "original_speed": "", "wheel_diameter_mm": 711, "braking_intensity": 0.0, "is_braking": false, "is_crash": false, "crash_intensity_g": 0.0, "segment_start_sample": 17399, "segment_end_sample": 17400, "time_str": ""}}, {"type": "Feature", "geometry": {"type": "LineString", "coordinates": [[4.8704826, 52.3024909], [4.8704847, 52.3025281]]}, "properties": {"Speed": 0.0, "Speed_display": 10.1, "road_quality": 2, "marker": 0, "trip_id": "602CA_Trip17", "hrot_diff": 0, "sample_diff": 1, "time_diff_s": 0.02, "gps_distance_m": 4.1, "original_speed": "", "wheel_diameter_mm": 711, "braking_intensity": 0.0, "is_braking": false, "is_crash": false, "crash_intensity_g": 0.0, "segment_start_sample": 17458, "segment_end_sample": 17459, "time_str": ""}}, {"type": "Feature", "geometry": {"type": "LineString", "coordinates": [[4.8704847, 52.3025281], [4.8704844, 52.302568]]}, "properties": {"Speed": 0.0, "Speed_display": 11.5, "road_quality": 2, "marker": 0, "trip_id": "602CA_Trip17", "hrot_diff": 0, "sample_diff": 1, "time_diff_s": 0.02, "gps_distance_m": 4.4, "original_speed": "", "wheel_diameter_mm": 711, "braking_intensity": 0.0, "is_braking": false, "is_crash": false, "crash_intensity_g": 0.0, "segment_start_sample": 17503, "segment_end_sample": 17504, "time_str": ""}}, {"type": "Feature", "geometry": {"type": "LineString", "coordinates": [[4.8704844, 52.302568], [4.8704982, 52.302629]]}, "properties": {"Speed": 0.0, "Speed_display": 13.0, "road_quality": 2, "marker": 0, "trip_id": "602CA_Trip17", "hrot_diff": 0, "sample_diff": 1, "time_diff_s": 0.02, "gps_distance_m": 6.8, "original_speed": "", "wheel_diameter_mm": 711, "braking_intensity": 0.0, "is_braking": false, "is_crash": false, "crash_intensity_g": 0.0, "segment_start_sample": 17558, "segment_end_sample": 17559, "time_str": ""}}, {"type": "Feature", "geometry": {"type": "LineString", "coordinates": [[4.8704982, 52.302629], [4.8705054, 52.3026846]]}, "properties": {"Speed": 0.0, "Speed_display": 12.2, "road_quality": 2, "marker": 0, "trip_id": "602CA_Trip17", "hrot_diff": 0, "sample_diff": 1, "time_diff_s": 0.02, "gps_distance_m": 6.2, "original_speed": "", "wheel_diameter_mm": 711, "braking_intensity": 0.0, "is_braking": false, "is_crash": false, "crash_intensity_g": 0.0, "segment_start_sample": 17602, "segment_end_sample": 17603, "time_str": ""}}, {"type": "Feature", "geometry": {"type": "LineString", "coordinates": [[4.8705054, 52.3026846], [4.8705168, 52.3027401]]}, "properties": {"Speed": 0.0, "Speed_display": 13.0, "road_quality": 2, "marker": 0, "trip_id": "602CA_Trip17", "hrot_diff": 0, "sample_diff": 1, "time_diff_s": 0.02, "gps_distance_m": 6.2, "original_speed": "", "wheel_diameter_mm": 711, "braking_intensity": 0.0, "is_braking": false, "is_crash": false, "crash_intensity_g": 0.0, "segment_start_sample": 17656, "segment_end_sample": 17657, "time_str": ""}}, {"type": "Feature", "geometry": {"type": "LineString", "coordinates": [[4.8705168, 52.3027401], [4.8705104, 52.3027916]]}, "properties": {"Speed": 0.0, "Speed_display": 13.0, "road_quality": 3, "marker": 0, "trip_id": "602CA_Trip17", "hrot_diff": 0, "sample_diff": 1, "time_diff_s": 0.02, "gps_distance_m": 5.7, "original_speed": "", "wheel_diameter_mm": 711, "braking_intensity": 0.0, "is_braking": false, "is_crash": false, "crash_intensity_g": 0.0, "segment_start_sample": 17698, "segment_end_sample": 17699, "time_str": ""}}, {"type": "Feature", "geometry": {"type": "LineString", "coordinates": [[4.8705104, 52.3027916], [4.8705063, 52.3028435]]}, "properties": {"Speed": 0.0, "Speed_display": 13.0, "road_quality": 3, "marker": 0, "trip_id": "602CA_Trip17", "hrot_diff": 0, "sample_diff": 1, "time_diff_s": 0.02, "gps_distance_m": 5.8, "original_speed": "", "wheel_diameter_mm": 711, "braking_intensity": 0.0, "is_braking": false, "is_crash": false, "crash_intensity_g": 0.0, "segment_start_sample": 17749, "segment_end_sample": 17750, "time_str": ""}}, {"type": "Feature", "geometry": {"type": "LineString", "coordinates": [[4.8705063, 52.3028435], [4.8704959, 52.3028924]]}, "properties": {"Speed": 0.0, "Speed_display": 12.2, "road_quality": 2, "marker": 0, "trip_id": "602CA_Trip17", "hrot_diff": 0, "sample_diff": 1, "time_diff_s": 0.02, "gps_distance_m": 5.5, "original_speed": "", "wheel_diameter_mm": 711, "braking_intensity": 0.0, "is_braking": false, "is_crash": false, "crash_intensity_g": 0.0, "segment_start_sample": 17802, "segment_end_sample": 17803, "time_str": ""}}, {"type": "Feature", "geometry": {"type": "LineString", "coordinates": [[4.8704959, 52.3028924], [4.8704981, 52.3029483]]}, "properties": {"Speed": 0.0, "Speed_display": 12.2, "road_quality": 2, "marker": 0, "trip_id": "602CA_Trip17", "hrot_diff": 0, "sample_diff": 1, "time_diff_s": 0.02, "gps_distance_m": 6.2, "original_speed": "", "wheel_diameter_mm": 711, "braking_intensity": 0.0, "is_braking": false, "is_crash": false, "crash_intensity_g": 0.0, "segment_start_sample": 17856, "segment_end_sample": 17857, "time_str": ""}}, {"type": "Feature", "geometry": {"type": "LineString", "coordinates": [[4.8704981, 52.3029483], [4.8705032, 52.3029937]]}, "properties": {"Speed": 0.0, "Speed_display": 12.2, "road_quality": 2, "marker": 0, "trip_id": "602CA_Trip17", "hrot_diff": 0, "sample_diff": 1, "time_diff_s": 0.02, "gps_distance_m": 5.1, "original_speed": "", "wheel_diameter_mm": 711, "braking_intensity": 0.0, "is_braking": false, "is_crash": false, "crash_intensity_g": 0.0, "segment_start_sample": 17898, "segment_end_sample": 17899, "time_str": ""}}, {"type": "Feature", "geometry": {"type": "LineString", "coordinates": [[4.8705032, 52.3029937], [4.8704957, 52.3030397]]}, "properties": {"Speed": 0.0, "Speed_display": 12.2, "road_quality": 2, "marker": 0, "trip_id": "602CA_Trip17", "hrot_diff": 0, "sample_diff": 1, "time_diff_s": 0.02, "gps_distance_m": 5.1, "original_speed": "", "wheel_diameter_mm": 711, "braking_intensity": 0.0, "is_braking": false, "is_crash": false, "crash_intensity_g": 0.0, "segment_start_sample": 17952, "segment_end_sample": 17953, "time_str": ""}}, {"type": "Feature", "geometry": {"type": "LineString", "coordinates": [[4.8704957, 52.3030397], [4.8704971, 52.3030857]]}, "properties": {"Speed": 0.0, "Speed_display": 12.2, "road_quality": 2, "marker": 0, "trip_id": "602CA_Trip17", "hrot_diff": 0, "sample_diff": 1, "time_diff_s": 0.02, "gps_distance_m": 5.1, "original_speed": "", "wheel_diameter_mm": 711, "braking_intensity": 0.0, "is_braking": false, "is_crash": false, "crash_intensity_g": 0.0, "segment_start_sample": 18005, "segment_end_sample": 18006, "time_str": ""}}, {"type": "Feature", "geometry": {"type": "LineString", "coordinates": [[4.8704971, 52.3030857], [4.8704923, 52.3031289]]}, "properties": {"Speed": 0.0, "Speed_display": 12.2, "road_quality": 3, "marker": 0, "trip_id": "602CA_Trip17", "hrot_diff": 0, "sample_diff": 1, "time_diff_s": 0.02, "gps_distance_m": 4.8, "original_speed": "", "wheel_diameter_mm": 711, "braking_intensity": 0.0, "is_braking": false, "is_crash": false, "crash_intensity_g": 0.0, "segment_start_sample": 18057, "segment_end_sample": 18058, "time_str": ""}}, {"type": "Feature", "geometry": {"type": "LineString", "coordinates": [[4.8704923, 52.3031289], [4.8704949, 52.3031754]]}, "properties": {"Speed": 0.0, "Speed_display": 12.2, "road_quality": 3, "marker": 0, "trip_id": "602CA_Trip17", "hrot_diff": 0, "sample_diff": 1, "time_diff_s": 0.02, "gps_distance_m": 5.2, "original_speed": "", "wheel_diameter_mm": 711, "braking_intensity": 0.0, "is_braking": false, "is_crash": false, "crash_intensity_g": 0.0, "segment_start_sample": 18101, "segment_end_sample": 18102, "time_str": ""}}, {"type": "Feature", "geometry": {"type": "LineString", "coordinates": [[4.8704949, 52.3031754], [4.870485, 52.3032171]]}, "properties": {"Speed": 0.0, "Speed_display": 11.5, "road_quality": 2, "marker": 0, "trip_id": "602CA_Trip17", "hrot_diff": 0, "sample_diff": 1, "time_diff_s": 0.02, "gps_distance_m": 4.7, "original_speed": "", "wheel_diameter_mm": 711, "braking_intensity": 0.0, "is_braking": false, "is_crash": false, "crash_intensity_g": 0.0, "segment_start_sample": 18156, "segment_end_sample": 18157, "time_str": ""}}, {"type": "Feature", "geometry": {"type": "LineString", "coordinates": [[4.870485, 52.3032171], [4.8704882, 52.3032641]]}, "properties": {"Speed": 0.0, "Speed_display": 11.5, "road_quality": 2, "marker": 0, "trip_id": "602CA_Trip17", "hrot_diff": 0, "sample_diff": 1, "time_diff_s": 0.02, "gps_distance_m": 5.2, "original_speed": "", "wheel_diameter_mm": 711, "braking_intensity": 0.0, "is_braking": false, "is_crash": false, "crash_intensity_g": 0.0, "segment_start_sample": 18201, "segment_end_sample": 18202, "time_str": ""}}, {"type": "Feature", "geometry": {"type": "LineString", "coordinates": [[4.8704882, 52.3032641], [4.8704961, 52.3033054]]}, "properties": {"Speed": 0.0, "Speed_display": 12.2, "road_quality": 2, "marker": 0, "trip_id": "602CA_Trip17", "hrot_diff": 0, "sample_diff": 1, "time_diff_s": 0.02, "gps_distance_m": 4.6, "original_speed": "", "wheel_diameter_mm": 711, "braking_intensity": 0.0, "is_braking": false, "is_crash": false, "crash_intensity_g": 0.0, "segment_start_sample": 18256, "segment_end_sample": 18257, "time_str": ""}}, {"type": "Feature", "geometry": {"type": "LineString", "coordinates": [[4.8704961, 52.3033054], [4.8705049, 52.3033526]]}, "properties": {"Speed": 0.0, "Speed_display": 11.5, "road_quality": 2, "marker": 0, "trip_id": "602CA_Trip17", "hrot_diff": 0, "sample_diff": 1, "time_diff_s": 0.02, "gps_distance_m": 5.3, "original_speed": "", "wheel_diameter_mm": 711, "braking_intensity": 0.0, "is_braking": false, "is_crash": false, "crash_intensity_g": 0.0, "segment_start_sample": 18308, "segment_end_sample": 18309, "time_str": ""}}, {"type": "Feature", "geometry": {"type": "LineString", "coordinates": [[4.8705049, 52.3033526], [4.870513, 52.3033917]]}, "properties": {"Speed": 0.0, "Speed_display": 11.5, "road_quality": 2, "marker": 0, "trip_id": "602CA_Trip17", "hrot_diff": 0, "sample_diff": 1, "time_diff_s": 0.02, "gps_distance_m": 4.4, "original_speed": "", "wheel_diameter_mm": 711, "braking_intensity": 0.0, "is_braking": false, "is_crash": false, "crash_intensity_g": 0.0, "segment_start_sample": 18348, "segment_end_sample": 18349, "time_str": ""}}, {"type": "Feature", "geometry": {"type": "LineString", "coordinates": [[4.870513, 52.3033917], [4.8705586, 52.3034122]]}, "properties": {"Speed": 0.0, "Speed_display": 7.2, "road_quality": 2, "marker": 0, "trip_id": "602CA_Trip17", "hrot_diff": 0, "sample_diff": 1, "time_diff_s": 0.02, "gps_distance_m": 3.8, "original_speed": "", "wheel_diameter_mm": 711, "braking_intensity": 0.0, "is_braking": false, "is_crash": false, "crash_intensity_g": 0.0, "segment_start_sample": 18402, "segment_end_sample": 18403, "time_str": ""}}, {"type": "Feature", "geometry": {"type": "LineString", "coordinates": [[4.8705586, 52.3034122], [4.8706033, 52.3034042]]}, "properties": {"Speed": 0.0, "Speed_display": 8.6, "road_quality": 2, "marker": 0, "trip_id": "602CA_Trip17", "hrot_diff": 0, "sample_diff": 1, "time_diff_s": 0.02, "gps_distance_m": 3.2, "original_speed": "", "wheel_diameter_mm": 711, "braking_intensity": 0.0, "is_braking": false, "is_crash": false, "crash_intensity_g": 0.0, "segment_start_sample": 18463, "segment_end_sample": 18464, "time_str": ""}}, {"type": "Feature", "geometry": {"type": "LineString", "coordinates": [[4.8706033, 52.3034042], [4.8706442, 52.3033848]]}, "properties": {"Speed": 0.0, "Speed_display": 9.4, "road_quality": 2, "marker": 0, "trip_id": "602CA_Trip17", "hrot_diff": 0, "sample_diff": 1, "time_diff_s": 0.02, "gps_distance_m": 3.5, "original_speed": "", "wheel_diameter_mm": 711, "braking_intensity": 0.0, "is_braking": false, "is_crash": false, "crash_intensity_g": 0.0, "segment_start_sample": 18507, "segment_end_sample": 18508, "time_str": ""}}, {"type": "Feature", "geometry": {"type": "LineString", "coordinates": [[4.8706442, 52.3033848], [4.8706899, 52.3033657]]}, "properties": {"Speed": 0.0, "Speed_display": 9.4, "road_quality": 2, "marker": 0, "trip_id": "602CA_Trip17", "hrot_diff": 0, "sample_diff": 1, "time_diff_s": 0.02, "gps_distance_m": 3.8, "original_speed": "", "wheel_diameter_mm": 711, "braking_intensity": 0.0, "is_braking": false, "is_crash": false, "crash_intensity_g": 0.0, "segment_start_sample": 18550, "segment_end_sample": 18551, "time_str": ""}}, {"type": "Feature", "geometry": {"type": "LineString", "coordinates": [[4.8706899, 52.3033657], [4.8707368, 52.303349]]}, "properties": {"Speed": 0.0, "Speed_display": 10.1, "road_quality": 2, "marker": 0, "trip_id": "602CA_Trip17", "hrot_diff": 0, "sample_diff": 1, "time_diff_s": 0.02, "gps_distance_m": 3.7, "original_speed": "", "wheel_diameter_mm": 711, "braking_intensity": 0.0, "is_braking": false, "is_crash": false, "crash_intensity_g": 0.0, "segment_start_sample": 18604, "segment_end_sample": 18605, "time_str": ""}}, {"type": "Feature", "geometry": {"type": "LineString", "coordinates": [[4.8707368, 52.303349], [4.8708003, 52.3033338]]}, "properties": {"Speed": 0.0, "Speed_display": 10.1, "road_quality": 2, "marker": 0, "trip_id": "602CA_Trip17", "hrot_diff": 0, "sample_diff": 1, "time_diff_s": 0.02, "gps_distance_m": 4.6, "original_speed": "", "wheel_diameter_mm": 711, "braking_intensity": 0.0, "is_braking": false, "is_crash": false, "crash_intensity_g": 0.0, "segment_start_sample": 18656, "segment_end_sample": 18657, "time_str": ""}}, {"type": "Feature", "geometry": {"type": "LineString", "coordinates": [[4.8708003, 52.3033338], [4.8708624, 52.3033184]]}, "properties": {"Speed": 0.0, "Speed_display": 10.8, "road_quality": 2, "marker": 0, "trip_id": "602CA_Trip17", "hrot_diff": 0, "sample_diff": 1, "time_diff_s": 0.02, "gps_distance_m": 4.6, "original_speed": "", "wheel_diameter_mm": 711, "braking_intensity": 0.0, "is_braking": false, "is_crash": false, "crash_intensity_g": 0.0, "segment_start_sample": 18706, "segment_end_sample": 18707, "time_str": ""}}, {"type": "Feature", "geometry": {"type": "LineString", "coordinates": [[4.8708624, 52.3033184], [4.8709303, 52.303298]]}, "properties": {"Speed": 0.0, "Speed_display": 10.8, "road_quality": 2, "marker": 0, "trip_id": "602CA_Trip17", "hrot_diff": 0, "sample_diff": 1, "time_diff_s": 0.02, "gps_distance_m": 5.1, "original_speed": "", "wheel_diameter_mm": 711, "braking_intensity": 0.0, "is_braking": false, "is_crash": false, "crash_intensity_g": 0.0, "segment_start_sample": 18756, "segment_end_sample": 18757, "time_str": ""}}, {"type": "Feature", "geometry": {"type": "LineString", "coordinates": [[4.8709303, 52.303298], [4.8709988, 52.3032838]]}, "properties": {"Speed": 0.0, "Speed_display": 11.5, "road_quality": 2, "marker": 0, "trip_id": "602CA_Trip17", "hrot_diff": 0, "sample_diff": 1, "time_diff_s": 0.02, "gps_distance_m": 4.9, "original_speed": "", "wheel_diameter_mm": 711, "braking_intensity": 0.0, "is_braking": false, "is_crash": false, "crash_intensity_g": 0.0, "segment_start_sample": 18804, "segment_end_sample": 18805, "time_str": ""}}, {"type": "Feature", "geometry": {"type": "LineString", "coordinates": [[4.8709988, 52.3032838], [4.8710508, 52.3032669]]}, "properties": {"Speed": 0.0, "Speed_display": 11.5, "road_quality": 2, "marker": 0, "trip_id": "602CA_Trip17", "hrot_diff": 0, "sample_diff": 1, "time_diff_s": 0.02, "gps_distance_m": 4.0, "original_speed": "", "wheel_diameter_mm": 711, "braking_intensity": 0.0, "is_braking": false, "is_crash": false, "crash_intensity_g": 0.0, "segment_start_sample": 18853, "segment_end_sample": 18854, "time_str": ""}}, {"type": "Feature", "geometry": {"type": "LineString", "coordinates": [[4.8710508, 52.3032669], [4.8711136, 52.3032477]]}, "properties": {"Speed": 0.0, "Speed_display": 11.5, "road_quality": 2, "marker": 0, "trip_id": "602CA_Trip17", "hrot_diff": 0, "sample_diff": 1, "time_diff_s": 0.02, "gps_distance_m": 4.8, "original_speed": "", "wheel_diameter_mm": 711, "braking_intensity": 0.0, "is_braking": false, "is_crash": false, "crash_intensity_g": 0.0, "segment_start_sample": 18902, "segment_end_sample": 18903, "time_str": ""}}, {"type": "Feature", "geometry": {"type": "LineString", "coordinates": [[4.8711136, 52.3032477], [4.8711736, 52.3032226]]}, "properties": {"Speed": 0.0, "Speed_display": 10.8, "road_quality": 2, "marker": 0, "trip_id": "602CA_Trip17", "hrot_diff": 0, "sample_diff": 1, "time_diff_s": 0.02, "gps_distance_m": 4.9, "original_speed": "", "wheel_diameter_mm": 711, "braking_intensity": 0.0, "is_braking": false, "is_crash": false, "crash_intensity_g": 0.0, "segment_start_sample": 18951, "segment_end_sample": 18952, "time_str": ""}}, {"type": "Feature", "geometry": {"type": "LineString", "coordinates": [[4.8711736, 52.3032226], [4.8712416, 52.3032057]]}, "properties": {"Speed": 0.0, "Speed_display": 11.5, "road_quality": 2, "marker": 0, "trip_id": "602CA_Trip17", "hrot_diff": 0, "sample_diff": 1, "time_diff_s": 0.02, "gps_distance_m": 5.0, "original_speed": "", "wheel_diameter_mm": 711, "braking_intensity": 0.0, "is_braking": false, "is_crash": false, "crash_intensity_g": 0.0, "segment_start_sample": 19001, "segment_end_sample": 19002, "time_str": ""}}, {"type": "Feature", "geometry": {"type": "LineString", "coordinates": [[4.8712416, 52.3032057], [4.8713028, 52.3031858]]}, "properties": {"Speed": 0.0, "Speed_display": 10.8, "road_quality": 2, "marker": 0, "trip_id": "602CA_Trip17", "hrot_diff": 0, "sample_diff": 1, "time_diff_s": 0.02, "gps_distance_m": 4.7, "original_speed": "", "wheel_diameter_mm": 711, "braking_intensity": 0.0, "is_braking": false, "is_crash": false, "crash_intensity_g": 0.0, "segment_start_sample": 19049, "segment_end_sample": 19050, "time_str": ""}}, {"type": "Feature", "geometry": {"type": "LineString", "coordinates": [[4.8713028, 52.3031858], [4.8713494, 52.3031725]]}, "properties": {"Speed": 0.0, "Speed_display": 9.4, "road_quality": 2, "marker": 0, "trip_id": "602CA_Trip17", "hrot_diff": 0, "sample_diff": 1, "time_diff_s": 0.02, "gps_distance_m": 3.5, "original_speed": "", "wheel_diameter_mm": 711, "braking_intensity": 0.0, "is_braking": false, "is_crash": false, "crash_intensity_g": 0.0, "segment_start_sample": 19099, "segment_end_sample": 19100, "time_str": ""}}, {"type": "Feature", "geometry": {"type": "LineString", "coordinates": [[4.8713494, 52.3031725], [4.8714066, 52.3031636]]}, "properties": {"Speed": 0.0, "Speed_display": 10.8, "road_quality": 2, "marker": 0, "trip_id": "602CA_Trip17", "hrot_diff": 0, "sample_diff": 1, "time_diff_s": 0.02, "gps_distance_m": 4.0, "original_speed": "", "wheel_diameter_mm": 711, "braking_intensity": 0.0, "is_braking": false, "is_crash": false, "crash_intensity_g": 0.0, "segment_start_sample": 19149, "segment_end_sample": 19150, "time_str": ""}}, {"type": "Feature", "geometry": {"type": "LineString", "coordinates": [[4.8714066, 52.3031636], [4.8714722, 52.3031464]]}, "properties": {"Speed": 0.0, "Speed_display": 10.8, "road_quality": 2, "marker": 0, "trip_id": "602CA_Trip17", "hrot_diff": 0, "sample_diff": 1, "time_diff_s": 0.02, "gps_distance_m": 4.9, "original_speed": "", "wheel_diameter_mm": 711, "braking_intensity": 0.0, "is_braking": false, "is_crash": false, "crash_intensity_g": 0.0, "segment_start_sample": 19200, "segment_end_sample": 19201, "time_str": ""}}, {"type": "Feature", "geometry": {"type": "LineString", "coordinates": [[4.8714722, 52.3031464], [4.8715319, 52.3031313]]}, "properties": {"Speed": 0.0, "Speed_display": 10.8, "road_quality": 2, "marker": 0, "trip_id": "602CA_Trip17", "hrot_diff": 0, "sample_diff": 1, "time_diff_s": 0.02, "gps_distance_m": 4.4, "original_speed": "", "wheel_diameter_mm": 711, "braking_intensity": 0.0, "is_braking": false, "is_crash": false, "crash_intensity_g": 0.0, "segment_start_sample": 19251, "segment_end_sample": 19252, "time_str": ""}}, {"type": "Feature", "geometry": {"type": "LineString", "coordinates": [[4.8715319, 52.3031313], [4.8715925, 52.3031176]]}, "properties": {"Speed": 0.0, "Speed_display": 11.5, "road_quality": 2, "marker": 0, "trip_id": "602CA_Trip17", "hrot_diff": 0, "sample_diff": 1, "time_diff_s": 0.02, "gps_distance_m": 4.4, "original_speed": "", "wheel_diameter_mm": 711, "braking_intensity": 0.0, "is_braking": false, "is_crash": false, "crash_intensity_g": 0.0, "segment_start_sample": 19300, "segment_end_sample": 19301, "time_str": ""}}, {"type": "Feature", "geometry": {"type": "LineString", "coordinates": [[4.8715925, 52.3031176], [4.8716617, 52.3031083]]}, "properties": {"Speed": 0.0, "Speed_display": 10.8, "road_quality": 2, "marker": 0, "trip_id": "602CA_Trip17", "hrot_diff": 0, "sample_diff": 1, "time_diff_s": 0.02, "gps_distance_m": 4.8, "original_speed": "", "wheel_diameter_mm": 711, "braking_intensity": 0.0, "is_braking": false, "is_crash": false, "crash_intensity_g": 0.0, "segment_start_sample": 19351, "segment_end_sample": 19352, "time_str": ""}}, {"type": "Feature", "geometry": {"type": "LineString", "coordinates": [[4.8716617, 52.3031083], [4.871723, 52.3030928]]}, "properties": {"Speed": 0.0, "Speed_display": 11.5, "road_quality": 2, "marker": 0, "trip_id": "602CA_Trip17", "hrot_diff": 0, "sample_diff": 1, "time_diff_s": 0.02, "gps_distance_m": 4.5, "original_speed": "", "wheel_diameter_mm": 711, "braking_intensity": 0.0, "is_braking": false, "is_crash": false, "crash_intensity_g": 0.0, "segment_start_sample": 19400, "segment_end_sample": 19401, "time_str": ""}}, {"type": "Feature", "geometry": {"type": "LineString", "coordinates": [[4.871723, 52.3030928], [4.8717812, 52.3030598]]}, "properties": {"Speed": 0.0, "Speed_display": 12.2, "road_quality": 2, "marker": 0, "trip_id": "602CA_Trip17", "hrot_diff": 0, "sample_diff": 1, "time_diff_s": 0.02, "gps_distance_m": 5.4, "original_speed": "", "wheel_diameter_mm": 711, "braking_intensity": 0.0, "is_braking": false, "is_crash": false, "crash_intensity_g": 0.0, "segment_start_sample": 19449, "segment_end_sample": 19450, "time_str": ""}}, {"type": "Feature", "geometry": {"type": "LineString", "coordinates": [[4.8717812, 52.3030598], [4.8725055, 52.3028656]]}, "properties": {"Speed": 0.0, "Speed_display": 12.2, "road_quality": 2, "marker": 0, "trip_id": "602CA_Trip17", "hrot_diff": 0, "sample_diff": 1, "time_diff_s": 0.02, "gps_distance_m": 53.8, "original_speed": "", "wheel_diameter_mm": 711, "braking_intensity": 0.0, "is_braking": false, "is_crash": false, "crash_intensity_g": 0.0, "segment_start_sample": 19770, "segment_end_sample": 19771, "time_str": ""}}, {"type": "Feature", "geometry": {"type": "LineString", "coordinates": [[4.8725055, 52.3028656], [4.8725845, 52.3028305]]}, "properties": {"Speed": 0.0, "Speed_display": 11.5, "road_quality": 2, "marker": 0, "trip_id": "602CA_Trip17", "hrot_diff": 0, "sample_diff": 1, "time_diff_s": 0.02, "gps_distance_m": 6.6, "original_speed": "", "wheel_diameter_mm": 711, "braking_intensity": 0.0, "is_braking": false, "is_crash": false, "crash_intensity_g": 0.0, "segment_start_sample": 20108, "segment_end_sample": 20109, "time_str": ""}}, {"type": "Feature", "geometry": {"type": "LineString", "coordinates": [[4.8725845, 52.3028305], [4.8726279, 52.3028117]]}, "properties": {"Speed": 0.0, "Speed_display": 11.5, "road_quality": 2, "marker": 0, "trip_id": "602CA_Trip17", "hrot_diff": 0, "sample_diff": 1, "time_diff_s": 0.02, "gps_distance_m": 3.6, "original_speed": "", "wheel_diameter_mm": 711, "braking_intensity": 0.0, "is_braking": false, "is_crash": false, "crash_intensity_g": 0.0, "segment_start_sample": 20155, "segment_end_sample": 20156, "time_str": ""}}, {"type": "Feature", "geometry": {"type": "LineString", "coordinates": [[4.8726279, 52.3028117], [4.8726811, 52.3027906]]}, "properties": {"Speed": 0.0, "Speed_display": 10.8, "road_quality": 2, "marker": 0, "trip_id": "602CA_Trip17", "hrot_diff": 0, "sample_diff": 1, "time_diff_s": 0.02, "gps_distance_m": 4.3, "original_speed": "", "wheel_diameter_mm": 711, "braking_intensity": 0.0, "is_braking": false, "is_crash": false, "crash_intensity_g": 0.0, "segment_start_sample": 20203, "segment_end_sample": 20204, "time_str": ""}}, {"type": "Feature", "geometry": {"type": "LineString", "coordinates": [[4.8726811, 52.3027906], [4.8727356, 52.3027816]]}, "properties": {"Speed": 0.0, "Speed_display": 10.8, "road_quality": 2, "marker": 0, "trip_id": "602CA_Trip17", "hrot_diff": 0, "sample_diff": 1, "time_diff_s": 0.02, "gps_distance_m": 3.8, "original_speed": "", "wheel_diameter_mm": 711, "braking_intensity": 0.0, "is_braking": false, "is_crash": false, "crash_intensity_g": 0.0, "segment_start_sample": 20251, "segment_end_sample": 20252, "time_str": ""}}, {"type": "Feature", "geometry": {"type": "LineString", "coordinates": [[4.8727356, 52.3027816], [4.8727985, 52.3027652]]}, "properties": {"Speed": 0.0, "Speed_display": 11.5, "road_quality": 2, "marker": 0, "trip_id": "602CA_Trip17", "hrot_diff": 0, "sample_diff": 1, "time_diff_s": 0.02, "gps_distance_m": 4.6, "original_speed": "", "wheel_diameter_mm": 711, "braking_intensity": 0.0, "is_braking": false, "is_crash": false, "crash_intensity_g": 0.0, "segment_start_sample": 20300, "segment_end_sample": 20301, "time_str": ""}}, {"type": "Feature", "geometry": {"type": "LineString", "coordinates": [[4.8727985, 52.3027652], [4.8728601, 52.3027467]]}, "properties": {"Speed": 0.0, "Speed_display": 11.5, "road_quality": 2, "marker": 0, "trip_id": "602CA_Trip17", "hrot_diff": 0, "sample_diff": 1, "time_diff_s": 0.02, "gps_distance_m": 4.7, "original_speed": "", "wheel_diameter_mm": 711, "braking_intensity": 0.0, "is_braking": false, "is_crash": false, "crash_intensity_g": 0.0, "segment_start_sample": 20348, "segment_end_sample": 20349, "time_str": ""}}, {"type": "Feature", "geometry": {"type": "LineString", "coordinates": [[4.8728601, 52.3027467], [4.8729195, 52.3027328]]}, "properties": {"Speed": 0.0, "Speed_display": 11.5, "road_quality": 2, "marker": 0, "trip_id": "602CA_Trip17", "hrot_diff": 0, "sample_diff": 1, "time_diff_s": 0.02, "gps_distance_m": 4.3, "original_speed": "", "wheel_diameter_mm": 711, "braking_intensity": 0.0, "is_braking": false, "is_crash": false, "crash_intensity_g": 0.0, "segment_start_sample": 20398, "segment_end_sample": 20399, "time_str": ""}}, {"type": "Feature", "geometry": {"type": "LineString", "coordinates": [[4.8729195, 52.3027328], [4.8729694, 52.3027195]]}, "properties": {"Speed": 0.0, "Speed_display": 10.1, "road_quality": 2, "marker": 0, "trip_id": "602CA_Trip17", "hrot_diff": 0, "sample_diff": 1, "time_diff_s": 0.02, "gps_distance_m": 3.7, "original_speed": "", "wheel_diameter_mm": 711, "braking_intensity": 0.0, "is_braking": false, "is_crash": false, "crash_intensity_g": 0.0, "segment_start_sample": 20448, "segment_end_sample": 20449, "time_str": ""}}, {"type": "Feature", "geometry": {"type": "LineString", "coordinates": [[4.8729694, 52.3027195], [4.8730195, 52.3026997]]}, "properties": {"Speed": 0.0, "Speed_display": 10.8, "road_quality": 2, "marker": 0, "trip_id": "602CA_Trip17", "hrot_diff": 0, "sample_diff": 1, "time_diff_s": 0.02, "gps_distance_m": 4.1, "original_speed": "", "wheel_diameter_mm": 711, "braking_intensity": 0.0, "is_braking": false, "is_crash": false, "crash_intensity_g": 0.0, "segment_start_sample": 20498, "segment_end_sample": 20499, "time_str": ""}}, {"type": "Feature", "geometry": {"type": "LineString", "coordinates": [[4.8730195, 52.3026997], [4.8730659, 52.3026832]]}, "properties": {"Speed": 0.0, "Speed_display": 10.8, "road_quality": 2, "marker": 0, "trip_id": "602CA_Trip17", "hrot_diff": 0, "sample_diff": 1, "time_diff_s": 0.02, "gps_distance_m": 3.6, "original_speed": "", "wheel_diameter_mm": 711, "braking_intensity": 0.0, "is_braking": false, "is_crash": false, "crash_intensity_g": 0.0, "segment_start_sample": 20549, "segment_end_sample": 20550, "time_str": ""}}, {"type": "Feature", "geometry": {"type": "LineString", "coordinates": [[4.8730659, 52.3026832], [4.8731189, 52.3026691]]}, "properties": {"Speed": 0.0, "Speed_display": 10.1, "road_quality": 2, "marker": 0, "trip_id": "602CA_Trip17", "hrot_diff": 0, "sample_diff": 1, "time_diff_s": 0.02, "gps_distance_m": 3.9, "original_speed": "", "wheel_diameter_mm": 711, "braking_intensity": 0.0, "is_braking": false, "is_crash": false, "crash_intensity_g": 0.0, "segment_start_sample": 20600, "segment_end_sample": 20601, "time_str": ""}}, {"type": "Feature", "geometry": {"type": "LineString", "coordinates": [[4.8731189, 52.3026691], [4.8731689, 52.3026584]]}, "properties": {"Speed": 0.0, "Speed_display": 10.1, "road_quality": 2, "marker": 0, "trip_id": "602CA_Trip17", "hrot_diff": 0, "sample_diff": 1, "time_diff_s": 0.02, "gps_distance_m": 3.6, "original_speed": "", "wheel_diameter_mm": 711, "braking_intensity": 0.0, "is_braking": false, "is_crash": false, "crash_intensity_g": 0.0, "segment_start_sample": 20652, "segment_end_sample": 20653, "time_str": ""}}, {"type": "Feature", "geometry": {"type": "LineString", "coordinates": [[4.8731689, 52.3026584], [4.8732212, 52.3026465]]}, "properties": {"Speed": 0.0, "Speed_display": 9.4, "road_quality": 2, "marker": 0, "trip_id": "602CA_Trip17", "hrot_diff": 0, "sample_diff": 1, "time_diff_s": 0.02, "gps_distance_m": 3.8, "original_speed": "", "wheel_diameter_mm": 711, "braking_intensity": 0.0, "is_braking": false, "is_crash": false, "crash_intensity_g": 0.0, "segment_start_sample": 20706, "segment_end_sample": 20707, "time_str": ""}}, {"type": "Feature", "geometry": {"type": "LineString", "coordinates": [[4.8732212, 52.3026465], [4.8732847, 52.3026407]]}, "properties": {"Speed": 0.0, "Speed_display": 10.1, "road_quality": 2, "marker": 0, "trip_id": "602CA_Trip17", "hrot_diff": 0, "sample_diff": 1, "time_diff_s": 0.02, "gps_distance_m": 4.4, "original_speed": "", "wheel_diameter_mm": 711, "braking_intensity": 0.0, "is_braking": false, "is_crash": false, "crash_intensity_g": 0.0, "segment_start_sample": 20759, "segment_end_sample": 20760, "time_str": ""}}, {"type": "Feature", "geometry": {"type": "LineString", "coordinates": [[4.8732847, 52.3026407], [4.8733491, 52.3026431]]}, "properties": {"Speed": 0.0, "Speed_display": 10.1, "road_quality": 2, "marker": 0, "trip_id": "602CA_Trip17", "hrot_diff": 0, "sample_diff": 1, "time_diff_s": 0.02, "gps_distance_m": 4.4, "original_speed": "", "wheel_diameter_mm": 711, "braking_intensity": 0.0, "is_braking": false, "is_crash": false, "crash_intensity_g": 0.0, "segment_start_sample": 20811, "segment_end_sample": 20812, "time_str": ""}}, {"type": "Feature", "geometry": {"type": "LineString", "coordinates": [[4.8733491, 52.3026431], [4.8734111, 52.3026542]]}, "properties": {"Speed": 0.0, "Speed_display": 11.5, "road_quality": 2, "marker": 0, "trip_id": "602CA_Trip17", "hrot_diff": 0, "sample_diff": 1, "time_diff_s": 0.02, "gps_distance_m": 4.4, "original_speed": "", "wheel_diameter_mm": 711, "braking_intensity": 0.0, "is_braking": false, "is_crash": false, "crash_intensity_g": 0.0, "segment_start_sample": 20850, "segment_end_sample": 20851, "time_str": ""}}, {"type": "Feature", "geometry": {"type": "LineString", "coordinates": [[4.8734111, 52.3026542], [4.8734689, 52.3026921]]}, "properties": {"Speed": 0.0, "Speed_display": 11.5, "road_quality": 2, "marker": 0, "trip_id": "602CA_Trip17", "hrot_diff": 0, "sample_diff": 1, "time_diff_s": 0.02, "gps_distance_m": 5.8, "original_speed": "", "wheel_diameter_mm": 711, "braking_intensity": 0.0, "is_braking": false, "is_crash": false, "crash_intensity_g": 0.0, "segment_start_sample": 20900, "segment_end_sample": 20901, "time_str": ""}}, {"type": "Feature", "geometry": {"type": "LineString", "coordinates": [[4.8734689, 52.3026921], [4.8735244, 52.3027283]]}, "properties": {"Speed": 0.0, "Speed_display": 11.5, "road_quality": 2, "marker": 0, "trip_id": "602CA_Trip17", "hrot_diff": 0, "sample_diff": 1, "time_diff_s": 0.02, "gps_distance_m": 5.5, "original_speed": "", "wheel_diameter_mm": 711, "braking_intensity": 0.0, "is_braking": false, "is_crash": false, "crash_intensity_g": 0.0, "segment_start_sample": 20952, "segment_end_sample": 20953, "time_str": ""}}, {"type": "Feature", "geometry": {"type": "LineString", "coordinates": [[4.8735244, 52.3027283], [4.8735773, 52.3027753]]}, "properties": {"Speed": 0.0, "Speed_display": 11.5, "road_quality": 2, "marker": 0, "trip_id": "602CA_Trip17", "hrot_diff": 0, "sample_diff": 1, "time_diff_s": 0.02, "gps_distance_m": 6.3, "original_speed": "", "wheel_diameter_mm": 711, "braking_intensity": 0.0, "is_braking": false, "is_crash": false, "crash_intensity_g": 0.0, "segment_start_sample": 21002, "segment_end_sample": 21003, "time_str": ""}}, {"type": "Feature", "geometry": {"type": "LineString", "coordinates": [[4.8735773, 52.3027753], [4.8736094, 52.3028185]]}, "properties": {"Speed": 0.0, "Speed_display": 10.8, "road_quality": 2, "marker": 0, "trip_id": "602CA_Trip17", "hrot_diff": 0, "sample_diff": 1, "time_diff_s": 0.02, "gps_distance_m": 5.3, "original_speed": "", "wheel_diameter_mm": 711, "braking_intensity": 0.0, "is_braking": false, "is_crash": false, "crash_intensity_g": 0.0, "segment_start_sample": 21051, "segment_end_sample": 21052, "time_str": ""}}, {"type": "Feature", "geometry": {"type": "LineString", "coordinates": [[4.8736094, 52.3028185], [4.8736367, 52.302859]]}, "properties": {"Speed": 0.0, "Speed_display": 11.5, "road_quality": 2, "marker": 0, "trip_id": "602CA_Trip17", "hrot_diff": 0, "sample_diff": 1, "time_diff_s": 0.02, "gps_distance_m": 4.9, "original_speed": "", "wheel_diameter_mm": 711, "braking_intensity": 0.0, "is_braking": false, "is_crash": false, "crash_intensity_g": 0.0, "segment_start_sample": 21100, "segment_end_sample": 21101, "time_str": ""}}, {"type": "Feature", "geometry": {"type": "LineString", "coordinates": [[4.8736367, 52.302859], [4.8736629, 52.3028905]]}, "properties": {"Speed": 0.0, "Speed_display": 10.1, "road_quality": 2, "marker": 0, "trip_id": "602CA_Trip17", "hrot_diff": 0, "sample_diff": 1, "time_diff_s": 0.02, "gps_distance_m": 3.9, "original_speed": "", "wheel_diameter_mm": 711, "braking_intensity": 0.0, "is_braking": false, "is_crash": false, "crash_intensity_g": 0.0, "segment_start_sample": 21148, "segment_end_sample": 21149, "time_str": ""}}, {"type": "Feature", "geometry": {"type": "LineString", "coordinates": [[4.8736629, 52.3028905], [4.873692, 52.3029115]]}, "properties": {"Speed": 0.0, "Speed_display": 7.9, "road_quality": 2, "marker": 0, "trip_id": "602CA_Trip17", "hrot_diff": 0, "sample_diff": 1, "time_diff_s": 0.02, "gps_distance_m": 3.1, "original_speed": "", "wheel_diameter_mm": 711, "braking_intensity": 0.0, "is_braking": false, "is_crash": false, "crash_intensity_g": 0.0, "segment_start_sample": 21209, "segment_end_sample": 21210, "time_str": ""}}, {"type": "Feature", "geometry": {"type": "LineString", "coordinates": [[4.873692, 52.3029115], [4.8737457, 52.3029157]]}, "properties": {"Speed": 0.0, "Speed_display": 9.4, "road_quality": 2, "marker": 0, "trip_id": "602CA_Trip17", "hrot_diff": 0, "sample_diff": 1, "time_diff_s": 0.02, "gps_distance_m": 3.7, "original_speed": "", "wheel_diameter_mm": 711, "braking_intensity": 0.0, "is_braking": false, "is_crash": false, "crash_intensity_g": 0.0, "segment_start_sample": 21261, "segment_end_sample": 21262, "time_str": ""}}, {"type": "Feature", "geometry": {"type": "LineString", "coordinates": [[4.8737457, 52.3029157], [4.8738055, 52.3029174]]}, "properties": {"Speed": 0.0, "Speed_display": 11.5, "road_quality": 2, "marker": 0, "trip_id": "602CA_Trip17", "hrot_diff": 0, "sample_diff": 1, "time_diff_s": 0.02, "gps_distance_m": 4.1, "original_speed": "", "wheel_diameter_mm": 711, "braking_intensity": 0.0, "is_braking": false, "is_crash": false, "crash_intensity_g": 0.0, "segment_start_sample": 21298, "segment_end_sample": 21299, "time_str": ""}}, {"type": "Feature", "geometry": {"type": "LineString", "coordinates": [[4.8738055, 52.3029174], [4.8739149, 52.3029347]]}, "properties": {"Speed": 0.0, "Speed_display": 11.5, "road_quality": 2, "marker": 0, "trip_id": "602CA_Trip17", "hrot_diff": 0, "sample_diff": 1, "time_diff_s": 0.02, "gps_distance_m": 7.7, "original_speed": "", "wheel_diameter_mm": 711, "braking_intensity": 0.0, "is_braking": false, "is_crash": false, "crash_intensity_g": 0.0, "segment_start_sample": 21358, "segment_end_sample": 21359, "time_str": ""}}, {"type": "Feature", "geometry": {"type": "LineString", "coordinates": [[4.8739149, 52.3029347], [4.8739799, 52.3029592]]}, "properties": {"Speed": 0.0, "Speed_display": 9.4, "road_quality": 2, "marker": 0, "trip_id": "602CA_Trip17", "hrot_diff": 0, "sample_diff": 1, "time_diff_s": 0.02, "gps_distance_m": 5.2, "original_speed": "", "wheel_diameter_mm": 711, "braking_intensity": 0.0, "is_braking": false, "is_crash": false, "crash_intensity_g": 0.0, "segment_start_sample": 21406, "segment_end_sample": 21407, "time_str": ""}}, {"type": "Feature", "geometry": {"type": "LineString", "coordinates": [[4.8739799, 52.3029592], [4.8740114, 52.3029991]]}, "properties": {"Speed": 0.0, "Speed_display": 10.8, "road_quality": 2, "marker": 0, "trip_id": "602CA_Trip17", "hrot_diff": 0, "sample_diff": 1, "time_diff_s": 0.02, "gps_distance_m": 4.9, "original_speed": "", "wheel_diameter_mm": 711, "braking_intensity": 0.0, "is_braking": false, "is_crash": false, "crash_intensity_g": 0.0, "segment_start_sample": 21455, "segment_end_sample": 21456, "time_str": ""}}, {"type": "Feature", "geometry": {"type": "LineString", "coordinates": [[4.8740114, 52.3029991], [4.8740744, 52.3030386]]}, "properties": {"Speed": 0.0, "Speed_display": 10.8, "road_quality": 2, "marker": 0, "trip_id": "602CA_Trip17", "hrot_diff": 0, "sample_diff": 1, "time_diff_s": 0.02, "gps_distance_m": 6.1, "original_speed": "", "wheel_diameter_mm": 711, "braking_intensity": 0.0, "is_braking": false, "is_crash": false, "crash_intensity_g": 0.0, "segment_start_sample": 21505, "segment_end_sample": 21506, "time_str": ""}}, {"type": "Feature", "geometry": {"type": "LineString", "coordinates": [[4.8740744, 52.3030386], [4.8740957, 52.3030682]]}, "properties": {"Speed": 0.0, "Speed_display": 10.8, "road_quality": 2, "marker": 0, "trip_id": "602CA_Trip17", "hrot_diff": 0, "sample_diff": 1, "time_diff_s": 0.02, "gps_distance_m": 3.6, "original_speed": "", "wheel_diameter_mm": 711, "braking_intensity": 0.0, "is_braking": false, "is_crash": false, "crash_intensity_g": 0.0, "segment_start_sample": 21555, "segment_end_sample": 21556, "time_str": ""}}, {"type": "Feature", "geometry": {"type": "LineString", "coordinates": [[4.8740957, 52.3030682], [4.8741176, 52.3030943]]}, "properties": {"Speed": 0.0, "Speed_display": 10.8, "road_quality": 2, "marker": 0, "trip_id": "602CA_Trip17", "hrot_diff": 0, "sample_diff": 1, "time_diff_s": 0.02, "gps_distance_m": 3.3, "original_speed": "", "wheel_diameter_mm": 711, "braking_intensity": 0.0, "is_braking": false, "is_crash": false, "crash_intensity_g": 0.0, "segment_start_sample": 21608, "segment_end_sample": 21609, "time_str": ""}}, {"type": "Feature", "geometry": {"type": "LineString", "coordinates": [[4.8741176, 52.3030943], [4.8741408, 52.3031259]]}, "properties": {"Speed": 0.0, "Speed_display": 9.4, "road_quality": 2, "marker": 0, "trip_id": "602CA_Trip17", "hrot_diff": 0, "sample_diff": 1, "time_diff_s": 0.02, "gps_distance_m": 3.9, "original_speed": "", "wheel_diameter_mm": 711, "braking_intensity": 0.0, "is_braking": false, "is_crash": false, "crash_intensity_g": 0.0, "segment_start_sample": 21648, "segment_end_sample": 21649, "time_str": ""}}, {"type": "Feature", "geometry": {"type": "LineString", "coordinates": [[4.8741408, 52.3031259], [4.8741568, 52.3031591]]}, "properties": {"Speed": 0.0, "Speed_display": 10.1, "road_quality": 2, "marker": 0, "trip_id": "602CA_Trip17", "hrot_diff": 0, "sample_diff": 1, "time_diff_s": 0.02, "gps_distance_m": 3.8, "original_speed": "", "wheel_diameter_mm": 711, "braking_intensity": 0.0, "is_braking": false, "is_crash": false, "crash_intensity_g": 0.0, "segment_start_sample": 21701, "segment_end_sample": 21702, "time_str": ""}}, {"type": "Feature", "geometry": {"type": "LineString", "coordinates": [[4.8741568, 52.3031591], [4.8741809, 52.3031909]]}, "properties": {"Speed": 0.0, "Speed_display": 8.6, "road_quality": 2, "marker": 0, "trip_id": "602CA_Trip17", "hrot_diff": 0, "sample_diff": 1, "time_diff_s": 0.02, "gps_distance_m": 3.9, "original_speed": "", "wheel_diameter_mm": 711, "braking_intensity": 0.0, "is_braking": false, "is_crash": false, "crash_intensity_g": 0.0, "segment_start_sample": 21756, "segment_end_sample": 21757, "time_str": ""}}, {"type": "Feature", "geometry": {"type": "LineString", "coordinates": [[4.8741809, 52.3031909], [4.8742059, 52.3032129]]}, "properties": {"Speed": 0.0, "Speed_display": 7.2, "road_quality": 2, "marker": 0, "trip_id": "602CA_Trip17", "hrot_diff": 0, "sample_diff": 1, "time_diff_s": 0.02, "gps_distance_m": 3.0, "original_speed": "", "wheel_diameter_mm": 711, "braking_intensity": 0.0, "is_braking": false, "is_crash": false, "crash_intensity_g": 0.0, "segment_start_sample": 21810, "segment_end_sample": 21811, "time_str": ""}}, {"type": "Feature", "geometry": {"type": "LineString", "coordinates": [[4.8742059, 52.3032129], [4.8742236, 52.3032381]]}, "properties": {"Speed": 0.0, "Speed_display": 7.9, "road_quality": 2, "marker": 0, "trip_id": "602CA_Trip17", "hrot_diff": 0, "sample_diff": 1, "time_diff_s": 0.02, "gps_distance_m": 3.0, "original_speed": "", "wheel_diameter_mm": 711, "braking_intensity": 0.0, "is_braking": false, "is_crash": false, "crash_intensity_g": 0.0, "segment_start_sample": 21852, "segment_end_sample": 21853, "time_str": ""}}, {"type": "Feature", "geometry": {"type": "LineString", "coordinates": [[4.8742236, 52.3032381], [4.8742352, 52.303262]]}, "properties": {"Speed": 0.0, "Speed_display": 7.2, "road_quality": 2, "marker": 0, "trip_id": "602CA_Trip17", "hrot_diff": 0, "sample_diff": 1, "time_diff_s": 0.02, "gps_distance_m": 2.8, "original_speed": "", "wheel_diameter_mm": 711, "braking_intensity": 0.0, "is_braking": false, "is_crash": false, "crash_intensity_g": 0.0, "segment_start_sample": 21908, "segment_end_sample": 21909, "time_str": ""}}, {"type": "Feature", "geometry": {"type": "LineString", "coordinates": [[4.8742352, 52.303262], [4.8742587, 52.3032902]]}, "properties": {"Speed": 0.0, "Speed_display": 7.9, "road_quality": 2, "marker": 0, "trip_id": "602CA_Trip17", "hrot_diff": 0, "sample_diff": 1, "time_diff_s": 0.02, "gps_distance_m": 3.5, "original_speed": "", "wheel_diameter_mm": 711, "braking_intensity": 0.0, "is_braking": false, "is_crash": false, "crash_intensity_g": 0.0, "segment_start_sample": 21951, "segment_end_sample": 21952, "time_str": ""}}, {"type": "Feature", "geometry": {"type": "LineString", "coordinates": [[4.8742587, 52.3032902], [4.8742746, 52.3033197]]}, "properties": {"Speed": 0.0, "Speed_display": 9.4, "road_quality": 2, "marker": 0, "trip_id": "602CA_Trip17", "hrot_diff": 0, "sample_diff": 1, "time_diff_s": 0.02, "gps_distance_m": 3.5, "original_speed": "", "wheel_diameter_mm": 711, "braking_intensity": 0.0, "is_braking": false, "is_crash": false, "crash_intensity_g": 0.0, "segment_start_sample": 22010, "segment_end_sample": 22011, "time_str": ""}}, {"type": "Feature", "geometry": {"type": "LineString", "coordinates": [[4.8742746, 52.3033197], [4.8742808, 52.3033514]]}, "properties": {"Speed": 0.0, "Speed_display": 9.4, "road_quality": 2, "marker": 0, "trip_id": "602CA_Trip17", "hrot_diff": 0, "sample_diff": 1, "time_diff_s": 0.02, "gps_distance_m": 3.5, "original_speed": "", "wheel_diameter_mm": 711, "braking_intensity": 0.0, "is_braking": false, "is_crash": false, "crash_intensity_g": 0.0, "segment_start_sample": 22054, "segment_end_sample": 22055, "time_str": ""}}, {"type": "Feature", "geometry": {"type": "LineString", "coordinates": [[4.8742808, 52.3033514], [4.8742735, 52.3033864]]}, "properties": {"Speed": 0.0, "Speed_display": 9.4, "road_quality": 2, "marker": 0, "trip_id": "602CA_Trip17", "hrot_diff": 0, "sample_diff": 1, "time_diff_s": 0.02, "gps_distance_m": 3.9, "original_speed": "", "wheel_diameter_mm": 711, "braking_intensity": 0.0, "is_braking": false, "is_crash": false, "crash_intensity_g": 0.0, "segment_start_sample": 22110, "segment_end_sample": 22111, "time_str": ""}}, {"type": "Feature", "geometry": {"type": "LineString", "coordinates": [[4.8742735, 52.3033864], [4.8742562, 52.3034267]]}, "properties": {"Speed": 0.0, "Speed_display": 9.4, "road_quality": 2, "marker": 0, "trip_id": "602CA_Trip17", "hrot_diff": 0, "sample_diff": 1, "time_diff_s": 0.02, "gps_distance_m": 4.6, "original_speed": "", "wheel_diameter_mm": 711, "braking_intensity": 0.0, "is_braking": false, "is_crash": false, "crash_intensity_g": 0.0, "segment_start_sample": 22151, "segment_end_sample": 22152, "time_str": ""}}, {"type": "Feature", "geometry": {"type": "LineString", "coordinates": [[4.8742562, 52.3034267], [4.8742425, 52.3034622]]}, "properties": {"Speed": 0.0, "Speed_display": 8.6, "road_quality": 2, "marker": 0, "trip_id": "602CA_Trip17", "hrot_diff": 0, "sample_diff": 1, "time_diff_s": 0.02, "gps_distance_m": 4.1, "original_speed": "", "wheel_diameter_mm": 711, "braking_intensity": 0.0, "is_braking": false, "is_crash": false, "crash_intensity_g": 0.0, "segment_start_sample": 22205, "segment_end_sample": 22206, "time_str": ""}}, {"type": "Feature", "geometry": {"type": "LineString", "coordinates": [[4.8742425, 52.3034622], [4.8742427, 52.3035007]]}, "properties": {"Speed": 0.0, "Speed_display": 10.1, "road_quality": 2, "marker": 0, "trip_id": "602CA_Trip17", "hrot_diff": 0, "sample_diff": 1, "time_diff_s": 0.02, "gps_distance_m": 4.3, "original_speed": "", "wheel_diameter_mm": 711, "braking_intensity": 0.0, "is_braking": false, "is_crash": false, "crash_intensity_g": 0.0, "segment_start_sample": 22258, "segment_end_sample": 22259, "time_str": ""}}, {"type": "Feature", "geometry": {"type": "LineString", "coordinates": [[4.8742427, 52.3035007], [4.8742442, 52.3035342]]}, "properties": {"Speed": 0.0, "Speed_display": 9.4, "road_quality": 2, "marker": 0, "trip_id": "602CA_Trip17", "hrot_diff": 0, "sample_diff": 1, "time_diff_s": 0.02, "gps_distance_m": 3.7, "original_speed": "", "wheel_diameter_mm": 711, "braking_intensity": 0.0, "is_braking": false, "is_crash": false, "crash_intensity_g": 0.0, "segment_start_sample": 22298, "segment_end_sample": 22299, "time_str": ""}}, {"type": "Feature", "geometry": {"type": "LineString", "coordinates": [[4.8742442, 52.3035342], [4.8742499, 52.3035717]]}, "properties": {"Speed": 0.0, "Speed_display": 10.1, "road_quality": 2, "marker": 0, "trip_id": "602CA_Trip17", "hrot_diff": 0, "sample_diff": 1, "time_diff_s": 0.02, "gps_distance_m": 4.2, "original_speed": "", "wheel_diameter_mm": 711, "braking_intensity": 0.0, "is_braking": false, "is_crash": false, "crash_intensity_g": 0.0, "segment_start_sample": 22349, "segment_end_sample": 22350, "time_str": ""}}, {"type": "Feature", "geometry": {"type": "LineString", "coordinates": [[4.8742499, 52.3035717], [4.8742602, 52.30361]]}, "properties": {"Speed": 0.0, "Speed_display": 10.1, "road_quality": 2, "marker": 0, "trip_id": "602CA_Trip17", "hrot_diff": 0, "sample_diff": 1, "time_diff_s": 0.02, "gps_distance_m": 4.3, "original_speed": "", "wheel_diameter_mm": 711, "braking_intensity": 0.0, "is_braking": false, "is_crash": false, "crash_intensity_g": 0.0, "segment_start_sample": 22403, "segment_end_sample": 22404, "time_str": ""}}, {"type": "Feature", "geometry": {"type": "LineString", "coordinates": [[4.8742602, 52.30361], [4.8742787, 52.3036563]]}, "properties": {"Speed": 0.0, "Speed_display": 10.8, "road_quality": 2, "marker": 0, "trip_id": "602CA_Trip17", "hrot_diff": 0, "sample_diff": 1, "time_diff_s": 0.02, "gps_distance_m": 5.3, "original_speed": "", "wheel_diameter_mm": 711, "braking_intensity": 0.0, "is_braking": false, "is_crash": false, "crash_intensity_g": 0.0, "segment_start_sample": 22456, "segment_end_sample": 22457, "time_str": ""}}, {"type": "Feature", "geometry": {"type": "LineString", "coordinates": [[4.8742787, 52.3036563], [4.8742893, 52.3036984]]}, "properties": {"Speed": 0.0, "Speed_display": 10.8, "road_quality": 2, "marker": 0, "trip_id": "602CA_Trip17", "hrot_diff": 0, "sample_diff": 1, "time_diff_s": 0.02, "gps_distance_m": 4.7, "original_speed": "", "wheel_diameter_mm": 711, "braking_intensity": 0.0, "is_braking": false, "is_crash": false, "crash_intensity_g": 0.0, "segment_start_sample": 22507, "segment_end_sample": 22508, "time_str": ""}}, {"type": "Feature", "geometry": {"type": "LineString", "coordinates": [[4.8742893, 52.3036984], [4.8742852, 52.303734]]}, "properties": {"Speed": 0.0, "Speed_display": 9.4, "road_quality": 2, "marker": 0, "trip_id": "602CA_Trip17", "hrot_diff": 0, "sample_diff": 1, "time_diff_s": 0.02, "gps_distance_m": 4.0, "original_speed": "", "wheel_diameter_mm": 711, "braking_intensity": 0.0, "is_braking": false, "is_crash": false, "crash_intensity_g": 0.0, "segment_start_sample": 22560, "segment_end_sample": 22561, "time_str": ""}}, {"type": "Feature", "geometry": {"type": "LineString", "coordinates": [[4.8742852, 52.303734], [4.8742857, 52.3037664]]}, "properties": {"Speed": 0.0, "Speed_display": 8.6, "road_quality": 2, "marker": 0, "trip_id": "602CA_Trip17", "hrot_diff": 0, "sample_diff": 1, "time_diff_s": 0.02, "gps_distance_m": 3.6, "original_speed": "", "wheel_diameter_mm": 711, "braking_intensity": 0.0, "is_braking": false, "is_crash": false, "crash_intensity_g": 0.0, "segment_start_sample": 22599, "segment_end_sample": 22600, "time_str": ""}}, {"type": "Feature", "geometry": {"type": "LineString", "coordinates": [[4.8742857, 52.3037664], [4.8742852, 52.3038015]]}, "properties": {"Speed": 0.0, "Speed_display": 10.1, "road_quality": 2, "marker": 0, "trip_id": "602CA_Trip17", "hrot_diff": 0, "sample_diff": 1, "time_diff_s": 0.02, "gps_distance_m": 3.9, "original_speed": "", "wheel_diameter_mm": 711, "braking_intensity": 0.0, "is_braking": false, "is_crash": false, "crash_intensity_g": 0.0, "segment_start_sample": 22653, "segment_end_sample": 22654, "time_str": ""}}, {"type": "Feature", "geometry": {"type": "LineString", "coordinates": [[4.8742852, 52.3038015], [4.8742886, 52.3038357]]}, "properties": {"Speed": 0.0, "Speed_display": 10.1, "road_quality": 2, "marker": 0, "trip_id": "602CA_Trip17", "hrot_diff": 0, "sample_diff": 1, "time_diff_s": 0.02, "gps_distance_m": 3.8, "original_speed": "", "wheel_diameter_mm": 711, "braking_intensity": 0.0, "is_braking": false, "is_crash": false, "crash_intensity_g": 0.0, "segment_start_sample": 22705, "segment_end_sample": 22706, "time_str": ""}}, {"type": "Feature", "geometry": {"type": "LineString", "coordinates": [[4.8742886, 52.3038357], [4.8742821, 52.303873]]}, "properties": {"Speed": 0.0, "Speed_display": 9.4, "road_quality": 2, "marker": 0, "trip_id": "602CA_Trip17", "hrot_diff": 0, "sample_diff": 1, "time_diff_s": 0.02, "gps_distance_m": 4.2, "original_speed": "", "wheel_diameter_mm": 711, "braking_intensity": 0.0, "is_braking": false, "is_crash": false, "crash_intensity_g": 0.0, "segment_start_sample": 22756, "segment_end_sample": 22757, "time_str": ""}}, {"type": "Feature", "geometry": {"type": "LineString", "coordinates": [[4.8742821, 52.303873], [4.8742771, 52.3039103]]}, "properties": {"Speed": 0.0, "Speed_display": 10.1, "road_quality": 2, "marker": 0, "trip_id": "602CA_Trip17", "hrot_diff": 0, "sample_diff": 1, "time_diff_s": 0.02, "gps_distance_m": 4.2, "original_speed": "", "wheel_diameter_mm": 711, "braking_intensity": 0.0, "is_braking": false, "is_crash": false, "crash_intensity_g": 0.0, "segment_start_sample": 22808, "segment_end_sample": 22809, "time_str": ""}}, {"type": "Feature", "geometry": {"type": "LineString", "coordinates": [[4.8742771, 52.3039103], [4.8742718, 52.3039496]]}, "properties": {"Speed": 0.0, "Speed_display": 10.8, "road_quality": 2, "marker": 0, "trip_id": "602CA_Trip17", "hrot_diff": 0, "sample_diff": 1, "time_diff_s": 0.02, "gps_distance_m": 4.4, "original_speed": "", "wheel_diameter_mm": 711, "braking_intensity": 0.0, "is_braking": false, "is_crash": false, "crash_intensity_g": 0.0, "segment_start_sample": 22848, "segment_end_sample": 22849, "time_str": ""}}, {"type": "Feature", "geometry": {"type": "LineString", "coordinates": [[4.8742718, 52.3039496], [4.8742704, 52.3039996]]}, "properties": {"Speed": 0.0, "Speed_display": 10.1, "road_quality": 2, "marker": 0, "trip_id": "602CA_Trip17", "hrot_diff": 0, "sample_diff": 1, "time_diff_s": 0.02, "gps_distance_m": 5.6, "original_speed": "", "wheel_diameter_mm": 711, "braking_intensity": 0.0, "is_braking": false, "is_crash": false, "crash_intensity_g": 0.0, "segment_start_sample": 22901, "segment_end_sample": 22902, "time_str": ""}}, {"type": "Feature", "geometry": {"type": "LineString", "coordinates": [[4.8742704, 52.3039996], [4.8742709, 52.3040368]]}, "properties": {"Speed": 0.0, "Speed_display": 10.1, "road_quality": 2, "marker": 0, "trip_id": "602CA_Trip17", "hrot_diff": 0, "sample_diff": 1, "time_diff_s": 0.02, "gps_distance_m": 4.1, "original_speed": "", "wheel_diameter_mm": 711, "braking_intensity": 0.0, "is_braking": false, "is_crash": false, "crash_intensity_g": 0.0, "segment_start_sample": 22952, "segment_end_sample": 22953, "time_str": ""}}, {"type": "Feature", "geometry": {"type": "LineString", "coordinates": [[4.8742709, 52.3040368], [4.8742674, 52.304073]]}, "properties": {"Speed": 0.0, "Speed_display": 10.1, "road_quality": 2, "marker": 0, "trip_id": "602CA_Trip17", "hrot_diff": 0, "sample_diff": 1, "time_diff_s": 0.02, "gps_distance_m": 4.0, "original_speed": "", "wheel_diameter_mm": 711, "braking_intensity": 0.0, "is_braking": false, "is_crash": false, "crash_intensity_g": 0.0, "segment_start_sample": 23003, "segment_end_sample": 23004, "time_str": ""}}, {"type": "Feature", "geometry": {"type": "LineString", "coordinates": [[4.8742674, 52.304073], [4.8742698, 52.3041072]]}, "properties": {"Speed": 0.0, "Speed_display": 10.1, "road_quality": 2, "marker": 0, "trip_id": "602CA_Trip17", "hrot_diff": 0, "sample_diff": 1, "time_diff_s": 0.02, "gps_distance_m": 3.8, "original_speed": "", "wheel_diameter_mm": 711, "braking_intensity": 0.0, "is_braking": false, "is_crash": false, "crash_intensity_g": 0.0, "segment_start_sample": 23054, "segment_end_sample": 23055, "time_str": ""}}, {"type": "Feature", "geometry": {"type": "LineString", "coordinates": [[4.8742698, 52.3041072], [4.8742692, 52.3041447]]}, "properties": {"Speed": 0.0, "Speed_display": 11.5, "road_quality": 2, "marker": 0, "trip_id": "602CA_Trip17", "hrot_diff": 0, "sample_diff": 1, "time_diff_s": 0.02, "gps_distance_m": 4.2, "original_speed": "", "wheel_diameter_mm": 711, "braking_intensity": 0.0, "is_braking": false, "is_crash": false, "crash_intensity_g": 0.0, "segment_start_sample": 23104, "segment_end_sample": 23105, "time_str": ""}}, {"type": "Feature", "geometry": {"type": "LineString", "coordinates": [[4.8742692, 52.3041447], [4.8742745, 52.3041943]]}, "properties": {"Speed": 0.0, "Speed_display": 10.8, "road_quality": 2, "marker": 0, "trip_id": "602CA_Trip17", "hrot_diff": 0, "sample_diff": 1, "time_diff_s": 0.02, "gps_distance_m": 5.5, "original_speed": "", "wheel_diameter_mm": 711, "braking_intensity": 0.0, "is_braking": false, "is_crash": false, "crash_intensity_g": 0.0, "segment_start_sample": 23153, "segment_end_sample": 23154, "time_str": ""}}, {"type": "Feature", "geometry": {"type": "LineString", "coordinates": [[4.8742745, 52.3041943], [4.874281, 52.3042427]]}, "properties": {"Speed": 0.0, "Speed_display": 10.8, "road_quality": 2, "marker": 0, "trip_id": "602CA_Trip17", "hrot_diff": 0, "sample_diff": 1, "time_diff_s": 0.02, "gps_distance_m": 5.4, "original_speed": "", "wheel_diameter_mm": 711, "braking_intensity": 0.0, "is_braking": false, "is_crash": false, "crash_intensity_g": 0.0, "segment_start_sample": 23203, "segment_end_sample": 23204, "time_str": ""}}, {"type": "Feature", "geometry": {"type": "LineString", "coordinates": [[4.874281, 52.3042427], [4.8742837, 52.3042865]]}, "properties": {"Speed": 0.0, "Speed_display": 10.8, "road_quality": 2, "marker": 0, "trip_id": "602CA_Trip17", "hrot_diff": 0, "sample_diff": 1, "time_diff_s": 0.02, "gps_distance_m": 4.9, "original_speed": "", "wheel_diameter_mm": 711, "braking_intensity": 0.0, "is_braking": false, "is_crash": false, "crash_intensity_g": 0.0, "segment_start_sample": 23253, "segment_end_sample": 23254, "time_str": ""}}, {"type": "Feature", "geometry": {"type": "LineString", "coordinates": [[4.8742837, 52.3042865], [4.8742885, 52.3043253]]}, "properties": {"Speed": 0.0, "Speed_display": 10.8, "road_quality": 2, "marker": 0, "trip_id": "602CA_Trip17", "hrot_diff": 0, "sample_diff": 1, "time_diff_s": 0.02, "gps_distance_m": 4.3, "original_speed": "", "wheel_diameter_mm": 711, "braking_intensity": 0.0, "is_braking": false, "is_crash": false, "crash_intensity_g": 0.0, "segment_start_sample": 23302, "segment_end_sample": 23303, "time_str": ""}}, {"type": "Feature", "geometry": {"type": "LineString", "coordinates": [[4.8742885, 52.3043253], [4.874295, 52.3043627]]}, "properties": {"Speed": 0.0, "Speed_display": 10.8, "road_quality": 2, "marker": 0, "trip_id": "602CA_Trip17", "hrot_diff": 0, "sample_diff": 1, "time_diff_s": 0.02, "gps_distance_m": 4.2, "original_speed": "", "wheel_diameter_mm": 711, "braking_intensity": 0.0, "is_braking": false, "is_crash": false, "crash_intensity_g": 0.0, "segment_start_sample": 23353, "segment_end_sample": 23354, "time_str": ""}}, {"type": "Feature", "geometry": {"type": "LineString", "coordinates": [[4.874295, 52.3043627], [4.8743041, 52.3044001]]}, "properties": {"Speed": 0.0, "Speed_display": 10.8, "road_quality": 2, "marker": 0, "trip_id": "602CA_Trip17", "hrot_diff": 0, "sample_diff": 1, "time_diff_s": 0.02, "gps_distance_m": 4.2, "original_speed": "", "wheel_diameter_mm": 711, "braking_intensity": 0.0, "is_braking": false, "is_crash": false, "crash_intensity_g": 0.0, "segment_start_sample": 23406, "segment_end_sample": 23407, "time_str": ""}}, {"type": "Feature", "geometry": {"type": "LineString", "coordinates": [[4.8743041, 52.3044001], [4.8743087, 52.3044407]]}, "properties": {"Speed": 0.0, "Speed_display": 10.1, "road_quality": 2, "marker": 0, "trip_id": "602CA_Trip17", "hrot_diff": 0, "sample_diff": 1, "time_diff_s": 0.02, "gps_distance_m": 4.5, "original_speed": "", "wheel_diameter_mm": 711, "braking_intensity": 0.0, "is_braking": false, "is_crash": false, "crash_intensity_g": 0.0, "segment_start_sample": 23460, "segment_end_sample": 23461, "time_str": ""}}, {"type": "Feature", "geometry": {"type": "LineString", "coordinates": [[4.8743087, 52.3044407], [4.8743117, 52.3044731]]}, "properties": {"Speed": 0.0, "Speed_display": 10.1, "road_quality": 2, "marker": 0, "trip_id": "602CA_Trip17", "hrot_diff": 0, "sample_diff": 1, "time_diff_s": 0.02, "gps_distance_m": 3.6, "original_speed": "", "wheel_diameter_mm": 711, "braking_intensity": 0.0, "is_braking": false, "is_crash": false, "crash_intensity_g": 0.0, "segment_start_sample": 23498, "segment_end_sample": 23499, "time_str": ""}}, {"type": "Feature", "geometry": {"type": "LineString", "coordinates": [[4.8743117, 52.3044731], [4.8743168, 52.3045091]]}, "properties": {"Speed": 0.0, "Speed_display": 10.1, "road_quality": 2, "marker": 0, "trip_id": "602CA_Trip17", "hrot_diff": 0, "sample_diff": 1, "time_diff_s": 0.02, "gps_distance_m": 4.0, "original_speed": "", "wheel_diameter_mm": 711, "braking_intensity": 0.0, "is_braking": false, "is_crash": false, "crash_intensity_g": 0.0, "segment_start_sample": 23549, "segment_end_sample": 23550, "time_str": ""}}, {"type": "Feature", "geometry": {"type": "LineString", "coordinates": [[4.8743168, 52.3045091], [4.8743111, 52.3045472]]}, "properties": {"Speed": 0.0, "Speed_display": 10.1, "road_quality": 2, "marker": 0, "trip_id": "602CA_Trip17", "hrot_diff": 0, "sample_diff": 1, "time_diff_s": 0.02, "gps_distance_m": 4.3, "original_speed": "", "wheel_diameter_mm": 711, "braking_intensity": 0.0, "is_braking": false, "is_crash": false, "crash_intensity_g": 0.0, "segment_start_sample": 23601, "segment_end_sample": 23602, "time_str": ""}}, {"type": "Feature", "geometry": {"type": "LineString", "coordinates": [[4.8743111, 52.3045472], [4.8743121, 52.3045822]]}, "properties": {"Speed": 0.0, "Speed_display": 10.1, "road_quality": 2, "marker": 0, "trip_id": "602CA_Trip17", "hrot_diff": 0, "sample_diff": 1, "time_diff_s": 0.02, "gps_distance_m": 3.9, "original_speed": "", "wheel_diameter_mm": 711, "braking_intensity": 0.0, "is_braking": false, "is_crash": false, "crash_intensity_g": 0.0, "segment_start_sample": 23653, "segment_end_sample": 23654, "time_str": ""}}, {"type": "Feature", "geometry": {"type": "LineString", "coordinates": [[4.8743121, 52.3045822], [4.8743099, 52.3046142]]}, "properties": {"Speed": 0.0, "Speed_display": 9.4, "road_quality": 2, "marker": 0, "trip_id": "602CA_Trip17", "hrot_diff": 0, "sample_diff": 1, "time_diff_s": 0.02, "gps_distance_m": 3.6, "original_speed": "", "wheel_diameter_mm": 711, "braking_intensity": 0.0, "is_braking": false, "is_crash": false, "crash_intensity_g": 0.0, "segment_start_sample": 23706, "segment_end_sample": 23707, "time_str": ""}}, {"type": "Feature", "geometry": {"type": "LineString", "coordinates": [[4.8743099, 52.3046142], [4.8743032, 52.3046502]]}, "properties": {"Speed": 0.0, "Speed_display": 10.1, "road_quality": 2, "marker": 0, "trip_id": "602CA_Trip17", "hrot_diff": 0, "sample_diff": 1, "time_diff_s": 0.02, "gps_distance_m": 4.0, "original_speed": "", "wheel_diameter_mm": 711, "braking_intensity": 0.0, "is_braking": false, "is_crash": false, "crash_intensity_g": 0.0, "segment_start_sample": 23758, "segment_end_sample": 23759, "time_str": ""}}, {"type": "Feature", "geometry": {"type": "LineString", "coordinates": [[4.8743032, 52.3046502], [4.8742993, 52.3046883]]}, "properties": {"Speed": 0.0, "Speed_display": 10.8, "road_quality": 2, "marker": 0, "trip_id": "602CA_Trip17", "hrot_diff": 0, "sample_diff": 1, "time_diff_s": 0.02, "gps_distance_m": 4.2, "original_speed": "", "wheel_diameter_mm": 711, "braking_intensity": 0.0, "is_braking": false, "is_crash": false, "crash_intensity_g": 0.0, "segment_start_sample": 23809, "segment_end_sample": 23810, "time_str": ""}}, {"type": "Feature", "geometry": {"type": "LineString", "coordinates": [[4.8742993, 52.3046883], [4.8743016, 52.3047266]]}, "properties": {"Speed": 0.0, "Speed_display": 9.4, "road_quality": 2, "marker": 0, "trip_id": "602CA_Trip17", "hrot_diff": 0, "sample_diff": 1, "time_diff_s": 0.02, "gps_distance_m": 4.3, "original_speed": "", "wheel_diameter_mm": 711, "braking_intensity": 0.0, "is_braking": false, "is_crash": false, "crash_intensity_g": 0.0, "segment_start_sample": 23858, "segment_end_sample": 23859, "time_str": ""}}, {"type": "Feature", "geometry": {"type": "LineString", "coordinates": [[4.8743016, 52.3047266], [4.8742909, 52.3047608]]}, "properties": {"Speed": 0.0, "Speed_display": 9.4, "road_quality": 2, "marker": 0, "trip_id": "602CA_Trip17", "hrot_diff": 0, "sample_diff": 1, "time_diff_s": 0.02, "gps_distance_m": 3.9, "original_speed": "", "wheel_diameter_mm": 711, "braking_intensity": 0.0, "is_braking": false, "is_crash": false, "crash_intensity_g": 0.0, "segment_start_sample": 23910, "segment_end_sample": 23911, "time_str": ""}}, {"type": "Feature", "geometry": {"type": "LineString", "coordinates": [[4.8742909, 52.3047608], [4.8742899, 52.3047943]]}, "properties": {"Speed": 0.0, "Speed_display": 9.4, "road_quality": 2, "marker": 0, "trip_id": "602CA_Trip17", "hrot_diff": 0, "sample_diff": 1, "time_diff_s": 0.02, "gps_distance_m": 3.7, "original_speed": "", "wheel_diameter_mm": 711, "braking_intensity": 0.0, "is_braking": false, "is_crash": false, "crash_intensity_g": 0.0, "segment_start_sample": 23950, "segment_end_sample": 23951, "time_str": ""}}, {"type": "Feature", "geometry": {"type": "LineString", "coordinates": [[4.8742899, 52.3047943], [4.8742903, 52.3048296]]}, "properties": {"Speed": 0.0, "Speed_display": 9.4, "road_quality": 2, "marker": 0, "trip_id": "602CA_Trip17", "hrot_diff": 0, "sample_diff": 1, "time_diff_s": 0.02, "gps_distance_m": 3.9, "original_speed": "", "wheel_diameter_mm": 711, "braking_intensity": 0.0, "is_braking": false, "is_crash": false, "crash_intensity_g": 0.0, "segment_start_sample": 24003, "segment_end_sample": 24004, "time_str": ""}}, {"type": "Feature", "geometry": {"type": "LineString", "coordinates": [[4.8742903, 52.3048296], [4.874294, 52.3048648]]}, "properties": {"Speed": 0.0, "Speed_display": 10.1, "road_quality": 2, "marker": 0, "trip_id": "602CA_Trip17", "hrot_diff": 0, "sample_diff": 1, "time_diff_s": 0.02, "gps_distance_m": 3.9, "original_speed": "", "wheel_diameter_mm": 711, "braking_intensity": 0.0, "is_braking": false, "is_crash": false, "crash_intensity_g": 0.0, "segment_start_sample": 24054, "segment_end_sample": 24055, "time_str": ""}}, {"type": "Feature", "geometry": {"type": "LineString", "coordinates": [[4.874294, 52.3048648], [4.8743042, 52.3049043]]}, "properties": {"Speed": 0.0, "Speed_display": 10.1, "road_quality": 2, "marker": 0, "trip_id": "602CA_Trip17", "hrot_diff": 0, "sample_diff": 1, "time_diff_s": 0.02, "gps_distance_m": 4.4, "original_speed": "", "wheel_diameter_mm": 711, "braking_intensity": 0.0, "is_braking": false, "is_crash": false, "crash_intensity_g": 0.0, "segment_start_sample": 24104, "segment_end_sample": 24105, "time_str": ""}}, {"type": "Feature", "geometry": {"type": "LineString", "coordinates": [[4.8743042, 52.3049043], [4.8743116, 52.304945]]}, "properties": {"Speed": 0.0, "Speed_display": 10.1, "road_quality": 2, "marker": 0, "trip_id": "602CA_Trip17", "hrot_diff": 0, "sample_diff": 1, "time_diff_s": 0.02, "gps_distance_m": 4.6, "original_speed": "", "wheel_diameter_mm": 711, "braking_intensity": 0.0, "is_braking": false, "is_crash": false, "crash_intensity_g": 0.0, "segment_start_sample": 24156, "segment_end_sample": 24157, "time_str": ""}}, {"type": "Feature", "geometry": {"type": "LineString", "coordinates": [[4.8743116, 52.304945], [4.874316, 52.3049818]]}, "properties": {"Speed": 0.0, "Speed_display": 10.1, "road_quality": 2, "marker": 0, "trip_id": "602CA_Trip17", "hrot_diff": 0, "sample_diff": 1, "time_diff_s": 0.02, "gps_distance_m": 4.1, "original_speed": "", "wheel_diameter_mm": 711, "braking_intensity": 0.0, "is_braking": false, "is_crash": false, "crash_intensity_g": 0.0, "segment_start_sample": 24207, "segment_end_sample": 24208, "time_str": ""}}, {"type": "Feature", "geometry": {"type": "LineString", "coordinates": [[4.874316, 52.3049818], [4.8743237, 52.3050213]]}, "properties": {"Speed": 0.0, "Speed_display": 10.1, "road_quality": 2, "marker": 0, "trip_id": "602CA_Trip17", "hrot_diff": 0, "sample_diff": 1, "time_diff_s": 0.02, "gps_distance_m": 4.4, "original_speed": "", "wheel_diameter_mm": 711, "braking_intensity": 0.0, "is_braking": false, "is_crash": false, "crash_intensity_g": 0.0, "segment_start_sample": 24259, "segment_end_sample": 24260, "time_str": ""}}, {"type": "Feature", "geometry": {"type": "LineString", "coordinates": [[4.8743237, 52.3050213], [4.8743308, 52.3050609]]}, "properties": {"Speed": 0.0, "Speed_display": 11.5, "road_quality": 2, "marker": 0, "trip_id": "602CA_Trip17", "hrot_diff": 0, "sample_diff": 1, "time_diff_s": 0.02, "gps_distance_m": 4.4, "original_speed": "", "wheel_diameter_mm": 711, "braking_intensity": 0.0, "is_braking": false, "is_crash": false, "crash_intensity_g": 0.0, "segment_start_sample": 24309, "segment_end_sample": 24310, "time_str": ""}}, {"type": "Feature", "geometry": {"type": "LineString", "coordinates": [[4.8743308, 52.3050609], [4.8743518, 52.3051036]]}, "properties": {"Speed": 0.0, "Speed_display": 11.5, "road_quality": 2, "marker": 0, "trip_id": "602CA_Trip17", "hrot_diff": 0, "sample_diff": 1, "time_diff_s": 0.02, "gps_distance_m": 5.0, "original_speed": "", "wheel_diameter_mm": 711, "braking_intensity": 0.0, "is_braking": false, "is_crash": false, "crash_intensity_g": 0.0, "segment_start_sample": 24360, "segment_end_sample": 24361, "time_str": ""}}, {"type": "Feature", "geometry": {"type": "LineString", "coordinates": [[4.8743518, 52.3051036], [4.8743595, 52.3051521]]}, "properties": {"Speed": 0.0, "Speed_display": 10.8, "road_quality": 2, "marker": 0, "trip_id": "602CA_Trip17", "hrot_diff": 0, "sample_diff": 1, "time_diff_s": 0.02, "gps_distance_m": 5.4, "original_speed": "", "wheel_diameter_mm": 711, "braking_intensity": 0.0, "is_braking": false, "is_crash": false, "crash_intensity_g": 0.0, "segment_start_sample": 24398, "segment_end_sample": 24399, "time_str": ""}}, {"type": "Feature", "geometry": {"type": "LineString", "coordinates": [[4.8743595, 52.3051521], [4.8743602, 52.3051945]]}, "properties": {"Speed": 0.0, "Speed_display": 10.8, "road_quality": 2, "marker": 0, "trip_id": "602CA_Trip17", "hrot_diff": 0, "sample_diff": 1, "time_diff_s": 0.02, "gps_distance_m": 4.7, "original_speed": "", "wheel_diameter_mm": 711, "braking_intensity": 0.0, "is_braking": false, "is_crash": false, "crash_intensity_g": 0.0, "segment_start_sample": 24449, "segment_end_sample": 24450, "time_str": ""}}, {"type": "Feature", "geometry": {"type": "LineString", "coordinates": [[4.8743602, 52.3051945], [4.8743586, 52.3052385]]}, "properties": {"Speed": 0.0, "Speed_display": 10.1, "road_quality": 2, "marker": 0, "trip_id": "602CA_Trip17", "hrot_diff": 0, "sample_diff": 1, "time_diff_s": 0.02, "gps_distance_m": 4.9, "original_speed": "", "wheel_diameter_mm": 711, "braking_intensity": 0.0, "is_braking": false, "is_crash": false, "crash_intensity_g": 0.0, "segment_start_sample": 24500, "segment_end_sample": 24501, "time_str": ""}}, {"type": "Feature", "geometry": {"type": "LineString", "coordinates": [[4.8743586, 52.3052385], [4.874363, 52.3052755]]}, "properties": {"Speed": 0.0, "Speed_display": 10.8, "road_quality": 2, "marker": 0, "trip_id": "602CA_Trip17", "hrot_diff": 0, "sample_diff": 1, "time_diff_s": 0.02, "gps_distance_m": 4.1, "original_speed": "", "wheel_diameter_mm": 711, "braking_intensity": 0.0, "is_braking": false, "is_crash": false, "crash_intensity_g": 0.0, "segment_start_sample": 24550, "segment_end_sample": 24551, "time_str": ""}}, {"type": "Feature", "geometry": {"type": "LineString", "coordinates": [[4.874363, 52.3052755], [4.8743598, 52.3053151]]}, "properties": {"Speed": 0.0, "Speed_display": 10.8, "road_quality": 2, "marker": 0, "trip_id": "602CA_Trip17", "hrot_diff": 0, "sample_diff": 1, "time_diff_s": 0.02, "gps_distance_m": 4.4, "original_speed": "", "wheel_diameter_mm": 711, "braking_intensity": 0.0, "is_braking": false, "is_crash": false, "crash_intensity_g": 0.0, "segment_start_sample": 24600, "segment_end_sample": 24601, "time_str": ""}}, {"type": "Feature", "geometry": {"type": "LineString", "coordinates": [[4.8743598, 52.3053151], [4.8743633, 52.3053603]]}, "properties": {"Speed": 0.0, "Speed_display": 10.8, "road_quality": 2, "marker": 0, "trip_id": "602CA_Trip17", "hrot_diff": 0, "sample_diff": 1, "time_diff_s": 0.02, "gps_distance_m": 5.0, "original_speed": "", "wheel_diameter_mm": 711, "braking_intensity": 0.0, "is_braking": false, "is_crash": false, "crash_intensity_g": 0.0, "segment_start_sample": 24649, "segment_end_sample": 24650, "time_str": ""}}, {"type": "Feature", "geometry": {"type": "LineString", "coordinates": [[4.8743633, 52.3053603], [4.8743591, 52.3053995]]}, "properties": {"Speed": 0.0, "Speed_display": 11.5, "road_quality": 2, "marker": 0, "trip_id": "602CA_Trip17", "hrot_diff": 0, "sample_diff": 1, "time_diff_s": 0.02, "gps_distance_m": 4.4, "original_speed": "", "wheel_diameter_mm": 711, "braking_intensity": 0.0, "is_braking": false, "is_crash": false, "crash_intensity_g": 0.0, "segment_start_sample": 24700, "segment_end_sample": 24701, "time_str": ""}}, {"type": "Feature", "geometry": {"type": "LineString", "coordinates": [[4.8743591, 52.3053995], [4.8743625, 52.3054391]]}, "properties": {"Speed": 0.0, "Speed_display": 10.8, "road_quality": 2, "marker": 0, "trip_id": "602CA_Trip17", "hrot_diff": 0, "sample_diff": 1, "time_diff_s": 0.02, "gps_distance_m": 4.4, "original_speed": "", "wheel_diameter_mm": 711, "braking_intensity": 0.0, "is_braking": false, "is_crash": false, "crash_intensity_g": 0.0, "segment_start_sample": 24749, "segment_end_sample": 24750, "time_str": ""}}, {"type": "Feature", "geometry": {"type": "LineString", "coordinates": [[4.8743625, 52.3054391], [4.8743699, 52.3054742]]}, "properties": {"Speed": 0.0, "Speed_display": 11.5, "road_quality": 2, "marker": 0, "trip_id": "602CA_Trip17", "hrot_diff": 0, "sample_diff": 1, "time_diff_s": 0.02, "gps_distance_m": 3.9, "original_speed": "", "wheel_diameter_mm": 711, "braking_intensity": 0.0, "is_braking": false, "is_crash": false, "crash_intensity_g": 0.0, "segment_start_sample": 24800, "segment_end_sample": 24801, "time_str": ""}}, {"type": "Feature", "geometry": {"type": "LineString", "coordinates": [[4.8743699, 52.3054742], [4.8743666, 52.3055151]]}, "properties": {"Speed": 0.0, "Speed_display": 11.5, "road_quality": 2, "marker": 0, "trip_id": "602CA_Trip17", "hrot_diff": 0, "sample_diff": 1, "time_diff_s": 0.02, "gps_distance_m": 4.6, "original_speed": "", "wheel_diameter_mm": 711, "braking_intensity": 0.0, "is_braking": false, "is_crash": false, "crash_intensity_g": 0.0, "segment_start_sample": 24850, "segment_end_sample": 24851, "time_str": ""}}, {"type": "Feature", "geometry": {"type": "LineString", "coordinates": [[4.8743666, 52.3055151], [4.8743652, 52.3055567]]}, "properties": {"Speed": 0.0, "Speed_display": 11.5, "road_quality": 2, "marker": 0, "trip_id": "602CA_Trip17", "hrot_diff": 0, "sample_diff": 1, "time_diff_s": 0.02, "gps_distance_m": 4.6, "original_speed": "", "wheel_diameter_mm": 711, "braking_intensity": 0.0, "is_braking": false, "is_crash": false, "crash_intensity_g": 0.0, "segment_start_sample": 24898, "segment_end_sample": 24899, "time_str": ""}}, {"type": "Feature", "geometry": {"type": "LineString", "coordinates": [[4.8743652, 52.3055567], [4.8743639, 52.3055966]]}, "properties": {"Speed": 0.0, "Speed_display": 10.8, "road_quality": 2, "marker": 0, "trip_id": "602CA_Trip17", "hrot_diff": 0, "sample_diff": 1, "time_diff_s": 0.02, "gps_distance_m": 4.4, "original_speed": "", "wheel_diameter_mm": 711, "braking_intensity": 0.0, "is_braking": false, "is_crash": false, "crash_intensity_g": 0.0, "segment_start_sample": 24959, "segment_end_sample": 24960, "time_str": ""}}, {"type": "Feature", "geometry": {"type": "LineString", "coordinates": [[4.8743639, 52.3055966], [4.8743644, 52.3056364]]}, "properties": {"Speed": 0.0, "Speed_display": 10.1, "road_quality": 2, "marker": 0, "trip_id": "602CA_Trip17", "hrot_diff": 0, "sample_diff": 1, "time_diff_s": 0.02, "gps_distance_m": 4.4, "original_speed": "", "wheel_diameter_mm": 711, "braking_intensity": 0.0, "is_braking": false, "is_crash": false, "crash_intensity_g": 0.0, "segment_start_sample": 25007, "segment_end_sample": 25008, "time_str": ""}}, {"type": "Feature", "geometry": {"type": "LineString", "coordinates": [[4.8743644, 52.3056364], [4.8743535, 52.3056799]]}, "properties": {"Speed": 0.0, "Speed_display": 10.8, "road_quality": 2, "marker": 0, "trip_id": "602CA_Trip17", "hrot_diff": 0, "sample_diff": 1, "time_diff_s": 0.02, "gps_distance_m": 4.9, "original_speed": "", "wheel_diameter_mm": 711, "braking_intensity": 0.0, "is_braking": false, "is_crash": false, "crash_intensity_g": 0.0, "segment_start_sample": 25057, "segment_end_sample": 25058, "time_str": ""}}, {"type": "Feature", "geometry": {"type": "LineString", "coordinates": [[4.8743535, 52.3056799], [4.8743433, 52.3057155]]}, "properties": {"Speed": 0.0, "Speed_display": 10.8, "road_quality": 2, "marker": 0, "trip_id": "602CA_Trip17", "hrot_diff": 0, "sample_diff": 1, "time_diff_s": 0.02, "gps_distance_m": 4.0, "original_speed": "", "wheel_diameter_mm": 711, "braking_intensity": 0.0, "is_braking": false, "is_crash": false, "crash_intensity_g": 0.0, "segment_start_sample": 25107, "segment_end_sample": 25108, "time_str": ""}}, {"type": "Feature", "geometry": {"type": "LineString", "coordinates": [[4.8743433, 52.3057155], [4.8743382, 52.3057529]]}, "properties": {"Speed": 0.0, "Speed_display": 10.1, "road_quality": 2, "marker": 0, "trip_id": "602CA_Trip17", "hrot_diff": 0, "sample_diff": 1, "time_diff_s": 0.02, "gps_distance_m": 4.2, "original_speed": "", "wheel_diameter_mm": 711, "braking_intensity": 0.0, "is_braking": false, "is_crash": false, "crash_intensity_g": 0.0, "segment_start_sample": 25155, "segment_end_sample": 25156, "time_str": ""}}, {"type": "Feature", "geometry": {"type": "LineString", "coordinates": [[4.8743382, 52.3057529], [4.8743313, 52.3057928]]}, "properties": {"Speed": 0.0, "Speed_display": 10.1, "road_quality": 2, "marker": 0, "trip_id": "602CA_Trip17", "hrot_diff": 0, "sample_diff": 1, "time_diff_s": 0.02, "gps_distance_m": 4.5, "original_speed": "", "wheel_diameter_mm": 711, "braking_intensity": 0.0, "is_braking": false, "is_crash": false, "crash_intensity_g": 0.0, "segment_start_sample": 25204, "segment_end_sample": 25205, "time_str": ""}}, {"type": "Feature", "geometry": {"type": "LineString", "coordinates": [[4.8743313, 52.3057928], [4.8743301, 52.3058285]]}, "properties": {"Speed": 0.0, "Speed_display": 9.4, "road_quality": 2, "marker": 0, "trip_id": "602CA_Trip17", "hrot_diff": 0, "sample_diff": 1, "time_diff_s": 0.02, "gps_distance_m": 4.0, "original_speed": "", "wheel_diameter_mm": 711, "braking_intensity": 0.0, "is_braking": false, "is_crash": false, "crash_intensity_g": 0.0, "segment_start_sample": 25254, "segment_end_sample": 25255, "time_str": ""}}, {"type": "Feature", "geometry": {"type": "LineString", "coordinates": [[4.8743301, 52.3058285], [4.8743298, 52.3058645]]}, "properties": {"Speed": 0.0, "Speed_display": 11.5, "road_quality": 2, "marker": 0, "trip_id": "602CA_Trip17", "hrot_diff": 0, "sample_diff": 1, "time_diff_s": 0.02, "gps_distance_m": 4.0, "original_speed": "", "wheel_diameter_mm": 711, "braking_intensity": 0.0, "is_braking": false, "is_crash": false, "crash_intensity_g": 0.0, "segment_start_sample": 25303, "segment_end_sample": 25304, "time_str": ""}}, {"type": "Feature", "geometry": {"type": "LineString", "coordinates": [[4.8743298, 52.3058645], [4.8743297, 52.3059161]]}, "properties": {"Speed": 0.0, "Speed_display": 10.8, "road_quality": 2, "marker": 0, "trip_id": "602CA_Trip17", "hrot_diff": 0, "sample_diff": 1, "time_diff_s": 0.02, "gps_distance_m": 5.7, "original_speed": "", "wheel_diameter_mm": 711, "braking_intensity": 0.0, "is_braking": false, "is_crash": false, "crash_intensity_g": 0.0, "segment_start_sample": 25353, "segment_end_sample": 25354, "time_str": ""}}, {"type": "Feature", "geometry": {"type": "LineString", "coordinates": [[4.8743297, 52.3059161], [4.8743407, 52.3059578]]}, "properties": {"Speed": 0.0, "Speed_display": 10.8, "road_quality": 2, "marker": 0, "trip_id": "602CA_Trip17", "hrot_diff": 0, "sample_diff": 1, "time_diff_s": 0.02, "gps_distance_m": 4.7, "original_speed": "", "wheel_diameter_mm": 711, "braking_intensity": 0.0, "is_braking": false, "is_crash": false, "crash_intensity_g": 0.0, "segment_start_sample": 25402, "segment_end_sample": 25403, "time_str": ""}}, {"type": "Feature", "geometry": {"type": "LineString", "coordinates": [[4.8743407, 52.3059578], [4.8743473, 52.3059973]]}, "properties": {"Speed": 0.0, "Speed_display": 11.5, "road_quality": 2, "marker": 0, "trip_id": "602CA_Trip17", "hrot_diff": 0, "sample_diff": 1, "time_diff_s": 0.02, "gps_distance_m": 4.4, "original_speed": "", "wheel_diameter_mm": 711, "braking_intensity": 0.0, "is_braking": false, "is_crash": false, "crash_intensity_g": 0.0, "segment_start_sample": 25453, "segment_end_sample": 25454, "time_str": ""}}, {"type": "Feature", "geometry": {"type": "LineString", "coordinates": [[4.8743473, 52.3059973], [4.8743438, 52.3060339]]}, "properties": {"Speed": 0.0, "Speed_display": 11.5, "road_quality": 2, "marker": 0, "trip_id": "602CA_Trip17", "hrot_diff": 0, "sample_diff": 1, "time_diff_s": 0.02, "gps_distance_m": 4.1, "original_speed": "", "wheel_diameter_mm": 711, "braking_intensity": 0.0, "is_braking": false, "is_crash": false, "crash_intensity_g": 0.0, "segment_start_sample": 25504, "segment_end_sample": 25505, "time_str": ""}}, {"type": "Feature", "geometry": {"type": "LineString", "coordinates": [[4.8743438, 52.3060339], [4.874344, 52.3060755]]}, "properties": {"Speed": 0.0, "Speed_display": 10.8, "road_quality": 2, "marker": 0, "trip_id": "602CA_Trip17", "hrot_diff": 0, "sample_diff": 1, "time_diff_s": 0.02, "gps_distance_m": 4.6, "original_speed": "", "wheel_diameter_mm": 711, "braking_intensity": 0.0, "is_braking": false, "is_crash": false, "crash_intensity_g": 0.0, "segment_start_sample": 25553, "segment_end_sample": 25554, "time_str": ""}}, {"type": "Feature", "geometry": {"type": "LineString", "coordinates": [[4.874344, 52.3060755], [4.8743429, 52.306115]]}, "properties": {"Speed": 0.0, "Speed_display": 10.8, "road_quality": 2, "marker": 0, "trip_id": "602CA_Trip17", "hrot_diff": 0, "sample_diff": 1, "time_diff_s": 0.02, "gps_distance_m": 4.4, "original_speed": "", "wheel_diameter_mm": 711, "braking_intensity": 0.0, "is_braking": false, "is_crash": false, "crash_intensity_g": 0.0, "segment_start_sample": 25605, "segment_end_sample": 25606, "time_str": ""}}, {"type": "Feature", "geometry": {"type": "LineString", "coordinates": [[4.8743429, 52.306115], [4.8743472, 52.3061421]]}, "properties": {"Speed": 0.0, "Speed_display": 10.1, "road_quality": 2, "marker": 0, "trip_id": "602CA_Trip17", "hrot_diff": 0, "sample_diff": 1, "time_diff_s": 0.02, "gps_distance_m": 3.0, "original_speed": "", "wheel_diameter_mm": 711, "braking_intensity": 0.0, "is_braking": false, "is_crash": false, "crash_intensity_g": 0.0, "segment_start_sample": 25657, "segment_end_sample": 25658, "time_str": ""}}, {"type": "Feature", "geometry": {"type": "LineString", "coordinates": [[4.8743472, 52.3061421], [4.8743359, 52.3061753]]}, "properties": {"Speed": 0.0, "Speed_display": 9.4, "road_quality": 2, "marker": 0, "trip_id": "602CA_Trip17", "hrot_diff": 0, "sample_diff": 1, "time_diff_s": 0.02, "gps_distance_m": 3.8, "original_speed": "", "wheel_diameter_mm": 711, "braking_intensity": 0.0, "is_braking": false, "is_crash": false, "crash_intensity_g": 0.0, "segment_start_sample": 25709, "segment_end_sample": 25710, "time_str": ""}}, {"type": "Feature", "geometry": {"type": "LineString", "coordinates": [[4.8743359, 52.3061753], [4.8743342, 52.3062069]]}, "properties": {"Speed": 0.0, "Speed_display": 10.1, "road_quality": 2, "marker": 0, "trip_id": "602CA_Trip17", "hrot_diff": 0, "sample_diff": 1, "time_diff_s": 0.02, "gps_distance_m": 3.5, "original_speed": "", "wheel_diameter_mm": 711, "braking_intensity": 0.0, "is_braking": false, "is_crash": false, "crash_intensity_g": 0.0, "segment_start_sample": 25760, "segment_end_sample": 25761, "time_str": ""}}, {"type": "Feature", "geometry": {"type": "LineString", "coordinates": [[4.8743342, 52.3062069], [4.8743379, 52.3062452]]}, "properties": {"Speed": 0.0, "Speed_display": 10.1, "road_quality": 2, "marker": 0, "trip_id": "602CA_Trip17", "hrot_diff": 0, "sample_diff": 1, "time_diff_s": 0.02, "gps_distance_m": 4.3, "original_speed": "", "wheel_diameter_mm": 711, "braking_intensity": 0.0, "is_braking": false, "is_crash": false, "crash_intensity_g": 0.0, "segment_start_sample": 25799, "segment_end_sample": 25800, "time_str": ""}}, {"type": "Feature", "geometry": {"type": "LineString", "coordinates": [[4.8743379, 52.3062452], [4.8743362, 52.306283]]}, "properties": {"Speed": 0.0, "Speed_display": 10.8, "road_quality": 2, "marker": 0, "trip_id": "602CA_Trip17", "hrot_diff": 0, "sample_diff": 1, "time_diff_s": 0.02, "gps_distance_m": 4.2, "original_speed": "", "wheel_diameter_mm": 711, "braking_intensity": 0.0, "is_braking": false, "is_crash": false, "crash_intensity_g": 0.0, "segment_start_sample": 25849, "segment_end_sample": 25850, "time_str": ""}}, {"type": "Feature", "geometry": {"type": "LineString", "coordinates": [[4.8743362, 52.306283], [4.874348, 52.3063162]]}, "properties": {"Speed": 0.0, "Speed_display": 10.1, "road_quality": 2, "marker": 0, "trip_id": "602CA_Trip17", "hrot_diff": 0, "sample_diff": 1, "time_diff_s": 0.02, "gps_distance_m": 3.8, "original_speed": "", "wheel_diameter_mm": 711, "braking_intensity": 0.0, "is_braking": false, "is_crash": false, "crash_intensity_g": 0.0, "segment_start_sample": 25900, "segment_end_sample": 25901, "time_str": ""}}, {"type": "Feature", "geometry": {"type": "LineString", "coordinates": [[4.874348, 52.3063162], [4.8743533, 52.306354]]}, "properties": {"Speed": 0.0, "Speed_display": 10.8, "road_quality": 2, "marker": 0, "trip_id": "602CA_Trip17", "hrot_diff": 0, "sample_diff": 1, "time_diff_s": 0.02, "gps_distance_m": 4.2, "original_speed": "", "wheel_diameter_mm": 711, "braking_intensity": 0.0, "is_braking": false, "is_crash": false, "crash_intensity_g": 0.0, "segment_start_sample": 25950, "segment_end_sample": 25951, "time_str": ""}}, {"type": "Feature", "geometry": {"type": "LineString", "coordinates": [[4.8743533, 52.306354], [4.8743716, 52.3063973]]}, "properties": {"Speed": 0.0, "Speed_display": 10.1, "road_quality": 2, "marker": 0, "trip_id": "602CA_Trip17", "hrot_diff": 0, "sample_diff": 1, "time_diff_s": 0.02, "gps_distance_m": 5.0, "original_speed": "", "wheel_diameter_mm": 711, "braking_intensity": 0.0, "is_braking": false, "is_crash": false, "crash_intensity_g": 0.0, "segment_start_sample": 26002, "segment_end_sample": 26003, "time_str": ""}}, {"type": "Feature", "geometry": {"type": "LineString", "coordinates": [[4.8743716, 52.3063973], [4.8743933, 52.3064348]]}, "properties": {"Speed": 0.0, "Speed_display": 10.1, "road_quality": 2, "marker": 0, "trip_id": "602CA_Trip17", "hrot_diff": 0, "sample_diff": 1, "time_diff_s": 0.02, "gps_distance_m": 4.4, "original_speed": "", "wheel_diameter_mm": 711, "braking_intensity": 0.0, "is_braking": false, "is_crash": false, "crash_intensity_g": 0.0, "segment_start_sample": 26052, "segment_end_sample": 26053, "time_str": ""}}, {"type": "Feature", "geometry": {"type": "LineString", "coordinates": [[4.8743933, 52.3064348], [4.8744248, 52.3064673]]}, "properties": {"Speed": 0.0, "Speed_display": 10.1, "road_quality": 2, "marker": 0, "trip_id": "602CA_Trip17", "hrot_diff": 0, "sample_diff": 1, "time_diff_s": 0.02, "gps_distance_m": 4.2, "original_speed": "", "wheel_diameter_mm": 711, "braking_intensity": 0.0, "is_braking": false, "is_crash": false, "crash_intensity_g": 0.0, "segment_start_sample": 26102, "segment_end_sample": 26103, "time_str": ""}}, {"type": "Feature", "geometry": {"type": "LineString", "coordinates": [[4.8744248, 52.3064673], [4.8744856, 52.306487]]}, "properties": {"Speed": 0.0, "Speed_display": 10.8, "road_quality": 2, "marker": 0, "trip_id": "602CA_Trip17", "hrot_diff": 0, "sample_diff": 1, "time_diff_s": 0.02, "gps_distance_m": 4.7, "original_speed": "", "wheel_diameter_mm": 711, "braking_intensity": 0.0, "is_braking": false, "is_crash": false, "crash_intensity_g": 0.0, "segment_start_sample": 26153, "segment_end_sample": 26154, "time_str": ""}}, {"type": "Feature", "geometry": {"type": "LineString", "coordinates": [[4.8744856, 52.306487], [4.8745566, 52.3064912]]}, "properties": {"Speed": 0.0, "Speed_display": 10.8, "road_quality": 2, "marker": 0, "trip_id": "602CA_Trip17", "hrot_diff": 0, "sample_diff": 1, "time_diff_s": 0.02, "gps_distance_m": 4.8, "original_speed": "", "wheel_diameter_mm": 711, "braking_intensity": 0.0, "is_braking": false, "is_crash": false, "crash_intensity_g": 0.0, "segment_start_sample": 26203, "segment_end_sample": 26204, "time_str": ""}}, {"type": "Feature", "geometry": {"type": "LineString", "coordinates": [[4.8745566, 52.3064912], [4.8746211, 52.3064909]]}, "properties": {"Speed": 0.0, "Speed_display": 10.8, "road_quality": 2, "marker": 0, "trip_id": "602CA_Trip17", "hrot_diff": 0, "sample_diff": 1, "time_diff_s": 0.02, "gps_distance_m": 4.4, "original_speed": "", "wheel_diameter_mm": 711, "braking_intensity": 0.0, "is_braking": false, "is_crash": false, "crash_intensity_g": 0.0, "segment_start_sample": 26252, "segment_end_sample": 26253, "time_str": ""}}, {"type": "Feature", "geometry": {"type": "LineString", "coordinates": [[4.8746211, 52.3064909], [4.8746871, 52.306487]]}, "properties": {"Speed": 0.0, "Speed_display": 10.8, "road_quality": 2, "marker": 0, "trip_id": "602CA_Trip17", "hrot_diff": 0, "sample_diff": 1, "time_diff_s": 0.02, "gps_distance_m": 4.5, "original_speed": "", "wheel_diameter_mm": 711, "braking_intensity": 0.0, "is_braking": false, "is_crash": false, "crash_intensity_g": 0.0, "segment_start_sample": 26301, "segment_end_sample": 26302, "time_str": ""}}, {"type": "Feature", "geometry": {"type": "LineString", "coordinates": [[4.8746871, 52.306487], [4.8747561, 52.3064883]]}, "properties": {"Speed": 0.0, "Speed_display": 10.8, "road_quality": 2, "marker": 0, "trip_id": "602CA_Trip17", "hrot_diff": 0, "sample_diff": 1, "time_diff_s": 0.02, "gps_distance_m": 4.7, "original_speed": "", "wheel_diameter_mm": 711, "braking_intensity": 0.0, "is_braking": false, "is_crash": false, "crash_intensity_g": 0.0, "segment_start_sample": 26350, "segment_end_sample": 26351, "time_str": ""}}, {"type": "Feature", "geometry": {"type": "LineString", "coordinates": [[4.8747561, 52.3064883], [4.8748378, 52.3064859]]}, "properties": {"Speed": 0.0, "Speed_display": 10.8, "road_quality": 2, "marker": 0, "trip_id": "602CA_Trip17", "hrot_diff": 0, "sample_diff": 1, "time_diff_s": 0.02, "gps_distance_m": 5.6, "original_speed": "", "wheel_diameter_mm": 711, "braking_intensity": 0.0, "is_braking": false, "is_crash": false, "crash_intensity_g": 0.0, "segment_start_sample": 26398, "segment_end_sample": 26399, "time_str": ""}}, {"type": "Feature", "geometry": {"type": "LineString", "coordinates": [[4.8748378, 52.3064859], [4.8749056, 52.3064885]]}, "properties": {"Speed": 0.0, "Speed_display": 11.5, "road_quality": 2, "marker": 0, "trip_id": "602CA_Trip17", "hrot_diff": 0, "sample_diff": 1, "time_diff_s": 0.02, "gps_distance_m": 4.6, "original_speed": "", "wheel_diameter_mm": 711, "braking_intensity": 0.0, "is_braking": false, "is_crash": false, "crash_intensity_g": 0.0, "segment_start_sample": 26457, "segment_end_sample": 26458, "time_str": ""}}, {"type": "Feature", "geometry": {"type": "LineString", "coordinates": [[4.8749056, 52.3064885], [4.8749691, 52.3064947]]}, "properties": {"Speed": 0.0, "Speed_display": 11.5, "road_quality": 2, "marker": 0, "trip_id": "602CA_Trip17", "hrot_diff": 0, "sample_diff": 1, "time_diff_s": 0.02, "gps_distance_m": 4.4, "original_speed": "", "wheel_diameter_mm": 711, "braking_intensity": 0.0, "is_braking": false, "is_crash": false, "crash_intensity_g": 0.0, "segment_start_sample": 26502, "segment_end_sample": 26503, "time_str": ""}}, {"type": "Feature", "geometry": {"type": "LineString", "coordinates": [[4.8749691, 52.3064947], [4.8750351, 52.3064961]]}, "properties": {"Speed": 0.0, "Speed_display": 11.5, "road_quality": 2, "marker": 0, "trip_id": "602CA_Trip17", "hrot_diff": 0, "sample_diff": 1, "time_diff_s": 0.02, "gps_distance_m": 4.5, "original_speed": "", "wheel_diameter_mm": 711, "braking_intensity": 0.0, "is_braking": false, "is_crash": false, "crash_intensity_g": 0.0, "segment_start_sample": 26549, "segment_end_sample": 26550, "time_str": ""}}, {"type": "Feature", "geometry": {"type": "LineString", "coordinates": [[4.8750351, 52.3064961], [4.8751078, 52.3064948]]}, "properties": {"Speed": 0.0, "Speed_display": 11.5, "road_quality": 2, "marker": 0, "trip_id": "602CA_Trip17", "hrot_diff": 0, "sample_diff": 1, "time_diff_s": 0.02, "gps_distance_m": 4.9, "original_speed": "", "wheel_diameter_mm": 711, "braking_intensity": 0.0, "is_braking": false, "is_crash": false, "crash_intensity_g": 0.0, "segment_start_sample": 26607, "segment_end_sample": 26608, "time_str": ""}}, {"type": "Feature", "geometry": {"type": "LineString", "coordinates": [[4.8751078, 52.3064948], [4.8751696, 52.3064983]]}, "properties": {"Speed": 0.0, "Speed_display": 11.5, "road_quality": 2, "marker": 0, "trip_id": "602CA_Trip17", "hrot_diff": 0, "sample_diff": 1, "time_diff_s": 0.02, "gps_distance_m": 4.2, "original_speed": "", "wheel_diameter_mm": 711, "braking_intensity": 0.0, "is_braking": false, "is_crash": false, "crash_intensity_g": 0.0, "segment_start_sample": 26654, "segment_end_sample": 26655, "time_str": ""}}, {"type": "Feature", "geometry": {"type": "LineString", "coordinates": [[4.8751696, 52.3064983], [4.8752362, 52.3064958]]}, "properties": {"Speed": 0.0, "Speed_display": 11.5, "road_quality": 2, "marker": 0, "trip_id": "602CA_Trip17", "hrot_diff": 0, "sample_diff": 1, "time_diff_s": 0.02, "gps_distance_m": 4.5, "original_speed": "", "wheel_diameter_mm": 711, "braking_intensity": 0.0, "is_braking": false, "is_crash": false, "crash_intensity_g": 0.0, "segment_start_sample": 26701, "segment_end_sample": 26702, "time_str": ""}}, {"type": "Feature", "geometry": {"type": "LineString", "coordinates": [[4.8752362, 52.3064958], [4.8752998, 52.3064885]]}, "properties": {"Speed": 0.0, "Speed_display": 11.5, "road_quality": 2, "marker": 0, "trip_id": "602CA_Trip17", "hrot_diff": 0, "sample_diff": 1, "time_diff_s": 0.02, "gps_distance_m": 4.4, "original_speed": "", "wheel_diameter_mm": 711, "braking_intensity": 0.0, "is_braking": false, "is_crash": false, "crash_intensity_g": 0.0, "segment_start_sample": 26748, "segment_end_sample": 26749, "time_str": ""}}, {"type": "Feature", "geometry": {"type": "LineString", "coordinates": [[4.8752998, 52.3064885], [4.8753686, 52.3064875]]}, "properties": {"Speed": 0.0, "Speed_display": 11.5, "road_quality": 2, "marker": 0, "trip_id": "602CA_Trip17", "hrot_diff": 0, "sample_diff": 1, "time_diff_s": 0.02, "gps_distance_m": 4.7, "original_speed": "", "wheel_diameter_mm": 711, "braking_intensity": 0.0, "is_braking": false, "is_crash": false, "crash_intensity_g": 0.0, "segment_start_sample": 26809, "segment_end_sample": 26810, "time_str": ""}}, {"type": "Feature", "geometry": {"type": "LineString", "coordinates": [[4.8753686, 52.3064875], [4.8754336, 52.3064855]]}, "properties": {"Speed": 0.0, "Speed_display": 11.5, "road_quality": 2, "marker": 0, "trip_id": "602CA_Trip17", "hrot_diff": 0, "sample_diff": 1, "time_diff_s": 0.02, "gps_distance_m": 4.4, "original_speed": "", "wheel_diameter_mm": 711, "braking_intensity": 0.0, "is_braking": false, "is_crash": false, "crash_intensity_g": 0.0, "segment_start_sample": 26856, "segment_end_sample": 26857, "time_str": ""}}, {"type": "Feature", "geometry": {"type": "LineString", "coordinates": [[4.8754336, 52.3064855], [4.8755146, 52.3064868]]}, "properties": {"Speed": 0.0, "Speed_display": 11.5, "road_quality": 2, "marker": 0, "trip_id": "602CA_Trip17", "hrot_diff": 0, "sample_diff": 1, "time_diff_s": 0.02, "gps_distance_m": 5.5, "original_speed": "", "wheel_diameter_mm": 711, "braking_intensity": 0.0, "is_braking": false, "is_crash": false, "crash_intensity_g": 0.0, "segment_start_sample": 26904, "segment_end_sample": 26905, "time_str": ""}}, {"type": "Feature", "geometry": {"type": "LineString", "coordinates": [[4.8755146, 52.3064868], [4.8755837, 52.3064925]]}, "properties": {"Speed": 0.0, "Speed_display": 11.5, "road_quality": 2, "marker": 0, "trip_id": "602CA_Trip17", "hrot_diff": 0, "sample_diff": 1, "time_diff_s": 0.02, "gps_distance_m": 4.7, "original_speed": "", "wheel_diameter_mm": 711, "braking_intensity": 0.0, "is_braking": false, "is_crash": false, "crash_intensity_g": 0.0, "segment_start_sample": 26952, "segment_end_sample": 26953, "time_str": ""}}, {"type": "Feature", "geometry": {"type": "LineString", "coordinates": [[4.8755837, 52.3064925], [4.8756565, 52.306493]]}, "properties": {"Speed": 0.0, "Speed_display": 11.5, "road_quality": 2, "marker": 0, "trip_id": "602CA_Trip17", "hrot_diff": 0, "sample_diff": 1, "time_diff_s": 0.02, "gps_distance_m": 4.9, "original_speed": "", "wheel_diameter_mm": 711, "braking_intensity": 0.0, "is_braking": false, "is_crash": false, "crash_intensity_g": 0.0, "segment_start_sample": 27000, "segment_end_sample": 27001, "time_str": ""}}, {"type": "Feature", "geometry": {"type": "LineString", "coordinates": [[4.8756565, 52.306493], [4.8757232, 52.3064869]]}, "properties": {"Speed": 0.0, "Speed_display": 10.1, "road_quality": 2, "marker": 0, "trip_id": "602CA_Trip17", "hrot_diff": 0, "sample_diff": 1, "time_diff_s": 0.02, "gps_distance_m": 4.6, "original_speed": "", "wheel_diameter_mm": 711, "braking_intensity": 0.0, "is_braking": false, "is_crash": false, "crash_intensity_g": 0.0, "segment_start_sample": 27059, "segment_end_sample": 27060, "time_str": ""}}, {"type": "Feature", "geometry": {"type": "LineString", "coordinates": [[4.8757232, 52.3064869], [4.8757798, 52.3064864]]}, "properties": {"Speed": 0.0, "Speed_display": 10.1, "road_quality": 2, "marker": 0, "trip_id": "602CA_Trip17", "hrot_diff": 0, "sample_diff": 1, "time_diff_s": 0.02, "gps_distance_m": 3.8, "original_speed": "", "wheel_diameter_mm": 711, "braking_intensity": 0.0, "is_braking": false, "is_crash": false, "crash_intensity_g": 0.0, "segment_start_sample": 27106, "segment_end_sample": 27107, "time_str": ""}}, {"type": "Feature", "geometry": {"type": "LineString", "coordinates": [[4.8757798, 52.3064864], [4.8758355, 52.3064858]]}, "properties": {"Speed": 0.0, "Speed_display": 10.1, "road_quality": 2, "marker": 0, "trip_id": "602CA_Trip17", "hrot_diff": 0, "sample_diff": 1, "time_diff_s": 0.02, "gps_distance_m": 3.8, "original_speed": "", "wheel_diameter_mm": 711, "braking_intensity": 0.0, "is_braking": false, "is_crash": false, "crash_intensity_g": 0.0, "segment_start_sample": 27155, "segment_end_sample": 27156, "time_str": ""}}, {"type": "Feature", "geometry": {"type": "LineString", "coordinates": [[4.8758355, 52.3064858], [4.8758972, 52.3064804]]}, "properties": {"Speed": 0.0, "Speed_display": 10.1, "road_quality": 2, "marker": 0, "trip_id": "602CA_Trip17", "hrot_diff": 0, "sample_diff": 1, "time_diff_s": 0.02, "gps_distance_m": 4.2, "original_speed": "", "wheel_diameter_mm": 711, "braking_intensity": 0.0, "is_braking": false, "is_crash": false, "crash_intensity_g": 0.0, "segment_start_sample": 27203, "segment_end_sample": 27204, "time_str": ""}}, {"type": "Feature", "geometry": {"type": "LineString", "coordinates": [[4.8758972, 52.3064804], [4.8759583, 52.3064809]]}, "properties": {"Speed": 0.0, "Speed_display": 11.5, "road_quality": 2, "marker": 0, "trip_id": "602CA_Trip17", "hrot_diff": 0, "sample_diff": 1, "time_diff_s": 0.02, "gps_distance_m": 4.2, "original_speed": "", "wheel_diameter_mm": 711, "braking_intensity": 0.0, "is_braking": false, "is_crash": false, "crash_intensity_g": 0.0, "segment_start_sample": 27251, "segment_end_sample": 27252, "time_str": ""}}, {"type": "Feature", "geometry": {"type": "LineString", "coordinates": [[4.8759583, 52.3064809], [4.8760246, 52.3064808]]}, "properties": {"Speed": 0.0, "Speed_display": 10.1, "road_quality": 2, "marker": 0, "trip_id": "602CA_Trip17", "hrot_diff": 0, "sample_diff": 1, "time_diff_s": 0.02, "gps_distance_m": 4.5, "original_speed": "", "wheel_diameter_mm": 711, "braking_intensity": 0.0, "is_braking": false, "is_crash": false, "crash_intensity_g": 0.0, "segment_start_sample": 27300, "segment_end_sample": 27301, "time_str": ""}}, {"type": "Feature", "geometry": {"type": "LineString", "coordinates": [[4.8760246, 52.3064808], [4.8760841, 52.3064803]]}, "properties": {"Speed": 0.0, "Speed_display": 10.8, "road_quality": 2, "marker": 0, "trip_id": "602CA_Trip17", "hrot_diff": 0, "sample_diff": 1, "time_diff_s": 0.02, "gps_distance_m": 4.0, "original_speed": "", "wheel_diameter_mm": 711, "braking_intensity": 0.0, "is_braking": false, "is_crash": false, "crash_intensity_g": 0.0, "segment_start_sample": 27350, "segment_end_sample": 27351, "time_str": ""}}, {"type": "Feature", "geometry": {"type": "LineString", "coordinates": [[4.8760841, 52.3064803], [4.8761443, 52.3064886]]}, "properties": {"Speed": 0.0, "Speed_display": 10.8, "road_quality": 2, "marker": 0, "trip_id": "602CA_Trip17", "hrot_diff": 0, "sample_diff": 1, "time_diff_s": 0.02, "gps_distance_m": 4.2, "original_speed": "", "wheel_diameter_mm": 711, "braking_intensity": 0.0, "is_braking": false, "is_crash": false, "crash_intensity_g": 0.0, "segment_start_sample": 27400, "segment_end_sample": 27401, "time_str": ""}}, {"type": "Feature", "geometry": {"type": "LineString", "coordinates": [[4.8761443, 52.3064886], [4.8762051, 52.3064846]]}, "properties": {"Speed": 0.0, "Speed_display": 10.8, "road_quality": 2, "marker": 0, "trip_id": "602CA_Trip17", "hrot_diff": 0, "sample_diff": 1, "time_diff_s": 0.02, "gps_distance_m": 4.2, "original_speed": "", "wheel_diameter_mm": 711, "braking_intensity": 0.0, "is_braking": false, "is_crash": false, "crash_intensity_g": 0.0, "segment_start_sample": 27450, "segment_end_sample": 27451, "time_str": ""}}, {"type": "Feature", "geometry": {"type": "LineString", "coordinates": [[4.8762051, 52.3064846], [4.8762681, 52.3064809]]}, "properties": {"Speed": 0.0, "Speed_display": 11.5, "road_quality": 2, "marker": 0, "trip_id": "602CA_Trip17", "hrot_diff": 0, "sample_diff": 1, "time_diff_s": 0.02, "gps_distance_m": 4.3, "original_speed": "", "wheel_diameter_mm": 711, "braking_intensity": 0.0, "is_braking": false, "is_crash": false, "crash_intensity_g": 0.0, "segment_start_sample": 27501, "segment_end_sample": 27502, "time_str": ""}}, {"type": "Feature", "geometry": {"type": "LineString", "coordinates": [[4.8762681, 52.3064809], [4.8763266, 52.3064805]]}, "properties": {"Speed": 0.0, "Speed_display": 10.1, "road_quality": 2, "marker": 0, "trip_id": "602CA_Trip17", "hrot_diff": 0, "sample_diff": 1, "time_diff_s": 0.02, "gps_distance_m": 4.0, "original_speed": "", "wheel_diameter_mm": 711, "braking_intensity": 0.0, "is_braking": false, "is_crash": false, "crash_intensity_g": 0.0, "segment_start_sample": 27552, "segment_end_sample": 27553, "time_str": ""}}, {"type": "Feature", "geometry": {"type": "LineString", "coordinates": [[4.8763266, 52.3064805], [4.8763908, 52.3064811]]}, "properties": {"Speed": 0.0, "Speed_display": 10.1, "road_quality": 2, "marker": 0, "trip_id": "602CA_Trip17", "hrot_diff": 0, "sample_diff": 1, "time_diff_s": 0.02, "gps_distance_m": 4.4, "original_speed": "", "wheel_diameter_mm": 711, "braking_intensity": 0.0, "is_braking": false, "is_crash": false, "crash_intensity_g": 0.0, "segment_start_sample": 27601, "segment_end_sample": 27602, "time_str": ""}}, {"type": "Feature", "geometry": {"type": "LineString", "coordinates": [[4.8763908, 52.3064811], [4.8764475, 52.3064804]]}, "properties": {"Speed": 0.0, "Speed_display": 10.1, "road_quality": 2, "marker": 0, "trip_id": "602CA_Trip17", "hrot_diff": 0, "sample_diff": 1, "time_diff_s": 0.02, "gps_distance_m": 3.9, "original_speed": "", "wheel_diameter_mm": 711, "braking_intensity": 0.0, "is_braking": false, "is_crash": false, "crash_intensity_g": 0.0, "segment_start_sample": 27651, "segment_end_sample": 27652, "time_str": ""}}, {"type": "Feature", "geometry": {"type": "LineString", "coordinates": [[4.8764475, 52.3064804], [4.8764994, 52.3064789]]}, "properties": {"Speed": 0.0, "Speed_display": 9.4, "road_quality": 2, "marker": 0, "trip_id": "602CA_Trip17", "hrot_diff": 0, "sample_diff": 1, "time_diff_s": 0.02, "gps_distance_m": 3.5, "original_speed": "", "wheel_diameter_mm": 711, "braking_intensity": 0.0, "is_braking": false, "is_crash": false, "crash_intensity_g": 0.0, "segment_start_sample": 27702, "segment_end_sample": 27703, "time_str": ""}}, {"type": "Feature", "geometry": {"type": "LineString", "coordinates": [[4.8764994, 52.3064789], [4.8765452, 52.3064799]]}, "properties": {"Speed": 0.0, "Speed_display": 7.9, "road_quality": 2, "marker": 0, "trip_id": "602CA_Trip17", "hrot_diff": 0, "sample_diff": 1, "time_diff_s": 0.02, "gps_distance_m": 3.1, "original_speed": "", "wheel_diameter_mm": 711, "braking_intensity": 0.0, "is_braking": false, "is_crash": false, "crash_intensity_g": 0.0, "segment_start_sample": 27754, "segment_end_sample": 27755, "time_str": ""}}, {"type": "Feature", "geometry": {"type": "LineString", "coordinates": [[4.8765452, 52.3064799], [4.8765911, 52.3064769]]}, "properties": {"Speed": 0.0, "Speed_display": 8.6, "road_quality": 2, "marker": 0, "trip_id": "602CA_Trip17", "hrot_diff": 0, "sample_diff": 1, "time_diff_s": 0.02, "gps_distance_m": 3.1, "original_speed": "", "wheel_diameter_mm": 711, "braking_intensity": 0.0, "is_braking": false, "is_crash": false, "crash_intensity_g": 0.0, "segment_start_sample": 27807, "segment_end_sample": 27808, "time_str": ""}}, {"type": "Feature", "geometry": {"type": "LineString", "coordinates": [[4.8765911, 52.3064769], [4.8766397, 52.306473]]}, "properties": {"Speed": 0.0, "Speed_display": 8.6, "road_quality": 2, "marker": 0, "trip_id": "602CA_Trip17", "hrot_diff": 0, "sample_diff": 1, "time_diff_s": 0.02, "gps_distance_m": 3.3, "original_speed": "", "wheel_diameter_mm": 711, "braking_intensity": 0.0, "is_braking": false, "is_crash": false, "crash_intensity_g": 0.0, "segment_start_sample": 27858, "segment_end_sample": 27859, "time_str": ""}}, {"type": "Feature", "geometry": {"type": "LineString", "coordinates": [[4.8766397, 52.306473], [4.876697, 52.3064692]]}, "properties": {"Speed": 0.0, "Speed_display": 8.6, "road_quality": 2, "marker": 0, "trip_id": "602CA_Trip17", "hrot_diff": 0, "sample_diff": 1, "time_diff_s": 0.02, "gps_distance_m": 3.9, "original_speed": "", "wheel_diameter_mm": 711, "braking_intensity": 0.0, "is_braking": false, "is_crash": false, "crash_intensity_g": 0.0, "segment_start_sample": 27910, "segment_end_sample": 27911, "time_str": ""}}, {"type": "Feature", "geometry": {"type": "LineString", "coordinates": [[4.876697, 52.3064692], [4.8767475, 52.3064684]]}, "properties": {"Speed": 0.0, "Speed_display": 8.6, "road_quality": 2, "marker": 0, "trip_id": "602CA_Trip17", "hrot_diff": 0, "sample_diff": 1, "time_diff_s": 0.02, "gps_distance_m": 3.4, "original_speed": "", "wheel_diameter_mm": 711, "braking_intensity": 0.0, "is_braking": false, "is_crash": false, "crash_intensity_g": 0.0, "segment_start_sample": 27948, "segment_end_sample": 27949, "time_str": ""}}, {"type": "Feature", "geometry": {"type": "LineString", "coordinates": [[4.8767475, 52.3064684], [4.8768091, 52.3064729]]}, "properties": {"Speed": 0.0, "Speed_display": 9.4, "road_quality": 2, "marker": 0, "trip_id": "602CA_Trip17", "hrot_diff": 0, "sample_diff": 1, "time_diff_s": 0.02, "gps_distance_m": 4.2, "original_speed": "", "wheel_diameter_mm": 711, "braking_intensity": 0.0, "is_braking": false, "is_crash": false, "crash_intensity_g": 0.0, "segment_start_sample": 27999, "segment_end_sample": 28000, "time_str": ""}}, {"type": "Feature", "geometry": {"type": "LineString", "coordinates": [[4.8768091, 52.3064729], [4.8768614, 52.306477]]}, "properties": {"Speed": 0.0, "Speed_display": 8.6, "road_quality": 2, "marker": 0, "trip_id": "602CA_Trip17", "hrot_diff": 0, "sample_diff": 1, "time_diff_s": 0.02, "gps_distance_m": 3.6, "original_speed": "", "wheel_diameter_mm": 711, "braking_intensity": 0.0, "is_braking": false, "is_crash": false, "crash_intensity_g": 0.0, "segment_start_sample": 28051, "segment_end_sample": 28052, "time_str": ""}}, {"type": "Feature", "geometry": {"type": "LineString", "coordinates": [[4.8768614, 52.306477], [4.8769187, 52.3064759]]}, "properties": {"Speed": 0.0, "Speed_display": 9.4, "road_quality": 2, "marker": 0, "trip_id": "602CA_Trip17", "hrot_diff": 0, "sample_diff": 1, "time_diff_s": 0.02, "gps_distance_m": 3.9, "original_speed": "", "wheel_diameter_mm": 711, "braking_intensity": 0.0, "is_braking": false, "is_crash": false, "crash_intensity_g": 0.0, "segment_start_sample": 28101, "segment_end_sample": 28102, "time_str": ""}}, {"type": "Feature", "geometry": {"type": "LineString", "coordinates": [[4.8769187, 52.3064759], [4.8769838, 52.3064741]]}, "properties": {"Speed": 0.0, "Speed_display": 9.4, "road_quality": 2, "marker": 0, "trip_id": "602CA_Trip17", "hrot_diff": 0, "sample_diff": 1, "time_diff_s": 0.02, "gps_distance_m": 4.4, "original_speed": "", "wheel_diameter_mm": 711, "braking_intensity": 0.0, "is_braking": false, "is_crash": false, "crash_intensity_g": 0.0, "segment_start_sample": 28151, "segment_end_sample": 28152, "time_str": ""}}, {"type": "Feature", "geometry": {"type": "LineString", "coordinates": [[4.8769838, 52.3064741], [4.8770429, 52.306478]]}, "properties": {"Speed": 0.0, "Speed_display": 10.1, "road_quality": 2, "marker": 0, "trip_id": "602CA_Trip17", "hrot_diff": 0, "sample_diff": 1, "time_diff_s": 0.02, "gps_distance_m": 4.0, "original_speed": "", "wheel_diameter_mm": 711, "braking_intensity": 0.0, "is_braking": false, "is_crash": false, "crash_intensity_g": 0.0, "segment_start_sample": 28203, "segment_end_sample": 28204, "time_str": ""}}, {"type": "Feature", "geometry": {"type": "LineString", "coordinates": [[4.8770429, 52.306478], [4.8771125, 52.3064764]]}, "properties": {"Speed": 0.0, "Speed_display": 10.1, "road_quality": 2, "marker": 0, "trip_id": "602CA_Trip17", "hrot_diff": 0, "sample_diff": 1, "time_diff_s": 0.02, "gps_distance_m": 4.7, "original_speed": "", "wheel_diameter_mm": 711, "braking_intensity": 0.0, "is_braking": false, "is_crash": false, "crash_intensity_g": 0.0, "segment_start_sample": 28254, "segment_end_sample": 28255, "time_str": ""}}, {"type": "Feature", "geometry": {"type": "LineString", "coordinates": [[4.8771125, 52.3064764], [4.8771789, 52.306476]]}, "properties": {"Speed": 0.0, "Speed_display": 10.1, "road_quality": 2, "marker": 0, "trip_id": "602CA_Trip17", "hrot_diff": 0, "sample_diff": 1, "time_diff_s": 0.02, "gps_distance_m": 4.5, "original_speed": "", "wheel_diameter_mm": 711, "braking_intensity": 0.0, "is_braking": false, "is_crash": false, "crash_intensity_g": 0.0, "segment_start_sample": 28306, "segment_end_sample": 28307, "time_str": ""}}, {"type": "Feature", "geometry": {"type": "LineString", "coordinates": [[4.8771789, 52.306476], [4.8772383, 52.3064793]]}, "properties": {"Speed": 0.0, "Speed_display": 10.8, "road_quality": 2, "marker": 0, "trip_id": "602CA_Trip17", "hrot_diff": 0, "sample_diff": 1, "time_diff_s": 0.02, "gps_distance_m": 4.1, "original_speed": "", "wheel_diameter_mm": 711, "braking_intensity": 0.0, "is_braking": false, "is_crash": false, "crash_intensity_g": 0.0, "segment_start_sample": 28356, "segment_end_sample": 28357, "time_str": ""}}, {"type": "Feature", "geometry": {"type": "LineString", "coordinates": [[4.8772383, 52.3064793], [4.8773046, 52.3064816]]}, "properties": {"Speed": 0.0, "Speed_display": 10.1, "road_quality": 2, "marker": 0, "trip_id": "602CA_Trip17", "hrot_diff": 0, "sample_diff": 1, "time_diff_s": 0.02, "gps_distance_m": 4.5, "original_speed": "", "wheel_diameter_mm": 711, "braking_intensity": 0.0, "is_braking": false, "is_crash": false, "crash_intensity_g": 0.0, "segment_start_sample": 28408, "segment_end_sample": 28409, "time_str": ""}}, {"type": "Feature", "geometry": {"type": "LineString", "coordinates": [[4.8773046, 52.3064816], [4.8773549, 52.3064825]]}, "properties": {"Speed": 0.0, "Speed_display": 9.4, "road_quality": 2, "marker": 0, "trip_id": "602CA_Trip17", "hrot_diff": 0, "sample_diff": 1, "time_diff_s": 0.02, "gps_distance_m": 3.4, "original_speed": "", "wheel_diameter_mm": 711, "braking_intensity": 0.0, "is_braking": false, "is_crash": false, "crash_intensity_g": 0.0, "segment_start_sample": 28448, "segment_end_sample": 28449, "time_str": ""}}, {"type": "Feature", "geometry": {"type": "LineString", "coordinates": [[4.8773549, 52.3064825], [4.8774217, 52.3064847]]}, "properties": {"Speed": 0.0, "Speed_display": 9.4, "road_quality": 3, "marker": 0, "trip_id": "602CA_Trip17", "hrot_diff": 0, "sample_diff": 1, "time_diff_s": 0.02, "gps_distance_m": 4.5, "original_speed": "", "wheel_diameter_mm": 711, "braking_intensity": 0.0, "is_braking": false, "is_crash": false, "crash_intensity_g": 0.0, "segment_start_sample": 28502, "segment_end_sample": 28503, "time_str": ""}}, {"type": "Feature", "geometry": {"type": "LineString", "coordinates": [[4.8774217, 52.3064847], [4.87748, 52.3064907]]}, "properties": {"Speed": 0.0, "Speed_display": 9.4, "road_quality": 3, "marker": 0, "trip_id": "602CA_Trip17", "hrot_diff": 0, "sample_diff": 1, "time_diff_s": 0.02, "gps_distance_m": 4.0, "original_speed": "", "wheel_diameter_mm": 711, "braking_intensity": 0.0, "is_braking": false, "is_crash": false, "crash_intensity_g": 0.0, "segment_start_sample": 28557, "segment_end_sample": 28558, "time_str": ""}}, {"type": "Feature", "geometry": {"type": "LineString", "coordinates": [[4.87748, 52.3064907], [4.8775341, 52.3064993]]}, "properties": {"Speed": 0.0, "Speed_display": 8.6, "road_quality": 3, "marker": 0, "trip_id": "602CA_Trip17", "hrot_diff": 0, "sample_diff": 1, "time_diff_s": 0.02, "gps_distance_m": 3.8, "original_speed": "", "wheel_diameter_mm": 711, "braking_intensity": 0.0, "is_braking": false, "is_crash": false, "crash_intensity_g": 0.0, "segment_start_sample": 28599, "segment_end_sample": 28600, "time_str": ""}}, {"type": "Feature", "geometry": {"type": "LineString", "coordinates": [[4.8775341, 52.3064993], [4.8775695, 52.3065118]]}, "properties": {"Speed": 0.0, "Speed_display": 8.6, "road_quality": 2, "marker": 0, "trip_id": "602CA_Trip17", "hrot_diff": 0, "sample_diff": 1, "time_diff_s": 0.02, "gps_distance_m": 2.8, "original_speed": "", "wheel_diameter_mm": 711, "braking_intensity": 0.0, "is_braking": false, "is_crash": false, "crash_intensity_g": 0.0, "segment_start_sample": 28653, "segment_end_sample": 28654, "time_str": ""}}, {"type": "Feature", "geometry": {"type": "LineString", "coordinates": [[4.8775695, 52.3065118], [4.8776086, 52.3065395]]}, "properties": {"Speed": 0.0, "Speed_display": 9.4, "road_quality": 2, "marker": 0, "trip_id": "602CA_Trip17", "hrot_diff": 0, "sample_diff": 1, "time_diff_s": 0.02, "gps_distance_m": 4.1, "original_speed": "", "wheel_diameter_mm": 711, "braking_intensity": 0.0, "is_braking": false, "is_crash": false, "crash_intensity_g": 0.0, "segment_start_sample": 28705, "segment_end_sample": 28706, "time_str": ""}}, {"type": "Feature", "geometry": {"type": "LineString", "coordinates": [[4.8776086, 52.3065395], [4.8776407, 52.3065622]]}, "properties": {"Speed": 0.0, "Speed_display": 7.9, "road_quality": 2, "marker": 0, "trip_id": "602CA_Trip17", "hrot_diff": 0, "sample_diff": 1, "time_diff_s": 0.02, "gps_distance_m": 3.3, "original_speed": "", "wheel_diameter_mm": 711, "braking_intensity": 0.0, "is_braking": false, "is_crash": false, "crash_intensity_g": 0.0, "segment_start_sample": 28756, "segment_end_sample": 28757, "time_str": ""}}, {"type": "Feature", "geometry": {"type": "LineString", "coordinates": [[4.8776407, 52.3065622], [4.8776574, 52.3065937]]}, "properties": {"Speed": 0.0, "Speed_display": 8.6, "road_quality": 2, "marker": 0, "trip_id": "602CA_Trip17", "hrot_diff": 0, "sample_diff": 1, "time_diff_s": 0.02, "gps_distance_m": 3.7, "original_speed": "", "wheel_diameter_mm": 711, "braking_intensity": 0.0, "is_braking": false, "is_crash": false, "crash_intensity_g": 0.0, "segment_start_sample": 28806, "segment_end_sample": 28807, "time_str": ""}}, {"type": "Feature", "geometry": {"type": "LineString", "coordinates": [[4.8776574, 52.3065937], [4.8776591, 52.3066357]]}, "properties": {"Speed": 0.0, "Speed_display": 11.5, "road_quality": 2, "marker": 0, "trip_id": "602CA_Trip17", "hrot_diff": 0, "sample_diff": 1, "time_diff_s": 0.02, "gps_distance_m": 4.7, "original_speed": "", "wheel_diameter_mm": 711, "braking_intensity": 0.0, "is_braking": false, "is_crash": false, "crash_intensity_g": 0.0, "segment_start_sample": 28854, "segment_end_sample": 28855, "time_str": ""}}, {"type": "Feature", "geometry": {"type": "LineString", "coordinates": [[4.8776591, 52.3066357], [4.8776804, 52.3066736]]}, "properties": {"Speed": 0.0, "Speed_display": 10.8, "road_quality": 2, "marker": 0, "trip_id": "602CA_Trip17", "hrot_diff": 0, "sample_diff": 1, "time_diff_s": 0.02, "gps_distance_m": 4.5, "original_speed": "", "wheel_diameter_mm": 711, "braking_intensity": 0.0, "is_braking": false, "is_crash": false, "crash_intensity_g": 0.0, "segment_start_sample": 28901, "segment_end_sample": 28902, "time_str": ""}}, {"type": "Feature", "geometry": {"type": "LineString", "coordinates": [[4.8776804, 52.3066736], [4.8777106, 52.3067132]]}, "properties": {"Speed": 0.0, "Speed_display": 10.8, "road_quality": 2, "marker": 0, "trip_id": "602CA_Trip17", "hrot_diff": 0, "sample_diff": 1, "time_diff_s": 0.02, "gps_distance_m": 4.9, "original_speed": "", "wheel_diameter_mm": 711, "braking_intensity": 0.0, "is_braking": false, "is_crash": false, "crash_intensity_g": 0.0, "segment_start_sample": 28949, "segment_end_sample": 28950, "time_str": ""}}, {"type": "Feature", "geometry": {"type": "LineString", "coordinates": [[4.8777106, 52.3067132], [4.8777185, 52.3067597]]}, "properties": {"Speed": 0.0, "Speed_display": 11.5, "road_quality": 2, "marker": 0, "trip_id": "602CA_Trip17", "hrot_diff": 0, "sample_diff": 1, "time_diff_s": 0.02, "gps_distance_m": 5.2, "original_speed": "", "wheel_diameter_mm": 711, "braking_intensity": 0.0, "is_braking": false, "is_crash": false, "crash_intensity_g": 0.0, "segment_start_sample": 29008, "segment_end_sample": 29009, "time_str": ""}}, {"type": "Feature", "geometry": {"type": "LineString", "coordinates": [[4.8777185, 52.3067597], [4.8777394, 52.3068067]]}, "properties": {"Speed": 0.0, "Speed_display": 12.2, "road_quality": 2, "marker": 0, "trip_id": "602CA_Trip17", "hrot_diff": 0, "sample_diff": 1, "time_diff_s": 0.02, "gps_distance_m": 5.4, "original_speed": "", "wheel_diameter_mm": 711, "braking_intensity": 0.0, "is_braking": false, "is_crash": false, "crash_intensity_g": 0.0, "segment_start_sample": 29056, "segment_end_sample": 29057, "time_str": ""}}, {"type": "Feature", "geometry": {"type": "LineString", "coordinates": [[4.8777394, 52.3068067], [4.877746, 52.3068538]]}, "properties": {"Speed": 0.0, "Speed_display": 11.5, "road_quality": 2, "marker": 0, "trip_id": "602CA_Trip17", "hrot_diff": 0, "sample_diff": 1, "time_diff_s": 0.02, "gps_distance_m": 5.3, "original_speed": "", "wheel_diameter_mm": 711, "braking_intensity": 0.0, "is_braking": false, "is_crash": false, "crash_intensity_g": 0.0, "segment_start_sample": 29105, "segment_end_sample": 29106, "time_str": ""}}, {"type": "Feature", "geometry": {"type": "LineString", "coordinates": [[4.877746, 52.3068538], [4.8777627, 52.3068945]]}, "properties": {"Speed": 0.0, "Speed_display": 11.5, "road_quality": 2, "marker": 0, "trip_id": "602CA_Trip17", "hrot_diff": 0, "sample_diff": 1, "time_diff_s": 0.02, "gps_distance_m": 4.7, "original_speed": "", "wheel_diameter_mm": 711, "braking_intensity": 0.0, "is_braking": false, "is_crash": false, "crash_intensity_g": 0.0, "segment_start_sample": 29153, "segment_end_sample": 29154, "time_str": ""}}, {"type": "Feature", "geometry": {"type": "LineString", "coordinates": [[4.8777627, 52.3068945], [4.8777646, 52.3069392]]}, "properties": {"Speed": 0.0, "Speed_display": 9.4, "road_quality": 2, "marker": 0, "trip_id": "602CA_Trip17", "hrot_diff": 0, "sample_diff": 1, "time_diff_s": 0.02, "gps_distance_m": 5.0, "original_speed": "", "wheel_diameter_mm": 711, "braking_intensity": 0.0, "is_braking": false, "is_crash": false, "crash_intensity_g": 0.0, "segment_start_sample": 29201, "segment_end_sample": 29202, "time_str": ""}}, {"type": "Feature", "geometry": {"type": "LineString", "coordinates": [[4.8777646, 52.3069392], [4.8777659, 52.3069759]]}, "properties": {"Speed": 0.0, "Speed_display": 10.8, "road_quality": 2, "marker": 0, "trip_id": "602CA_Trip17", "hrot_diff": 0, "sample_diff": 1, "time_diff_s": 0.02, "gps_distance_m": 4.1, "original_speed": "", "wheel_diameter_mm": 711, "braking_intensity": 0.0, "is_braking": false, "is_crash": false, "crash_intensity_g": 0.0, "segment_start_sample": 29250, "segment_end_sample": 29251, "time_str": ""}}, {"type": "Feature", "geometry": {"type": "LineString", "coordinates": [[4.8777659, 52.3069759], [4.8777782, 52.3070158]]}, "properties": {"Speed": 0.0, "Speed_display": 10.1, "road_quality": 2, "marker": 0, "trip_id": "602CA_Trip17", "hrot_diff": 0, "sample_diff": 1, "time_diff_s": 0.02, "gps_distance_m": 4.5, "original_speed": "", "wheel_diameter_mm": 711, "braking_intensity": 0.0, "is_braking": false, "is_crash": false, "crash_intensity_g": 0.0, "segment_start_sample": 29299, "segment_end_sample": 29300, "time_str": ""}}, {"type": "Feature", "geometry": {"type": "LineString", "coordinates": [[4.8777782, 52.3070158], [4.8777828, 52.3070491]]}, "properties": {"Speed": 0.0, "Speed_display": 9.4, "road_quality": 2, "marker": 0, "trip_id": "602CA_Trip17", "hrot_diff": 0, "sample_diff": 1, "time_diff_s": 0.02, "gps_distance_m": 3.7, "original_speed": "", "wheel_diameter_mm": 711, "braking_intensity": 0.0, "is_braking": false, "is_crash": false, "crash_intensity_g": 0.0, "segment_start_sample": 29348, "segment_end_sample": 29349, "time_str": ""}}, {"type": "Feature", "geometry": {"type": "LineString", "coordinates": [[4.8777828, 52.3070491], [4.877783, 52.3070826]]}, "properties": {"Speed": 0.0, "Speed_display": 9.4, "road_quality": 2, "marker": 0, "trip_id": "602CA_Trip17", "hrot_diff": 0, "sample_diff": 1, "time_diff_s": 0.02, "gps_distance_m": 3.7, "original_speed": "", "wheel_diameter_mm": 711, "braking_intensity": 0.0, "is_braking": false, "is_crash": false, "crash_intensity_g": 0.0, "segment_start_sample": 29409, "segment_end_sample": 29410, "time_str": ""}}, {"type": "Feature", "geometry": {"type": "LineString", "coordinates": [[4.877783, 52.3070826], [4.8777901, 52.3071176]]}, "properties": {"Speed": 0.0, "Speed_display": 10.1, "road_quality": 2, "marker": 0, "trip_id": "602CA_Trip17", "hrot_diff": 0, "sample_diff": 1, "time_diff_s": 0.02, "gps_distance_m": 3.9, "original_speed": "", "wheel_diameter_mm": 711, "braking_intensity": 0.0, "is_braking": false, "is_crash": false, "crash_intensity_g": 0.0, "segment_start_sample": 29458, "segment_end_sample": 29459, "time_str": ""}}, {"type": "Feature", "geometry": {"type": "LineString", "coordinates": [[4.8777901, 52.3071176], [4.8777958, 52.3071521]]}, "properties": {"Speed": 0.0, "Speed_display": 10.1, "road_quality": 2, "marker": 0, "trip_id": "602CA_Trip17", "hrot_diff": 0, "sample_diff": 1, "time_diff_s": 0.02, "gps_distance_m": 3.9, "original_speed": "", "wheel_diameter_mm": 711, "braking_intensity": 0.0, "is_braking": false, "is_crash": false, "crash_intensity_g": 0.0, "segment_start_sample": 29506, "segment_end_sample": 29507, "time_str": ""}}, {"type": "Feature", "geometry": {"type": "LineString", "coordinates": [[4.8777958, 52.3071521], [4.8778003, 52.30719]]}, "properties": {"Speed": 0.0, "Speed_display": 9.4, "road_quality": 2, "marker": 0, "trip_id": "602CA_Trip17", "hrot_diff": 0, "sample_diff": 1, "time_diff_s": 0.02, "gps_distance_m": 4.2, "original_speed": "", "wheel_diameter_mm": 711, "braking_intensity": 0.0, "is_braking": false, "is_crash": false, "crash_intensity_g": 0.0, "segment_start_sample": 29556, "segment_end_sample": 29557, "time_str": ""}}, {"type": "Feature", "geometry": {"type": "LineString", "coordinates": [[4.8778003, 52.30719], [4.8778097, 52.307224]]}, "properties": {"Speed": 0.0, "Speed_display": 9.4, "road_quality": 2, "marker": 0, "trip_id": "602CA_Trip17", "hrot_diff": 0, "sample_diff": 1, "time_diff_s": 0.02, "gps_distance_m": 3.8, "original_speed": "", "wheel_diameter_mm": 711, "braking_intensity": 0.0, "is_braking": false, "is_crash": false, "crash_intensity_g": 0.0, "segment_start_sample": 29606, "segment_end_sample": 29607, "time_str": ""}}, {"type": "Feature", "geometry": {"type": "LineString", "coordinates": [[4.8778097, 52.307224], [4.8778031, 52.3072605]]}, "properties": {"Speed": 0.0, "Speed_display": 9.4, "road_quality": 2, "marker": 0, "trip_id": "602CA_Trip17", "hrot_diff": 0, "sample_diff": 1, "time_diff_s": 0.02, "gps_distance_m": 4.1, "original_speed": "", "wheel_diameter_mm": 711, "braking_intensity": 0.0, "is_braking": false, "is_crash": false, "crash_intensity_g": 0.0, "segment_start_sample": 29656, "segment_end_sample": 29657, "time_str": ""}}, {"type": "Feature", "geometry": {"type": "LineString", "coordinates": [[4.8778031, 52.3072605], [4.8777913, 52.3072945]]}, "properties": {"Speed": 0.0, "Speed_display": 9.4, "road_quality": 2, "marker": 0, "trip_id": "602CA_Trip17", "hrot_diff": 0, "sample_diff": 1, "time_diff_s": 0.02, "gps_distance_m": 3.9, "original_speed": "", "wheel_diameter_mm": 711, "braking_intensity": 0.0, "is_braking": false, "is_crash": false, "crash_intensity_g": 0.0, "segment_start_sample": 29706, "segment_end_sample": 29707, "time_str": ""}}, {"type": "Feature", "geometry": {"type": "LineString", "coordinates": [[4.8777913, 52.3072945], [4.87779, 52.3073296]]}, "properties": {"Speed": 0.0, "Speed_display": 9.4, "road_quality": 2, "marker": 0, "trip_id": "602CA_Trip17", "hrot_diff": 0, "sample_diff": 1, "time_diff_s": 0.02, "gps_distance_m": 3.9, "original_speed": "", "wheel_diameter_mm": 711, "braking_intensity": 0.0, "is_braking": false, "is_crash": false, "crash_intensity_g": 0.0, "segment_start_sample": 29754, "segment_end_sample": 29755, "time_str": ""}}, {"type": "Feature", "geometry": {"type": "LineString", "coordinates": [[4.87779, 52.3073296], [4.8777889, 52.3073661]]}, "properties": {"Speed": 0.0, "Speed_display": 10.1, "road_quality": 3, "marker": 0, "trip_id": "602CA_Trip17", "hrot_diff": 0, "sample_diff": 1, "time_diff_s": 0.02, "gps_distance_m": 4.1, "original_speed": "", "wheel_diameter_mm": 711, "braking_intensity": 0.0, "is_braking": false, "is_crash": false, "crash_intensity_g": 0.0, "segment_start_sample": 29804, "segment_end_sample": 29805, "time_str": ""}}, {"type": "Feature", "geometry": {"type": "LineString", "coordinates": [[4.8777889, 52.3073661], [4.8777848, 52.3074046]]}, "properties": {"Speed": 0.0, "Speed_display": 9.4, "road_quality": 3, "marker": 0, "trip_id": "602CA_Trip17", "hrot_diff": 0, "sample_diff": 1, "time_diff_s": 0.02, "gps_distance_m": 4.3, "original_speed": "", "wheel_diameter_mm": 711, "braking_intensity": 0.0, "is_braking": false, "is_crash": false, "crash_intensity_g": 0.0, "segment_start_sample": 29856, "segment_end_sample": 29857, "time_str": ""}}, {"type": "Feature", "geometry": {"type": "LineString", "coordinates": [[4.8777848, 52.3074046], [4.877782, 52.3074426]]}, "properties": {"Speed": 0.0, "Speed_display": 8.6, "road_quality": 2, "marker": 0, "trip_id": "602CA_Trip17", "hrot_diff": 0, "sample_diff": 1, "time_diff_s": 0.02, "gps_distance_m": 4.2, "original_speed": "", "wheel_diameter_mm": 711, "braking_intensity": 0.0, "is_braking": false, "is_crash": false, "crash_intensity_g": 0.0, "segment_start_sample": 29908, "segment_end_sample": 29909, "time_str": ""}}, {"type": "Feature", "geometry": {"type": "LineString", "coordinates": [[4.877782, 52.3074426], [4.8777957, 52.3074713]]}, "properties": {"Speed": 0.0, "Speed_display": 8.6, "road_quality": 3, "marker": 0, "trip_id": "602CA_Trip17", "hrot_diff": 0, "sample_diff": 1, "time_diff_s": 0.02, "gps_distance_m": 3.3, "original_speed": "", "wheel_diameter_mm": 711, "braking_intensity": 0.0, "is_braking": false, "is_crash": false, "crash_intensity_g": 0.0, "segment_start_sample": 29948, "segment_end_sample": 29949, "time_str": ""}}, {"type": "Feature", "geometry": {"type": "LineString", "coordinates": [[4.8777957, 52.3074713], [4.8778149, 52.3075064]]}, "properties": {"Speed": 0.0, "Speed_display": 8.6, "road_quality": 3, "marker": 0, "trip_id": "602CA_Trip17", "hrot_diff": 0, "sample_diff": 1, "time_diff_s": 0.02, "gps_distance_m": 4.1, "original_speed": "", "wheel_diameter_mm": 711, "braking_intensity": 0.0, "is_braking": false, "is_crash": false, "crash_intensity_g": 0.0, "segment_start_sample": 30006, "segment_end_sample": 30007, "time_str": ""}}, {"type": "Feature", "geometry": {"type": "LineString", "coordinates": [[4.8778149, 52.3075064], [4.8778447, 52.3075279]]}, "properties": {"Speed": 0.0, "Speed_display": 5.8, "road_quality": 3, "marker": 0, "trip_id": "602CA_Trip17", "hrot_diff": 0, "sample_diff": 1, "time_diff_s": 0.02, "gps_distance_m": 3.1, "original_speed": "", "wheel_diameter_mm": 711, "braking_intensity": 0.0, "is_braking": false, "is_crash": false, "crash_intensity_g": 0.0, "segment_start_sample": 30059, "segment_end_sample": 30060, "time_str": ""}}, {"type": "Feature", "geometry": {"type": "LineString", "coordinates": [[4.8778447, 52.3075279], [4.8778768, 52.3075375]]}, "properties": {"Speed": 0.0, "Speed_display": 7.2, "road_quality": 3, "marker": 0, "trip_id": "602CA_Trip17", "hrot_diff": 0, "sample_diff": 1, "time_diff_s": 0.02, "gps_distance_m": 2.4, "original_speed": "", "wheel_diameter_mm": 711, "braking_intensity": 0.0, "is_braking": false, "is_crash": false, "crash_intensity_g": 0.0, "segment_start_sample": 30109, "segment_end_sample": 30110, "time_str": ""}}, {"type": "Feature", "geometry": {"type": "LineString", "coordinates": [[4.8778768, 52.3075375], [4.8779182, 52.3075409]]}, "properties": {"Speed": 0.0, "Speed_display": 7.2, "road_quality": 3, "marker": 0, "trip_id": "602CA_Trip17", "hrot_diff": 0, "sample_diff": 1, "time_diff_s": 0.02, "gps_distance_m": 2.8, "original_speed": "", "wheel_diameter_mm": 711, "braking_intensity": 0.0, "is_braking": false, "is_crash": false, "crash_intensity_g": 0.0, "segment_start_sample": 30158, "segment_end_sample": 30159, "time_str": ""}}, {"type": "Feature", "geometry": {"type": "LineString", "coordinates": [[4.8779182, 52.3075409], [4.8779496, 52.3075404]]}, "properties": {"Speed": 0.0, "Speed_display": 7.9, "road_quality": 3, "marker": 0, "trip_id": "602CA_Trip17", "hrot_diff": 0, "sample_diff": 1, "time_diff_s": 0.02, "gps_distance_m": 2.1, "original_speed": "", "wheel_diameter_mm": 711, "braking_intensity": 0.0, "is_braking": false, "is_crash": false, "crash_intensity_g": 0.0, "segment_start_sample": 30209, "segment_end_sample": 30210, "time_str": ""}}, {"type": "Feature", "geometry": {"type": "LineString", "coordinates": [[4.8779496, 52.3075404], [4.8779977, 52.3075427]]}, "properties": {"Speed": 0.0, "Speed_display": 7.9, "road_quality": 3, "marker": 0, "trip_id": "602CA_Trip17", "hrot_diff": 0, "sample_diff": 1, "time_diff_s": 0.02, "gps_distance_m": 3.3, "original_speed": "", "wheel_diameter_mm": 711, "braking_intensity": 0.0, "is_braking": false, "is_crash": false, "crash_intensity_g": 0.0, "segment_start_sample": 30256, "segment_end_sample": 30257, "time_str": ""}}, {"type": "Feature", "geometry": {"type": "LineString", "coordinates": [[4.8779977, 52.3075427], [4.8780471, 52.3075468]]}, "properties": {"Speed": 0.0, "Speed_display": 8.6, "road_quality": 3, "marker": 0, "trip_id": "602CA_Trip17", "hrot_diff": 0, "sample_diff": 1, "time_diff_s": 0.02, "gps_distance_m": 3.4, "original_speed": "", "wheel_diameter_mm": 711, "braking_intensity": 0.0, "is_braking": false, "is_crash": false, "crash_intensity_g": 0.0, "segment_start_sample": 30303, "segment_end_sample": 30304, "time_str": ""}}, {"type": "Feature", "geometry": {"type": "LineString", "coordinates": [[4.8780471, 52.3075468], [4.8780942, 52.3075464]]}, "properties": {"Speed": 0.0, "Speed_display": 8.6, "road_quality": 3, "marker": 0, "trip_id": "602CA_Trip17", "hrot_diff": 0, "sample_diff": 1, "time_diff_s": 0.02, "gps_distance_m": 3.2, "original_speed": "", "wheel_diameter_mm": 711, "braking_intensity": 0.0, "is_braking": false, "is_crash": false, "crash_intensity_g": 0.0, "segment_start_sample": 30350, "segment_end_sample": 30351, "time_str": ""}}, {"type": "Feature", "geometry": {"type": "LineString", "coordinates": [[4.8780942, 52.3075464], [4.8781448, 52.3075495]]}, "properties": {"Speed": 0.0, "Speed_display": 8.6, "road_quality": 3, "marker": 0, "trip_id": "602CA_Trip17", "hrot_diff": 0, "sample_diff": 1, "time_diff_s": 0.02, "gps_distance_m": 3.5, "original_speed": "", "wheel_diameter_mm": 711, "braking_intensity": 0.0, "is_braking": false, "is_crash": false, "crash_intensity_g": 0.0, "segment_start_sample": 30413, "segment_end_sample": 30414, "time_str": ""}}]}