{"type": "FeatureCollection", "features": [{"type": "Feature", "geometry": {"type": "LineString", "coordinates": [[4.8722625, 52.2951823], [4.8722893, 52.2952134]]}, "properties": {"Speed": 0.0, "Speed_display": 9.4, "road_quality": 2, "marker": 0, "trip_id": "602CA_Trip14", "hrot_diff": 0, "sample_diff": 1, "time_diff_s": 0.02, "gps_distance_m": 3.9, "original_speed": "", "wheel_diameter_mm": 711, "braking_intensity": 0.0, "is_braking": false, "is_crash": false, "crash_intensity_g": 0.0, "segment_start_sample": 2285, "segment_end_sample": 2286, "time_str": ""}}, {"type": "Feature", "geometry": {"type": "LineString", "coordinates": [[4.8722893, 52.2952134], [4.8723128, 52.2952419]]}, "properties": {"Speed": 0.0, "Speed_display": 7.2, "road_quality": 2, "marker": 0, "trip_id": "602CA_Trip14", "hrot_diff": 0, "sample_diff": 1, "time_diff_s": 0.02, "gps_distance_m": 3.5, "original_speed": "", "wheel_diameter_mm": 711, "braking_intensity": 0.0, "is_braking": false, "is_crash": false, "crash_intensity_g": 0.0, "segment_start_sample": 2342, "segment_end_sample": 2343, "time_str": ""}}, {"type": "Feature", "geometry": {"type": "LineString", "coordinates": [[4.8723128, 52.2952419], [4.872329, 52.2952642]]}, "properties": {"Speed": 0.0, "Speed_display": 5.8, "road_quality": 2, "marker": 0, "trip_id": "602CA_Trip14", "hrot_diff": 0, "sample_diff": 1, "time_diff_s": 0.02, "gps_distance_m": 2.7, "original_speed": "", "wheel_diameter_mm": 711, "braking_intensity": 0.0, "is_braking": false, "is_crash": false, "crash_intensity_g": 0.0, "segment_start_sample": 2385, "segment_end_sample": 2386, "time_str": ""}}, {"type": "Feature", "geometry": {"type": "LineString", "coordinates": [[4.872329, 52.2952642], [4.8723462, 52.2952892]]}, "properties": {"Speed": 0.0, "Speed_display": 5.8, "road_quality": 2, "marker": 0, "trip_id": "602CA_Trip14", "hrot_diff": 0, "sample_diff": 1, "time_diff_s": 0.02, "gps_distance_m": 3.0, "original_speed": "", "wheel_diameter_mm": 711, "braking_intensity": 0.0, "is_braking": false, "is_crash": false, "crash_intensity_g": 0.0, "segment_start_sample": 2442, "segment_end_sample": 2443, "time_str": ""}}, {"type": "Feature", "geometry": {"type": "LineString", "coordinates": [[4.8723462, 52.2952892], [4.8723633, 52.2953206]]}, "properties": {"Speed": 0.0, "Speed_display": 7.9, "road_quality": 2, "marker": 0, "trip_id": "602CA_Trip14", "hrot_diff": 0, "sample_diff": 1, "time_diff_s": 0.02, "gps_distance_m": 3.7, "original_speed": "", "wheel_diameter_mm": 711, "braking_intensity": 0.0, "is_braking": false, "is_crash": false, "crash_intensity_g": 0.0, "segment_start_sample": 2488, "segment_end_sample": 2489, "time_str": ""}}, {"type": "Feature", "geometry": {"type": "LineString", "coordinates": [[4.8723633, 52.2953206], [4.8723764, 52.2953527]]}, "properties": {"Speed": 0.0, "Speed_display": 7.2, "road_quality": 2, "marker": 0, "trip_id": "602CA_Trip14", "hrot_diff": 0, "sample_diff": 1, "time_diff_s": 0.02, "gps_distance_m": 3.7, "original_speed": "", "wheel_diameter_mm": 711, "braking_intensity": 0.0, "is_braking": false, "is_crash": false, "crash_intensity_g": 0.0, "segment_start_sample": 2551, "segment_end_sample": 2552, "time_str": ""}}, {"type": "Feature", "geometry": {"type": "LineString", "coordinates": [[4.8723764, 52.2953527], [4.8723731, 52.295383]]}, "properties": {"Speed": 0.0, "Speed_display": 7.2, "road_quality": 2, "marker": 0, "trip_id": "602CA_Trip14", "hrot_diff": 0, "sample_diff": 1, "time_diff_s": 0.02, "gps_distance_m": 3.4, "original_speed": "", "wheel_diameter_mm": 711, "braking_intensity": 0.0, "is_braking": false, "is_crash": false, "crash_intensity_g": 0.0, "segment_start_sample": 2580, "segment_end_sample": 2581, "time_str": ""}}, {"type": "Feature", "geometry": {"type": "LineString", "coordinates": [[4.8723731, 52.295383], [4.8723734, 52.2954114]]}, "properties": {"Speed": 0.0, "Speed_display": 6.5, "road_quality": 2, "marker": 0, "trip_id": "602CA_Trip14", "hrot_diff": 0, "sample_diff": 1, "time_diff_s": 0.02, "gps_distance_m": 3.2, "original_speed": "", "wheel_diameter_mm": 711, "braking_intensity": 0.0, "is_braking": false, "is_crash": false, "crash_intensity_g": 0.0, "segment_start_sample": 2645, "segment_end_sample": 2646, "time_str": ""}}, {"type": "Feature", "geometry": {"type": "LineString", "coordinates": [[4.8723734, 52.2954114], [4.8723583, 52.2954436]]}, "properties": {"Speed": 0.0, "Speed_display": 7.9, "road_quality": 2, "marker": 0, "trip_id": "602CA_Trip14", "hrot_diff": 0, "sample_diff": 1, "time_diff_s": 0.02, "gps_distance_m": 3.7, "original_speed": "", "wheel_diameter_mm": 711, "braking_intensity": 0.0, "is_braking": false, "is_crash": false, "crash_intensity_g": 0.0, "segment_start_sample": 2690, "segment_end_sample": 2691, "time_str": ""}}, {"type": "Feature", "geometry": {"type": "LineString", "coordinates": [[4.8723583, 52.2954436], [4.8723455, 52.2954789]]}, "properties": {"Speed": 0.0, "Speed_display": 7.9, "road_quality": 2, "marker": 0, "trip_id": "602CA_Trip14", "hrot_diff": 0, "sample_diff": 1, "time_diff_s": 0.02, "gps_distance_m": 4.0, "original_speed": "", "wheel_diameter_mm": 711, "braking_intensity": 0.0, "is_braking": false, "is_crash": false, "crash_intensity_g": 0.0, "segment_start_sample": 2739, "segment_end_sample": 2740, "time_str": ""}}, {"type": "Feature", "geometry": {"type": "LineString", "coordinates": [[4.8723455, 52.2954789], [4.8723336, 52.295504]]}, "properties": {"Speed": 0.0, "Speed_display": 7.9, "road_quality": 2, "marker": 0, "trip_id": "602CA_Trip14", "hrot_diff": 0, "sample_diff": 1, "time_diff_s": 0.02, "gps_distance_m": 2.9, "original_speed": "", "wheel_diameter_mm": 711, "braking_intensity": 0.0, "is_braking": false, "is_crash": false, "crash_intensity_g": 0.0, "segment_start_sample": 2788, "segment_end_sample": 2789, "time_str": ""}}, {"type": "Feature", "geometry": {"type": "LineString", "coordinates": [[4.8723336, 52.295504], [4.8723195, 52.2955374]]}, "properties": {"Speed": 0.0, "Speed_display": 7.9, "road_quality": 2, "marker": 0, "trip_id": "602CA_Trip14", "hrot_diff": 0, "sample_diff": 1, "time_diff_s": 0.02, "gps_distance_m": 3.8, "original_speed": "", "wheel_diameter_mm": 711, "braking_intensity": 0.0, "is_braking": false, "is_crash": false, "crash_intensity_g": 0.0, "segment_start_sample": 2853, "segment_end_sample": 2854, "time_str": ""}}, {"type": "Feature", "geometry": {"type": "LineString", "coordinates": [[4.8723195, 52.2955374], [4.8723012, 52.2955608]]}, "properties": {"Speed": 0.0, "Speed_display": 7.9, "road_quality": 2, "marker": 0, "trip_id": "602CA_Trip14", "hrot_diff": 0, "sample_diff": 1, "time_diff_s": 0.02, "gps_distance_m": 2.9, "original_speed": "", "wheel_diameter_mm": 711, "braking_intensity": 0.0, "is_braking": false, "is_crash": false, "crash_intensity_g": 0.0, "segment_start_sample": 2886, "segment_end_sample": 2887, "time_str": ""}}, {"type": "Feature", "geometry": {"type": "LineString", "coordinates": [[4.8723012, 52.2955608], [4.8722581, 52.2955801]]}, "properties": {"Speed": 0.0, "Speed_display": 7.9, "road_quality": 2, "marker": 0, "trip_id": "602CA_Trip14", "hrot_diff": 0, "sample_diff": 1, "time_diff_s": 0.02, "gps_distance_m": 3.6, "original_speed": "", "wheel_diameter_mm": 711, "braking_intensity": 0.0, "is_braking": false, "is_crash": false, "crash_intensity_g": 0.0, "segment_start_sample": 2937, "segment_end_sample": 2938, "time_str": ""}}, {"type": "Feature", "geometry": {"type": "LineString", "coordinates": [[4.8722581, 52.2955801], [4.872212, 52.2956006]]}, "properties": {"Speed": 0.0, "Speed_display": 7.9, "road_quality": 2, "marker": 0, "trip_id": "602CA_Trip14", "hrot_diff": 0, "sample_diff": 1, "time_diff_s": 0.02, "gps_distance_m": 3.9, "original_speed": "", "wheel_diameter_mm": 711, "braking_intensity": 0.0, "is_braking": false, "is_crash": false, "crash_intensity_g": 0.0, "segment_start_sample": 2990, "segment_end_sample": 2991, "time_str": ""}}, {"type": "Feature", "geometry": {"type": "LineString", "coordinates": [[4.872212, 52.2956006], [4.8721629, 52.2956143]]}, "properties": {"Speed": 0.0, "Speed_display": 7.9, "road_quality": 2, "marker": 0, "trip_id": "602CA_Trip14", "hrot_diff": 0, "sample_diff": 1, "time_diff_s": 0.02, "gps_distance_m": 3.7, "original_speed": "", "wheel_diameter_mm": 711, "braking_intensity": 0.0, "is_braking": false, "is_crash": false, "crash_intensity_g": 0.0, "segment_start_sample": 3039, "segment_end_sample": 3040, "time_str": ""}}, {"type": "Feature", "geometry": {"type": "LineString", "coordinates": [[4.8721629, 52.2956143], [4.8721121, 52.2956294]]}, "properties": {"Speed": 0.0, "Speed_display": 9.4, "road_quality": 2, "marker": 0, "trip_id": "602CA_Trip14", "hrot_diff": 0, "sample_diff": 1, "time_diff_s": 0.02, "gps_distance_m": 3.8, "original_speed": "", "wheel_diameter_mm": 711, "braking_intensity": 0.0, "is_braking": false, "is_crash": false, "crash_intensity_g": 0.0, "segment_start_sample": 3085, "segment_end_sample": 3086, "time_str": ""}}, {"type": "Feature", "geometry": {"type": "LineString", "coordinates": [[4.8721121, 52.2956294], [4.8720525, 52.2956429]]}, "properties": {"Speed": 0.0, "Speed_display": 9.4, "road_quality": 2, "marker": 0, "trip_id": "602CA_Trip14", "hrot_diff": 0, "sample_diff": 1, "time_diff_s": 0.02, "gps_distance_m": 4.3, "original_speed": "", "wheel_diameter_mm": 711, "braking_intensity": 0.0, "is_braking": false, "is_crash": false, "crash_intensity_g": 0.0, "segment_start_sample": 3130, "segment_end_sample": 3131, "time_str": ""}}, {"type": "Feature", "geometry": {"type": "LineString", "coordinates": [[4.8720525, 52.2956429], [4.8720023, 52.2956586]]}, "properties": {"Speed": 0.0, "Speed_display": 9.4, "road_quality": 2, "marker": 0, "trip_id": "602CA_Trip14", "hrot_diff": 0, "sample_diff": 1, "time_diff_s": 0.02, "gps_distance_m": 3.8, "original_speed": "", "wheel_diameter_mm": 711, "braking_intensity": 0.0, "is_braking": false, "is_crash": false, "crash_intensity_g": 0.0, "segment_start_sample": 3191, "segment_end_sample": 3192, "time_str": ""}}, {"type": "Feature", "geometry": {"type": "LineString", "coordinates": [[4.8720023, 52.2956586], [4.8719552, 52.2956742]]}, "properties": {"Speed": 0.0, "Speed_display": 9.4, "road_quality": 2, "marker": 0, "trip_id": "602CA_Trip14", "hrot_diff": 0, "sample_diff": 1, "time_diff_s": 0.02, "gps_distance_m": 3.6, "original_speed": "", "wheel_diameter_mm": 711, "braking_intensity": 0.0, "is_braking": false, "is_crash": false, "crash_intensity_g": 0.0, "segment_start_sample": 3251, "segment_end_sample": 3252, "time_str": ""}}, {"type": "Feature", "geometry": {"type": "LineString", "coordinates": [[4.8719552, 52.2956742], [4.871903, 52.2956805]]}, "properties": {"Speed": 0.0, "Speed_display": 9.4, "road_quality": 2, "marker": 0, "trip_id": "602CA_Trip14", "hrot_diff": 0, "sample_diff": 1, "time_diff_s": 0.02, "gps_distance_m": 3.6, "original_speed": "", "wheel_diameter_mm": 711, "braking_intensity": 0.0, "is_braking": false, "is_crash": false, "crash_intensity_g": 0.0, "segment_start_sample": 3294, "segment_end_sample": 3295, "time_str": ""}}, {"type": "Feature", "geometry": {"type": "LineString", "coordinates": [[4.871903, 52.2956805], [4.8718529, 52.2956913]]}, "properties": {"Speed": 0.0, "Speed_display": 9.4, "road_quality": 2, "marker": 0, "trip_id": "602CA_Trip14", "hrot_diff": 0, "sample_diff": 1, "time_diff_s": 0.02, "gps_distance_m": 3.6, "original_speed": "", "wheel_diameter_mm": 711, "braking_intensity": 0.0, "is_braking": false, "is_crash": false, "crash_intensity_g": 0.0, "segment_start_sample": 3338, "segment_end_sample": 3339, "time_str": ""}}, {"type": "Feature", "geometry": {"type": "LineString", "coordinates": [[4.8718529, 52.2956913], [4.8717953, 52.2957003]]}, "properties": {"Speed": 0.0, "Speed_display": 10.8, "road_quality": 2, "marker": 0, "trip_id": "602CA_Trip14", "hrot_diff": 0, "sample_diff": 1, "time_diff_s": 0.02, "gps_distance_m": 4.0, "original_speed": "", "wheel_diameter_mm": 711, "braking_intensity": 0.0, "is_braking": false, "is_crash": false, "crash_intensity_g": 0.0, "segment_start_sample": 3396, "segment_end_sample": 3397, "time_str": ""}}, {"type": "Feature", "geometry": {"type": "LineString", "coordinates": [[4.8717953, 52.2957003], [4.8717682, 52.2957012]]}, "properties": {"Speed": 0.0, "Speed_display": 10.8, "road_quality": 2, "marker": 0, "trip_id": "602CA_Trip14", "hrot_diff": 0, "sample_diff": 1, "time_diff_s": 0.02, "gps_distance_m": 1.8, "original_speed": "", "wheel_diameter_mm": 711, "braking_intensity": 0.0, "is_braking": false, "is_crash": false, "crash_intensity_g": 0.0, "segment_start_sample": 3439, "segment_end_sample": 3440, "time_str": ""}}, {"type": "Feature", "geometry": {"type": "LineString", "coordinates": [[4.8717682, 52.2957012], [4.871703, 52.295719]]}, "properties": {"Speed": 0.0, "Speed_display": 10.1, "road_quality": 2, "marker": 0, "trip_id": "602CA_Trip14", "hrot_diff": 0, "sample_diff": 1, "time_diff_s": 0.02, "gps_distance_m": 4.9, "original_speed": "", "wheel_diameter_mm": 711, "braking_intensity": 0.0, "is_braking": false, "is_crash": false, "crash_intensity_g": 0.0, "segment_start_sample": 3480, "segment_end_sample": 3481, "time_str": ""}}, {"type": "Feature", "geometry": {"type": "LineString", "coordinates": [[4.871703, 52.295719], [4.8716276, 52.295719]]}, "properties": {"Speed": 0.0, "Speed_display": 10.8, "road_quality": 2, "marker": 0, "trip_id": "602CA_Trip14", "hrot_diff": 0, "sample_diff": 1, "time_diff_s": 0.02, "gps_distance_m": 5.1, "original_speed": "", "wheel_diameter_mm": 711, "braking_intensity": 0.0, "is_braking": false, "is_crash": false, "crash_intensity_g": 0.0, "segment_start_sample": 3535, "segment_end_sample": 3536, "time_str": ""}}, {"type": "Feature", "geometry": {"type": "LineString", "coordinates": [[4.8716276, 52.295719], [4.8715667, 52.2957195]]}, "properties": {"Speed": 0.0, "Speed_display": 10.8, "road_quality": 2, "marker": 0, "trip_id": "602CA_Trip14", "hrot_diff": 0, "sample_diff": 1, "time_diff_s": 0.02, "gps_distance_m": 4.1, "original_speed": "", "wheel_diameter_mm": 711, "braking_intensity": 0.0, "is_braking": false, "is_crash": false, "crash_intensity_g": 0.0, "segment_start_sample": 3599, "segment_end_sample": 3600, "time_str": ""}}, {"type": "Feature", "geometry": {"type": "LineString", "coordinates": [[4.8715667, 52.2957195], [4.8714995, 52.2957336]]}, "properties": {"Speed": 0.0, "Speed_display": 10.8, "road_quality": 2, "marker": 0, "trip_id": "602CA_Trip14", "hrot_diff": 0, "sample_diff": 1, "time_diff_s": 0.02, "gps_distance_m": 4.8, "original_speed": "", "wheel_diameter_mm": 711, "braking_intensity": 0.0, "is_braking": false, "is_crash": false, "crash_intensity_g": 0.0, "segment_start_sample": 3638, "segment_end_sample": 3639, "time_str": ""}}, {"type": "Feature", "geometry": {"type": "LineString", "coordinates": [[4.8714995, 52.2957336], [4.8714201, 52.2957327]]}, "properties": {"Speed": 0.0, "Speed_display": 10.8, "road_quality": 2, "marker": 0, "trip_id": "602CA_Trip14", "hrot_diff": 0, "sample_diff": 1, "time_diff_s": 0.02, "gps_distance_m": 5.4, "original_speed": "", "wheel_diameter_mm": 711, "braking_intensity": 0.0, "is_braking": false, "is_crash": false, "crash_intensity_g": 0.0, "segment_start_sample": 3688, "segment_end_sample": 3689, "time_str": ""}}, {"type": "Feature", "geometry": {"type": "LineString", "coordinates": [[4.8714201, 52.2957327], [4.8713481, 52.2957392]]}, "properties": {"Speed": 0.0, "Speed_display": 10.8, "road_quality": 2, "marker": 0, "trip_id": "602CA_Trip14", "hrot_diff": 0, "sample_diff": 1, "time_diff_s": 0.02, "gps_distance_m": 4.9, "original_speed": "", "wheel_diameter_mm": 711, "braking_intensity": 0.0, "is_braking": false, "is_crash": false, "crash_intensity_g": 0.0, "segment_start_sample": 3748, "segment_end_sample": 3749, "time_str": ""}}, {"type": "Feature", "geometry": {"type": "LineString", "coordinates": [[4.8713481, 52.2957392], [4.8712936, 52.2957547]]}, "properties": {"Speed": 0.0, "Speed_display": 11.5, "road_quality": 2, "marker": 0, "trip_id": "602CA_Trip14", "hrot_diff": 0, "sample_diff": 1, "time_diff_s": 0.02, "gps_distance_m": 4.1, "original_speed": "", "wheel_diameter_mm": 711, "braking_intensity": 0.0, "is_braking": false, "is_crash": false, "crash_intensity_g": 0.0, "segment_start_sample": 3795, "segment_end_sample": 3796, "time_str": ""}}, {"type": "Feature", "geometry": {"type": "LineString", "coordinates": [[4.8712936, 52.2957547], [4.8712379, 52.2957583]]}, "properties": {"Speed": 0.0, "Speed_display": 12.2, "road_quality": 2, "marker": 0, "trip_id": "602CA_Trip14", "hrot_diff": 0, "sample_diff": 1, "time_diff_s": 0.02, "gps_distance_m": 3.8, "original_speed": "", "wheel_diameter_mm": 711, "braking_intensity": 0.0, "is_braking": false, "is_crash": false, "crash_intensity_g": 0.0, "segment_start_sample": 3843, "segment_end_sample": 3844, "time_str": ""}}, {"type": "Feature", "geometry": {"type": "LineString", "coordinates": [[4.8712379, 52.2957583], [4.8711641, 52.2957728]]}, "properties": {"Speed": 0.0, "Speed_display": 12.2, "road_quality": 2, "marker": 0, "trip_id": "602CA_Trip14", "hrot_diff": 0, "sample_diff": 1, "time_diff_s": 0.02, "gps_distance_m": 5.3, "original_speed": "", "wheel_diameter_mm": 711, "braking_intensity": 0.0, "is_braking": false, "is_crash": false, "crash_intensity_g": 0.0, "segment_start_sample": 3888, "segment_end_sample": 3889, "time_str": ""}}, {"type": "Feature", "geometry": {"type": "LineString", "coordinates": [[4.8711641, 52.2957728], [4.871097, 52.2957915]]}, "properties": {"Speed": 0.0, "Speed_display": 12.2, "road_quality": 2, "marker": 0, "trip_id": "602CA_Trip14", "hrot_diff": 0, "sample_diff": 1, "time_diff_s": 0.02, "gps_distance_m": 5.0, "original_speed": "", "wheel_diameter_mm": 711, "braking_intensity": 0.0, "is_braking": false, "is_crash": false, "crash_intensity_g": 0.0, "segment_start_sample": 3932, "segment_end_sample": 3933, "time_str": ""}}, {"type": "Feature", "geometry": {"type": "LineString", "coordinates": [[4.871097, 52.2957915], [4.8710473, 52.2958217]]}, "properties": {"Speed": 0.0, "Speed_display": 12.2, "road_quality": 3, "marker": 0, "trip_id": "602CA_Trip14", "hrot_diff": 0, "sample_diff": 1, "time_diff_s": 0.02, "gps_distance_m": 4.8, "original_speed": "", "wheel_diameter_mm": 711, "braking_intensity": 0.0, "is_braking": false, "is_crash": false, "crash_intensity_g": 0.0, "segment_start_sample": 3989, "segment_end_sample": 3990, "time_str": ""}}, {"type": "Feature", "geometry": {"type": "LineString", "coordinates": [[4.8710473, 52.2958217], [4.8709855, 52.2958379]]}, "properties": {"Speed": 0.0, "Speed_display": 11.5, "road_quality": 3, "marker": 0, "trip_id": "602CA_Trip14", "hrot_diff": 0, "sample_diff": 1, "time_diff_s": 0.02, "gps_distance_m": 4.6, "original_speed": "", "wheel_diameter_mm": 711, "braking_intensity": 0.0, "is_braking": false, "is_crash": false, "crash_intensity_g": 0.0, "segment_start_sample": 4037, "segment_end_sample": 4038, "time_str": ""}}, {"type": "Feature", "geometry": {"type": "LineString", "coordinates": [[4.8709855, 52.2958379], [4.8709136, 52.2958445]]}, "properties": {"Speed": 0.0, "Speed_display": 11.5, "road_quality": 3, "marker": 0, "trip_id": "602CA_Trip14", "hrot_diff": 0, "sample_diff": 1, "time_diff_s": 0.02, "gps_distance_m": 4.9, "original_speed": "", "wheel_diameter_mm": 711, "braking_intensity": 0.0, "is_braking": false, "is_crash": false, "crash_intensity_g": 0.0, "segment_start_sample": 4081, "segment_end_sample": 4082, "time_str": ""}}, {"type": "Feature", "geometry": {"type": "LineString", "coordinates": [[4.8709136, 52.2958445], [4.8708539, 52.2958614]]}, "properties": {"Speed": 0.0, "Speed_display": 10.8, "road_quality": 2, "marker": 0, "trip_id": "602CA_Trip14", "hrot_diff": 0, "sample_diff": 1, "time_diff_s": 0.02, "gps_distance_m": 4.5, "original_speed": "", "wheel_diameter_mm": 711, "braking_intensity": 0.0, "is_braking": false, "is_crash": false, "crash_intensity_g": 0.0, "segment_start_sample": 4141, "segment_end_sample": 4142, "time_str": ""}}, {"type": "Feature", "geometry": {"type": "LineString", "coordinates": [[4.8708539, 52.2958614], [4.8708013, 52.2958808]]}, "properties": {"Speed": 0.0, "Speed_display": 10.1, "road_quality": 2, "marker": 0, "trip_id": "602CA_Trip14", "hrot_diff": 0, "sample_diff": 1, "time_diff_s": 0.02, "gps_distance_m": 4.2, "original_speed": "", "wheel_diameter_mm": 711, "braking_intensity": 0.0, "is_braking": false, "is_crash": false, "crash_intensity_g": 0.0, "segment_start_sample": 4188, "segment_end_sample": 4189, "time_str": ""}}, {"type": "Feature", "geometry": {"type": "LineString", "coordinates": [[4.8708013, 52.2958808], [4.8707458, 52.2958954]]}, "properties": {"Speed": 0.0, "Speed_display": 10.1, "road_quality": 2, "marker": 0, "trip_id": "602CA_Trip14", "hrot_diff": 0, "sample_diff": 1, "time_diff_s": 0.02, "gps_distance_m": 4.1, "original_speed": "", "wheel_diameter_mm": 711, "braking_intensity": 0.0, "is_braking": false, "is_crash": false, "crash_intensity_g": 0.0, "segment_start_sample": 4239, "segment_end_sample": 4240, "time_str": ""}}, {"type": "Feature", "geometry": {"type": "LineString", "coordinates": [[4.8707458, 52.2958954], [4.870687, 52.2959088]]}, "properties": {"Speed": 0.0, "Speed_display": 10.1, "road_quality": 2, "marker": 0, "trip_id": "602CA_Trip14", "hrot_diff": 0, "sample_diff": 1, "time_diff_s": 0.02, "gps_distance_m": 4.3, "original_speed": "", "wheel_diameter_mm": 711, "braking_intensity": 0.0, "is_braking": false, "is_crash": false, "crash_intensity_g": 0.0, "segment_start_sample": 4289, "segment_end_sample": 4290, "time_str": ""}}, {"type": "Feature", "geometry": {"type": "LineString", "coordinates": [[4.870687, 52.2959088], [4.8706357, 52.2959248]]}, "properties": {"Speed": 0.0, "Speed_display": 9.4, "road_quality": 2, "marker": 0, "trip_id": "602CA_Trip14", "hrot_diff": 0, "sample_diff": 1, "time_diff_s": 0.02, "gps_distance_m": 3.9, "original_speed": "", "wheel_diameter_mm": 711, "braking_intensity": 0.0, "is_braking": false, "is_crash": false, "crash_intensity_g": 0.0, "segment_start_sample": 4339, "segment_end_sample": 4340, "time_str": ""}}, {"type": "Feature", "geometry": {"type": "LineString", "coordinates": [[4.8706357, 52.2959248], [4.8705788, 52.2959399]]}, "properties": {"Speed": 0.0, "Speed_display": 10.1, "road_quality": 2, "marker": 0, "trip_id": "602CA_Trip14", "hrot_diff": 0, "sample_diff": 1, "time_diff_s": 0.02, "gps_distance_m": 4.2, "original_speed": "", "wheel_diameter_mm": 711, "braking_intensity": 0.0, "is_braking": false, "is_crash": false, "crash_intensity_g": 0.0, "segment_start_sample": 4397, "segment_end_sample": 4398, "time_str": ""}}, {"type": "Feature", "geometry": {"type": "LineString", "coordinates": [[4.8705788, 52.2959399], [4.8705223, 52.2959526]]}, "properties": {"Speed": 0.0, "Speed_display": 10.8, "road_quality": 2, "marker": 0, "trip_id": "602CA_Trip14", "hrot_diff": 0, "sample_diff": 1, "time_diff_s": 0.02, "gps_distance_m": 4.1, "original_speed": "", "wheel_diameter_mm": 711, "braking_intensity": 0.0, "is_braking": false, "is_crash": false, "crash_intensity_g": 0.0, "segment_start_sample": 4444, "segment_end_sample": 4445, "time_str": ""}}, {"type": "Feature", "geometry": {"type": "LineString", "coordinates": [[4.8705223, 52.2959526], [4.870451, 52.2959656]]}, "properties": {"Speed": 0.0, "Speed_display": 11.5, "road_quality": 3, "marker": 0, "trip_id": "602CA_Trip14", "hrot_diff": 0, "sample_diff": 1, "time_diff_s": 0.02, "gps_distance_m": 5.1, "original_speed": "", "wheel_diameter_mm": 711, "braking_intensity": 0.0, "is_braking": false, "is_crash": false, "crash_intensity_g": 0.0, "segment_start_sample": 4491, "segment_end_sample": 4492, "time_str": ""}}, {"type": "Feature", "geometry": {"type": "LineString", "coordinates": [[4.870451, 52.2959656], [4.8703935, 52.2959858]]}, "properties": {"Speed": 0.0, "Speed_display": 11.5, "road_quality": 2, "marker": 0, "trip_id": "602CA_Trip14", "hrot_diff": 0, "sample_diff": 1, "time_diff_s": 0.02, "gps_distance_m": 4.5, "original_speed": "", "wheel_diameter_mm": 711, "braking_intensity": 0.0, "is_braking": false, "is_crash": false, "crash_intensity_g": 0.0, "segment_start_sample": 4539, "segment_end_sample": 4540, "time_str": ""}}, {"type": "Feature", "geometry": {"type": "LineString", "coordinates": [[4.8703935, 52.2959858], [4.8703283, 52.296003]]}, "properties": {"Speed": 0.0, "Speed_display": 11.5, "road_quality": 2, "marker": 0, "trip_id": "602CA_Trip14", "hrot_diff": 0, "sample_diff": 1, "time_diff_s": 0.02, "gps_distance_m": 4.8, "original_speed": "", "wheel_diameter_mm": 711, "braking_intensity": 0.0, "is_braking": false, "is_crash": false, "crash_intensity_g": 0.0, "segment_start_sample": 4597, "segment_end_sample": 4598, "time_str": ""}}, {"type": "Feature", "geometry": {"type": "LineString", "coordinates": [[4.8703283, 52.296003], [4.8702524, 52.2960125]]}, "properties": {"Speed": 0.0, "Speed_display": 11.5, "road_quality": 3, "marker": 0, "trip_id": "602CA_Trip14", "hrot_diff": 0, "sample_diff": 1, "time_diff_s": 0.02, "gps_distance_m": 5.3, "original_speed": "", "wheel_diameter_mm": 711, "braking_intensity": 0.0, "is_braking": false, "is_crash": false, "crash_intensity_g": 0.0, "segment_start_sample": 4642, "segment_end_sample": 4643, "time_str": ""}}, {"type": "Feature", "geometry": {"type": "LineString", "coordinates": [[4.8702524, 52.2960125], [4.8701904, 52.2960249]]}, "properties": {"Speed": 0.0, "Speed_display": 11.5, "road_quality": 2, "marker": 0, "trip_id": "602CA_Trip14", "hrot_diff": 0, "sample_diff": 1, "time_diff_s": 0.02, "gps_distance_m": 4.4, "original_speed": "", "wheel_diameter_mm": 711, "braking_intensity": 0.0, "is_braking": false, "is_crash": false, "crash_intensity_g": 0.0, "segment_start_sample": 4690, "segment_end_sample": 4691, "time_str": ""}}, {"type": "Feature", "geometry": {"type": "LineString", "coordinates": [[4.8701904, 52.2960249], [4.8701271, 52.2960432]]}, "properties": {"Speed": 0.0, "Speed_display": 11.5, "road_quality": 2, "marker": 0, "trip_id": "602CA_Trip14", "hrot_diff": 0, "sample_diff": 1, "time_diff_s": 0.02, "gps_distance_m": 4.8, "original_speed": "", "wheel_diameter_mm": 711, "braking_intensity": 0.0, "is_braking": false, "is_crash": false, "crash_intensity_g": 0.0, "segment_start_sample": 4749, "segment_end_sample": 4750, "time_str": ""}}, {"type": "Feature", "geometry": {"type": "LineString", "coordinates": [[4.8701271, 52.2960432], [4.8700449, 52.2960525]]}, "properties": {"Speed": 0.0, "Speed_display": 10.8, "road_quality": 3, "marker": 0, "trip_id": "602CA_Trip14", "hrot_diff": 0, "sample_diff": 1, "time_diff_s": 0.02, "gps_distance_m": 5.7, "original_speed": "", "wheel_diameter_mm": 711, "braking_intensity": 0.0, "is_braking": false, "is_crash": false, "crash_intensity_g": 0.0, "segment_start_sample": 4797, "segment_end_sample": 4798, "time_str": ""}}, {"type": "Feature", "geometry": {"type": "LineString", "coordinates": [[4.8700449, 52.2960525], [4.8699667, 52.2960621]]}, "properties": {"Speed": 0.0, "Speed_display": 11.5, "road_quality": 3, "marker": 0, "trip_id": "602CA_Trip14", "hrot_diff": 0, "sample_diff": 1, "time_diff_s": 0.02, "gps_distance_m": 5.4, "original_speed": "", "wheel_diameter_mm": 711, "braking_intensity": 0.0, "is_braking": false, "is_crash": false, "crash_intensity_g": 0.0, "segment_start_sample": 4831, "segment_end_sample": 4832, "time_str": ""}}, {"type": "Feature", "geometry": {"type": "LineString", "coordinates": [[4.8699667, 52.2960621], [4.8699112, 52.2960878]]}, "properties": {"Speed": 0.0, "Speed_display": 10.8, "road_quality": 3, "marker": 0, "trip_id": "602CA_Trip14", "hrot_diff": 0, "sample_diff": 1, "time_diff_s": 0.02, "gps_distance_m": 4.7, "original_speed": "", "wheel_diameter_mm": 711, "braking_intensity": 0.0, "is_braking": false, "is_crash": false, "crash_intensity_g": 0.0, "segment_start_sample": 4890, "segment_end_sample": 4891, "time_str": ""}}, {"type": "Feature", "geometry": {"type": "LineString", "coordinates": [[4.8699112, 52.2960878], [4.8698406, 52.2961102]]}, "properties": {"Speed": 0.0, "Speed_display": 11.5, "road_quality": 2, "marker": 0, "trip_id": "602CA_Trip14", "hrot_diff": 0, "sample_diff": 1, "time_diff_s": 0.02, "gps_distance_m": 5.4, "original_speed": "", "wheel_diameter_mm": 711, "braking_intensity": 0.0, "is_braking": false, "is_crash": false, "crash_intensity_g": 0.0, "segment_start_sample": 4937, "segment_end_sample": 4938, "time_str": ""}}, {"type": "Feature", "geometry": {"type": "LineString", "coordinates": [[4.8698406, 52.2961102], [4.8697657, 52.2961179]]}, "properties": {"Speed": 0.0, "Speed_display": 11.5, "road_quality": 2, "marker": 0, "trip_id": "602CA_Trip14", "hrot_diff": 0, "sample_diff": 1, "time_diff_s": 0.02, "gps_distance_m": 5.2, "original_speed": "", "wheel_diameter_mm": 711, "braking_intensity": 0.0, "is_braking": false, "is_crash": false, "crash_intensity_g": 0.0, "segment_start_sample": 4984, "segment_end_sample": 4985, "time_str": ""}}, {"type": "Feature", "geometry": {"type": "LineString", "coordinates": [[4.8697657, 52.2961179], [4.869702, 52.2961347]]}, "properties": {"Speed": 0.0, "Speed_display": 11.5, "road_quality": 2, "marker": 0, "trip_id": "602CA_Trip14", "hrot_diff": 0, "sample_diff": 1, "time_diff_s": 0.02, "gps_distance_m": 4.7, "original_speed": "", "wheel_diameter_mm": 711, "braking_intensity": 0.0, "is_braking": false, "is_crash": false, "crash_intensity_g": 0.0, "segment_start_sample": 5043, "segment_end_sample": 5044, "time_str": ""}}, {"type": "Feature", "geometry": {"type": "LineString", "coordinates": [[4.869702, 52.2961347], [4.8696459, 52.2961538]]}, "properties": {"Speed": 0.0, "Speed_display": 11.5, "road_quality": 2, "marker": 0, "trip_id": "602CA_Trip14", "hrot_diff": 0, "sample_diff": 1, "time_diff_s": 0.02, "gps_distance_m": 4.4, "original_speed": "", "wheel_diameter_mm": 711, "braking_intensity": 0.0, "is_braking": false, "is_crash": false, "crash_intensity_g": 0.0, "segment_start_sample": 5090, "segment_end_sample": 5091, "time_str": ""}}, {"type": "Feature", "geometry": {"type": "LineString", "coordinates": [[4.8696459, 52.2961538], [4.869587, 52.2961764]]}, "properties": {"Speed": 0.0, "Speed_display": 11.5, "road_quality": 2, "marker": 0, "trip_id": "602CA_Trip14", "hrot_diff": 0, "sample_diff": 1, "time_diff_s": 0.02, "gps_distance_m": 4.7, "original_speed": "", "wheel_diameter_mm": 711, "braking_intensity": 0.0, "is_braking": false, "is_crash": false, "crash_intensity_g": 0.0, "segment_start_sample": 5149, "segment_end_sample": 5150, "time_str": ""}}, {"type": "Feature", "geometry": {"type": "LineString", "coordinates": [[4.869587, 52.2961764], [4.8695109, 52.2961846]]}, "properties": {"Speed": 0.0, "Speed_display": 10.8, "road_quality": 2, "marker": 0, "trip_id": "602CA_Trip14", "hrot_diff": 0, "sample_diff": 1, "time_diff_s": 0.02, "gps_distance_m": 5.3, "original_speed": "", "wheel_diameter_mm": 711, "braking_intensity": 0.0, "is_braking": false, "is_crash": false, "crash_intensity_g": 0.0, "segment_start_sample": 5198, "segment_end_sample": 5199, "time_str": ""}}, {"type": "Feature", "geometry": {"type": "LineString", "coordinates": [[4.8695109, 52.2961846], [4.8694483, 52.2961955]]}, "properties": {"Speed": 0.0, "Speed_display": 10.8, "road_quality": 2, "marker": 0, "trip_id": "602CA_Trip14", "hrot_diff": 0, "sample_diff": 1, "time_diff_s": 0.02, "gps_distance_m": 4.4, "original_speed": "", "wheel_diameter_mm": 711, "braking_intensity": 0.0, "is_braking": false, "is_crash": false, "crash_intensity_g": 0.0, "segment_start_sample": 5247, "segment_end_sample": 5248, "time_str": ""}}, {"type": "Feature", "geometry": {"type": "LineString", "coordinates": [[4.8694483, 52.2961955], [4.8693932, 52.296209]]}, "properties": {"Speed": 0.0, "Speed_display": 10.8, "road_quality": 2, "marker": 0, "trip_id": "602CA_Trip14", "hrot_diff": 0, "sample_diff": 1, "time_diff_s": 0.02, "gps_distance_m": 4.0, "original_speed": "", "wheel_diameter_mm": 711, "braking_intensity": 0.0, "is_braking": false, "is_crash": false, "crash_intensity_g": 0.0, "segment_start_sample": 5285, "segment_end_sample": 5286, "time_str": ""}}, {"type": "Feature", "geometry": {"type": "LineString", "coordinates": [[4.8693932, 52.296209], [4.869321, 52.296216]]}, "properties": {"Speed": 0.0, "Speed_display": 10.8, "road_quality": 2, "marker": 0, "trip_id": "602CA_Trip14", "hrot_diff": 0, "sample_diff": 1, "time_diff_s": 0.02, "gps_distance_m": 5.0, "original_speed": "", "wheel_diameter_mm": 711, "braking_intensity": 0.0, "is_braking": false, "is_crash": false, "crash_intensity_g": 0.0, "segment_start_sample": 5337, "segment_end_sample": 5338, "time_str": ""}}, {"type": "Feature", "geometry": {"type": "LineString", "coordinates": [[4.869321, 52.296216], [4.8692682, 52.2962322]]}, "properties": {"Speed": 0.0, "Speed_display": 10.1, "road_quality": 2, "marker": 0, "trip_id": "602CA_Trip14", "hrot_diff": 0, "sample_diff": 1, "time_diff_s": 0.02, "gps_distance_m": 4.0, "original_speed": "", "wheel_diameter_mm": 711, "braking_intensity": 0.0, "is_braking": false, "is_crash": false, "crash_intensity_g": 0.0, "segment_start_sample": 5391, "segment_end_sample": 5392, "time_str": ""}}, {"type": "Feature", "geometry": {"type": "LineString", "coordinates": [[4.8692682, 52.2962322], [4.869217, 52.2962427]]}, "properties": {"Speed": 0.0, "Speed_display": 10.1, "road_quality": 2, "marker": 0, "trip_id": "602CA_Trip14", "hrot_diff": 0, "sample_diff": 1, "time_diff_s": 0.02, "gps_distance_m": 3.7, "original_speed": "", "wheel_diameter_mm": 711, "braking_intensity": 0.0, "is_braking": false, "is_crash": false, "crash_intensity_g": 0.0, "segment_start_sample": 5443, "segment_end_sample": 5444, "time_str": ""}}, {"type": "Feature", "geometry": {"type": "LineString", "coordinates": [[4.869217, 52.2962427], [4.8691637, 52.296254]]}, "properties": {"Speed": 0.0, "Speed_display": 10.1, "road_quality": 2, "marker": 0, "trip_id": "602CA_Trip14", "hrot_diff": 0, "sample_diff": 1, "time_diff_s": 0.02, "gps_distance_m": 3.8, "original_speed": "", "wheel_diameter_mm": 711, "braking_intensity": 0.0, "is_braking": false, "is_crash": false, "crash_intensity_g": 0.0, "segment_start_sample": 5495, "segment_end_sample": 5496, "time_str": ""}}, {"type": "Feature", "geometry": {"type": "LineString", "coordinates": [[4.8691637, 52.296254], [4.8691085, 52.2962658]]}, "properties": {"Speed": 0.0, "Speed_display": 10.8, "road_quality": 2, "marker": 0, "trip_id": "602CA_Trip14", "hrot_diff": 0, "sample_diff": 1, "time_diff_s": 0.02, "gps_distance_m": 4.0, "original_speed": "", "wheel_diameter_mm": 711, "braking_intensity": 0.0, "is_braking": false, "is_crash": false, "crash_intensity_g": 0.0, "segment_start_sample": 5546, "segment_end_sample": 5547, "time_str": ""}}, {"type": "Feature", "geometry": {"type": "LineString", "coordinates": [[4.8691085, 52.2962658], [4.8690596, 52.2962782]]}, "properties": {"Speed": 0.0, "Speed_display": 10.1, "road_quality": 2, "marker": 0, "trip_id": "602CA_Trip14", "hrot_diff": 0, "sample_diff": 1, "time_diff_s": 0.02, "gps_distance_m": 3.6, "original_speed": "", "wheel_diameter_mm": 711, "braking_intensity": 0.0, "is_braking": false, "is_crash": false, "crash_intensity_g": 0.0, "segment_start_sample": 5596, "segment_end_sample": 5597, "time_str": ""}}, {"type": "Feature", "geometry": {"type": "LineString", "coordinates": [[4.8690596, 52.2962782], [4.8690025, 52.296287]]}, "properties": {"Speed": 0.0, "Speed_display": 10.8, "road_quality": 2, "marker": 0, "trip_id": "602CA_Trip14", "hrot_diff": 0, "sample_diff": 1, "time_diff_s": 0.02, "gps_distance_m": 4.0, "original_speed": "", "wheel_diameter_mm": 711, "braking_intensity": 0.0, "is_braking": false, "is_crash": false, "crash_intensity_g": 0.0, "segment_start_sample": 5643, "segment_end_sample": 5644, "time_str": ""}}, {"type": "Feature", "geometry": {"type": "LineString", "coordinates": [[4.8690025, 52.296287], [4.8689557, 52.296301]]}, "properties": {"Speed": 0.0, "Speed_display": 10.8, "road_quality": 2, "marker": 0, "trip_id": "602CA_Trip14", "hrot_diff": 0, "sample_diff": 1, "time_diff_s": 0.02, "gps_distance_m": 3.5, "original_speed": "", "wheel_diameter_mm": 711, "braking_intensity": 0.0, "is_braking": false, "is_crash": false, "crash_intensity_g": 0.0, "segment_start_sample": 5692, "segment_end_sample": 5693, "time_str": ""}}, {"type": "Feature", "geometry": {"type": "LineString", "coordinates": [[4.8689557, 52.296301], [4.8689018, 52.2963222]]}, "properties": {"Speed": 0.0, "Speed_display": 10.1, "road_quality": 2, "marker": 0, "trip_id": "602CA_Trip14", "hrot_diff": 0, "sample_diff": 1, "time_diff_s": 0.02, "gps_distance_m": 4.4, "original_speed": "", "wheel_diameter_mm": 711, "braking_intensity": 0.0, "is_braking": false, "is_crash": false, "crash_intensity_g": 0.0, "segment_start_sample": 5741, "segment_end_sample": 5742, "time_str": ""}}, {"type": "Feature", "geometry": {"type": "LineString", "coordinates": [[4.8689018, 52.2963222], [4.868852, 52.2963308]]}, "properties": {"Speed": 0.0, "Speed_display": 10.1, "road_quality": 2, "marker": 0, "trip_id": "602CA_Trip14", "hrot_diff": 0, "sample_diff": 1, "time_diff_s": 0.02, "gps_distance_m": 3.5, "original_speed": "", "wheel_diameter_mm": 711, "braking_intensity": 0.0, "is_braking": false, "is_crash": false, "crash_intensity_g": 0.0, "segment_start_sample": 5791, "segment_end_sample": 5792, "time_str": ""}}, {"type": "Feature", "geometry": {"type": "LineString", "coordinates": [[4.868852, 52.2963308], [4.868793, 52.2963416]]}, "properties": {"Speed": 0.0, "Speed_display": 10.8, "road_quality": 2, "marker": 0, "trip_id": "602CA_Trip14", "hrot_diff": 0, "sample_diff": 1, "time_diff_s": 0.02, "gps_distance_m": 4.2, "original_speed": "", "wheel_diameter_mm": 711, "braking_intensity": 0.0, "is_braking": false, "is_crash": false, "crash_intensity_g": 0.0, "segment_start_sample": 5840, "segment_end_sample": 5841, "time_str": ""}}, {"type": "Feature", "geometry": {"type": "LineString", "coordinates": [[4.868793, 52.2963416], [4.8687172, 52.2963464]]}, "properties": {"Speed": 0.0, "Speed_display": 10.8, "road_quality": 2, "marker": 0, "trip_id": "602CA_Trip14", "hrot_diff": 0, "sample_diff": 1, "time_diff_s": 0.02, "gps_distance_m": 5.2, "original_speed": "", "wheel_diameter_mm": 711, "braking_intensity": 0.0, "is_braking": false, "is_crash": false, "crash_intensity_g": 0.0, "segment_start_sample": 5888, "segment_end_sample": 5889, "time_str": ""}}, {"type": "Feature", "geometry": {"type": "LineString", "coordinates": [[4.8687172, 52.2963464], [4.8686622, 52.2963643]]}, "properties": {"Speed": 0.0, "Speed_display": 10.8, "road_quality": 2, "marker": 0, "trip_id": "602CA_Trip14", "hrot_diff": 0, "sample_diff": 1, "time_diff_s": 0.02, "gps_distance_m": 4.2, "original_speed": "", "wheel_diameter_mm": 711, "braking_intensity": 0.0, "is_braking": false, "is_crash": false, "crash_intensity_g": 0.0, "segment_start_sample": 5937, "segment_end_sample": 5938, "time_str": ""}}, {"type": "Feature", "geometry": {"type": "LineString", "coordinates": [[4.8686622, 52.2963643], [4.8685935, 52.2963768]]}, "properties": {"Speed": 0.0, "Speed_display": 11.5, "road_quality": 2, "marker": 0, "trip_id": "602CA_Trip14", "hrot_diff": 0, "sample_diff": 1, "time_diff_s": 0.02, "gps_distance_m": 4.9, "original_speed": "", "wheel_diameter_mm": 711, "braking_intensity": 0.0, "is_braking": false, "is_crash": false, "crash_intensity_g": 0.0, "segment_start_sample": 5994, "segment_end_sample": 5995, "time_str": ""}}, {"type": "Feature", "geometry": {"type": "LineString", "coordinates": [[4.8685935, 52.2963768], [4.8685323, 52.2963885]]}, "properties": {"Speed": 0.0, "Speed_display": 11.5, "road_quality": 2, "marker": 0, "trip_id": "602CA_Trip14", "hrot_diff": 0, "sample_diff": 1, "time_diff_s": 0.02, "gps_distance_m": 4.4, "original_speed": "", "wheel_diameter_mm": 711, "braking_intensity": 0.0, "is_braking": false, "is_crash": false, "crash_intensity_g": 0.0, "segment_start_sample": 6043, "segment_end_sample": 6044, "time_str": ""}}, {"type": "Feature", "geometry": {"type": "LineString", "coordinates": [[4.8685323, 52.2963885], [4.8684653, 52.2964033]]}, "properties": {"Speed": 0.0, "Speed_display": 12.2, "road_quality": 2, "marker": 0, "trip_id": "602CA_Trip14", "hrot_diff": 0, "sample_diff": 1, "time_diff_s": 0.02, "gps_distance_m": 4.8, "original_speed": "", "wheel_diameter_mm": 711, "braking_intensity": 0.0, "is_braking": false, "is_crash": false, "crash_intensity_g": 0.0, "segment_start_sample": 6089, "segment_end_sample": 6090, "time_str": ""}}, {"type": "Feature", "geometry": {"type": "LineString", "coordinates": [[4.8684653, 52.2964033], [4.8684099, 52.2964171]]}, "properties": {"Speed": 0.0, "Speed_display": 11.5, "road_quality": 2, "marker": 0, "trip_id": "602CA_Trip14", "hrot_diff": 0, "sample_diff": 1, "time_diff_s": 0.02, "gps_distance_m": 4.1, "original_speed": "", "wheel_diameter_mm": 711, "braking_intensity": 0.0, "is_braking": false, "is_crash": false, "crash_intensity_g": 0.0, "segment_start_sample": 6135, "segment_end_sample": 6136, "time_str": ""}}, {"type": "Feature", "geometry": {"type": "LineString", "coordinates": [[4.8684099, 52.2964171], [4.8683405, 52.2964311]]}, "properties": {"Speed": 0.0, "Speed_display": 11.5, "road_quality": 2, "marker": 0, "trip_id": "602CA_Trip14", "hrot_diff": 0, "sample_diff": 1, "time_diff_s": 0.02, "gps_distance_m": 5.0, "original_speed": "", "wheel_diameter_mm": 711, "braking_intensity": 0.0, "is_braking": false, "is_crash": false, "crash_intensity_g": 0.0, "segment_start_sample": 6195, "segment_end_sample": 6196, "time_str": ""}}, {"type": "Feature", "geometry": {"type": "LineString", "coordinates": [[4.8683405, 52.2964311], [4.8682784, 52.2964391]]}, "properties": {"Speed": 0.0, "Speed_display": 11.5, "road_quality": 2, "marker": 0, "trip_id": "602CA_Trip14", "hrot_diff": 0, "sample_diff": 1, "time_diff_s": 0.02, "gps_distance_m": 4.3, "original_speed": "", "wheel_diameter_mm": 711, "braking_intensity": 0.0, "is_braking": false, "is_crash": false, "crash_intensity_g": 0.0, "segment_start_sample": 6244, "segment_end_sample": 6245, "time_str": ""}}, {"type": "Feature", "geometry": {"type": "LineString", "coordinates": [[4.8682784, 52.2964391], [4.8682264, 52.2964532]]}, "properties": {"Speed": 0.0, "Speed_display": 11.5, "road_quality": 2, "marker": 0, "trip_id": "602CA_Trip14", "hrot_diff": 0, "sample_diff": 1, "time_diff_s": 0.02, "gps_distance_m": 3.9, "original_speed": "", "wheel_diameter_mm": 711, "braking_intensity": 0.0, "is_braking": false, "is_crash": false, "crash_intensity_g": 0.0, "segment_start_sample": 6293, "segment_end_sample": 6294, "time_str": ""}}, {"type": "Feature", "geometry": {"type": "LineString", "coordinates": [[4.8682264, 52.2964532], [4.8681635, 52.2964705]]}, "properties": {"Speed": 0.0, "Speed_display": 11.5, "road_quality": 2, "marker": 0, "trip_id": "602CA_Trip14", "hrot_diff": 0, "sample_diff": 1, "time_diff_s": 0.02, "gps_distance_m": 4.7, "original_speed": "", "wheel_diameter_mm": 711, "braking_intensity": 0.0, "is_braking": false, "is_crash": false, "crash_intensity_g": 0.0, "segment_start_sample": 6343, "segment_end_sample": 6344, "time_str": ""}}, {"type": "Feature", "geometry": {"type": "LineString", "coordinates": [[4.8681635, 52.2964705], [4.8681114, 52.2964848]]}, "properties": {"Speed": 0.0, "Speed_display": 10.8, "road_quality": 2, "marker": 0, "trip_id": "602CA_Trip14", "hrot_diff": 0, "sample_diff": 1, "time_diff_s": 0.02, "gps_distance_m": 3.9, "original_speed": "", "wheel_diameter_mm": 711, "braking_intensity": 0.0, "is_braking": false, "is_crash": false, "crash_intensity_g": 0.0, "segment_start_sample": 6393, "segment_end_sample": 6394, "time_str": ""}}, {"type": "Feature", "geometry": {"type": "LineString", "coordinates": [[4.8681114, 52.2964848], [4.8680499, 52.2964993]]}, "properties": {"Speed": 0.0, "Speed_display": 10.1, "road_quality": 2, "marker": 0, "trip_id": "602CA_Trip14", "hrot_diff": 0, "sample_diff": 1, "time_diff_s": 0.02, "gps_distance_m": 4.5, "original_speed": "", "wheel_diameter_mm": 711, "braking_intensity": 0.0, "is_braking": false, "is_crash": false, "crash_intensity_g": 0.0, "segment_start_sample": 6446, "segment_end_sample": 6447, "time_str": ""}}, {"type": "Feature", "geometry": {"type": "LineString", "coordinates": [[4.8680499, 52.2964993], [4.8679952, 52.2965127]]}, "properties": {"Speed": 0.0, "Speed_display": 10.1, "road_quality": 2, "marker": 0, "trip_id": "602CA_Trip14", "hrot_diff": 0, "sample_diff": 1, "time_diff_s": 0.02, "gps_distance_m": 4.0, "original_speed": "", "wheel_diameter_mm": 711, "braking_intensity": 0.0, "is_braking": false, "is_crash": false, "crash_intensity_g": 0.0, "segment_start_sample": 6488, "segment_end_sample": 6489, "time_str": ""}}, {"type": "Feature", "geometry": {"type": "LineString", "coordinates": [[4.8679952, 52.2965127], [4.867938, 52.2965245]]}, "properties": {"Speed": 0.0, "Speed_display": 9.4, "road_quality": 2, "marker": 0, "trip_id": "602CA_Trip14", "hrot_diff": 0, "sample_diff": 1, "time_diff_s": 0.02, "gps_distance_m": 4.1, "original_speed": "", "wheel_diameter_mm": 711, "braking_intensity": 0.0, "is_braking": false, "is_crash": false, "crash_intensity_g": 0.0, "segment_start_sample": 6543, "segment_end_sample": 6544, "time_str": ""}}, {"type": "Feature", "geometry": {"type": "LineString", "coordinates": [[4.867938, 52.2965245], [4.8678838, 52.2965373]]}, "properties": {"Speed": 0.0, "Speed_display": 9.4, "road_quality": 2, "marker": 0, "trip_id": "602CA_Trip14", "hrot_diff": 0, "sample_diff": 1, "time_diff_s": 0.02, "gps_distance_m": 4.0, "original_speed": "", "wheel_diameter_mm": 711, "braking_intensity": 0.0, "is_braking": false, "is_crash": false, "crash_intensity_g": 0.0, "segment_start_sample": 6599, "segment_end_sample": 6600, "time_str": ""}}, {"type": "Feature", "geometry": {"type": "LineString", "coordinates": [[4.8678838, 52.2965373], [4.8678212, 52.2965513]]}, "properties": {"Speed": 0.0, "Speed_display": 10.1, "road_quality": 2, "marker": 0, "trip_id": "602CA_Trip14", "hrot_diff": 0, "sample_diff": 1, "time_diff_s": 0.02, "gps_distance_m": 4.5, "original_speed": "", "wheel_diameter_mm": 711, "braking_intensity": 0.0, "is_braking": false, "is_crash": false, "crash_intensity_g": 0.0, "segment_start_sample": 6640, "segment_end_sample": 6641, "time_str": ""}}, {"type": "Feature", "geometry": {"type": "LineString", "coordinates": [[4.8678212, 52.2965513], [4.8677662, 52.2965649]]}, "properties": {"Speed": 0.0, "Speed_display": 10.1, "road_quality": 2, "marker": 0, "trip_id": "602CA_Trip14", "hrot_diff": 0, "sample_diff": 1, "time_diff_s": 0.02, "gps_distance_m": 4.0, "original_speed": "", "wheel_diameter_mm": 711, "braking_intensity": 0.0, "is_braking": false, "is_crash": false, "crash_intensity_g": 0.0, "segment_start_sample": 6693, "segment_end_sample": 6694, "time_str": ""}}, {"type": "Feature", "geometry": {"type": "LineString", "coordinates": [[4.8677662, 52.2965649], [4.8677135, 52.2965776]]}, "properties": {"Speed": 0.0, "Speed_display": 10.1, "road_quality": 2, "marker": 0, "trip_id": "602CA_Trip14", "hrot_diff": 0, "sample_diff": 1, "time_diff_s": 0.02, "gps_distance_m": 3.9, "original_speed": "", "wheel_diameter_mm": 711, "braking_intensity": 0.0, "is_braking": false, "is_crash": false, "crash_intensity_g": 0.0, "segment_start_sample": 6745, "segment_end_sample": 6746, "time_str": ""}}, {"type": "Feature", "geometry": {"type": "LineString", "coordinates": [[4.8677135, 52.2965776], [4.8676507, 52.2965924]]}, "properties": {"Speed": 0.0, "Speed_display": 10.8, "road_quality": 2, "marker": 0, "trip_id": "602CA_Trip14", "hrot_diff": 0, "sample_diff": 1, "time_diff_s": 0.02, "gps_distance_m": 4.6, "original_speed": "", "wheel_diameter_mm": 711, "braking_intensity": 0.0, "is_braking": false, "is_crash": false, "crash_intensity_g": 0.0, "segment_start_sample": 6796, "segment_end_sample": 6797, "time_str": ""}}, {"type": "Feature", "geometry": {"type": "LineString", "coordinates": [[4.8676507, 52.2965924], [4.8675843, 52.2966083]]}, "properties": {"Speed": 0.0, "Speed_display": 11.5, "road_quality": 2, "marker": 0, "trip_id": "602CA_Trip14", "hrot_diff": 0, "sample_diff": 1, "time_diff_s": 0.02, "gps_distance_m": 4.8, "original_speed": "", "wheel_diameter_mm": 711, "braking_intensity": 0.0, "is_braking": false, "is_crash": false, "crash_intensity_g": 0.0, "segment_start_sample": 6847, "segment_end_sample": 6848, "time_str": ""}}, {"type": "Feature", "geometry": {"type": "LineString", "coordinates": [[4.8675843, 52.2966083], [4.8675234, 52.2966282]]}, "properties": {"Speed": 0.0, "Speed_display": 11.5, "road_quality": 2, "marker": 0, "trip_id": "602CA_Trip14", "hrot_diff": 0, "sample_diff": 1, "time_diff_s": 0.02, "gps_distance_m": 4.7, "original_speed": "", "wheel_diameter_mm": 711, "braking_intensity": 0.0, "is_braking": false, "is_crash": false, "crash_intensity_g": 0.0, "segment_start_sample": 6897, "segment_end_sample": 6898, "time_str": ""}}, {"type": "Feature", "geometry": {"type": "LineString", "coordinates": [[4.8675234, 52.2966282], [4.8674679, 52.2966474]]}, "properties": {"Speed": 0.0, "Speed_display": 10.8, "road_quality": 2, "marker": 0, "trip_id": "602CA_Trip14", "hrot_diff": 0, "sample_diff": 1, "time_diff_s": 0.02, "gps_distance_m": 4.3, "original_speed": "", "wheel_diameter_mm": 711, "braking_intensity": 0.0, "is_braking": false, "is_crash": false, "crash_intensity_g": 0.0, "segment_start_sample": 6948, "segment_end_sample": 6949, "time_str": ""}}, {"type": "Feature", "geometry": {"type": "LineString", "coordinates": [[4.8674679, 52.2966474], [4.8674144, 52.2966591]]}, "properties": {"Speed": 0.0, "Speed_display": 10.1, "road_quality": 2, "marker": 0, "trip_id": "602CA_Trip14", "hrot_diff": 0, "sample_diff": 1, "time_diff_s": 0.02, "gps_distance_m": 3.9, "original_speed": "", "wheel_diameter_mm": 711, "braking_intensity": 0.0, "is_braking": false, "is_crash": false, "crash_intensity_g": 0.0, "segment_start_sample": 6990, "segment_end_sample": 6991, "time_str": ""}}, {"type": "Feature", "geometry": {"type": "LineString", "coordinates": [[4.8674144, 52.2966591], [4.8673593, 52.296672]]}, "properties": {"Speed": 0.0, "Speed_display": 10.1, "road_quality": 2, "marker": 0, "trip_id": "602CA_Trip14", "hrot_diff": 0, "sample_diff": 1, "time_diff_s": 0.02, "gps_distance_m": 4.0, "original_speed": "", "wheel_diameter_mm": 711, "braking_intensity": 0.0, "is_braking": false, "is_crash": false, "crash_intensity_g": 0.0, "segment_start_sample": 7042, "segment_end_sample": 7043, "time_str": ""}}, {"type": "Feature", "geometry": {"type": "LineString", "coordinates": [[4.8673593, 52.296672], [4.8673064, 52.296688]]}, "properties": {"Speed": 0.0, "Speed_display": 10.1, "road_quality": 2, "marker": 0, "trip_id": "602CA_Trip14", "hrot_diff": 0, "sample_diff": 1, "time_diff_s": 0.02, "gps_distance_m": 4.0, "original_speed": "", "wheel_diameter_mm": 711, "braking_intensity": 0.0, "is_braking": false, "is_crash": false, "crash_intensity_g": 0.0, "segment_start_sample": 7097, "segment_end_sample": 7098, "time_str": ""}}, {"type": "Feature", "geometry": {"type": "LineString", "coordinates": [[4.8673064, 52.296688], [4.8672573, 52.2966991]]}, "properties": {"Speed": 0.0, "Speed_display": 9.4, "road_quality": 2, "marker": 0, "trip_id": "602CA_Trip14", "hrot_diff": 0, "sample_diff": 1, "time_diff_s": 0.02, "gps_distance_m": 3.6, "original_speed": "", "wheel_diameter_mm": 711, "braking_intensity": 0.0, "is_braking": false, "is_crash": false, "crash_intensity_g": 0.0, "segment_start_sample": 7139, "segment_end_sample": 7140, "time_str": ""}}, {"type": "Feature", "geometry": {"type": "LineString", "coordinates": [[4.8672573, 52.2966991], [4.8672106, 52.2967077]]}, "properties": {"Speed": 0.0, "Speed_display": 8.6, "road_quality": 2, "marker": 0, "trip_id": "602CA_Trip14", "hrot_diff": 0, "sample_diff": 1, "time_diff_s": 0.02, "gps_distance_m": 3.3, "original_speed": "", "wheel_diameter_mm": 711, "braking_intensity": 0.0, "is_braking": false, "is_crash": false, "crash_intensity_g": 0.0, "segment_start_sample": 7201, "segment_end_sample": 7202, "time_str": ""}}, {"type": "Feature", "geometry": {"type": "LineString", "coordinates": [[4.8672106, 52.2967077], [4.8671703, 52.2967168]]}, "properties": {"Speed": 0.0, "Speed_display": 7.2, "road_quality": 2, "marker": 0, "trip_id": "602CA_Trip14", "hrot_diff": 0, "sample_diff": 1, "time_diff_s": 0.02, "gps_distance_m": 2.9, "original_speed": "", "wheel_diameter_mm": 711, "braking_intensity": 0.0, "is_braking": false, "is_crash": false, "crash_intensity_g": 0.0, "segment_start_sample": 7257, "segment_end_sample": 7258, "time_str": ""}}, {"type": "Feature", "geometry": {"type": "LineString", "coordinates": [[4.8671703, 52.2967168], [4.8671354, 52.2967262]]}, "properties": {"Speed": 0.0, "Speed_display": 5.0, "road_quality": 2, "marker": 0, "trip_id": "602CA_Trip14", "hrot_diff": 0, "sample_diff": 1, "time_diff_s": 0.02, "gps_distance_m": 2.6, "original_speed": "", "wheel_diameter_mm": 711, "braking_intensity": 0.0, "is_braking": false, "is_crash": false, "crash_intensity_g": 0.0, "segment_start_sample": 7306, "segment_end_sample": 7307, "time_str": ""}}, {"type": "Feature", "geometry": {"type": "LineString", "coordinates": [[4.8671354, 52.2967262], [4.8671125, 52.2967339]]}, "properties": {"Speed": 0.0, "Speed_display": 1.4, "road_quality": 2, "marker": 0, "trip_id": "602CA_Trip14", "hrot_diff": 0, "sample_diff": 1, "time_diff_s": 0.02, "gps_distance_m": 1.8, "original_speed": "", "wheel_diameter_mm": 711, "braking_intensity": 0.0, "is_braking": false, "is_crash": false, "crash_intensity_g": 0.0, "segment_start_sample": 7343, "segment_end_sample": 7344, "time_str": ""}}, {"type": "Feature", "geometry": {"type": "LineString", "coordinates": [[4.8671125, 52.2967339], [4.8671081, 52.2967348]]}, "properties": {"Speed": 0.0, "Speed_display": 0.0, "road_quality": 2, "marker": 0, "trip_id": "602CA_Trip14", "hrot_diff": 0, "sample_diff": 1, "time_diff_s": 0.02, "gps_distance_m": 0.3, "original_speed": "", "wheel_diameter_mm": 711, "braking_intensity": 0.0, "is_braking": false, "is_crash": false, "crash_intensity_g": 0.0, "segment_start_sample": 7419, "segment_end_sample": 7420, "time_str": ""}}, {"type": "Feature", "geometry": {"type": "LineString", "coordinates": [[4.8671081, 52.2967348], [4.867098, 52.2967403]]}, "properties": {"Speed": 0.0, "Speed_display": 2.2, "road_quality": 2, "marker": 0, "trip_id": "602CA_Trip14", "hrot_diff": 0, "sample_diff": 1, "time_diff_s": 0.02, "gps_distance_m": 0.9, "original_speed": "", "wheel_diameter_mm": 711, "braking_intensity": 0.0, "is_braking": false, "is_crash": false, "crash_intensity_g": 0.0, "segment_start_sample": 8015, "segment_end_sample": 8016, "time_str": ""}}, {"type": "Feature", "geometry": {"type": "LineString", "coordinates": [[4.867098, 52.2967403], [4.8670795, 52.2967413]]}, "properties": {"Speed": 0.0, "Speed_display": 5.0, "road_quality": 2, "marker": 0, "trip_id": "602CA_Trip14", "hrot_diff": 0, "sample_diff": 1, "time_diff_s": 0.02, "gps_distance_m": 1.3, "original_speed": "", "wheel_diameter_mm": 711, "braking_intensity": 0.0, "is_braking": false, "is_crash": false, "crash_intensity_g": 0.0, "segment_start_sample": 8043, "segment_end_sample": 8044, "time_str": ""}}, {"type": "Feature", "geometry": {"type": "LineString", "coordinates": [[4.8670795, 52.2967413], [4.8670472, 52.2967469]]}, "properties": {"Speed": 0.0, "Speed_display": 5.0, "road_quality": 2, "marker": 0, "trip_id": "602CA_Trip14", "hrot_diff": 0, "sample_diff": 1, "time_diff_s": 0.02, "gps_distance_m": 2.3, "original_speed": "", "wheel_diameter_mm": 711, "braking_intensity": 0.0, "is_braking": false, "is_crash": false, "crash_intensity_g": 0.0, "segment_start_sample": 8094, "segment_end_sample": 8095, "time_str": ""}}, {"type": "Feature", "geometry": {"type": "LineString", "coordinates": [[4.8670472, 52.2967469], [4.8670139, 52.2967532]]}, "properties": {"Speed": 0.0, "Speed_display": 6.5, "road_quality": 2, "marker": 0, "trip_id": "602CA_Trip14", "hrot_diff": 0, "sample_diff": 1, "time_diff_s": 0.02, "gps_distance_m": 2.4, "original_speed": "", "wheel_diameter_mm": 711, "braking_intensity": 0.0, "is_braking": false, "is_crash": false, "crash_intensity_g": 0.0, "segment_start_sample": 8156, "segment_end_sample": 8157, "time_str": ""}}, {"type": "Feature", "geometry": {"type": "LineString", "coordinates": [[4.8670139, 52.2967532], [4.86698, 52.2967671]]}, "properties": {"Speed": 0.0, "Speed_display": 6.5, "road_quality": 2, "marker": 0, "trip_id": "602CA_Trip14", "hrot_diff": 0, "sample_diff": 1, "time_diff_s": 0.02, "gps_distance_m": 2.8, "original_speed": "", "wheel_diameter_mm": 711, "braking_intensity": 0.0, "is_braking": false, "is_crash": false, "crash_intensity_g": 0.0, "segment_start_sample": 8192, "segment_end_sample": 8193, "time_str": ""}}, {"type": "Feature", "geometry": {"type": "LineString", "coordinates": [[4.86698, 52.2967671], [4.8669425, 52.296784]]}, "properties": {"Speed": 0.0, "Speed_display": 7.2, "road_quality": 2, "marker": 0, "trip_id": "602CA_Trip14", "hrot_diff": 0, "sample_diff": 1, "time_diff_s": 0.02, "gps_distance_m": 3.2, "original_speed": "", "wheel_diameter_mm": 711, "braking_intensity": 0.0, "is_braking": false, "is_crash": false, "crash_intensity_g": 0.0, "segment_start_sample": 8240, "segment_end_sample": 8241, "time_str": ""}}, {"type": "Feature", "geometry": {"type": "LineString", "coordinates": [[4.8669425, 52.296784], [4.8669063, 52.2968051]]}, "properties": {"Speed": 0.0, "Speed_display": 7.9, "road_quality": 2, "marker": 0, "trip_id": "602CA_Trip14", "hrot_diff": 0, "sample_diff": 1, "time_diff_s": 0.02, "gps_distance_m": 3.4, "original_speed": "", "wheel_diameter_mm": 711, "braking_intensity": 0.0, "is_braking": false, "is_crash": false, "crash_intensity_g": 0.0, "segment_start_sample": 8300, "segment_end_sample": 8301, "time_str": ""}}, {"type": "Feature", "geometry": {"type": "LineString", "coordinates": [[4.8669063, 52.2968051], [4.8668605, 52.2968165]]}, "properties": {"Speed": 0.0, "Speed_display": 7.9, "road_quality": 2, "marker": 0, "trip_id": "602CA_Trip14", "hrot_diff": 0, "sample_diff": 1, "time_diff_s": 0.02, "gps_distance_m": 3.4, "original_speed": "", "wheel_diameter_mm": 711, "braking_intensity": 0.0, "is_braking": false, "is_crash": false, "crash_intensity_g": 0.0, "segment_start_sample": 8343, "segment_end_sample": 8344, "time_str": ""}}, {"type": "Feature", "geometry": {"type": "LineString", "coordinates": [[4.8668605, 52.2968165], [4.8668142, 52.2968328]]}, "properties": {"Speed": 0.0, "Speed_display": 7.9, "road_quality": 2, "marker": 0, "trip_id": "602CA_Trip14", "hrot_diff": 0, "sample_diff": 1, "time_diff_s": 0.02, "gps_distance_m": 3.6, "original_speed": "", "wheel_diameter_mm": 711, "braking_intensity": 0.0, "is_braking": false, "is_crash": false, "crash_intensity_g": 0.0, "segment_start_sample": 8400, "segment_end_sample": 8401, "time_str": ""}}, {"type": "Feature", "geometry": {"type": "LineString", "coordinates": [[4.8668142, 52.2968328], [4.8667645, 52.2968495]]}, "properties": {"Speed": 0.0, "Speed_display": 9.4, "road_quality": 2, "marker": 0, "trip_id": "602CA_Trip14", "hrot_diff": 0, "sample_diff": 1, "time_diff_s": 0.02, "gps_distance_m": 3.9, "original_speed": "", "wheel_diameter_mm": 711, "braking_intensity": 0.0, "is_braking": false, "is_crash": false, "crash_intensity_g": 0.0, "segment_start_sample": 8441, "segment_end_sample": 8442, "time_str": ""}}, {"type": "Feature", "geometry": {"type": "LineString", "coordinates": [[4.8667645, 52.2968495], [4.8667081, 52.2968735]]}, "properties": {"Speed": 0.0, "Speed_display": 9.4, "road_quality": 2, "marker": 0, "trip_id": "602CA_Trip14", "hrot_diff": 0, "sample_diff": 1, "time_diff_s": 0.02, "gps_distance_m": 4.7, "original_speed": "", "wheel_diameter_mm": 711, "braking_intensity": 0.0, "is_braking": false, "is_crash": false, "crash_intensity_g": 0.0, "segment_start_sample": 8491, "segment_end_sample": 8492, "time_str": ""}}, {"type": "Feature", "geometry": {"type": "LineString", "coordinates": [[4.8667081, 52.2968735], [4.8666668, 52.2969048]]}, "properties": {"Speed": 0.0, "Speed_display": 11.5, "road_quality": 2, "marker": 0, "trip_id": "602CA_Trip14", "hrot_diff": 0, "sample_diff": 1, "time_diff_s": 0.02, "gps_distance_m": 4.5, "original_speed": "", "wheel_diameter_mm": 711, "braking_intensity": 0.0, "is_braking": false, "is_crash": false, "crash_intensity_g": 0.0, "segment_start_sample": 8548, "segment_end_sample": 8549, "time_str": ""}}, {"type": "Feature", "geometry": {"type": "LineString", "coordinates": [[4.8666668, 52.2969048], [4.8666148, 52.2969446]]}, "properties": {"Speed": 0.0, "Speed_display": 12.2, "road_quality": 2, "marker": 0, "trip_id": "602CA_Trip14", "hrot_diff": 0, "sample_diff": 1, "time_diff_s": 0.02, "gps_distance_m": 5.7, "original_speed": "", "wheel_diameter_mm": 711, "braking_intensity": 0.0, "is_braking": false, "is_crash": false, "crash_intensity_g": 0.0, "segment_start_sample": 8591, "segment_end_sample": 8592, "time_str": ""}}, {"type": "Feature", "geometry": {"type": "LineString", "coordinates": [[4.8666148, 52.2969446], [4.8665648, 52.2969793]]}, "properties": {"Speed": 0.0, "Speed_display": 12.2, "road_quality": 2, "marker": 0, "trip_id": "602CA_Trip14", "hrot_diff": 0, "sample_diff": 1, "time_diff_s": 0.02, "gps_distance_m": 5.1, "original_speed": "", "wheel_diameter_mm": 711, "braking_intensity": 0.0, "is_braking": false, "is_crash": false, "crash_intensity_g": 0.0, "segment_start_sample": 8642, "segment_end_sample": 8643, "time_str": ""}}, {"type": "Feature", "geometry": {"type": "LineString", "coordinates": [[4.8665648, 52.2969793], [4.8664943, 52.2970166]]}, "properties": {"Speed": 0.0, "Speed_display": 13.0, "road_quality": 2, "marker": 0, "trip_id": "602CA_Trip14", "hrot_diff": 0, "sample_diff": 1, "time_diff_s": 0.02, "gps_distance_m": 6.3, "original_speed": "", "wheel_diameter_mm": 711, "braking_intensity": 0.0, "is_braking": false, "is_crash": false, "crash_intensity_g": 0.0, "segment_start_sample": 8693, "segment_end_sample": 8694, "time_str": ""}}, {"type": "Feature", "geometry": {"type": "LineString", "coordinates": [[4.8664943, 52.2970166], [4.8664316, 52.2970515]]}, "properties": {"Speed": 0.0, "Speed_display": 13.7, "road_quality": 2, "marker": 0, "trip_id": "602CA_Trip14", "hrot_diff": 0, "sample_diff": 1, "time_diff_s": 0.02, "gps_distance_m": 5.8, "original_speed": "", "wheel_diameter_mm": 711, "braking_intensity": 0.0, "is_braking": false, "is_crash": false, "crash_intensity_g": 0.0, "segment_start_sample": 8741, "segment_end_sample": 8742, "time_str": ""}}, {"type": "Feature", "geometry": {"type": "LineString", "coordinates": [[4.8664316, 52.2970515], [4.8663716, 52.2970881]]}, "properties": {"Speed": 0.0, "Speed_display": 13.7, "road_quality": 2, "marker": 0, "trip_id": "602CA_Trip14", "hrot_diff": 0, "sample_diff": 1, "time_diff_s": 0.02, "gps_distance_m": 5.8, "original_speed": "", "wheel_diameter_mm": 711, "braking_intensity": 0.0, "is_braking": false, "is_crash": false, "crash_intensity_g": 0.0, "segment_start_sample": 8790, "segment_end_sample": 8791, "time_str": ""}}, {"type": "Feature", "geometry": {"type": "LineString", "coordinates": [[4.8663716, 52.2970881], [4.8663099, 52.2971212]]}, "properties": {"Speed": 0.0, "Speed_display": 14.4, "road_quality": 2, "marker": 0, "trip_id": "602CA_Trip14", "hrot_diff": 0, "sample_diff": 1, "time_diff_s": 0.02, "gps_distance_m": 5.6, "original_speed": "", "wheel_diameter_mm": 711, "braking_intensity": 0.0, "is_braking": false, "is_crash": false, "crash_intensity_g": 0.0, "segment_start_sample": 8839, "segment_end_sample": 8840, "time_str": ""}}, {"type": "Feature", "geometry": {"type": "LineString", "coordinates": [[4.8663099, 52.2971212], [4.8662501, 52.2971515]]}, "properties": {"Speed": 0.0, "Speed_display": 14.4, "road_quality": 2, "marker": 0, "trip_id": "602CA_Trip14", "hrot_diff": 0, "sample_diff": 1, "time_diff_s": 0.02, "gps_distance_m": 5.3, "original_speed": "", "wheel_diameter_mm": 711, "braking_intensity": 0.0, "is_braking": false, "is_crash": false, "crash_intensity_g": 0.0, "segment_start_sample": 8886, "segment_end_sample": 8887, "time_str": ""}}, {"type": "Feature", "geometry": {"type": "LineString", "coordinates": [[4.8662501, 52.2971515], [4.866195, 52.2971909]]}, "properties": {"Speed": 0.0, "Speed_display": 14.4, "road_quality": 2, "marker": 0, "trip_id": "602CA_Trip14", "hrot_diff": 0, "sample_diff": 1, "time_diff_s": 0.02, "gps_distance_m": 5.8, "original_speed": "", "wheel_diameter_mm": 711, "braking_intensity": 0.0, "is_braking": false, "is_crash": false, "crash_intensity_g": 0.0, "segment_start_sample": 8933, "segment_end_sample": 8934, "time_str": ""}}, {"type": "Feature", "geometry": {"type": "LineString", "coordinates": [[4.866195, 52.2971909], [4.8661726, 52.2972339]]}, "properties": {"Speed": 0.0, "Speed_display": 12.2, "road_quality": 2, "marker": 0, "trip_id": "602CA_Trip14", "hrot_diff": 0, "sample_diff": 1, "time_diff_s": 0.02, "gps_distance_m": 5.0, "original_speed": "", "wheel_diameter_mm": 711, "braking_intensity": 0.0, "is_braking": false, "is_crash": false, "crash_intensity_g": 0.0, "segment_start_sample": 8991, "segment_end_sample": 8992, "time_str": ""}}, {"type": "Feature", "geometry": {"type": "LineString", "coordinates": [[4.8661726, 52.2972339], [4.8661606, 52.2972851]]}, "properties": {"Speed": 0.0, "Speed_display": 13.0, "road_quality": 2, "marker": 0, "trip_id": "602CA_Trip14", "hrot_diff": 0, "sample_diff": 1, "time_diff_s": 0.02, "gps_distance_m": 5.8, "original_speed": "", "wheel_diameter_mm": 711, "braking_intensity": 0.0, "is_braking": false, "is_crash": false, "crash_intensity_g": 0.0, "segment_start_sample": 9029, "segment_end_sample": 9030, "time_str": ""}}, {"type": "Feature", "geometry": {"type": "LineString", "coordinates": [[4.8661606, 52.2972851], [4.8661416, 52.2973342]]}, "properties": {"Speed": 0.0, "Speed_display": 13.0, "road_quality": 2, "marker": 0, "trip_id": "602CA_Trip14", "hrot_diff": 0, "sample_diff": 1, "time_diff_s": 0.02, "gps_distance_m": 5.6, "original_speed": "", "wheel_diameter_mm": 711, "braking_intensity": 0.0, "is_braking": false, "is_crash": false, "crash_intensity_g": 0.0, "segment_start_sample": 9080, "segment_end_sample": 9081, "time_str": ""}}, {"type": "Feature", "geometry": {"type": "LineString", "coordinates": [[4.8661416, 52.2973342], [4.8661174, 52.2973723]]}, "properties": {"Speed": 0.0, "Speed_display": 11.5, "road_quality": 2, "marker": 0, "trip_id": "602CA_Trip14", "hrot_diff": 0, "sample_diff": 1, "time_diff_s": 0.02, "gps_distance_m": 4.5, "original_speed": "", "wheel_diameter_mm": 711, "braking_intensity": 0.0, "is_braking": false, "is_crash": false, "crash_intensity_g": 0.0, "segment_start_sample": 9134, "segment_end_sample": 9135, "time_str": ""}}, {"type": "Feature", "geometry": {"type": "LineString", "coordinates": [[4.8661174, 52.2973723], [4.8660543, 52.2973983]]}, "properties": {"Speed": 0.0, "Speed_display": 11.5, "road_quality": 2, "marker": 0, "trip_id": "602CA_Trip14", "hrot_diff": 0, "sample_diff": 1, "time_diff_s": 0.02, "gps_distance_m": 5.2, "original_speed": "", "wheel_diameter_mm": 711, "braking_intensity": 0.0, "is_braking": false, "is_crash": false, "crash_intensity_g": 0.0, "segment_start_sample": 9186, "segment_end_sample": 9187, "time_str": ""}}, {"type": "Feature", "geometry": {"type": "LineString", "coordinates": [[4.8660543, 52.2973983], [4.8659785, 52.2973937]]}, "properties": {"Speed": 0.0, "Speed_display": 10.8, "road_quality": 2, "marker": 0, "trip_id": "602CA_Trip14", "hrot_diff": 0, "sample_diff": 1, "time_diff_s": 0.02, "gps_distance_m": 5.2, "original_speed": "", "wheel_diameter_mm": 711, "braking_intensity": 0.0, "is_braking": false, "is_crash": false, "crash_intensity_g": 0.0, "segment_start_sample": 9238, "segment_end_sample": 9239, "time_str": ""}}, {"type": "Feature", "geometry": {"type": "LineString", "coordinates": [[4.8659785, 52.2973937], [4.865916, 52.2973801]]}, "properties": {"Speed": 0.0, "Speed_display": 10.8, "road_quality": 2, "marker": 0, "trip_id": "602CA_Trip14", "hrot_diff": 0, "sample_diff": 1, "time_diff_s": 0.02, "gps_distance_m": 4.5, "original_speed": "", "wheel_diameter_mm": 711, "braking_intensity": 0.0, "is_braking": false, "is_crash": false, "crash_intensity_g": 0.0, "segment_start_sample": 9299, "segment_end_sample": 9300, "time_str": ""}}, {"type": "Feature", "geometry": {"type": "LineString", "coordinates": [[4.865916, 52.2973801], [4.8658496, 52.2973675]]}, "properties": {"Speed": 0.0, "Speed_display": 10.8, "road_quality": 2, "marker": 0, "trip_id": "602CA_Trip14", "hrot_diff": 0, "sample_diff": 1, "time_diff_s": 0.02, "gps_distance_m": 4.7, "original_speed": "", "wheel_diameter_mm": 711, "braking_intensity": 0.0, "is_braking": false, "is_crash": false, "crash_intensity_g": 0.0, "segment_start_sample": 9347, "segment_end_sample": 9348, "time_str": ""}}, {"type": "Feature", "geometry": {"type": "LineString", "coordinates": [[4.8658496, 52.2973675], [4.8657829, 52.2973593]]}, "properties": {"Speed": 0.0, "Speed_display": 10.8, "road_quality": 2, "marker": 0, "trip_id": "602CA_Trip14", "hrot_diff": 0, "sample_diff": 1, "time_diff_s": 0.02, "gps_distance_m": 4.6, "original_speed": "", "wheel_diameter_mm": 711, "braking_intensity": 0.0, "is_braking": false, "is_crash": false, "crash_intensity_g": 0.0, "segment_start_sample": 9392, "segment_end_sample": 9393, "time_str": ""}}, {"type": "Feature", "geometry": {"type": "LineString", "coordinates": [[4.8657829, 52.2973593], [4.8657074, 52.2973574]]}, "properties": {"Speed": 0.0, "Speed_display": 11.5, "road_quality": 2, "marker": 0, "trip_id": "602CA_Trip14", "hrot_diff": 0, "sample_diff": 1, "time_diff_s": 0.02, "gps_distance_m": 5.1, "original_speed": "", "wheel_diameter_mm": 711, "braking_intensity": 0.0, "is_braking": false, "is_crash": false, "crash_intensity_g": 0.0, "segment_start_sample": 9448, "segment_end_sample": 9449, "time_str": ""}}, {"type": "Feature", "geometry": {"type": "LineString", "coordinates": [[4.8657074, 52.2973574], [4.8656286, 52.2973703]]}, "properties": {"Speed": 0.0, "Speed_display": 12.2, "road_quality": 2, "marker": 0, "trip_id": "602CA_Trip14", "hrot_diff": 0, "sample_diff": 1, "time_diff_s": 0.02, "gps_distance_m": 5.5, "original_speed": "", "wheel_diameter_mm": 711, "braking_intensity": 0.0, "is_braking": false, "is_crash": false, "crash_intensity_g": 0.0, "segment_start_sample": 9493, "segment_end_sample": 9494, "time_str": ""}}, {"type": "Feature", "geometry": {"type": "LineString", "coordinates": [[4.8656286, 52.2973703], [4.8655603, 52.2973834]]}, "properties": {"Speed": 0.0, "Speed_display": 12.2, "road_quality": 2, "marker": 0, "trip_id": "602CA_Trip14", "hrot_diff": 0, "sample_diff": 1, "time_diff_s": 0.02, "gps_distance_m": 4.9, "original_speed": "", "wheel_diameter_mm": 711, "braking_intensity": 0.0, "is_braking": false, "is_crash": false, "crash_intensity_g": 0.0, "segment_start_sample": 9548, "segment_end_sample": 9549, "time_str": ""}}, {"type": "Feature", "geometry": {"type": "LineString", "coordinates": [[4.8655603, 52.2973834], [4.8654804, 52.2974009]]}, "properties": {"Speed": 0.0, "Speed_display": 12.2, "road_quality": 2, "marker": 0, "trip_id": "602CA_Trip14", "hrot_diff": 0, "sample_diff": 1, "time_diff_s": 0.02, "gps_distance_m": 5.8, "original_speed": "", "wheel_diameter_mm": 711, "braking_intensity": 0.0, "is_braking": false, "is_crash": false, "crash_intensity_g": 0.0, "segment_start_sample": 9592, "segment_end_sample": 9593, "time_str": ""}}, {"type": "Feature", "geometry": {"type": "LineString", "coordinates": [[4.8654804, 52.2974009], [4.8654137, 52.2974218]]}, "properties": {"Speed": 0.0, "Speed_display": 12.2, "road_quality": 2, "marker": 0, "trip_id": "602CA_Trip14", "hrot_diff": 0, "sample_diff": 1, "time_diff_s": 0.02, "gps_distance_m": 5.1, "original_speed": "", "wheel_diameter_mm": 711, "braking_intensity": 0.0, "is_braking": false, "is_crash": false, "crash_intensity_g": 0.0, "segment_start_sample": 9646, "segment_end_sample": 9647, "time_str": ""}}, {"type": "Feature", "geometry": {"type": "LineString", "coordinates": [[4.8654137, 52.2974218], [4.8653375, 52.2974357]]}, "properties": {"Speed": 0.0, "Speed_display": 13.0, "road_quality": 2, "marker": 0, "trip_id": "602CA_Trip14", "hrot_diff": 0, "sample_diff": 1, "time_diff_s": 0.02, "gps_distance_m": 5.4, "original_speed": "", "wheel_diameter_mm": 711, "braking_intensity": 0.0, "is_braking": false, "is_crash": false, "crash_intensity_g": 0.0, "segment_start_sample": 9697, "segment_end_sample": 9698, "time_str": ""}}, {"type": "Feature", "geometry": {"type": "LineString", "coordinates": [[4.8653375, 52.2974357], [4.8652635, 52.2974605]]}, "properties": {"Speed": 0.0, "Speed_display": 13.7, "road_quality": 2, "marker": 0, "trip_id": "602CA_Trip14", "hrot_diff": 0, "sample_diff": 1, "time_diff_s": 0.02, "gps_distance_m": 5.7, "original_speed": "", "wheel_diameter_mm": 711, "braking_intensity": 0.0, "is_braking": false, "is_crash": false, "crash_intensity_g": 0.0, "segment_start_sample": 9741, "segment_end_sample": 9742, "time_str": ""}}, {"type": "Feature", "geometry": {"type": "LineString", "coordinates": [[4.8652635, 52.2974605], [4.8651927, 52.2974829]]}, "properties": {"Speed": 0.0, "Speed_display": 13.7, "road_quality": 2, "marker": 0, "trip_id": "602CA_Trip14", "hrot_diff": 0, "sample_diff": 1, "time_diff_s": 0.02, "gps_distance_m": 5.4, "original_speed": "", "wheel_diameter_mm": 711, "braking_intensity": 0.0, "is_braking": false, "is_crash": false, "crash_intensity_g": 0.0, "segment_start_sample": 9791, "segment_end_sample": 9792, "time_str": ""}}, {"type": "Feature", "geometry": {"type": "LineString", "coordinates": [[4.8651927, 52.2974829], [4.8651192, 52.2975025]]}, "properties": {"Speed": 0.0, "Speed_display": 13.0, "road_quality": 2, "marker": 0, "trip_id": "602CA_Trip14", "hrot_diff": 0, "sample_diff": 1, "time_diff_s": 0.02, "gps_distance_m": 5.5, "original_speed": "", "wheel_diameter_mm": 711, "braking_intensity": 0.0, "is_braking": false, "is_crash": false, "crash_intensity_g": 0.0, "segment_start_sample": 9841, "segment_end_sample": 9842, "time_str": ""}}, {"type": "Feature", "geometry": {"type": "LineString", "coordinates": [[4.8651192, 52.2975025], [4.8650455, 52.2975155]]}, "properties": {"Speed": 0.0, "Speed_display": 13.0, "road_quality": 2, "marker": 0, "trip_id": "602CA_Trip14", "hrot_diff": 0, "sample_diff": 1, "time_diff_s": 0.02, "gps_distance_m": 5.2, "original_speed": "", "wheel_diameter_mm": 711, "braking_intensity": 0.0, "is_braking": false, "is_crash": false, "crash_intensity_g": 0.0, "segment_start_sample": 9890, "segment_end_sample": 9891, "time_str": ""}}, {"type": "Feature", "geometry": {"type": "LineString", "coordinates": [[4.8650455, 52.2975155], [4.8649672, 52.2975346]]}, "properties": {"Speed": 0.0, "Speed_display": 13.0, "road_quality": 2, "marker": 0, "trip_id": "602CA_Trip14", "hrot_diff": 0, "sample_diff": 1, "time_diff_s": 0.02, "gps_distance_m": 5.7, "original_speed": "", "wheel_diameter_mm": 711, "braking_intensity": 0.0, "is_braking": false, "is_crash": false, "crash_intensity_g": 0.0, "segment_start_sample": 9940, "segment_end_sample": 9941, "time_str": ""}}, {"type": "Feature", "geometry": {"type": "LineString", "coordinates": [[4.8649672, 52.2975346], [4.8648973, 52.2975537]]}, "properties": {"Speed": 0.0, "Speed_display": 12.2, "road_quality": 2, "marker": 0, "trip_id": "602CA_Trip14", "hrot_diff": 0, "sample_diff": 1, "time_diff_s": 0.02, "gps_distance_m": 5.2, "original_speed": "", "wheel_diameter_mm": 711, "braking_intensity": 0.0, "is_braking": false, "is_crash": false, "crash_intensity_g": 0.0, "segment_start_sample": 9990, "segment_end_sample": 9991, "time_str": ""}}, {"type": "Feature", "geometry": {"type": "LineString", "coordinates": [[4.8648973, 52.2975537], [4.8648155, 52.2975715]]}, "properties": {"Speed": 0.0, "Speed_display": 13.0, "road_quality": 2, "marker": 0, "trip_id": "602CA_Trip14", "hrot_diff": 0, "sample_diff": 1, "time_diff_s": 0.02, "gps_distance_m": 5.9, "original_speed": "", "wheel_diameter_mm": 711, "braking_intensity": 0.0, "is_braking": false, "is_crash": false, "crash_intensity_g": 0.0, "segment_start_sample": 10040, "segment_end_sample": 10041, "time_str": ""}}, {"type": "Feature", "geometry": {"type": "LineString", "coordinates": [[4.8648155, 52.2975715], [4.8647509, 52.2975898]]}, "properties": {"Speed": 0.0, "Speed_display": 12.2, "road_quality": 2, "marker": 0, "trip_id": "602CA_Trip14", "hrot_diff": 0, "sample_diff": 1, "time_diff_s": 0.02, "gps_distance_m": 4.8, "original_speed": "", "wheel_diameter_mm": 711, "braking_intensity": 0.0, "is_braking": false, "is_crash": false, "crash_intensity_g": 0.0, "segment_start_sample": 10089, "segment_end_sample": 10090, "time_str": ""}}, {"type": "Feature", "geometry": {"type": "LineString", "coordinates": [[4.8647509, 52.2975898], [4.8646774, 52.297605]]}, "properties": {"Speed": 0.0, "Speed_display": 13.0, "road_quality": 2, "marker": 0, "trip_id": "602CA_Trip14", "hrot_diff": 0, "sample_diff": 1, "time_diff_s": 0.02, "gps_distance_m": 5.3, "original_speed": "", "wheel_diameter_mm": 711, "braking_intensity": 0.0, "is_braking": false, "is_crash": false, "crash_intensity_g": 0.0, "segment_start_sample": 10138, "segment_end_sample": 10139, "time_str": ""}}, {"type": "Feature", "geometry": {"type": "LineString", "coordinates": [[4.8646774, 52.297605], [4.8646042, 52.297625]]}, "properties": {"Speed": 0.0, "Speed_display": 13.0, "road_quality": 2, "marker": 0, "trip_id": "602CA_Trip14", "hrot_diff": 0, "sample_diff": 1, "time_diff_s": 0.02, "gps_distance_m": 5.5, "original_speed": "", "wheel_diameter_mm": 711, "braking_intensity": 0.0, "is_braking": false, "is_crash": false, "crash_intensity_g": 0.0, "segment_start_sample": 10188, "segment_end_sample": 10189, "time_str": ""}}, {"type": "Feature", "geometry": {"type": "LineString", "coordinates": [[4.8646042, 52.297625], [4.8645282, 52.2976403]]}, "properties": {"Speed": 0.0, "Speed_display": 13.0, "road_quality": 2, "marker": 0, "trip_id": "602CA_Trip14", "hrot_diff": 0, "sample_diff": 1, "time_diff_s": 0.02, "gps_distance_m": 5.4, "original_speed": "", "wheel_diameter_mm": 711, "braking_intensity": 0.0, "is_braking": false, "is_crash": false, "crash_intensity_g": 0.0, "segment_start_sample": 10238, "segment_end_sample": 10239, "time_str": ""}}, {"type": "Feature", "geometry": {"type": "LineString", "coordinates": [[4.8645282, 52.2976403], [4.8644581, 52.2976591]]}, "properties": {"Speed": 0.0, "Speed_display": 13.0, "road_quality": 2, "marker": 0, "trip_id": "602CA_Trip14", "hrot_diff": 0, "sample_diff": 1, "time_diff_s": 0.02, "gps_distance_m": 5.2, "original_speed": "", "wheel_diameter_mm": 711, "braking_intensity": 0.0, "is_braking": false, "is_crash": false, "crash_intensity_g": 0.0, "segment_start_sample": 10289, "segment_end_sample": 10290, "time_str": ""}}, {"type": "Feature", "geometry": {"type": "LineString", "coordinates": [[4.8644581, 52.2976591], [4.8643816, 52.2976757]]}, "properties": {"Speed": 0.0, "Speed_display": 13.7, "road_quality": 2, "marker": 0, "trip_id": "602CA_Trip14", "hrot_diff": 0, "sample_diff": 1, "time_diff_s": 0.02, "gps_distance_m": 5.5, "original_speed": "", "wheel_diameter_mm": 711, "braking_intensity": 0.0, "is_braking": false, "is_crash": false, "crash_intensity_g": 0.0, "segment_start_sample": 10340, "segment_end_sample": 10341, "time_str": ""}}, {"type": "Feature", "geometry": {"type": "LineString", "coordinates": [[4.8643816, 52.2976757], [4.8643078, 52.2976931]]}, "properties": {"Speed": 0.0, "Speed_display": 13.0, "road_quality": 2, "marker": 0, "trip_id": "602CA_Trip14", "hrot_diff": 0, "sample_diff": 1, "time_diff_s": 0.02, "gps_distance_m": 5.4, "original_speed": "", "wheel_diameter_mm": 711, "braking_intensity": 0.0, "is_braking": false, "is_crash": false, "crash_intensity_g": 0.0, "segment_start_sample": 10391, "segment_end_sample": 10392, "time_str": ""}}, {"type": "Feature", "geometry": {"type": "LineString", "coordinates": [[4.8643078, 52.2976931], [4.864242, 52.2977138]]}, "properties": {"Speed": 0.0, "Speed_display": 13.0, "road_quality": 2, "marker": 0, "trip_id": "602CA_Trip14", "hrot_diff": 0, "sample_diff": 1, "time_diff_s": 0.02, "gps_distance_m": 5.0, "original_speed": "", "wheel_diameter_mm": 711, "braking_intensity": 0.0, "is_braking": false, "is_crash": false, "crash_intensity_g": 0.0, "segment_start_sample": 10444, "segment_end_sample": 10445, "time_str": ""}}, {"type": "Feature", "geometry": {"type": "LineString", "coordinates": [[4.864242, 52.2977138], [4.8641666, 52.2977326]]}, "properties": {"Speed": 0.0, "Speed_display": 13.0, "road_quality": 2, "marker": 0, "trip_id": "602CA_Trip14", "hrot_diff": 0, "sample_diff": 1, "time_diff_s": 0.02, "gps_distance_m": 5.5, "original_speed": "", "wheel_diameter_mm": 711, "braking_intensity": 0.0, "is_braking": false, "is_crash": false, "crash_intensity_g": 0.0, "segment_start_sample": 10497, "segment_end_sample": 10498, "time_str": ""}}, {"type": "Feature", "geometry": {"type": "LineString", "coordinates": [[4.8641666, 52.2977326], [4.8641005, 52.2977446]]}, "properties": {"Speed": 0.0, "Speed_display": 12.2, "road_quality": 2, "marker": 0, "trip_id": "602CA_Trip14", "hrot_diff": 0, "sample_diff": 1, "time_diff_s": 0.02, "gps_distance_m": 4.7, "original_speed": "", "wheel_diameter_mm": 711, "braking_intensity": 0.0, "is_braking": false, "is_crash": false, "crash_intensity_g": 0.0, "segment_start_sample": 10540, "segment_end_sample": 10541, "time_str": ""}}, {"type": "Feature", "geometry": {"type": "LineString", "coordinates": [[4.8641005, 52.2977446], [4.8640269, 52.2977617]]}, "properties": {"Speed": 0.0, "Speed_display": 11.5, "road_quality": 2, "marker": 0, "trip_id": "602CA_Trip14", "hrot_diff": 0, "sample_diff": 1, "time_diff_s": 0.02, "gps_distance_m": 5.4, "original_speed": "", "wheel_diameter_mm": 711, "braking_intensity": 0.0, "is_braking": false, "is_crash": false, "crash_intensity_g": 0.0, "segment_start_sample": 10593, "segment_end_sample": 10594, "time_str": ""}}, {"type": "Feature", "geometry": {"type": "LineString", "coordinates": [[4.8640269, 52.2977617], [4.8639618, 52.2977744]]}, "properties": {"Speed": 0.0, "Speed_display": 10.8, "road_quality": 2, "marker": 0, "trip_id": "602CA_Trip14", "hrot_diff": 0, "sample_diff": 1, "time_diff_s": 0.02, "gps_distance_m": 4.6, "original_speed": "", "wheel_diameter_mm": 711, "braking_intensity": 0.0, "is_braking": false, "is_crash": false, "crash_intensity_g": 0.0, "segment_start_sample": 10648, "segment_end_sample": 10649, "time_str": ""}}, {"type": "Feature", "geometry": {"type": "LineString", "coordinates": [[4.8639618, 52.2977744], [4.8639024, 52.2977897]]}, "properties": {"Speed": 0.0, "Speed_display": 10.8, "road_quality": 2, "marker": 0, "trip_id": "602CA_Trip14", "hrot_diff": 0, "sample_diff": 1, "time_diff_s": 0.02, "gps_distance_m": 4.4, "original_speed": "", "wheel_diameter_mm": 711, "braking_intensity": 0.0, "is_braking": false, "is_crash": false, "crash_intensity_g": 0.0, "segment_start_sample": 10692, "segment_end_sample": 10693, "time_str": ""}}, {"type": "Feature", "geometry": {"type": "LineString", "coordinates": [[4.8639024, 52.2977897], [4.8638413, 52.2978064]]}, "properties": {"Speed": 0.0, "Speed_display": 10.1, "road_quality": 2, "marker": 0, "trip_id": "602CA_Trip14", "hrot_diff": 0, "sample_diff": 1, "time_diff_s": 0.02, "gps_distance_m": 4.6, "original_speed": "", "wheel_diameter_mm": 711, "braking_intensity": 0.0, "is_braking": false, "is_crash": false, "crash_intensity_g": 0.0, "segment_start_sample": 10738, "segment_end_sample": 10739, "time_str": ""}}, {"type": "Feature", "geometry": {"type": "LineString", "coordinates": [[4.8638413, 52.2978064], [4.8637835, 52.2978213]]}, "properties": {"Speed": 0.0, "Speed_display": 10.8, "road_quality": 2, "marker": 0, "trip_id": "602CA_Trip14", "hrot_diff": 0, "sample_diff": 1, "time_diff_s": 0.02, "gps_distance_m": 4.3, "original_speed": "", "wheel_diameter_mm": 711, "braking_intensity": 0.0, "is_braking": false, "is_crash": false, "crash_intensity_g": 0.0, "segment_start_sample": 10795, "segment_end_sample": 10796, "time_str": ""}}, {"type": "Feature", "geometry": {"type": "LineString", "coordinates": [[4.8637835, 52.2978213], [4.8637164, 52.2978289]]}, "properties": {"Speed": 0.0, "Speed_display": 10.1, "road_quality": 2, "marker": 0, "trip_id": "602CA_Trip14", "hrot_diff": 0, "sample_diff": 1, "time_diff_s": 0.02, "gps_distance_m": 4.6, "original_speed": "", "wheel_diameter_mm": 711, "braking_intensity": 0.0, "is_braking": false, "is_crash": false, "crash_intensity_g": 0.0, "segment_start_sample": 10842, "segment_end_sample": 10843, "time_str": ""}}, {"type": "Feature", "geometry": {"type": "LineString", "coordinates": [[4.8637164, 52.2978289], [4.8636636, 52.2978454]]}, "properties": {"Speed": 0.0, "Speed_display": 10.1, "road_quality": 2, "marker": 0, "trip_id": "602CA_Trip14", "hrot_diff": 0, "sample_diff": 1, "time_diff_s": 0.02, "gps_distance_m": 4.0, "original_speed": "", "wheel_diameter_mm": 711, "braking_intensity": 0.0, "is_braking": false, "is_crash": false, "crash_intensity_g": 0.0, "segment_start_sample": 10889, "segment_end_sample": 10890, "time_str": ""}}, {"type": "Feature", "geometry": {"type": "LineString", "coordinates": [[4.8636636, 52.2978454], [4.8636069, 52.2978589]]}, "properties": {"Speed": 0.0, "Speed_display": 10.1, "road_quality": 2, "marker": 0, "trip_id": "602CA_Trip14", "hrot_diff": 0, "sample_diff": 1, "time_diff_s": 0.02, "gps_distance_m": 4.1, "original_speed": "", "wheel_diameter_mm": 711, "braking_intensity": 0.0, "is_braking": false, "is_crash": false, "crash_intensity_g": 0.0, "segment_start_sample": 10947, "segment_end_sample": 10948, "time_str": ""}}, {"type": "Feature", "geometry": {"type": "LineString", "coordinates": [[4.8636069, 52.2978589], [4.8635423, 52.2978776]]}, "properties": {"Speed": 0.0, "Speed_display": 10.8, "road_quality": 2, "marker": 0, "trip_id": "602CA_Trip14", "hrot_diff": 0, "sample_diff": 1, "time_diff_s": 0.02, "gps_distance_m": 4.9, "original_speed": "", "wheel_diameter_mm": 711, "braking_intensity": 0.0, "is_braking": false, "is_crash": false, "crash_intensity_g": 0.0, "segment_start_sample": 10993, "segment_end_sample": 10994, "time_str": ""}}, {"type": "Feature", "geometry": {"type": "LineString", "coordinates": [[4.8635423, 52.2978776], [4.8634738, 52.2978976]]}, "properties": {"Speed": 0.0, "Speed_display": 10.8, "road_quality": 2, "marker": 0, "trip_id": "602CA_Trip14", "hrot_diff": 0, "sample_diff": 1, "time_diff_s": 0.02, "gps_distance_m": 5.2, "original_speed": "", "wheel_diameter_mm": 711, "braking_intensity": 0.0, "is_braking": false, "is_crash": false, "crash_intensity_g": 0.0, "segment_start_sample": 11039, "segment_end_sample": 11040, "time_str": ""}}, {"type": "Feature", "geometry": {"type": "LineString", "coordinates": [[4.8634738, 52.2978976], [4.8634137, 52.2979256]]}, "properties": {"Speed": 0.0, "Speed_display": 10.8, "road_quality": 2, "marker": 0, "trip_id": "602CA_Trip14", "hrot_diff": 0, "sample_diff": 1, "time_diff_s": 0.02, "gps_distance_m": 5.1, "original_speed": "", "wheel_diameter_mm": 711, "braking_intensity": 0.0, "is_braking": false, "is_crash": false, "crash_intensity_g": 0.0, "segment_start_sample": 11083, "segment_end_sample": 11084, "time_str": ""}}, {"type": "Feature", "geometry": {"type": "LineString", "coordinates": [[4.8634137, 52.2979256], [4.8633578, 52.2979439]]}, "properties": {"Speed": 0.0, "Speed_display": 10.8, "road_quality": 2, "marker": 0, "trip_id": "602CA_Trip14", "hrot_diff": 0, "sample_diff": 1, "time_diff_s": 0.02, "gps_distance_m": 4.3, "original_speed": "", "wheel_diameter_mm": 711, "braking_intensity": 0.0, "is_braking": false, "is_crash": false, "crash_intensity_g": 0.0, "segment_start_sample": 11140, "segment_end_sample": 11141, "time_str": ""}}, {"type": "Feature", "geometry": {"type": "LineString", "coordinates": [[4.8633578, 52.2979439], [4.863297, 52.2979522]]}, "properties": {"Speed": 0.0, "Speed_display": 11.5, "road_quality": 2, "marker": 0, "trip_id": "602CA_Trip14", "hrot_diff": 0, "sample_diff": 1, "time_diff_s": 0.02, "gps_distance_m": 4.2, "original_speed": "", "wheel_diameter_mm": 711, "braking_intensity": 0.0, "is_braking": false, "is_crash": false, "crash_intensity_g": 0.0, "segment_start_sample": 11185, "segment_end_sample": 11186, "time_str": ""}}, {"type": "Feature", "geometry": {"type": "LineString", "coordinates": [[4.863297, 52.2979522], [4.863218, 52.2979635]]}, "properties": {"Speed": 0.0, "Speed_display": 11.5, "road_quality": 2, "marker": 0, "trip_id": "602CA_Trip14", "hrot_diff": 0, "sample_diff": 1, "time_diff_s": 0.02, "gps_distance_m": 5.5, "original_speed": "", "wheel_diameter_mm": 711, "braking_intensity": 0.0, "is_braking": false, "is_crash": false, "crash_intensity_g": 0.0, "segment_start_sample": 11243, "segment_end_sample": 11244, "time_str": ""}}, {"type": "Feature", "geometry": {"type": "LineString", "coordinates": [[4.863218, 52.2979635], [4.8631482, 52.2979857]]}, "properties": {"Speed": 0.0, "Speed_display": 10.8, "road_quality": 2, "marker": 0, "trip_id": "602CA_Trip14", "hrot_diff": 0, "sample_diff": 1, "time_diff_s": 0.02, "gps_distance_m": 5.4, "original_speed": "", "wheel_diameter_mm": 711, "braking_intensity": 0.0, "is_braking": false, "is_crash": false, "crash_intensity_g": 0.0, "segment_start_sample": 11299, "segment_end_sample": 11300, "time_str": ""}}, {"type": "Feature", "geometry": {"type": "LineString", "coordinates": [[4.8631482, 52.2979857], [4.8630734, 52.2980027]]}, "properties": {"Speed": 0.0, "Speed_display": 10.8, "road_quality": 2, "marker": 0, "trip_id": "602CA_Trip14", "hrot_diff": 0, "sample_diff": 1, "time_diff_s": 0.02, "gps_distance_m": 5.4, "original_speed": "", "wheel_diameter_mm": 711, "braking_intensity": 0.0, "is_braking": false, "is_crash": false, "crash_intensity_g": 0.0, "segment_start_sample": 11343, "segment_end_sample": 11344, "time_str": ""}}, {"type": "Feature", "geometry": {"type": "LineString", "coordinates": [[4.8630734, 52.2980027], [4.8630193, 52.2980155]]}, "properties": {"Speed": 0.0, "Speed_display": 11.5, "road_quality": 3, "marker": 0, "trip_id": "602CA_Trip14", "hrot_diff": 0, "sample_diff": 1, "time_diff_s": 0.02, "gps_distance_m": 3.9, "original_speed": "", "wheel_diameter_mm": 711, "braking_intensity": 0.0, "is_braking": false, "is_crash": false, "crash_intensity_g": 0.0, "segment_start_sample": 11388, "segment_end_sample": 11389, "time_str": ""}}, {"type": "Feature", "geometry": {"type": "LineString", "coordinates": [[4.8630193, 52.2980155], [4.8629544, 52.2980221]]}, "properties": {"Speed": 0.0, "Speed_display": 10.8, "road_quality": 3, "marker": 0, "trip_id": "602CA_Trip14", "hrot_diff": 0, "sample_diff": 1, "time_diff_s": 0.02, "gps_distance_m": 4.5, "original_speed": "", "wheel_diameter_mm": 711, "braking_intensity": 0.0, "is_braking": false, "is_crash": false, "crash_intensity_g": 0.0, "segment_start_sample": 11445, "segment_end_sample": 11446, "time_str": ""}}, {"type": "Feature", "geometry": {"type": "LineString", "coordinates": [[4.8629544, 52.2980221], [4.8628774, 52.2980291]]}, "properties": {"Speed": 0.0, "Speed_display": 10.1, "road_quality": 2, "marker": 0, "trip_id": "602CA_Trip14", "hrot_diff": 0, "sample_diff": 1, "time_diff_s": 0.02, "gps_distance_m": 5.3, "original_speed": "", "wheel_diameter_mm": 711, "braking_intensity": 0.0, "is_braking": false, "is_crash": false, "crash_intensity_g": 0.0, "segment_start_sample": 11491, "segment_end_sample": 11492, "time_str": ""}}, {"type": "Feature", "geometry": {"type": "LineString", "coordinates": [[4.8628774, 52.2980291], [4.8627911, 52.2980213]]}, "properties": {"Speed": 0.0, "Speed_display": 10.8, "road_quality": 2, "marker": 0, "trip_id": "602CA_Trip14", "hrot_diff": 0, "sample_diff": 1, "time_diff_s": 0.02, "gps_distance_m": 5.9, "original_speed": "", "wheel_diameter_mm": 711, "braking_intensity": 0.0, "is_braking": false, "is_crash": false, "crash_intensity_g": 0.0, "segment_start_sample": 11548, "segment_end_sample": 11549, "time_str": ""}}, {"type": "Feature", "geometry": {"type": "LineString", "coordinates": [[4.8627911, 52.2980213], [4.8627162, 52.2979873]]}, "properties": {"Speed": 0.0, "Speed_display": 12.2, "road_quality": 2, "marker": 0, "trip_id": "602CA_Trip14", "hrot_diff": 0, "sample_diff": 1, "time_diff_s": 0.02, "gps_distance_m": 6.3, "original_speed": "", "wheel_diameter_mm": 711, "braking_intensity": 0.0, "is_braking": false, "is_crash": false, "crash_intensity_g": 0.0, "segment_start_sample": 11594, "segment_end_sample": 11595, "time_str": ""}}, {"type": "Feature", "geometry": {"type": "LineString", "coordinates": [[4.8627162, 52.2979873], [4.8626839, 52.2979406]]}, "properties": {"Speed": 0.0, "Speed_display": 10.8, "road_quality": 2, "marker": 0, "trip_id": "602CA_Trip14", "hrot_diff": 0, "sample_diff": 1, "time_diff_s": 0.02, "gps_distance_m": 5.6, "original_speed": "", "wheel_diameter_mm": 711, "braking_intensity": 0.0, "is_braking": false, "is_crash": false, "crash_intensity_g": 0.0, "segment_start_sample": 11644, "segment_end_sample": 11645, "time_str": ""}}, {"type": "Feature", "geometry": {"type": "LineString", "coordinates": [[4.8626839, 52.2979406], [4.8626678, 52.297905]]}, "properties": {"Speed": 0.0, "Speed_display": 10.8, "road_quality": 2, "marker": 0, "trip_id": "602CA_Trip14", "hrot_diff": 0, "sample_diff": 1, "time_diff_s": 0.02, "gps_distance_m": 4.1, "original_speed": "", "wheel_diameter_mm": 711, "braking_intensity": 0.0, "is_braking": false, "is_crash": false, "crash_intensity_g": 0.0, "segment_start_sample": 11696, "segment_end_sample": 11697, "time_str": ""}}, {"type": "Feature", "geometry": {"type": "LineString", "coordinates": [[4.8626678, 52.297905], [4.8626723, 52.2978693]]}, "properties": {"Speed": 0.0, "Speed_display": 10.8, "road_quality": 2, "marker": 0, "trip_id": "602CA_Trip14", "hrot_diff": 0, "sample_diff": 1, "time_diff_s": 0.02, "gps_distance_m": 4.0, "original_speed": "", "wheel_diameter_mm": 711, "braking_intensity": 0.0, "is_braking": false, "is_crash": false, "crash_intensity_g": 0.0, "segment_start_sample": 11745, "segment_end_sample": 11746, "time_str": ""}}, {"type": "Feature", "geometry": {"type": "LineString", "coordinates": [[4.8626723, 52.2978693], [4.8626644, 52.2978327]]}, "properties": {"Speed": 0.0, "Speed_display": 10.8, "road_quality": 3, "marker": 0, "trip_id": "602CA_Trip14", "hrot_diff": 0, "sample_diff": 1, "time_diff_s": 0.02, "gps_distance_m": 4.1, "original_speed": "", "wheel_diameter_mm": 711, "braking_intensity": 0.0, "is_braking": false, "is_crash": false, "crash_intensity_g": 0.0, "segment_start_sample": 11791, "segment_end_sample": 11792, "time_str": ""}}, {"type": "Feature", "geometry": {"type": "LineString", "coordinates": [[4.8626644, 52.2978327], [4.8626515, 52.2977934]]}, "properties": {"Speed": 0.0, "Speed_display": 10.8, "road_quality": 3, "marker": 0, "trip_id": "602CA_Trip14", "hrot_diff": 0, "sample_diff": 1, "time_diff_s": 0.02, "gps_distance_m": 4.5, "original_speed": "", "wheel_diameter_mm": 711, "braking_intensity": 0.0, "is_braking": false, "is_crash": false, "crash_intensity_g": 0.0, "segment_start_sample": 11838, "segment_end_sample": 11839, "time_str": ""}}, {"type": "Feature", "geometry": {"type": "LineString", "coordinates": [[4.8626515, 52.2977934], [4.8626502, 52.2977475]]}, "properties": {"Speed": 0.0, "Speed_display": 10.8, "road_quality": 2, "marker": 0, "trip_id": "602CA_Trip14", "hrot_diff": 0, "sample_diff": 1, "time_diff_s": 0.02, "gps_distance_m": 5.1, "original_speed": "", "wheel_diameter_mm": 711, "braking_intensity": 0.0, "is_braking": false, "is_crash": false, "crash_intensity_g": 0.0, "segment_start_sample": 11892, "segment_end_sample": 11893, "time_str": ""}}, {"type": "Feature", "geometry": {"type": "LineString", "coordinates": [[4.8626502, 52.2977475], [4.8626275, 52.2976988]]}, "properties": {"Speed": 0.0, "Speed_display": 12.2, "road_quality": 3, "marker": 0, "trip_id": "602CA_Trip14", "hrot_diff": 0, "sample_diff": 1, "time_diff_s": 0.02, "gps_distance_m": 5.6, "original_speed": "", "wheel_diameter_mm": 711, "braking_intensity": 0.0, "is_braking": false, "is_crash": false, "crash_intensity_g": 0.0, "segment_start_sample": 11945, "segment_end_sample": 11946, "time_str": ""}}, {"type": "Feature", "geometry": {"type": "LineString", "coordinates": [[4.8626275, 52.2976988], [4.8626163, 52.2976531]]}, "properties": {"Speed": 0.0, "Speed_display": 11.5, "road_quality": 3, "marker": 0, "trip_id": "602CA_Trip14", "hrot_diff": 0, "sample_diff": 1, "time_diff_s": 0.02, "gps_distance_m": 5.1, "original_speed": "", "wheel_diameter_mm": 711, "braking_intensity": 0.0, "is_braking": false, "is_crash": false, "crash_intensity_g": 0.0, "segment_start_sample": 11996, "segment_end_sample": 11997, "time_str": ""}}, {"type": "Feature", "geometry": {"type": "LineString", "coordinates": [[4.8626163, 52.2976531], [4.8626029, 52.2976056]]}, "properties": {"Speed": 0.0, "Speed_display": 13.7, "road_quality": 3, "marker": 0, "trip_id": "602CA_Trip14", "hrot_diff": 0, "sample_diff": 1, "time_diff_s": 0.02, "gps_distance_m": 5.4, "original_speed": "", "wheel_diameter_mm": 711, "braking_intensity": 0.0, "is_braking": false, "is_crash": false, "crash_intensity_g": 0.0, "segment_start_sample": 12044, "segment_end_sample": 12045, "time_str": ""}}, {"type": "Feature", "geometry": {"type": "LineString", "coordinates": [[4.8626029, 52.2976056], [4.8625862, 52.2975523]]}, "properties": {"Speed": 0.0, "Speed_display": 14.4, "road_quality": 2, "marker": 0, "trip_id": "602CA_Trip14", "hrot_diff": 0, "sample_diff": 1, "time_diff_s": 0.02, "gps_distance_m": 6.0, "original_speed": "", "wheel_diameter_mm": 711, "braking_intensity": 0.0, "is_braking": false, "is_crash": false, "crash_intensity_g": 0.0, "segment_start_sample": 12092, "segment_end_sample": 12093, "time_str": ""}}, {"type": "Feature", "geometry": {"type": "LineString", "coordinates": [[4.8625862, 52.2975523], [4.86256, 52.2975053]]}, "properties": {"Speed": 0.0, "Speed_display": 14.4, "road_quality": 2, "marker": 0, "trip_id": "602CA_Trip14", "hrot_diff": 0, "sample_diff": 1, "time_diff_s": 0.02, "gps_distance_m": 5.5, "original_speed": "", "wheel_diameter_mm": 711, "braking_intensity": 0.0, "is_braking": false, "is_crash": false, "crash_intensity_g": 0.0, "segment_start_sample": 12139, "segment_end_sample": 12140, "time_str": ""}}, {"type": "Feature", "geometry": {"type": "LineString", "coordinates": [[4.86256, 52.2975053], [4.8625365, 52.2974599]]}, "properties": {"Speed": 0.0, "Speed_display": 15.1, "road_quality": 2, "marker": 0, "trip_id": "602CA_Trip14", "hrot_diff": 0, "sample_diff": 1, "time_diff_s": 0.02, "gps_distance_m": 5.3, "original_speed": "", "wheel_diameter_mm": 711, "braking_intensity": 0.0, "is_braking": false, "is_crash": false, "crash_intensity_g": 0.0, "segment_start_sample": 12194, "segment_end_sample": 12195, "time_str": ""}}, {"type": "Feature", "geometry": {"type": "LineString", "coordinates": [[4.8625365, 52.2974599], [4.8625094, 52.2974082]]}, "properties": {"Speed": 0.0, "Speed_display": 15.1, "road_quality": 2, "marker": 0, "trip_id": "602CA_Trip14", "hrot_diff": 0, "sample_diff": 1, "time_diff_s": 0.02, "gps_distance_m": 6.0, "original_speed": "", "wheel_diameter_mm": 711, "braking_intensity": 0.0, "is_braking": false, "is_crash": false, "crash_intensity_g": 0.0, "segment_start_sample": 12239, "segment_end_sample": 12240, "time_str": ""}}, {"type": "Feature", "geometry": {"type": "LineString", "coordinates": [[4.8625094, 52.2974082], [4.8624898, 52.2973548]]}, "properties": {"Speed": 0.0, "Speed_display": 15.8, "road_quality": 2, "marker": 0, "trip_id": "602CA_Trip14", "hrot_diff": 0, "sample_diff": 1, "time_diff_s": 0.02, "gps_distance_m": 6.1, "original_speed": "", "wheel_diameter_mm": 711, "braking_intensity": 0.0, "is_braking": false, "is_crash": false, "crash_intensity_g": 0.0, "segment_start_sample": 12292, "segment_end_sample": 12293, "time_str": ""}}, {"type": "Feature", "geometry": {"type": "LineString", "coordinates": [[4.8624898, 52.2973548], [4.8624664, 52.2972959]]}, "properties": {"Speed": 0.0, "Speed_display": 15.8, "road_quality": 2, "marker": 0, "trip_id": "602CA_Trip14", "hrot_diff": 0, "sample_diff": 1, "time_diff_s": 0.02, "gps_distance_m": 6.7, "original_speed": "", "wheel_diameter_mm": 711, "braking_intensity": 0.0, "is_braking": false, "is_crash": false, "crash_intensity_g": 0.0, "segment_start_sample": 12345, "segment_end_sample": 12346, "time_str": ""}}, {"type": "Feature", "geometry": {"type": "LineString", "coordinates": [[4.8624664, 52.2972959], [4.8624407, 52.2972438]]}, "properties": {"Speed": 0.0, "Speed_display": 16.6, "road_quality": 2, "marker": 0, "trip_id": "602CA_Trip14", "hrot_diff": 0, "sample_diff": 1, "time_diff_s": 0.02, "gps_distance_m": 6.1, "original_speed": "", "wheel_diameter_mm": 711, "braking_intensity": 0.0, "is_braking": false, "is_crash": false, "crash_intensity_g": 0.0, "segment_start_sample": 12388, "segment_end_sample": 12389, "time_str": ""}}, {"type": "Feature", "geometry": {"type": "LineString", "coordinates": [[4.8624407, 52.2972438], [4.8624004, 52.2971948]]}, "properties": {"Speed": 0.0, "Speed_display": 15.1, "road_quality": 2, "marker": 0, "trip_id": "602CA_Trip14", "hrot_diff": 0, "sample_diff": 1, "time_diff_s": 0.02, "gps_distance_m": 6.1, "original_speed": "", "wheel_diameter_mm": 711, "braking_intensity": 0.0, "is_braking": false, "is_crash": false, "crash_intensity_g": 0.0, "segment_start_sample": 12439, "segment_end_sample": 12440, "time_str": ""}}, {"type": "Feature", "geometry": {"type": "LineString", "coordinates": [[4.8624004, 52.2971948], [4.8623601, 52.2971393]]}, "properties": {"Speed": 0.0, "Speed_display": 15.8, "road_quality": 2, "marker": 0, "trip_id": "602CA_Trip14", "hrot_diff": 0, "sample_diff": 1, "time_diff_s": 0.02, "gps_distance_m": 6.8, "original_speed": "", "wheel_diameter_mm": 711, "braking_intensity": 0.0, "is_braking": false, "is_crash": false, "crash_intensity_g": 0.0, "segment_start_sample": 12490, "segment_end_sample": 12491, "time_str": ""}}, {"type": "Feature", "geometry": {"type": "LineString", "coordinates": [[4.8623601, 52.2971393], [4.8623283, 52.2970861]]}, "properties": {"Speed": 0.0, "Speed_display": 15.8, "road_quality": 2, "marker": 0, "trip_id": "602CA_Trip14", "hrot_diff": 0, "sample_diff": 1, "time_diff_s": 0.02, "gps_distance_m": 6.3, "original_speed": "", "wheel_diameter_mm": 711, "braking_intensity": 0.0, "is_braking": false, "is_crash": false, "crash_intensity_g": 0.0, "segment_start_sample": 12539, "segment_end_sample": 12540, "time_str": ""}}, {"type": "Feature", "geometry": {"type": "LineString", "coordinates": [[4.8623283, 52.2970861], [4.8622963, 52.2970377]]}, "properties": {"Speed": 0.0, "Speed_display": 15.1, "road_quality": 2, "marker": 0, "trip_id": "602CA_Trip14", "hrot_diff": 0, "sample_diff": 1, "time_diff_s": 0.02, "gps_distance_m": 5.8, "original_speed": "", "wheel_diameter_mm": 711, "braking_intensity": 0.0, "is_braking": false, "is_crash": false, "crash_intensity_g": 0.0, "segment_start_sample": 12590, "segment_end_sample": 12591, "time_str": ""}}, {"type": "Feature", "geometry": {"type": "LineString", "coordinates": [[4.8622963, 52.2970377], [4.8622595, 52.2969822]]}, "properties": {"Speed": 0.0, "Speed_display": 14.4, "road_quality": 2, "marker": 0, "trip_id": "602CA_Trip14", "hrot_diff": 0, "sample_diff": 1, "time_diff_s": 0.02, "gps_distance_m": 6.7, "original_speed": "", "wheel_diameter_mm": 711, "braking_intensity": 0.0, "is_braking": false, "is_crash": false, "crash_intensity_g": 0.0, "segment_start_sample": 12643, "segment_end_sample": 12644, "time_str": ""}}, {"type": "Feature", "geometry": {"type": "LineString", "coordinates": [[4.8622595, 52.2969822], [4.8622263, 52.2969303]]}, "properties": {"Speed": 0.0, "Speed_display": 13.7, "road_quality": 3, "marker": 0, "trip_id": "602CA_Trip14", "hrot_diff": 0, "sample_diff": 1, "time_diff_s": 0.02, "gps_distance_m": 6.2, "original_speed": "", "wheel_diameter_mm": 711, "braking_intensity": 0.0, "is_braking": false, "is_crash": false, "crash_intensity_g": 0.0, "segment_start_sample": 12691, "segment_end_sample": 12692, "time_str": ""}}, {"type": "Feature", "geometry": {"type": "LineString", "coordinates": [[4.8622263, 52.2969303], [4.8621964, 52.2968898]]}, "properties": {"Speed": 0.0, "Speed_display": 13.0, "road_quality": 3, "marker": 0, "trip_id": "602CA_Trip14", "hrot_diff": 0, "sample_diff": 1, "time_diff_s": 0.02, "gps_distance_m": 4.9, "original_speed": "", "wheel_diameter_mm": 711, "braking_intensity": 0.0, "is_braking": false, "is_crash": false, "crash_intensity_g": 0.0, "segment_start_sample": 12741, "segment_end_sample": 12742, "time_str": ""}}, {"type": "Feature", "geometry": {"type": "LineString", "coordinates": [[4.8621964, 52.2968898], [4.8621719, 52.2968424]]}, "properties": {"Speed": 0.0, "Speed_display": 13.7, "road_quality": 2, "marker": 0, "trip_id": "602CA_Trip14", "hrot_diff": 0, "sample_diff": 1, "time_diff_s": 0.02, "gps_distance_m": 5.5, "original_speed": "", "wheel_diameter_mm": 711, "braking_intensity": 0.0, "is_braking": false, "is_crash": false, "crash_intensity_g": 0.0, "segment_start_sample": 12790, "segment_end_sample": 12791, "time_str": ""}}, {"type": "Feature", "geometry": {"type": "LineString", "coordinates": [[4.8621719, 52.2968424], [4.862155, 52.2967973]]}, "properties": {"Speed": 0.0, "Speed_display": 14.4, "road_quality": 2, "marker": 0, "trip_id": "602CA_Trip14", "hrot_diff": 0, "sample_diff": 1, "time_diff_s": 0.02, "gps_distance_m": 5.1, "original_speed": "", "wheel_diameter_mm": 711, "braking_intensity": 0.0, "is_braking": false, "is_crash": false, "crash_intensity_g": 0.0, "segment_start_sample": 12839, "segment_end_sample": 12840, "time_str": ""}}, {"type": "Feature", "geometry": {"type": "LineString", "coordinates": [[4.862155, 52.2967973], [4.8621223, 52.2967492]]}, "properties": {"Speed": 0.0, "Speed_display": 14.4, "road_quality": 3, "marker": 0, "trip_id": "602CA_Trip14", "hrot_diff": 0, "sample_diff": 1, "time_diff_s": 0.02, "gps_distance_m": 5.8, "original_speed": "", "wheel_diameter_mm": 711, "braking_intensity": 0.0, "is_braking": false, "is_crash": false, "crash_intensity_g": 0.0, "segment_start_sample": 12897, "segment_end_sample": 12898, "time_str": ""}}, {"type": "Feature", "geometry": {"type": "LineString", "coordinates": [[4.8621223, 52.2967492], [4.8620966, 52.2967035]]}, "properties": {"Speed": 0.0, "Speed_display": 14.4, "road_quality": 3, "marker": 0, "trip_id": "602CA_Trip14", "hrot_diff": 0, "sample_diff": 1, "time_diff_s": 0.02, "gps_distance_m": 5.4, "original_speed": "", "wheel_diameter_mm": 711, "braking_intensity": 0.0, "is_braking": false, "is_crash": false, "crash_intensity_g": 0.0, "segment_start_sample": 12936, "segment_end_sample": 12937, "time_str": ""}}, {"type": "Feature", "geometry": {"type": "LineString", "coordinates": [[4.8620966, 52.2967035], [4.8620691, 52.2966516]]}, "properties": {"Speed": 0.0, "Speed_display": 14.4, "road_quality": 3, "marker": 0, "trip_id": "602CA_Trip14", "hrot_diff": 0, "sample_diff": 1, "time_diff_s": 0.02, "gps_distance_m": 6.1, "original_speed": "", "wheel_diameter_mm": 711, "braking_intensity": 0.0, "is_braking": false, "is_crash": false, "crash_intensity_g": 0.0, "segment_start_sample": 12985, "segment_end_sample": 12986, "time_str": ""}}, {"type": "Feature", "geometry": {"type": "LineString", "coordinates": [[4.8620691, 52.2966516], [4.8620459, 52.2966016]]}, "properties": {"Speed": 0.0, "Speed_display": 13.7, "road_quality": 2, "marker": 0, "trip_id": "602CA_Trip14", "hrot_diff": 0, "sample_diff": 1, "time_diff_s": 0.02, "gps_distance_m": 5.8, "original_speed": "", "wheel_diameter_mm": 711, "braking_intensity": 0.0, "is_braking": false, "is_crash": false, "crash_intensity_g": 0.0, "segment_start_sample": 13042, "segment_end_sample": 13043, "time_str": ""}}, {"type": "Feature", "geometry": {"type": "LineString", "coordinates": [[4.8620459, 52.2966016], [4.8620218, 52.2965566]]}, "properties": {"Speed": 0.0, "Speed_display": 13.7, "road_quality": 2, "marker": 0, "trip_id": "602CA_Trip14", "hrot_diff": 0, "sample_diff": 1, "time_diff_s": 0.02, "gps_distance_m": 5.3, "original_speed": "", "wheel_diameter_mm": 711, "braking_intensity": 0.0, "is_braking": false, "is_crash": false, "crash_intensity_g": 0.0, "segment_start_sample": 13092, "segment_end_sample": 13093, "time_str": ""}}, {"type": "Feature", "geometry": {"type": "LineString", "coordinates": [[4.8620218, 52.2965566], [4.861999, 52.2965125]]}, "properties": {"Speed": 0.0, "Speed_display": 14.4, "road_quality": 2, "marker": 0, "trip_id": "602CA_Trip14", "hrot_diff": 0, "sample_diff": 1, "time_diff_s": 0.02, "gps_distance_m": 5.1, "original_speed": "", "wheel_diameter_mm": 711, "braking_intensity": 0.0, "is_braking": false, "is_crash": false, "crash_intensity_g": 0.0, "segment_start_sample": 13141, "segment_end_sample": 13142, "time_str": ""}}, {"type": "Feature", "geometry": {"type": "LineString", "coordinates": [[4.861999, 52.2965125], [4.8619674, 52.2964703]]}, "properties": {"Speed": 0.0, "Speed_display": 13.7, "road_quality": 2, "marker": 0, "trip_id": "602CA_Trip14", "hrot_diff": 0, "sample_diff": 1, "time_diff_s": 0.02, "gps_distance_m": 5.2, "original_speed": "", "wheel_diameter_mm": 711, "braking_intensity": 0.0, "is_braking": false, "is_crash": false, "crash_intensity_g": 0.0, "segment_start_sample": 13193, "segment_end_sample": 13194, "time_str": ""}}, {"type": "Feature", "geometry": {"type": "LineString", "coordinates": [[4.8619674, 52.2964703], [4.8619379, 52.2964226]]}, "properties": {"Speed": 0.0, "Speed_display": 13.7, "road_quality": 2, "marker": 0, "trip_id": "602CA_Trip14", "hrot_diff": 0, "sample_diff": 1, "time_diff_s": 0.02, "gps_distance_m": 5.7, "original_speed": "", "wheel_diameter_mm": 711, "braking_intensity": 0.0, "is_braking": false, "is_crash": false, "crash_intensity_g": 0.0, "segment_start_sample": 13243, "segment_end_sample": 13244, "time_str": ""}}, {"type": "Feature", "geometry": {"type": "LineString", "coordinates": [[4.8619379, 52.2964226], [4.8619136, 52.296382]]}, "properties": {"Speed": 0.0, "Speed_display": 13.0, "road_quality": 2, "marker": 0, "trip_id": "602CA_Trip14", "hrot_diff": 0, "sample_diff": 1, "time_diff_s": 0.02, "gps_distance_m": 4.8, "original_speed": "", "wheel_diameter_mm": 711, "braking_intensity": 0.0, "is_braking": false, "is_crash": false, "crash_intensity_g": 0.0, "segment_start_sample": 13294, "segment_end_sample": 13295, "time_str": ""}}, {"type": "Feature", "geometry": {"type": "LineString", "coordinates": [[4.8619136, 52.296382], [4.8618772, 52.2963353]]}, "properties": {"Speed": 0.0, "Speed_display": 13.0, "road_quality": 2, "marker": 0, "trip_id": "602CA_Trip14", "hrot_diff": 0, "sample_diff": 1, "time_diff_s": 0.02, "gps_distance_m": 5.8, "original_speed": "", "wheel_diameter_mm": 711, "braking_intensity": 0.0, "is_braking": false, "is_crash": false, "crash_intensity_g": 0.0, "segment_start_sample": 13347, "segment_end_sample": 13348, "time_str": ""}}, {"type": "Feature", "geometry": {"type": "LineString", "coordinates": [[4.8618772, 52.2963353], [4.861863, 52.2962875]]}, "properties": {"Speed": 0.0, "Speed_display": 12.2, "road_quality": 2, "marker": 0, "trip_id": "602CA_Trip14", "hrot_diff": 0, "sample_diff": 1, "time_diff_s": 0.02, "gps_distance_m": 5.4, "original_speed": "", "wheel_diameter_mm": 711, "braking_intensity": 0.0, "is_braking": false, "is_crash": false, "crash_intensity_g": 0.0, "segment_start_sample": 13391, "segment_end_sample": 13392, "time_str": ""}}, {"type": "Feature", "geometry": {"type": "LineString", "coordinates": [[4.861863, 52.2962875], [4.8618426, 52.2962414]]}, "properties": {"Speed": 0.0, "Speed_display": 12.2, "road_quality": 3, "marker": 0, "trip_id": "602CA_Trip14", "hrot_diff": 0, "sample_diff": 1, "time_diff_s": 0.02, "gps_distance_m": 5.3, "original_speed": "", "wheel_diameter_mm": 711, "braking_intensity": 0.0, "is_braking": false, "is_crash": false, "crash_intensity_g": 0.0, "segment_start_sample": 13436, "segment_end_sample": 13437, "time_str": ""}}, {"type": "Feature", "geometry": {"type": "LineString", "coordinates": [[4.8618426, 52.2962414], [4.861823, 52.2961978]]}, "properties": {"Speed": 0.0, "Speed_display": 12.2, "road_quality": 3, "marker": 0, "trip_id": "602CA_Trip14", "hrot_diff": 0, "sample_diff": 1, "time_diff_s": 0.02, "gps_distance_m": 5.0, "original_speed": "", "wheel_diameter_mm": 711, "braking_intensity": 0.0, "is_braking": false, "is_crash": false, "crash_intensity_g": 0.0, "segment_start_sample": 13490, "segment_end_sample": 13491, "time_str": ""}}, {"type": "Feature", "geometry": {"type": "LineString", "coordinates": [[4.861823, 52.2961978], [4.8617886, 52.296159]]}, "properties": {"Speed": 0.0, "Speed_display": 11.5, "road_quality": 3, "marker": 0, "trip_id": "602CA_Trip14", "hrot_diff": 0, "sample_diff": 1, "time_diff_s": 0.02, "gps_distance_m": 4.9, "original_speed": "", "wheel_diameter_mm": 711, "braking_intensity": 0.0, "is_braking": false, "is_crash": false, "crash_intensity_g": 0.0, "segment_start_sample": 13550, "segment_end_sample": 13551, "time_str": ""}}, {"type": "Feature", "geometry": {"type": "LineString", "coordinates": [[4.8617886, 52.296159], [4.8617761, 52.296117]]}, "properties": {"Speed": 0.0, "Speed_display": 10.1, "road_quality": 2, "marker": 0, "trip_id": "602CA_Trip14", "hrot_diff": 0, "sample_diff": 1, "time_diff_s": 0.02, "gps_distance_m": 4.7, "original_speed": "", "wheel_diameter_mm": 711, "braking_intensity": 0.0, "is_braking": false, "is_crash": false, "crash_intensity_g": 0.0, "segment_start_sample": 13601, "segment_end_sample": 13602, "time_str": ""}}, {"type": "Feature", "geometry": {"type": "LineString", "coordinates": [[4.8617761, 52.296117], [4.8617586, 52.2960875]]}, "properties": {"Speed": 0.0, "Speed_display": 10.1, "road_quality": 3, "marker": 0, "trip_id": "602CA_Trip14", "hrot_diff": 0, "sample_diff": 1, "time_diff_s": 0.02, "gps_distance_m": 3.5, "original_speed": "", "wheel_diameter_mm": 711, "braking_intensity": 0.0, "is_braking": false, "is_crash": false, "crash_intensity_g": 0.0, "segment_start_sample": 13639, "segment_end_sample": 13640, "time_str": ""}}, {"type": "Feature", "geometry": {"type": "LineString", "coordinates": [[4.8617586, 52.2960875], [4.8617419, 52.296056]]}, "properties": {"Speed": 0.0, "Speed_display": 10.8, "road_quality": 3, "marker": 0, "trip_id": "602CA_Trip14", "hrot_diff": 0, "sample_diff": 1, "time_diff_s": 0.02, "gps_distance_m": 3.7, "original_speed": "", "wheel_diameter_mm": 711, "braking_intensity": 0.0, "is_braking": false, "is_crash": false, "crash_intensity_g": 0.0, "segment_start_sample": 13689, "segment_end_sample": 13690, "time_str": ""}}, {"type": "Feature", "geometry": {"type": "LineString", "coordinates": [[4.8617419, 52.296056], [4.8617139, 52.2960227]]}, "properties": {"Speed": 0.0, "Speed_display": 10.8, "road_quality": 2, "marker": 0, "trip_id": "602CA_Trip14", "hrot_diff": 0, "sample_diff": 1, "time_diff_s": 0.02, "gps_distance_m": 4.2, "original_speed": "", "wheel_diameter_mm": 711, "braking_intensity": 0.0, "is_braking": false, "is_crash": false, "crash_intensity_g": 0.0, "segment_start_sample": 13745, "segment_end_sample": 13746, "time_str": ""}}, {"type": "Feature", "geometry": {"type": "LineString", "coordinates": [[4.8617139, 52.2960227], [4.8616975, 52.29598]]}, "properties": {"Speed": 0.0, "Speed_display": 12.2, "road_quality": 2, "marker": 0, "trip_id": "602CA_Trip14", "hrot_diff": 0, "sample_diff": 1, "time_diff_s": 0.02, "gps_distance_m": 4.9, "original_speed": "", "wheel_diameter_mm": 711, "braking_intensity": 0.0, "is_braking": false, "is_crash": false, "crash_intensity_g": 0.0, "segment_start_sample": 13789, "segment_end_sample": 13790, "time_str": ""}}, {"type": "Feature", "geometry": {"type": "LineString", "coordinates": [[4.8616975, 52.29598], [4.8616858, 52.2959304]]}, "properties": {"Speed": 0.0, "Speed_display": 12.2, "road_quality": 3, "marker": 0, "trip_id": "602CA_Trip14", "hrot_diff": 0, "sample_diff": 1, "time_diff_s": 0.02, "gps_distance_m": 5.6, "original_speed": "", "wheel_diameter_mm": 711, "braking_intensity": 0.0, "is_braking": false, "is_crash": false, "crash_intensity_g": 0.0, "segment_start_sample": 13843, "segment_end_sample": 13844, "time_str": ""}}, {"type": "Feature", "geometry": {"type": "LineString", "coordinates": [[4.8616858, 52.2959304], [4.8616761, 52.2958839]]}, "properties": {"Speed": 0.0, "Speed_display": 13.0, "road_quality": 3, "marker": 0, "trip_id": "602CA_Trip14", "hrot_diff": 0, "sample_diff": 1, "time_diff_s": 0.02, "gps_distance_m": 5.2, "original_speed": "", "wheel_diameter_mm": 711, "braking_intensity": 0.0, "is_braking": false, "is_crash": false, "crash_intensity_g": 0.0, "segment_start_sample": 13898, "segment_end_sample": 13899, "time_str": ""}}, {"type": "Feature", "geometry": {"type": "LineString", "coordinates": [[4.8616761, 52.2958839], [4.8616611, 52.2958317]]}, "properties": {"Speed": 0.0, "Speed_display": 12.2, "road_quality": 2, "marker": 0, "trip_id": "602CA_Trip14", "hrot_diff": 0, "sample_diff": 1, "time_diff_s": 0.02, "gps_distance_m": 5.9, "original_speed": "", "wheel_diameter_mm": 711, "braking_intensity": 0.0, "is_braking": false, "is_crash": false, "crash_intensity_g": 0.0, "segment_start_sample": 13942, "segment_end_sample": 13943, "time_str": ""}}, {"type": "Feature", "geometry": {"type": "LineString", "coordinates": [[4.8616611, 52.2958317], [4.8616423, 52.2957862]]}, "properties": {"Speed": 0.0, "Speed_display": 12.2, "road_quality": 2, "marker": 0, "trip_id": "602CA_Trip14", "hrot_diff": 0, "sample_diff": 1, "time_diff_s": 0.02, "gps_distance_m": 5.2, "original_speed": "", "wheel_diameter_mm": 711, "braking_intensity": 0.0, "is_braking": false, "is_crash": false, "crash_intensity_g": 0.0, "segment_start_sample": 13995, "segment_end_sample": 13996, "time_str": ""}}]}