{"type": "FeatureCollection", "features": [{"type": "Feature", "geometry": {"type": "LineString", "coordinates": [[4.91945621828762, 52.3572795234039], [4.91954617602278, 52.3572966151822]]}, "properties": {"Speed": 0.0, "Speed_display": 13.0, "road_quality": 2, "marker": 0, "trip_id": "602DE_Trip5", "hrot_diff": 0, "sample_diff": 1, "time_diff_s": 0.02, "gps_distance_m": 6.4, "original_speed": "", "wheel_diameter_mm": 711, "braking_intensity": 0.0, "is_braking": false, "is_crash": false, "crash_intensity_g": 0.0, "segment_start_sample": 2026, "segment_end_sample": 2027, "time_str": ""}}, {"type": "Feature", "geometry": {"type": "LineString", "coordinates": [[4.91954617602278, 52.3572966151822], [4.91960895711721, 52.3573031221044]]}, "properties": {"Speed": 0.0, "Speed_display": 11.5, "road_quality": 2, "marker": 0, "trip_id": "602DE_Trip5", "hrot_diff": 0, "sample_diff": 1, "time_diff_s": 0.02, "gps_distance_m": 4.3, "original_speed": "", "wheel_diameter_mm": 711, "braking_intensity": 0.0, "is_braking": false, "is_crash": false, "crash_intensity_g": 0.0, "segment_start_sample": 2075, "segment_end_sample": 2076, "time_str": ""}}, {"type": "Feature", "geometry": {"type": "LineString", "coordinates": [[4.91960895711721, 52.3573031221044], [4.91966516767791, 52.3573359668256]]}, "properties": {"Speed": 0.0, "Speed_display": 11.5, "road_quality": 2, "marker": 0, "trip_id": "602DE_Trip5", "hrot_diff": 0, "sample_diff": 1, "time_diff_s": 0.02, "gps_distance_m": 5.3, "original_speed": "", "wheel_diameter_mm": 711, "braking_intensity": 0.0, "is_braking": false, "is_crash": false, "crash_intensity_g": 0.0, "segment_start_sample": 2125, "segment_end_sample": 2126, "time_str": ""}}, {"type": "Feature", "geometry": {"type": "LineString", "coordinates": [[4.91966516767791, 52.3573359668256], [4.91976685252366, 52.3573430051628]]}, "properties": {"Speed": 0.0, "Speed_display": 14.4, "road_quality": 2, "marker": 0, "trip_id": "602DE_Trip5", "hrot_diff": 0, "sample_diff": 1, "time_diff_s": 0.02, "gps_distance_m": 6.9, "original_speed": "", "wheel_diameter_mm": 711, "braking_intensity": 0.0, "is_braking": false, "is_crash": false, "crash_intensity_g": 0.0, "segment_start_sample": 2175, "segment_end_sample": 2176, "time_str": ""}}, {"type": "Feature", "geometry": {"type": "LineString", "coordinates": [[4.91976685252366, 52.3573430051628], [4.91980421245567, 52.3573741463684]]}, "properties": {"Speed": 0.0, "Speed_display": 10.8, "road_quality": 2, "marker": 0, "trip_id": "602DE_Trip5", "hrot_diff": 0, "sample_diff": 1, "time_diff_s": 0.02, "gps_distance_m": 4.3, "original_speed": "", "wheel_diameter_mm": 711, "braking_intensity": 0.0, "is_braking": false, "is_crash": false, "crash_intensity_g": 0.0, "segment_start_sample": 2226, "segment_end_sample": 2227, "time_str": ""}}, {"type": "Feature", "geometry": {"type": "LineString", "coordinates": [[4.91980421245567, 52.3573741463684], [4.91989965736009, 52.3573431773466]]}, "properties": {"Speed": 0.0, "Speed_display": 10.1, "road_quality": 2, "marker": 0, "trip_id": "602DE_Trip5", "hrot_diff": 0, "sample_diff": 1, "time_diff_s": 0.02, "gps_distance_m": 7.3, "original_speed": "", "wheel_diameter_mm": 711, "braking_intensity": 0.0, "is_braking": false, "is_crash": false, "crash_intensity_g": 0.0, "segment_start_sample": 2274, "segment_end_sample": 2275, "time_str": ""}}, {"type": "Feature", "geometry": {"type": "LineString", "coordinates": [[4.91989965736009, 52.3573431773466], [4.91995348995385, 52.3573660020639]]}, "properties": {"Speed": 0.0, "Speed_display": 10.8, "road_quality": 3, "marker": 0, "trip_id": "602DE_Trip5", "hrot_diff": 0, "sample_diff": 1, "time_diff_s": 0.02, "gps_distance_m": 4.5, "original_speed": "", "wheel_diameter_mm": 711, "braking_intensity": 0.0, "is_braking": false, "is_crash": false, "crash_intensity_g": 0.0, "segment_start_sample": 2324, "segment_end_sample": 2325, "time_str": ""}}, {"type": "Feature", "geometry": {"type": "LineString", "coordinates": [[4.91995348995385, 52.3573660020639], [4.91999640493442, 52.3573807873514]]}, "properties": {"Speed": 0.0, "Speed_display": 10.1, "road_quality": 3, "marker": 0, "trip_id": "602DE_Trip5", "hrot_diff": 0, "sample_diff": 1, "time_diff_s": 0.02, "gps_distance_m": 3.3, "original_speed": "", "wheel_diameter_mm": 711, "braking_intensity": 0.0, "is_braking": false, "is_crash": false, "crash_intensity_g": 0.0, "segment_start_sample": 2374, "segment_end_sample": 2375, "time_str": ""}}, {"type": "Feature", "geometry": {"type": "LineString", "coordinates": [[4.91999640493442, 52.3573807873514], [4.92003575527916, 52.3574032237706]]}, "properties": {"Speed": 0.0, "Speed_display": 9.4, "road_quality": 2, "marker": 0, "trip_id": "602DE_Trip5", "hrot_diff": 0, "sample_diff": 1, "time_diff_s": 0.02, "gps_distance_m": 3.7, "original_speed": "", "wheel_diameter_mm": 711, "braking_intensity": 0.0, "is_braking": false, "is_crash": false, "crash_intensity_g": 0.0, "segment_start_sample": 2425, "segment_end_sample": 2426, "time_str": ""}}, {"type": "Feature", "geometry": {"type": "LineString", "coordinates": [[4.92003575527916, 52.3574032237706], [4.92009661458771, 52.3574126264283]]}, "properties": {"Speed": 0.0, "Speed_display": 10.1, "road_quality": 2, "marker": 0, "trip_id": "602DE_Trip5", "hrot_diff": 0, "sample_diff": 1, "time_diff_s": 0.02, "gps_distance_m": 4.3, "original_speed": "", "wheel_diameter_mm": 711, "braking_intensity": 0.0, "is_braking": false, "is_crash": false, "crash_intensity_g": 0.0, "segment_start_sample": 2475, "segment_end_sample": 2476, "time_str": ""}}, {"type": "Feature", "geometry": {"type": "LineString", "coordinates": [[4.92009661458771, 52.3574126264283], [4.92014336593942, 52.3574336160425]]}, "properties": {"Speed": 0.0, "Speed_display": 10.1, "road_quality": 2, "marker": 0, "trip_id": "602DE_Trip5", "hrot_diff": 0, "sample_diff": 1, "time_diff_s": 0.02, "gps_distance_m": 3.9, "original_speed": "", "wheel_diameter_mm": 711, "braking_intensity": 0.0, "is_braking": false, "is_crash": false, "crash_intensity_g": 0.0, "segment_start_sample": 2523, "segment_end_sample": 2524, "time_str": ""}}, {"type": "Feature", "geometry": {"type": "LineString", "coordinates": [[4.92014336593942, 52.3574336160425], [4.92018732058377, 52.3574572445967]]}, "properties": {"Speed": 0.0, "Speed_display": 10.1, "road_quality": 2, "marker": 0, "trip_id": "602DE_Trip5", "hrot_diff": 0, "sample_diff": 1, "time_diff_s": 0.02, "gps_distance_m": 4.0, "original_speed": "", "wheel_diameter_mm": 711, "braking_intensity": 0.0, "is_braking": false, "is_crash": false, "crash_intensity_g": 0.0, "segment_start_sample": 2573, "segment_end_sample": 2574, "time_str": ""}}, {"type": "Feature", "geometry": {"type": "LineString", "coordinates": [[4.92018732058377, 52.3574572445967], [4.92021978943106, 52.3574836150482]]}, "properties": {"Speed": 0.0, "Speed_display": 10.1, "road_quality": 2, "marker": 0, "trip_id": "602DE_Trip5", "hrot_diff": 0, "sample_diff": 1, "time_diff_s": 0.02, "gps_distance_m": 3.7, "original_speed": "", "wheel_diameter_mm": 711, "braking_intensity": 0.0, "is_braking": false, "is_crash": false, "crash_intensity_g": 0.0, "segment_start_sample": 2628, "segment_end_sample": 2629, "time_str": ""}}, {"type": "Feature", "geometry": {"type": "LineString", "coordinates": [[4.92021978943106, 52.3574836150482], [4.92028249679691, 52.3574828986378]]}, "properties": {"Speed": 0.0, "Speed_display": 8.6, "road_quality": 2, "marker": 0, "trip_id": "602DE_Trip5", "hrot_diff": 0, "sample_diff": 1, "time_diff_s": 0.02, "gps_distance_m": 4.3, "original_speed": "", "wheel_diameter_mm": 711, "braking_intensity": 0.0, "is_braking": false, "is_crash": false, "crash_intensity_g": 0.0, "segment_start_sample": 2680, "segment_end_sample": 2681, "time_str": ""}}, {"type": "Feature", "geometry": {"type": "LineString", "coordinates": [[4.92028249679691, 52.3574828986378], [4.92032349003109, 52.3574997943739]]}, "properties": {"Speed": 0.0, "Speed_display": 8.6, "road_quality": 2, "marker": 0, "trip_id": "602DE_Trip5", "hrot_diff": 0, "sample_diff": 1, "time_diff_s": 0.02, "gps_distance_m": 3.4, "original_speed": "", "wheel_diameter_mm": 711, "braking_intensity": 0.0, "is_braking": false, "is_crash": false, "crash_intensity_g": 0.0, "segment_start_sample": 2718, "segment_end_sample": 2719, "time_str": ""}}, {"type": "Feature", "geometry": {"type": "LineString", "coordinates": [[4.92032349003109, 52.3574997943739], [4.92038894693562, 52.3575086299124]]}, "properties": {"Speed": 0.0, "Speed_display": 9.4, "road_quality": 2, "marker": 0, "trip_id": "602DE_Trip5", "hrot_diff": 0, "sample_diff": 1, "time_diff_s": 0.02, "gps_distance_m": 4.6, "original_speed": "", "wheel_diameter_mm": 711, "braking_intensity": 0.0, "is_braking": false, "is_crash": false, "crash_intensity_g": 0.0, "segment_start_sample": 2770, "segment_end_sample": 2771, "time_str": ""}}, {"type": "Feature", "geometry": {"type": "LineString", "coordinates": [[4.92038894693562, 52.3575086299124], [4.92045757387873, 52.357523686048]]}, "properties": {"Speed": 0.0, "Speed_display": 10.8, "road_quality": 2, "marker": 0, "trip_id": "602DE_Trip5", "hrot_diff": 0, "sample_diff": 1, "time_diff_s": 0.02, "gps_distance_m": 5.0, "original_speed": "", "wheel_diameter_mm": 711, "braking_intensity": 0.0, "is_braking": false, "is_crash": false, "crash_intensity_g": 0.0, "segment_start_sample": 2822, "segment_end_sample": 2823, "time_str": ""}}, {"type": "Feature", "geometry": {"type": "LineString", "coordinates": [[4.92045757387873, 52.357523686048], [4.92052634449735, 52.3575374702544]]}, "properties": {"Speed": 0.0, "Speed_display": 10.8, "road_quality": 2, "marker": 0, "trip_id": "602DE_Trip5", "hrot_diff": 0, "sample_diff": 1, "time_diff_s": 0.02, "gps_distance_m": 4.9, "original_speed": "", "wheel_diameter_mm": 711, "braking_intensity": 0.0, "is_braking": false, "is_crash": false, "crash_intensity_g": 0.0, "segment_start_sample": 2873, "segment_end_sample": 2874, "time_str": ""}}, {"type": "Feature", "geometry": {"type": "LineString", "coordinates": [[4.92052634449735, 52.3575374702544], [4.92057737748071, 52.3575506911478]]}, "properties": {"Speed": 0.0, "Speed_display": 10.1, "road_quality": 2, "marker": 0, "trip_id": "602DE_Trip5", "hrot_diff": 0, "sample_diff": 1, "time_diff_s": 0.02, "gps_distance_m": 3.8, "original_speed": "", "wheel_diameter_mm": 711, "braking_intensity": 0.0, "is_braking": false, "is_crash": false, "crash_intensity_g": 0.0, "segment_start_sample": 2926, "segment_end_sample": 2927, "time_str": ""}}, {"type": "Feature", "geometry": {"type": "LineString", "coordinates": [[4.92057737748071, 52.3575506911478], [4.92063688045688, 52.3575611819403]]}, "properties": {"Speed": 0.0, "Speed_display": 10.1, "road_quality": 2, "marker": 0, "trip_id": "602DE_Trip5", "hrot_diff": 0, "sample_diff": 1, "time_diff_s": 0.02, "gps_distance_m": 4.2, "original_speed": "", "wheel_diameter_mm": 711, "braking_intensity": 0.0, "is_braking": false, "is_crash": false, "crash_intensity_g": 0.0, "segment_start_sample": 2980, "segment_end_sample": 2981, "time_str": ""}}, {"type": "Feature", "geometry": {"type": "LineString", "coordinates": [[4.92063688045688, 52.3575611819403], [4.92068523214306, 52.3575775071421]]}, "properties": {"Speed": 0.0, "Speed_display": 10.1, "road_quality": 2, "marker": 0, "trip_id": "602DE_Trip5", "hrot_diff": 0, "sample_diff": 1, "time_diff_s": 0.02, "gps_distance_m": 3.8, "original_speed": "", "wheel_diameter_mm": 711, "braking_intensity": 0.0, "is_braking": false, "is_crash": false, "crash_intensity_g": 0.0, "segment_start_sample": 3019, "segment_end_sample": 3020, "time_str": ""}}, {"type": "Feature", "geometry": {"type": "LineString", "coordinates": [[4.92068523214306, 52.3575775071421], [4.92074349366867, 52.3575880188718]]}, "properties": {"Speed": 0.0, "Speed_display": 10.1, "road_quality": 2, "marker": 0, "trip_id": "602DE_Trip5", "hrot_diff": 0, "sample_diff": 1, "time_diff_s": 0.02, "gps_distance_m": 4.1, "original_speed": "", "wheel_diameter_mm": 711, "braking_intensity": 0.0, "is_braking": false, "is_crash": false, "crash_intensity_g": 0.0, "segment_start_sample": 3072, "segment_end_sample": 3073, "time_str": ""}}, {"type": "Feature", "geometry": {"type": "LineString", "coordinates": [[4.92074349366867, 52.3575880188718], [4.92081242512993, 52.3575999835141]]}, "properties": {"Speed": 0.0, "Speed_display": 10.8, "road_quality": 2, "marker": 0, "trip_id": "602DE_Trip5", "hrot_diff": 0, "sample_diff": 1, "time_diff_s": 0.02, "gps_distance_m": 4.9, "original_speed": "", "wheel_diameter_mm": 711, "braking_intensity": 0.0, "is_braking": false, "is_crash": false, "crash_intensity_g": 0.0, "segment_start_sample": 3124, "segment_end_sample": 3125, "time_str": ""}}, {"type": "Feature", "geometry": {"type": "LineString", "coordinates": [[4.92081242512993, 52.3575999835141], [4.92085112414157, 52.3576192160279]]}, "properties": {"Speed": 0.0, "Speed_display": 9.4, "road_quality": 2, "marker": 0, "trip_id": "602DE_Trip5", "hrot_diff": 0, "sample_diff": 1, "time_diff_s": 0.02, "gps_distance_m": 3.4, "original_speed": "", "wheel_diameter_mm": 711, "braking_intensity": 0.0, "is_braking": false, "is_crash": false, "crash_intensity_g": 0.0, "segment_start_sample": 3176, "segment_end_sample": 3177, "time_str": ""}}, {"type": "Feature", "geometry": {"type": "LineString", "coordinates": [[4.92085112414157, 52.3576192160279], [4.92091874692112, 52.3576251956315]]}, "properties": {"Speed": 0.0, "Speed_display": 10.1, "road_quality": 3, "marker": 0, "trip_id": "602DE_Trip5", "hrot_diff": 0, "sample_diff": 1, "time_diff_s": 0.02, "gps_distance_m": 4.6, "original_speed": "", "wheel_diameter_mm": 711, "braking_intensity": 0.0, "is_braking": false, "is_crash": false, "crash_intensity_g": 0.0, "segment_start_sample": 3229, "segment_end_sample": 3230, "time_str": ""}}, {"type": "Feature", "geometry": {"type": "LineString", "coordinates": [[4.92091874692112, 52.3576251956315], [4.92098015983765, 52.3576409350398]]}, "properties": {"Speed": 0.0, "Speed_display": 10.8, "road_quality": 3, "marker": 0, "trip_id": "602DE_Trip5", "hrot_diff": 0, "sample_diff": 1, "time_diff_s": 0.02, "gps_distance_m": 4.5, "original_speed": "", "wheel_diameter_mm": 711, "braking_intensity": 0.0, "is_braking": false, "is_crash": false, "crash_intensity_g": 0.0, "segment_start_sample": 3280, "segment_end_sample": 3281, "time_str": ""}}, {"type": "Feature", "geometry": {"type": "LineString", "coordinates": [[4.92098015983765, 52.3576409350398], [4.92104521639612, 52.357657050318]]}, "properties": {"Speed": 0.0, "Speed_display": 11.5, "road_quality": 3, "marker": 0, "trip_id": "602DE_Trip5", "hrot_diff": 0, "sample_diff": 1, "time_diff_s": 0.02, "gps_distance_m": 4.8, "original_speed": "", "wheel_diameter_mm": 711, "braking_intensity": 0.0, "is_braking": false, "is_crash": false, "crash_intensity_g": 0.0, "segment_start_sample": 3322, "segment_end_sample": 3323, "time_str": ""}}, {"type": "Feature", "geometry": {"type": "LineString", "coordinates": [[4.92104521639612, 52.357657050318], [4.92110705170482, 52.3576617414115]]}, "properties": {"Speed": 0.0, "Speed_display": 11.5, "road_quality": 2, "marker": 0, "trip_id": "602DE_Trip5", "hrot_diff": 0, "sample_diff": 1, "time_diff_s": 0.02, "gps_distance_m": 4.2, "original_speed": "", "wheel_diameter_mm": 711, "braking_intensity": 0.0, "is_braking": false, "is_crash": false, "crash_intensity_g": 0.0, "segment_start_sample": 3375, "segment_end_sample": 3376, "time_str": ""}}, {"type": "Feature", "geometry": {"type": "LineString", "coordinates": [[4.92110705170482, 52.3576617414115], [4.92115022742303, 52.3576580614158]]}, "properties": {"Speed": 0.0, "Speed_display": 9.4, "road_quality": 2, "marker": 0, "trip_id": "602DE_Trip5", "hrot_diff": 0, "sample_diff": 1, "time_diff_s": 0.02, "gps_distance_m": 3.0, "original_speed": "", "wheel_diameter_mm": 711, "braking_intensity": 0.0, "is_braking": false, "is_crash": false, "crash_intensity_g": 0.0, "segment_start_sample": 3426, "segment_end_sample": 3427, "time_str": ""}}, {"type": "Feature", "geometry": {"type": "LineString", "coordinates": [[4.92115022742303, 52.3576580614158], [4.92122908859697, 52.3576771855323]]}, "properties": {"Speed": 0.0, "Speed_display": 11.5, "road_quality": 2, "marker": 0, "trip_id": "602DE_Trip5", "hrot_diff": 0, "sample_diff": 1, "time_diff_s": 0.02, "gps_distance_m": 5.8, "original_speed": "", "wheel_diameter_mm": 711, "braking_intensity": 0.0, "is_braking": false, "is_crash": false, "crash_intensity_g": 0.0, "segment_start_sample": 3478, "segment_end_sample": 3479, "time_str": ""}}, {"type": "Feature", "geometry": {"type": "LineString", "coordinates": [[4.92122908859697, 52.3576771855323], [4.92125299913824, 52.3577103800331]]}, "properties": {"Speed": 0.0, "Speed_display": 9.4, "road_quality": 2, "marker": 0, "trip_id": "602DE_Trip5", "hrot_diff": 0, "sample_diff": 1, "time_diff_s": 0.02, "gps_distance_m": 4.0, "original_speed": "", "wheel_diameter_mm": 711, "braking_intensity": 0.0, "is_braking": false, "is_crash": false, "crash_intensity_g": 0.0, "segment_start_sample": 3531, "segment_end_sample": 3532, "time_str": ""}}, {"type": "Feature", "geometry": {"type": "LineString", "coordinates": [[4.92125299913824, 52.3577103800331], [4.92132835938375, 52.3577088297045]]}, "properties": {"Speed": 0.0, "Speed_display": 10.8, "road_quality": 2, "marker": 0, "trip_id": "602DE_Trip5", "hrot_diff": 0, "sample_diff": 1, "time_diff_s": 0.02, "gps_distance_m": 5.1, "original_speed": "", "wheel_diameter_mm": 711, "braking_intensity": 0.0, "is_braking": false, "is_crash": false, "crash_intensity_g": 0.0, "segment_start_sample": 3570, "segment_end_sample": 3571, "time_str": ""}}, {"type": "Feature", "geometry": {"type": "LineString", "coordinates": [[4.92132835938375, 52.3577088297045], [4.92137282642751, 52.357734650393]]}, "properties": {"Speed": 0.0, "Speed_display": 10.1, "road_quality": 2, "marker": 0, "trip_id": "602DE_Trip5", "hrot_diff": 0, "sample_diff": 1, "time_diff_s": 0.02, "gps_distance_m": 4.2, "original_speed": "", "wheel_diameter_mm": 711, "braking_intensity": 0.0, "is_braking": false, "is_crash": false, "crash_intensity_g": 0.0, "segment_start_sample": 3621, "segment_end_sample": 3622, "time_str": ""}}, {"type": "Feature", "geometry": {"type": "LineString", "coordinates": [[4.92137282642751, 52.357734650393], [4.92143487769928, 52.3577510744862]]}, "properties": {"Speed": 0.0, "Speed_display": 10.8, "road_quality": 2, "marker": 0, "trip_id": "602DE_Trip5", "hrot_diff": 0, "sample_diff": 1, "time_diff_s": 0.02, "gps_distance_m": 4.6, "original_speed": "", "wheel_diameter_mm": 711, "braking_intensity": 0.0, "is_braking": false, "is_crash": false, "crash_intensity_g": 0.0, "segment_start_sample": 3674, "segment_end_sample": 3675, "time_str": ""}}, {"type": "Feature", "geometry": {"type": "LineString", "coordinates": [[4.92143487769928, 52.3577510744862], [4.92147243559138, 52.3577767868474]]}, "properties": {"Speed": 0.0, "Speed_display": 10.1, "road_quality": 2, "marker": 0, "trip_id": "602DE_Trip5", "hrot_diff": 0, "sample_diff": 1, "time_diff_s": 0.02, "gps_distance_m": 3.8, "original_speed": "", "wheel_diameter_mm": 711, "braking_intensity": 0.0, "is_braking": false, "is_crash": false, "crash_intensity_g": 0.0, "segment_start_sample": 3727, "segment_end_sample": 3728, "time_str": ""}}, {"type": "Feature", "geometry": {"type": "LineString", "coordinates": [[4.92147243559138, 52.3577767868474], [4.92150947794518, 52.3577973028886]]}, "properties": {"Speed": 0.0, "Speed_display": 9.4, "road_quality": 2, "marker": 0, "trip_id": "602DE_Trip5", "hrot_diff": 0, "sample_diff": 1, "time_diff_s": 0.02, "gps_distance_m": 3.4, "original_speed": "", "wheel_diameter_mm": 711, "braking_intensity": 0.0, "is_braking": false, "is_crash": false, "crash_intensity_g": 0.0, "segment_start_sample": 3779, "segment_end_sample": 3780, "time_str": ""}}, {"type": "Feature", "geometry": {"type": "LineString", "coordinates": [[4.92150947794518, 52.3577973028886], [4.92155049516442, 52.3578306981703]]}, "properties": {"Speed": 0.0, "Speed_display": 10.1, "road_quality": 2, "marker": 0, "trip_id": "602DE_Trip5", "hrot_diff": 0, "sample_diff": 1, "time_diff_s": 0.02, "gps_distance_m": 4.6, "original_speed": "", "wheel_diameter_mm": 711, "braking_intensity": 0.0, "is_braking": false, "is_crash": false, "crash_intensity_g": 0.0, "segment_start_sample": 3820, "segment_end_sample": 3821, "time_str": ""}}, {"type": "Feature", "geometry": {"type": "LineString", "coordinates": [[4.92155049516442, 52.3578306981703], [4.92161992850449, 52.3578510122144]]}, "properties": {"Speed": 0.0, "Speed_display": 11.5, "road_quality": 2, "marker": 0, "trip_id": "602DE_Trip5", "hrot_diff": 0, "sample_diff": 1, "time_diff_s": 0.02, "gps_distance_m": 5.2, "original_speed": "", "wheel_diameter_mm": 711, "braking_intensity": 0.0, "is_braking": false, "is_crash": false, "crash_intensity_g": 0.0, "segment_start_sample": 3871, "segment_end_sample": 3872, "time_str": ""}}, {"type": "Feature", "geometry": {"type": "LineString", "coordinates": [[4.92161992850449, 52.3578510122144], [4.92166820779232, 52.3578476413282]]}, "properties": {"Speed": 0.0, "Speed_display": 9.4, "road_quality": 2, "marker": 0, "trip_id": "602DE_Trip5", "hrot_diff": 0, "sample_diff": 1, "time_diff_s": 0.02, "gps_distance_m": 3.3, "original_speed": "", "wheel_diameter_mm": 711, "braking_intensity": 0.0, "is_braking": false, "is_crash": false, "crash_intensity_g": 0.0, "segment_start_sample": 3923, "segment_end_sample": 3924, "time_str": ""}}, {"type": "Feature", "geometry": {"type": "LineString", "coordinates": [[4.92166820779232, 52.3578476413282], [4.92173356226174, 52.3578460617521]]}, "properties": {"Speed": 0.0, "Speed_display": 10.1, "road_quality": 2, "marker": 0, "trip_id": "602DE_Trip5", "hrot_diff": 0, "sample_diff": 1, "time_diff_s": 0.02, "gps_distance_m": 4.4, "original_speed": "", "wheel_diameter_mm": 711, "braking_intensity": 0.0, "is_braking": false, "is_crash": false, "crash_intensity_g": 0.0, "segment_start_sample": 3976, "segment_end_sample": 3977, "time_str": ""}}, {"type": "Feature", "geometry": {"type": "LineString", "coordinates": [[4.92173356226174, 52.3578460617521], [4.92179398876354, 52.3578244382086]]}, "properties": {"Speed": 0.0, "Speed_display": 10.1, "road_quality": 2, "marker": 0, "trip_id": "602DE_Trip5", "hrot_diff": 0, "sample_diff": 1, "time_diff_s": 0.02, "gps_distance_m": 4.8, "original_speed": "", "wheel_diameter_mm": 711, "braking_intensity": 0.0, "is_braking": false, "is_crash": false, "crash_intensity_g": 0.0, "segment_start_sample": 4029, "segment_end_sample": 4030, "time_str": ""}}, {"type": "Feature", "geometry": {"type": "LineString", "coordinates": [[4.92179398876354, 52.3578244382086], [4.92183733635457, 52.357803363748]]}, "properties": {"Speed": 0.0, "Speed_display": 9.4, "road_quality": 2, "marker": 0, "trip_id": "602DE_Trip5", "hrot_diff": 0, "sample_diff": 1, "time_diff_s": 0.02, "gps_distance_m": 3.8, "original_speed": "", "wheel_diameter_mm": 711, "braking_intensity": 0.0, "is_braking": false, "is_crash": false, "crash_intensity_g": 0.0, "segment_start_sample": 4071, "segment_end_sample": 4072, "time_str": ""}}, {"type": "Feature", "geometry": {"type": "LineString", "coordinates": [[4.92183733635457, 52.357803363748], [4.92183617021418, 52.357772644938]]}, "properties": {"Speed": 0.0, "Speed_display": 7.2, "road_quality": 3, "marker": 0, "trip_id": "602DE_Trip5", "hrot_diff": 0, "sample_diff": 1, "time_diff_s": 0.02, "gps_distance_m": 3.4, "original_speed": "", "wheel_diameter_mm": 711, "braking_intensity": 0.0, "is_braking": false, "is_crash": false, "crash_intensity_g": 0.0, "segment_start_sample": 4129, "segment_end_sample": 4130, "time_str": ""}}, {"type": "Feature", "geometry": {"type": "LineString", "coordinates": [[4.92183617021418, 52.357772644938], [4.92184003803168, 52.3577418651935]]}, "properties": {"Speed": 0.0, "Speed_display": 7.2, "road_quality": 3, "marker": 0, "trip_id": "602DE_Trip5", "hrot_diff": 0, "sample_diff": 1, "time_diff_s": 0.02, "gps_distance_m": 3.4, "original_speed": "", "wheel_diameter_mm": 711, "braking_intensity": 0.0, "is_braking": false, "is_crash": false, "crash_intensity_g": 0.0, "segment_start_sample": 4172, "segment_end_sample": 4173, "time_str": ""}}, {"type": "Feature", "geometry": {"type": "LineString", "coordinates": [[4.92184003803168, 52.3577418651935], [4.92187315263879, 52.3576989700449]]}, "properties": {"Speed": 0.0, "Speed_display": 9.4, "road_quality": 2, "marker": 0, "trip_id": "602DE_Trip5", "hrot_diff": 0, "sample_diff": 1, "time_diff_s": 0.02, "gps_distance_m": 5.3, "original_speed": "", "wheel_diameter_mm": 711, "braking_intensity": 0.0, "is_braking": false, "is_crash": false, "crash_intensity_g": 0.0, "segment_start_sample": 4227, "segment_end_sample": 4228, "time_str": ""}}, {"type": "Feature", "geometry": {"type": "LineString", "coordinates": [[4.92187315263879, 52.3576989700449], [4.92190037717524, 52.3576590138902]]}, "properties": {"Speed": 0.0, "Speed_display": 10.8, "road_quality": 2, "marker": 0, "trip_id": "602DE_Trip5", "hrot_diff": 0, "sample_diff": 1, "time_diff_s": 0.02, "gps_distance_m": 4.8, "original_speed": "", "wheel_diameter_mm": 711, "braking_intensity": 0.0, "is_braking": false, "is_crash": false, "crash_intensity_g": 0.0, "segment_start_sample": 4280, "segment_end_sample": 4281, "time_str": ""}}, {"type": "Feature", "geometry": {"type": "LineString", "coordinates": [[4.92190037717524, 52.3576590138902], [4.92192511281963, 52.3576244854857]]}, "properties": {"Speed": 0.0, "Speed_display": 10.8, "road_quality": 2, "marker": 0, "trip_id": "602DE_Trip5", "hrot_diff": 0, "sample_diff": 1, "time_diff_s": 0.02, "gps_distance_m": 4.2, "original_speed": "", "wheel_diameter_mm": 711, "braking_intensity": 0.0, "is_braking": false, "is_crash": false, "crash_intensity_g": 0.0, "segment_start_sample": 4321, "segment_end_sample": 4322, "time_str": ""}}, {"type": "Feature", "geometry": {"type": "LineString", "coordinates": [[4.92192511281963, 52.3576244854857], [4.92194495844249, 52.3575908847203]]}, "properties": {"Speed": 0.0, "Speed_display": 10.8, "road_quality": 2, "marker": 0, "trip_id": "602DE_Trip5", "hrot_diff": 0, "sample_diff": 1, "time_diff_s": 0.02, "gps_distance_m": 4.0, "original_speed": "", "wheel_diameter_mm": 711, "braking_intensity": 0.0, "is_braking": false, "is_crash": false, "crash_intensity_g": 0.0, "segment_start_sample": 4377, "segment_end_sample": 4378, "time_str": ""}}, {"type": "Feature", "geometry": {"type": "LineString", "coordinates": [[4.92194495844249, 52.3575908847203], [4.92197297339537, 52.3575558739113]]}, "properties": {"Speed": 0.0, "Speed_display": 11.5, "road_quality": 2, "marker": 0, "trip_id": "602DE_Trip5", "hrot_diff": 0, "sample_diff": 1, "time_diff_s": 0.02, "gps_distance_m": 4.3, "original_speed": "", "wheel_diameter_mm": 711, "braking_intensity": 0.0, "is_braking": false, "is_crash": false, "crash_intensity_g": 0.0, "segment_start_sample": 4418, "segment_end_sample": 4419, "time_str": ""}}, {"type": "Feature", "geometry": {"type": "LineString", "coordinates": [[4.92197297339537, 52.3575558739113], [4.92203105386828, 52.357542480579]]}, "properties": {"Speed": 0.0, "Speed_display": 10.1, "road_quality": 2, "marker": 0, "trip_id": "602DE_Trip5", "hrot_diff": 0, "sample_diff": 1, "time_diff_s": 0.02, "gps_distance_m": 4.2, "original_speed": "", "wheel_diameter_mm": 711, "braking_intensity": 0.0, "is_braking": false, "is_crash": false, "crash_intensity_g": 0.0, "segment_start_sample": 4473, "segment_end_sample": 4474, "time_str": ""}}, {"type": "Feature", "geometry": {"type": "LineString", "coordinates": [[4.92203105386828, 52.357542480579], [4.9220954239496, 52.3575237323062]]}, "properties": {"Speed": 0.0, "Speed_display": 11.5, "road_quality": 2, "marker": 0, "trip_id": "602DE_Trip5", "hrot_diff": 0, "sample_diff": 1, "time_diff_s": 0.02, "gps_distance_m": 4.8, "original_speed": "", "wheel_diameter_mm": 711, "braking_intensity": 0.0, "is_braking": false, "is_crash": false, "crash_intensity_g": 0.0, "segment_start_sample": 4528, "segment_end_sample": 4529, "time_str": ""}}, {"type": "Feature", "geometry": {"type": "LineString", "coordinates": [[4.9220954239496, 52.3575237323062], [4.92210308417605, 52.3574787574363]]}, "properties": {"Speed": 0.0, "Speed_display": 10.8, "road_quality": 2, "marker": 0, "trip_id": "602DE_Trip5", "hrot_diff": 0, "sample_diff": 1, "time_diff_s": 0.02, "gps_distance_m": 5.0, "original_speed": "", "wheel_diameter_mm": 711, "braking_intensity": 0.0, "is_braking": false, "is_crash": false, "crash_intensity_g": 0.0, "segment_start_sample": 4571, "segment_end_sample": 4572, "time_str": ""}}, {"type": "Feature", "geometry": {"type": "LineString", "coordinates": [[4.92210308417605, 52.3574787574363], [4.92211653707591, 52.3574417454587]]}, "properties": {"Speed": 0.0, "Speed_display": 10.8, "road_quality": 2, "marker": 0, "trip_id": "602DE_Trip5", "hrot_diff": 0, "sample_diff": 1, "time_diff_s": 0.02, "gps_distance_m": 4.2, "original_speed": "", "wheel_diameter_mm": 711, "braking_intensity": 0.0, "is_braking": false, "is_crash": false, "crash_intensity_g": 0.0, "segment_start_sample": 4629, "segment_end_sample": 4630, "time_str": ""}}, {"type": "Feature", "geometry": {"type": "LineString", "coordinates": [[4.92211653707591, 52.3574417454587], [4.92206275548445, 52.3574353266666]]}, "properties": {"Speed": 0.0, "Speed_display": 4.3, "road_quality": 2, "marker": 0, "trip_id": "602DE_Trip5", "hrot_diff": 0, "sample_diff": 1, "time_diff_s": 0.02, "gps_distance_m": 3.7, "original_speed": "", "wheel_diameter_mm": 711, "braking_intensity": 0.0, "is_braking": false, "is_crash": false, "crash_intensity_g": 0.0, "segment_start_sample": 4670, "segment_end_sample": 4671, "time_str": ""}}, {"type": "Feature", "geometry": {"type": "LineString", "coordinates": [[4.92206275548445, 52.3574353266666], [4.92204248806042, 52.3573943327843]]}, "properties": {"Speed": 0.0, "Speed_display": 7.9, "road_quality": 3, "marker": 0, "trip_id": "602DE_Trip5", "hrot_diff": 0, "sample_diff": 1, "time_diff_s": 0.02, "gps_distance_m": 4.8, "original_speed": "", "wheel_diameter_mm": 711, "braking_intensity": 0.0, "is_braking": false, "is_crash": false, "crash_intensity_g": 0.0, "segment_start_sample": 4729, "segment_end_sample": 4730, "time_str": ""}}, {"type": "Feature", "geometry": {"type": "LineString", "coordinates": [[4.92204248806042, 52.3573943327843], [4.9220621727953, 52.3573902067042]]}, "properties": {"Speed": 0.0, "Speed_display": 3.6, "road_quality": 3, "marker": 0, "trip_id": "602DE_Trip5", "hrot_diff": 0, "sample_diff": 1, "time_diff_s": 0.02, "gps_distance_m": 1.4, "original_speed": "", "wheel_diameter_mm": 711, "braking_intensity": 0.0, "is_braking": false, "is_crash": false, "crash_intensity_g": 0.0, "segment_start_sample": 4775, "segment_end_sample": 4776, "time_str": ""}}, {"type": "Feature", "geometry": {"type": "LineString", "coordinates": [[4.9220621727953, 52.3573902067042], [4.92211258489294, 52.3573443625853]]}, "properties": {"Speed": 0.0, "Speed_display": 8.6, "road_quality": 3, "marker": 0, "trip_id": "602DE_Trip5", "hrot_diff": 0, "sample_diff": 1, "time_diff_s": 0.02, "gps_distance_m": 6.1, "original_speed": "", "wheel_diameter_mm": 711, "braking_intensity": 0.0, "is_braking": false, "is_crash": false, "crash_intensity_g": 0.0, "segment_start_sample": 4823, "segment_end_sample": 4824, "time_str": ""}}, {"type": "Feature", "geometry": {"type": "LineString", "coordinates": [[4.92211258489294, 52.3573443625853], [4.92212580372729, 52.3573346400517]]}, "properties": {"Speed": 0.0, "Speed_display": 3.6, "road_quality": 3, "marker": 0, "trip_id": "602DE_Trip5", "hrot_diff": 0, "sample_diff": 1, "time_diff_s": 0.02, "gps_distance_m": 1.4, "original_speed": "", "wheel_diameter_mm": 711, "braking_intensity": 0.0, "is_braking": false, "is_crash": false, "crash_intensity_g": 0.0, "segment_start_sample": 4870, "segment_end_sample": 4871, "time_str": ""}}, {"type": "Feature", "geometry": {"type": "LineString", "coordinates": [[4.92212580372729, 52.3573346400517], [4.92214470432958, 52.3573007830207]]}, "properties": {"Speed": 0.0, "Speed_display": 5.0, "road_quality": 2, "marker": 0, "trip_id": "602DE_Trip5", "hrot_diff": 0, "sample_diff": 1, "time_diff_s": 0.02, "gps_distance_m": 4.0, "original_speed": "", "wheel_diameter_mm": 711, "braking_intensity": 0.0, "is_braking": false, "is_crash": false, "crash_intensity_g": 0.0, "segment_start_sample": 4927, "segment_end_sample": 4928, "time_str": ""}}, {"type": "Feature", "geometry": {"type": "LineString", "coordinates": [[4.92214470432958, 52.3573007830207], [4.92214379214065, 52.3572743719513]]}, "properties": {"Speed": 0.0, "Speed_display": 5.0, "road_quality": 2, "marker": 0, "trip_id": "602DE_Trip5", "hrot_diff": 0, "sample_diff": 1, "time_diff_s": 0.02, "gps_distance_m": 2.9, "original_speed": "", "wheel_diameter_mm": 711, "braking_intensity": 0.0, "is_braking": false, "is_crash": false, "crash_intensity_g": 0.0, "segment_start_sample": 4970, "segment_end_sample": 4971, "time_str": ""}}, {"type": "Feature", "geometry": {"type": "LineString", "coordinates": [[4.92214379214065, 52.3572743719513], [4.92216714305815, 52.3572503587231]]}, "properties": {"Speed": 0.0, "Speed_display": 3.6, "road_quality": 3, "marker": 0, "trip_id": "602DE_Trip5", "hrot_diff": 0, "sample_diff": 1, "time_diff_s": 0.02, "gps_distance_m": 3.1, "original_speed": "", "wheel_diameter_mm": 711, "braking_intensity": 0.0, "is_braking": false, "is_crash": false, "crash_intensity_g": 0.0, "segment_start_sample": 5027, "segment_end_sample": 5028, "time_str": ""}}, {"type": "Feature", "geometry": {"type": "LineString", "coordinates": [[4.92216714305815, 52.3572503587231], [4.92219533713323, 52.3572223699936]]}, "properties": {"Speed": 0.0, "Speed_display": 6.5, "road_quality": 3, "marker": 0, "trip_id": "602DE_Trip5", "hrot_diff": 0, "sample_diff": 1, "time_diff_s": 0.02, "gps_distance_m": 3.7, "original_speed": "", "wheel_diameter_mm": 711, "braking_intensity": 0.0, "is_braking": false, "is_crash": false, "crash_intensity_g": 0.0, "segment_start_sample": 5069, "segment_end_sample": 5070, "time_str": ""}}, {"type": "Feature", "geometry": {"type": "LineString", "coordinates": [[4.92219533713323, 52.3572223699936], [4.92220993041335, 52.3571994203528]]}, "properties": {"Speed": 0.0, "Speed_display": 3.6, "road_quality": 3, "marker": 0, "trip_id": "602DE_Trip5", "hrot_diff": 0, "sample_diff": 1, "time_diff_s": 0.02, "gps_distance_m": 2.7, "original_speed": "", "wheel_diameter_mm": 711, "braking_intensity": 0.0, "is_braking": false, "is_crash": false, "crash_intensity_g": 0.0, "segment_start_sample": 5124, "segment_end_sample": 5125, "time_str": ""}}, {"type": "Feature", "geometry": {"type": "LineString", "coordinates": [[4.92220993041335, 52.3571994203528], [4.92222541348902, 52.3571586694354]]}, "properties": {"Speed": 0.0, "Speed_display": 7.9, "road_quality": 3, "marker": 0, "trip_id": "602DE_Trip5", "hrot_diff": 0, "sample_diff": 1, "time_diff_s": 0.02, "gps_distance_m": 4.7, "original_speed": "", "wheel_diameter_mm": 711, "braking_intensity": 0.0, "is_braking": false, "is_crash": false, "crash_intensity_g": 0.0, "segment_start_sample": 5180, "segment_end_sample": 5181, "time_str": ""}}, {"type": "Feature", "geometry": {"type": "LineString", "coordinates": [[4.92222541348902, 52.3571586694354], [4.9222110415046, 52.3571526449973]]}, "properties": {"Speed": 0.0, "Speed_display": 3.6, "road_quality": 3, "marker": 0, "trip_id": "602DE_Trip5", "hrot_diff": 0, "sample_diff": 1, "time_diff_s": 0.02, "gps_distance_m": 1.2, "original_speed": "", "wheel_diameter_mm": 711, "braking_intensity": 0.0, "is_braking": false, "is_crash": false, "crash_intensity_g": 0.0, "segment_start_sample": 5222, "segment_end_sample": 5223, "time_str": ""}}, {"type": "Feature", "geometry": {"type": "LineString", "coordinates": [[4.9222110415046, 52.3571526449973], [4.92225799738689, 52.3571079453153]]}, "properties": {"Speed": 0.0, "Speed_display": 7.9, "road_quality": 2, "marker": 0, "trip_id": "602DE_Trip5", "hrot_diff": 0, "sample_diff": 1, "time_diff_s": 0.02, "gps_distance_m": 5.9, "original_speed": "", "wheel_diameter_mm": 711, "braking_intensity": 0.0, "is_braking": false, "is_crash": false, "crash_intensity_g": 0.0, "segment_start_sample": 5277, "segment_end_sample": 5278, "time_str": ""}}, {"type": "Feature", "geometry": {"type": "LineString", "coordinates": [[4.92225799738689, 52.3571079453153], [4.92226032062418, 52.3570927970213]]}, "properties": {"Speed": 0.0, "Speed_display": 3.6, "road_quality": 2, "marker": 0, "trip_id": "602DE_Trip5", "hrot_diff": 0, "sample_diff": 1, "time_diff_s": 0.02, "gps_distance_m": 1.7, "original_speed": "", "wheel_diameter_mm": 711, "braking_intensity": 0.0, "is_braking": false, "is_crash": false, "crash_intensity_g": 0.0, "segment_start_sample": 5321, "segment_end_sample": 5322, "time_str": ""}}, {"type": "Feature", "geometry": {"type": "LineString", "coordinates": [[4.92226032062418, 52.3570927970213], [4.9222886927247, 52.357043502213]]}, "properties": {"Speed": 0.0, "Speed_display": 8.6, "road_quality": 2, "marker": 0, "trip_id": "602DE_Trip5", "hrot_diff": 0, "sample_diff": 1, "time_diff_s": 0.02, "gps_distance_m": 5.8, "original_speed": "", "wheel_diameter_mm": 711, "braking_intensity": 0.0, "is_braking": false, "is_crash": false, "crash_intensity_g": 0.0, "segment_start_sample": 5378, "segment_end_sample": 5379, "time_str": ""}}, {"type": "Feature", "geometry": {"type": "LineString", "coordinates": [[4.9222886927247, 52.357043502213], [4.92231254999208, 52.3570287605501]]}, "properties": {"Speed": 0.0, "Speed_display": 5.0, "road_quality": 2, "marker": 0, "trip_id": "602DE_Trip5", "hrot_diff": 0, "sample_diff": 1, "time_diff_s": 0.02, "gps_distance_m": 2.3, "original_speed": "", "wheel_diameter_mm": 711, "braking_intensity": 0.0, "is_braking": false, "is_crash": false, "crash_intensity_g": 0.0, "segment_start_sample": 5422, "segment_end_sample": 5423, "time_str": ""}}, {"type": "Feature", "geometry": {"type": "LineString", "coordinates": [[4.92231254999208, 52.3570287605501], [4.92236771755572, 52.3569638598487]]}, "properties": {"Speed": 0.0, "Speed_display": 11.5, "road_quality": 2, "marker": 0, "trip_id": "602DE_Trip5", "hrot_diff": 0, "sample_diff": 1, "time_diff_s": 0.02, "gps_distance_m": 8.1, "original_speed": "", "wheel_diameter_mm": 711, "braking_intensity": 0.0, "is_braking": false, "is_crash": false, "crash_intensity_g": 0.0, "segment_start_sample": 5468, "segment_end_sample": 5469, "time_str": ""}}, {"type": "Feature", "geometry": {"type": "LineString", "coordinates": [[4.92236771755572, 52.3569638598487], [4.92243714341107, 52.3569454865322]]}, "properties": {"Speed": 0.0, "Speed_display": 9.4, "road_quality": 2, "marker": 0, "trip_id": "602DE_Trip5", "hrot_diff": 0, "sample_diff": 1, "time_diff_s": 0.02, "gps_distance_m": 5.1, "original_speed": "", "wheel_diameter_mm": 711, "braking_intensity": 0.0, "is_braking": false, "is_crash": false, "crash_intensity_g": 0.0, "segment_start_sample": 5528, "segment_end_sample": 5529, "time_str": ""}}, {"type": "Feature", "geometry": {"type": "LineString", "coordinates": [[4.92243714341107, 52.3569454865322], [4.9224887897517, 52.3569328437256]]}, "properties": {"Speed": 0.0, "Speed_display": 8.6, "road_quality": 2, "marker": 0, "trip_id": "602DE_Trip5", "hrot_diff": 0, "sample_diff": 1, "time_diff_s": 0.02, "gps_distance_m": 3.8, "original_speed": "", "wheel_diameter_mm": 711, "braking_intensity": 0.0, "is_braking": false, "is_crash": false, "crash_intensity_g": 0.0, "segment_start_sample": 5573, "segment_end_sample": 5574, "time_str": ""}}, {"type": "Feature", "geometry": {"type": "LineString", "coordinates": [[4.9224887897517, 52.3569328437256], [4.9225651473698, 52.3569361994892]]}, "properties": {"Speed": 0.0, "Speed_display": 10.1, "road_quality": 3, "marker": 0, "trip_id": "602DE_Trip5", "hrot_diff": 0, "sample_diff": 1, "time_diff_s": 0.02, "gps_distance_m": 5.2, "original_speed": "", "wheel_diameter_mm": 711, "braking_intensity": 0.0, "is_braking": false, "is_crash": false, "crash_intensity_g": 0.0, "segment_start_sample": 5631, "segment_end_sample": 5632, "time_str": ""}}, {"type": "Feature", "geometry": {"type": "LineString", "coordinates": [[4.9225651473698, 52.3569361994892], [4.92260882206728, 52.3569487026284]]}, "properties": {"Speed": 0.0, "Speed_display": 8.6, "road_quality": 3, "marker": 0, "trip_id": "602DE_Trip5", "hrot_diff": 0, "sample_diff": 1, "time_diff_s": 0.02, "gps_distance_m": 3.3, "original_speed": "", "wheel_diameter_mm": 711, "braking_intensity": 0.0, "is_braking": false, "is_crash": false, "crash_intensity_g": 0.0, "segment_start_sample": 5673, "segment_end_sample": 5674, "time_str": ""}}, {"type": "Feature", "geometry": {"type": "LineString", "coordinates": [[4.92260882206728, 52.3569487026284], [4.92268091035418, 52.3569583739723]]}, "properties": {"Speed": 0.0, "Speed_display": 10.1, "road_quality": 2, "marker": 0, "trip_id": "602DE_Trip5", "hrot_diff": 0, "sample_diff": 1, "time_diff_s": 0.02, "gps_distance_m": 5.0, "original_speed": "", "wheel_diameter_mm": 711, "braking_intensity": 0.0, "is_braking": false, "is_crash": false, "crash_intensity_g": 0.0, "segment_start_sample": 5728, "segment_end_sample": 5729, "time_str": ""}}, {"type": "Feature", "geometry": {"type": "LineString", "coordinates": [[4.92268091035418, 52.3569583739723], [4.92274117725484, 52.3569726301846]]}, "properties": {"Speed": 0.0, "Speed_display": 10.8, "road_quality": 2, "marker": 0, "trip_id": "602DE_Trip5", "hrot_diff": 0, "sample_diff": 1, "time_diff_s": 0.02, "gps_distance_m": 4.4, "original_speed": "", "wheel_diameter_mm": 711, "braking_intensity": 0.0, "is_braking": false, "is_crash": false, "crash_intensity_g": 0.0, "segment_start_sample": 5768, "segment_end_sample": 5769, "time_str": ""}}, {"type": "Feature", "geometry": {"type": "LineString", "coordinates": [[4.92274117725484, 52.3569726301846], [4.9227947927936, 52.3569933817541]]}, "properties": {"Speed": 0.0, "Speed_display": 10.1, "road_quality": 2, "marker": 0, "trip_id": "602DE_Trip5", "hrot_diff": 0, "sample_diff": 1, "time_diff_s": 0.02, "gps_distance_m": 4.3, "original_speed": "", "wheel_diameter_mm": 711, "braking_intensity": 0.0, "is_braking": false, "is_crash": false, "crash_intensity_g": 0.0, "segment_start_sample": 5821, "segment_end_sample": 5822, "time_str": ""}}, {"type": "Feature", "geometry": {"type": "LineString", "coordinates": [[4.9227947927936, 52.3569933817541], [4.9228511107455, 52.3570065861387]]}, "properties": {"Speed": 0.0, "Speed_display": 10.1, "road_quality": 2, "marker": 0, "trip_id": "602DE_Trip5", "hrot_diff": 0, "sample_diff": 1, "time_diff_s": 0.02, "gps_distance_m": 4.1, "original_speed": "", "wheel_diameter_mm": 711, "braking_intensity": 0.0, "is_braking": false, "is_crash": false, "crash_intensity_g": 0.0, "segment_start_sample": 5874, "segment_end_sample": 5875, "time_str": ""}}, {"type": "Feature", "geometry": {"type": "LineString", "coordinates": [[4.9228511107455, 52.3570065861387], [4.92289408764442, 52.3570209305851]]}, "properties": {"Speed": 0.0, "Speed_display": 9.4, "road_quality": 2, "marker": 0, "trip_id": "602DE_Trip5", "hrot_diff": 0, "sample_diff": 1, "time_diff_s": 0.02, "gps_distance_m": 3.3, "original_speed": "", "wheel_diameter_mm": 711, "braking_intensity": 0.0, "is_braking": false, "is_crash": false, "crash_intensity_g": 0.0, "segment_start_sample": 5925, "segment_end_sample": 5926, "time_str": ""}}, {"type": "Feature", "geometry": {"type": "LineString", "coordinates": [[4.92289408764442, 52.3570209305851], [4.92296281456345, 52.3570342962835]]}, "properties": {"Speed": 0.0, "Speed_display": 10.1, "road_quality": 2, "marker": 0, "trip_id": "602DE_Trip5", "hrot_diff": 0, "sample_diff": 1, "time_diff_s": 0.02, "gps_distance_m": 4.9, "original_speed": "", "wheel_diameter_mm": 711, "braking_intensity": 0.0, "is_braking": false, "is_crash": false, "crash_intensity_g": 0.0, "segment_start_sample": 5976, "segment_end_sample": 5977, "time_str": ""}}, {"type": "Feature", "geometry": {"type": "LineString", "coordinates": [[4.92296281456345, 52.3570342962835], [4.92302034688596, 52.3570547304967]]}, "properties": {"Speed": 0.0, "Speed_display": 10.8, "road_quality": 3, "marker": 0, "trip_id": "602DE_Trip5", "hrot_diff": 0, "sample_diff": 1, "time_diff_s": 0.02, "gps_distance_m": 4.5, "original_speed": "", "wheel_diameter_mm": 711, "braking_intensity": 0.0, "is_braking": false, "is_crash": false, "crash_intensity_g": 0.0, "segment_start_sample": 6027, "segment_end_sample": 6028, "time_str": ""}}, {"type": "Feature", "geometry": {"type": "LineString", "coordinates": [[4.92302034688596, 52.3570547304967], [4.92308056558112, 52.3570753164989]]}, "properties": {"Speed": 0.0, "Speed_display": 11.5, "road_quality": 3, "marker": 0, "trip_id": "602DE_Trip5", "hrot_diff": 0, "sample_diff": 1, "time_diff_s": 0.02, "gps_distance_m": 4.7, "original_speed": "", "wheel_diameter_mm": 711, "braking_intensity": 0.0, "is_braking": false, "is_crash": false, "crash_intensity_g": 0.0, "segment_start_sample": 6077, "segment_end_sample": 6078, "time_str": ""}}, {"type": "Feature", "geometry": {"type": "LineString", "coordinates": [[4.92308056558112, 52.3570753164989], [4.92313831247691, 52.3570932355758]]}, "properties": {"Speed": 0.0, "Speed_display": 10.8, "road_quality": 2, "marker": 0, "trip_id": "602DE_Trip5", "hrot_diff": 0, "sample_diff": 1, "time_diff_s": 0.02, "gps_distance_m": 4.4, "original_speed": "", "wheel_diameter_mm": 711, "braking_intensity": 0.0, "is_braking": false, "is_crash": false, "crash_intensity_g": 0.0, "segment_start_sample": 6126, "segment_end_sample": 6127, "time_str": ""}}, {"type": "Feature", "geometry": {"type": "LineString", "coordinates": [[4.92313831247691, 52.3570932355758], [4.92319859211453, 52.3571091506477]]}, "properties": {"Speed": 0.0, "Speed_display": 11.5, "road_quality": 2, "marker": 0, "trip_id": "602DE_Trip5", "hrot_diff": 0, "sample_diff": 1, "time_diff_s": 0.02, "gps_distance_m": 4.5, "original_speed": "", "wheel_diameter_mm": 711, "braking_intensity": 0.0, "is_braking": false, "is_crash": false, "crash_intensity_g": 0.0, "segment_start_sample": 6175, "segment_end_sample": 6176, "time_str": ""}}, {"type": "Feature", "geometry": {"type": "LineString", "coordinates": [[4.92319859211453, 52.3571091506477], [4.9232521189554, 52.35712801744]]}, "properties": {"Speed": 0.0, "Speed_display": 11.5, "road_quality": 2, "marker": 0, "trip_id": "602DE_Trip5", "hrot_diff": 0, "sample_diff": 1, "time_diff_s": 0.02, "gps_distance_m": 4.2, "original_speed": "", "wheel_diameter_mm": 711, "braking_intensity": 0.0, "is_braking": false, "is_crash": false, "crash_intensity_g": 0.0, "segment_start_sample": 6223, "segment_end_sample": 6224, "time_str": ""}}, {"type": "Feature", "geometry": {"type": "LineString", "coordinates": [[4.9232521189554, 52.35712801744], [4.92331728397288, 52.3571418506469]]}, "properties": {"Speed": 0.0, "Speed_display": 11.5, "road_quality": 2, "marker": 0, "trip_id": "602DE_Trip5", "hrot_diff": 0, "sample_diff": 1, "time_diff_s": 0.02, "gps_distance_m": 4.7, "original_speed": "", "wheel_diameter_mm": 711, "braking_intensity": 0.0, "is_braking": false, "is_crash": false, "crash_intensity_g": 0.0, "segment_start_sample": 6270, "segment_end_sample": 6271, "time_str": ""}}, {"type": "Feature", "geometry": {"type": "LineString", "coordinates": [[4.92331728397288, 52.3571418506469], [4.92338130717172, 52.3571565741535]]}, "properties": {"Speed": 0.0, "Speed_display": 11.5, "road_quality": 2, "marker": 0, "trip_id": "602DE_Trip5", "hrot_diff": 0, "sample_diff": 1, "time_diff_s": 0.02, "gps_distance_m": 4.6, "original_speed": "", "wheel_diameter_mm": 711, "braking_intensity": 0.0, "is_braking": false, "is_crash": false, "crash_intensity_g": 0.0, "segment_start_sample": 6329, "segment_end_sample": 6330, "time_str": ""}}, {"type": "Feature", "geometry": {"type": "LineString", "coordinates": [[4.92338130717172, 52.3571565741535], [4.92344197526918, 52.3571724870098]]}, "properties": {"Speed": 0.0, "Speed_display": 11.5, "road_quality": 3, "marker": 0, "trip_id": "602DE_Trip5", "hrot_diff": 0, "sample_diff": 1, "time_diff_s": 0.02, "gps_distance_m": 4.5, "original_speed": "", "wheel_diameter_mm": 711, "braking_intensity": 0.0, "is_braking": false, "is_crash": false, "crash_intensity_g": 0.0, "segment_start_sample": 6376, "segment_end_sample": 6377, "time_str": ""}}, {"type": "Feature", "geometry": {"type": "LineString", "coordinates": [[4.92344197526918, 52.3571724870098], [4.9235041459252, 52.3571846806269]]}, "properties": {"Speed": 0.0, "Speed_display": 11.5, "road_quality": 3, "marker": 0, "trip_id": "602DE_Trip5", "hrot_diff": 0, "sample_diff": 1, "time_diff_s": 0.02, "gps_distance_m": 4.4, "original_speed": "", "wheel_diameter_mm": 711, "braking_intensity": 0.0, "is_braking": false, "is_crash": false, "crash_intensity_g": 0.0, "segment_start_sample": 6424, "segment_end_sample": 6425, "time_str": ""}}, {"type": "Feature", "geometry": {"type": "LineString", "coordinates": [[4.9235041459252, 52.3571846806269], [4.92359940383676, 52.3572093806761]]}, "properties": {"Speed": 0.0, "Speed_display": 10.8, "road_quality": 3, "marker": 0, "trip_id": "602DE_Trip5", "hrot_diff": 0, "sample_diff": 1, "time_diff_s": 0.02, "gps_distance_m": 7.0, "original_speed": "", "wheel_diameter_mm": 711, "braking_intensity": 0.0, "is_braking": false, "is_crash": false, "crash_intensity_g": 0.0, "segment_start_sample": 6508, "segment_end_sample": 6509, "time_str": ""}}, {"type": "Feature", "geometry": {"type": "LineString", "coordinates": [[4.92359940383676, 52.3572093806761], [4.92361205406844, 52.3572145754832]]}, "properties": {"Speed": 0.0, "Speed_display": 2.2, "road_quality": 3, "marker": 0, "trip_id": "602DE_Trip5", "hrot_diff": 0, "sample_diff": 1, "time_diff_s": 0.02, "gps_distance_m": 1.0, "original_speed": "", "wheel_diameter_mm": 711, "braking_intensity": 0.0, "is_braking": false, "is_crash": false, "crash_intensity_g": 0.0, "segment_start_sample": 6579, "segment_end_sample": 6580, "time_str": ""}}, {"type": "Feature", "geometry": {"type": "LineString", "coordinates": [[4.92361205406844, 52.3572145754832], [4.92369800292883, 52.3572371756222]]}, "properties": {"Speed": 0.0, "Speed_display": 9.4, "road_quality": 3, "marker": 0, "trip_id": "602DE_Trip5", "hrot_diff": 0, "sample_diff": 1, "time_diff_s": 0.02, "gps_distance_m": 6.4, "original_speed": "", "wheel_diameter_mm": 711, "braking_intensity": 0.0, "is_braking": false, "is_crash": false, "crash_intensity_g": 0.0, "segment_start_sample": 6627, "segment_end_sample": 6628, "time_str": ""}}, {"type": "Feature", "geometry": {"type": "LineString", "coordinates": [[4.92369800292883, 52.3572371756222], [4.9237180460794, 52.3572427434673]]}, "properties": {"Speed": 0.0, "Speed_display": 2.9, "road_quality": 3, "marker": 0, "trip_id": "602DE_Trip5", "hrot_diff": 0, "sample_diff": 1, "time_diff_s": 0.02, "gps_distance_m": 1.5, "original_speed": "", "wheel_diameter_mm": 711, "braking_intensity": 0.0, "is_braking": false, "is_crash": false, "crash_intensity_g": 0.0, "segment_start_sample": 6674, "segment_end_sample": 6675, "time_str": ""}}, {"type": "Feature", "geometry": {"type": "LineString", "coordinates": [[4.9237180460794, 52.3572427434673], [4.92383549331696, 52.3572736288585]]}, "properties": {"Speed": 0.0, "Speed_display": 13.7, "road_quality": 2, "marker": 0, "trip_id": "602DE_Trip5", "hrot_diff": 0, "sample_diff": 1, "time_diff_s": 0.02, "gps_distance_m": 8.7, "original_speed": "", "wheel_diameter_mm": 711, "braking_intensity": 0.0, "is_braking": false, "is_crash": false, "crash_intensity_g": 0.0, "segment_start_sample": 6723, "segment_end_sample": 6724, "time_str": ""}}, {"type": "Feature", "geometry": {"type": "LineString", "coordinates": [[4.92383549331696, 52.3572736288585], [4.92385094141243, 52.357268301678]]}, "properties": {"Speed": 0.0, "Speed_display": 2.9, "road_quality": 3, "marker": 0, "trip_id": "602DE_Trip5", "hrot_diff": 0, "sample_diff": 1, "time_diff_s": 0.02, "gps_distance_m": 1.2, "original_speed": "", "wheel_diameter_mm": 711, "braking_intensity": 0.0, "is_braking": false, "is_crash": false, "crash_intensity_g": 0.0, "segment_start_sample": 6772, "segment_end_sample": 6773, "time_str": ""}}, {"type": "Feature", "geometry": {"type": "LineString", "coordinates": [[4.92385094141243, 52.357268301678], [4.92394837547584, 52.3573017286395]]}, "properties": {"Speed": 0.0, "Speed_display": 10.8, "road_quality": 3, "marker": 0, "trip_id": "602DE_Trip5", "hrot_diff": 0, "sample_diff": 1, "time_diff_s": 0.02, "gps_distance_m": 7.6, "original_speed": "", "wheel_diameter_mm": 711, "braking_intensity": 0.0, "is_braking": false, "is_crash": false, "crash_intensity_g": 0.0, "segment_start_sample": 6821, "segment_end_sample": 6822, "time_str": ""}}, {"type": "Feature", "geometry": {"type": "LineString", "coordinates": [[4.92394837547584, 52.3573017286395], [4.92396679100772, 52.3573106362331]]}, "properties": {"Speed": 0.0, "Speed_display": 2.9, "road_quality": 3, "marker": 0, "trip_id": "602DE_Trip5", "hrot_diff": 0, "sample_diff": 1, "time_diff_s": 0.02, "gps_distance_m": 1.6, "original_speed": "", "wheel_diameter_mm": 711, "braking_intensity": 0.0, "is_braking": false, "is_crash": false, "crash_intensity_g": 0.0, "segment_start_sample": 6870, "segment_end_sample": 6871, "time_str": ""}}, {"type": "Feature", "geometry": {"type": "LineString", "coordinates": [[4.92396679100772, 52.3573106362331], [4.92407147390712, 52.357339385517]]}, "properties": {"Speed": 0.0, "Speed_display": 13.0, "road_quality": 3, "marker": 0, "trip_id": "602DE_Trip5", "hrot_diff": 0, "sample_diff": 1, "time_diff_s": 0.02, "gps_distance_m": 7.8, "original_speed": "", "wheel_diameter_mm": 711, "braking_intensity": 0.0, "is_braking": false, "is_crash": false, "crash_intensity_g": 0.0, "segment_start_sample": 6929, "segment_end_sample": 6930, "time_str": ""}}, {"type": "Feature", "geometry": {"type": "LineString", "coordinates": [[4.92407147390712, 52.357339385517], [4.92410637561022, 52.3573408150728]]}, "properties": {"Speed": 0.0, "Speed_display": 2.2, "road_quality": 2, "marker": 0, "trip_id": "602DE_Trip5", "hrot_diff": 0, "sample_diff": 1, "time_diff_s": 0.02, "gps_distance_m": 2.4, "original_speed": "", "wheel_diameter_mm": 711, "braking_intensity": 0.0, "is_braking": false, "is_crash": false, "crash_intensity_g": 0.0, "segment_start_sample": 6978, "segment_end_sample": 6979, "time_str": ""}}, {"type": "Feature", "geometry": {"type": "LineString", "coordinates": [[4.92410637561022, 52.3573408150728], [4.92416439741244, 52.3573543084319]]}, "properties": {"Speed": 0.0, "Speed_display": 5.8, "road_quality": 2, "marker": 0, "trip_id": "602DE_Trip5", "hrot_diff": 0, "sample_diff": 1, "time_diff_s": 0.02, "gps_distance_m": 4.2, "original_speed": "", "wheel_diameter_mm": 711, "braking_intensity": 0.0, "is_braking": false, "is_crash": false, "crash_intensity_g": 0.0, "segment_start_sample": 7027, "segment_end_sample": 7028, "time_str": ""}}, {"type": "Feature", "geometry": {"type": "LineString", "coordinates": [[4.92416439741244, 52.3573543084319], [4.92425896236146, 52.3573810335245]]}, "properties": {"Speed": 0.0, "Speed_display": 10.8, "road_quality": 2, "marker": 0, "trip_id": "602DE_Trip5", "hrot_diff": 0, "sample_diff": 1, "time_diff_s": 0.02, "gps_distance_m": 7.1, "original_speed": "", "wheel_diameter_mm": 711, "braking_intensity": 0.0, "is_braking": false, "is_crash": false, "crash_intensity_g": 0.0, "segment_start_sample": 7076, "segment_end_sample": 7077, "time_str": ""}}, {"type": "Feature", "geometry": {"type": "LineString", "coordinates": [[4.92425896236146, 52.3573810335245], [4.92421450980306, 52.3573856092798]]}, "properties": {"Speed": 0.0, "Speed_display": 2.9, "road_quality": 2, "marker": 0, "trip_id": "602DE_Trip5", "hrot_diff": 0, "sample_diff": 1, "time_diff_s": 0.02, "gps_distance_m": 3.1, "original_speed": "", "wheel_diameter_mm": 711, "braking_intensity": 0.0, "is_braking": false, "is_crash": false, "crash_intensity_g": 0.0, "segment_start_sample": 7124, "segment_end_sample": 7125, "time_str": ""}}, {"type": "Feature", "geometry": {"type": "LineString", "coordinates": [[4.92421450980306, 52.3573856092798], [4.92433478924119, 52.357416165062]]}, "properties": {"Speed": 0.0, "Speed_display": 13.0, "road_quality": 2, "marker": 0, "trip_id": "602DE_Trip5", "hrot_diff": 0, "sample_diff": 1, "time_diff_s": 0.02, "gps_distance_m": 8.8, "original_speed": "", "wheel_diameter_mm": 711, "braking_intensity": 0.0, "is_braking": false, "is_crash": false, "crash_intensity_g": 0.0, "segment_start_sample": 7173, "segment_end_sample": 7174, "time_str": ""}}, {"type": "Feature", "geometry": {"type": "LineString", "coordinates": [[4.92433478924119, 52.357416165062], [4.92442743363619, 52.3574366640285]]}, "properties": {"Speed": 0.0, "Speed_display": 9.4, "road_quality": 3, "marker": 0, "trip_id": "602DE_Trip5", "hrot_diff": 0, "sample_diff": 1, "time_diff_s": 0.02, "gps_distance_m": 6.7, "original_speed": "", "wheel_diameter_mm": 711, "braking_intensity": 0.0, "is_braking": false, "is_crash": false, "crash_intensity_g": 0.0, "segment_start_sample": 7246, "segment_end_sample": 7247, "time_str": ""}}, {"type": "Feature", "geometry": {"type": "LineString", "coordinates": [[4.92442743363619, 52.3574366640285], [4.92443710328141, 52.3574451558448]]}, "properties": {"Speed": 0.0, "Speed_display": 3.6, "road_quality": 2, "marker": 0, "trip_id": "602DE_Trip5", "hrot_diff": 0, "sample_diff": 1, "time_diff_s": 0.02, "gps_distance_m": 1.2, "original_speed": "", "wheel_diameter_mm": 711, "braking_intensity": 0.0, "is_braking": false, "is_crash": false, "crash_intensity_g": 0.0, "segment_start_sample": 7319, "segment_end_sample": 7320, "time_str": ""}}, {"type": "Feature", "geometry": {"type": "LineString", "coordinates": [[4.92443710328141, 52.3574451558448], [4.92450098667765, 52.3574547843915]]}, "properties": {"Speed": 0.0, "Speed_display": 7.2, "road_quality": 2, "marker": 0, "trip_id": "602DE_Trip5", "hrot_diff": 0, "sample_diff": 1, "time_diff_s": 0.02, "gps_distance_m": 4.5, "original_speed": "", "wheel_diameter_mm": 711, "braking_intensity": 0.0, "is_braking": false, "is_crash": false, "crash_intensity_g": 0.0, "segment_start_sample": 7369, "segment_end_sample": 7370, "time_str": ""}}, {"type": "Feature", "geometry": {"type": "LineString", "coordinates": [[4.92450098667765, 52.3574547843915], [4.92453866054241, 52.3574702965578]]}, "properties": {"Speed": 0.0, "Speed_display": 4.3, "road_quality": 3, "marker": 0, "trip_id": "602DE_Trip5", "hrot_diff": 0, "sample_diff": 1, "time_diff_s": 0.02, "gps_distance_m": 3.1, "original_speed": "", "wheel_diameter_mm": 711, "braking_intensity": 0.0, "is_braking": false, "is_crash": false, "crash_intensity_g": 0.0, "segment_start_sample": 7419, "segment_end_sample": 7420, "time_str": ""}}, {"type": "Feature", "geometry": {"type": "LineString", "coordinates": [[4.92453866054241, 52.3574702965578], [4.92463827886084, 52.3575104191253]]}, "properties": {"Speed": 0.0, "Speed_display": 12.2, "road_quality": 3, "marker": 0, "trip_id": "602DE_Trip5", "hrot_diff": 0, "sample_diff": 1, "time_diff_s": 0.02, "gps_distance_m": 8.1, "original_speed": "", "wheel_diameter_mm": 711, "braking_intensity": 0.0, "is_braking": false, "is_crash": false, "crash_intensity_g": 0.0, "segment_start_sample": 7469, "segment_end_sample": 7470, "time_str": ""}}, {"type": "Feature", "geometry": {"type": "LineString", "coordinates": [[4.92463827886084, 52.3575104191253], [4.92466241398, 52.3575059033466]]}, "properties": {"Speed": 0.0, "Speed_display": 2.2, "road_quality": 2, "marker": 0, "trip_id": "602DE_Trip5", "hrot_diff": 0, "sample_diff": 1, "time_diff_s": 0.02, "gps_distance_m": 1.7, "original_speed": "", "wheel_diameter_mm": 711, "braking_intensity": 0.0, "is_braking": false, "is_crash": false, "crash_intensity_g": 0.0, "segment_start_sample": 7519, "segment_end_sample": 7520, "time_str": ""}}, {"type": "Feature", "geometry": {"type": "LineString", "coordinates": [[4.92466241398, 52.3575059033466], [4.92476373366164, 52.3575352762411]]}, "properties": {"Speed": 0.0, "Speed_display": 10.1, "road_quality": 2, "marker": 0, "trip_id": "602DE_Trip5", "hrot_diff": 0, "sample_diff": 1, "time_diff_s": 0.02, "gps_distance_m": 7.6, "original_speed": "", "wheel_diameter_mm": 711, "braking_intensity": 0.0, "is_braking": false, "is_crash": false, "crash_intensity_g": 0.0, "segment_start_sample": 7569, "segment_end_sample": 7570, "time_str": ""}}, {"type": "Feature", "geometry": {"type": "LineString", "coordinates": [[4.92476373366164, 52.3575352762411], [4.92478988198981, 52.3575395831541]]}, "properties": {"Speed": 0.0, "Speed_display": 2.9, "road_quality": 2, "marker": 0, "trip_id": "602DE_Trip5", "hrot_diff": 0, "sample_diff": 1, "time_diff_s": 0.02, "gps_distance_m": 1.8, "original_speed": "", "wheel_diameter_mm": 711, "braking_intensity": 0.0, "is_braking": false, "is_crash": false, "crash_intensity_g": 0.0, "segment_start_sample": 7619, "segment_end_sample": 7620, "time_str": ""}}, {"type": "Feature", "geometry": {"type": "LineString", "coordinates": [[4.92478988198981, 52.3575395831541], [4.92489367279085, 52.3575601892405]]}, "properties": {"Speed": 0.0, "Speed_display": 10.8, "road_quality": 2, "marker": 0, "trip_id": "602DE_Trip5", "hrot_diff": 0, "sample_diff": 1, "time_diff_s": 0.02, "gps_distance_m": 7.4, "original_speed": "", "wheel_diameter_mm": 711, "braking_intensity": 0.0, "is_braking": false, "is_crash": false, "crash_intensity_g": 0.0, "segment_start_sample": 7673, "segment_end_sample": 7674, "time_str": ""}}, {"type": "Feature", "geometry": {"type": "LineString", "coordinates": [[4.92489367279085, 52.3575601892405], [4.92490942385538, 52.3575677547425]]}, "properties": {"Speed": 0.0, "Speed_display": 3.6, "road_quality": 3, "marker": 0, "trip_id": "602DE_Trip5", "hrot_diff": 0, "sample_diff": 1, "time_diff_s": 0.02, "gps_distance_m": 1.4, "original_speed": "", "wheel_diameter_mm": 711, "braking_intensity": 0.0, "is_braking": false, "is_crash": false, "crash_intensity_g": 0.0, "segment_start_sample": 7724, "segment_end_sample": 7725, "time_str": ""}}, {"type": "Feature", "geometry": {"type": "LineString", "coordinates": [[4.92490942385538, 52.3575677547425], [4.92502795404969, 52.3575959295172]]}, "properties": {"Speed": 0.0, "Speed_display": 13.0, "road_quality": 3, "marker": 0, "trip_id": "602DE_Trip5", "hrot_diff": 0, "sample_diff": 1, "time_diff_s": 0.02, "gps_distance_m": 8.6, "original_speed": "", "wheel_diameter_mm": 711, "braking_intensity": 0.0, "is_braking": false, "is_crash": false, "crash_intensity_g": 0.0, "segment_start_sample": 7772, "segment_end_sample": 7773, "time_str": ""}}, {"type": "Feature", "geometry": {"type": "LineString", "coordinates": [[4.92502795404969, 52.3575959295172], [4.92504204648049, 52.3576023026112]]}, "properties": {"Speed": 0.0, "Speed_display": 2.9, "road_quality": 2, "marker": 0, "trip_id": "602DE_Trip5", "hrot_diff": 0, "sample_diff": 1, "time_diff_s": 0.02, "gps_distance_m": 1.2, "original_speed": "", "wheel_diameter_mm": 711, "braking_intensity": 0.0, "is_braking": false, "is_crash": false, "crash_intensity_g": 0.0, "segment_start_sample": 7822, "segment_end_sample": 7823, "time_str": ""}}, {"type": "Feature", "geometry": {"type": "LineString", "coordinates": [[4.92504204648049, 52.3576023026112], [4.92512965276169, 52.3576260900891]]}, "properties": {"Speed": 0.0, "Speed_display": 10.1, "road_quality": 2, "marker": 0, "trip_id": "602DE_Trip5", "hrot_diff": 0, "sample_diff": 1, "time_diff_s": 0.02, "gps_distance_m": 6.5, "original_speed": "", "wheel_diameter_mm": 711, "braking_intensity": 0.0, "is_braking": false, "is_crash": false, "crash_intensity_g": 0.0, "segment_start_sample": 7871, "segment_end_sample": 7872, "time_str": ""}}, {"type": "Feature", "geometry": {"type": "LineString", "coordinates": [[4.92512965276169, 52.3576260900891], [4.92515214972764, 52.3576336825196]]}, "properties": {"Speed": 0.0, "Speed_display": 3.6, "road_quality": 2, "marker": 0, "trip_id": "602DE_Trip5", "hrot_diff": 0, "sample_diff": 1, "time_diff_s": 0.02, "gps_distance_m": 1.7, "original_speed": "", "wheel_diameter_mm": 711, "braking_intensity": 0.0, "is_braking": false, "is_crash": false, "crash_intensity_g": 0.0, "segment_start_sample": 7918, "segment_end_sample": 7919, "time_str": ""}}, {"type": "Feature", "geometry": {"type": "LineString", "coordinates": [[4.92515214972764, 52.3576336825196], [4.92526310312754, 52.3576644079194]]}, "properties": {"Speed": 0.0, "Speed_display": 13.0, "road_quality": 3, "marker": 0, "trip_id": "602DE_Trip5", "hrot_diff": 0, "sample_diff": 1, "time_diff_s": 0.02, "gps_distance_m": 8.3, "original_speed": "", "wheel_diameter_mm": 711, "braking_intensity": 0.0, "is_braking": false, "is_crash": false, "crash_intensity_g": 0.0, "segment_start_sample": 7979, "segment_end_sample": 7980, "time_str": ""}}, {"type": "Feature", "geometry": {"type": "LineString", "coordinates": [[4.92526310312754, 52.3576644079194], [4.92527887966772, 52.3576704057438]]}, "properties": {"Speed": 0.0, "Speed_display": 2.9, "road_quality": 2, "marker": 0, "trip_id": "602DE_Trip5", "hrot_diff": 0, "sample_diff": 1, "time_diff_s": 0.02, "gps_distance_m": 1.3, "original_speed": "", "wheel_diameter_mm": 711, "braking_intensity": 0.0, "is_braking": false, "is_crash": false, "crash_intensity_g": 0.0, "segment_start_sample": 8027, "segment_end_sample": 8028, "time_str": ""}}, {"type": "Feature", "geometry": {"type": "LineString", "coordinates": [[4.92527887966772, 52.3576704057438], [4.9253755602202, 52.3576964093598]]}, "properties": {"Speed": 0.0, "Speed_display": 11.5, "road_quality": 2, "marker": 0, "trip_id": "602DE_Trip5", "hrot_diff": 0, "sample_diff": 1, "time_diff_s": 0.02, "gps_distance_m": 7.2, "original_speed": "", "wheel_diameter_mm": 711, "braking_intensity": 0.0, "is_braking": false, "is_crash": false, "crash_intensity_g": 0.0, "segment_start_sample": 8075, "segment_end_sample": 8076, "time_str": ""}}, {"type": "Feature", "geometry": {"type": "LineString", "coordinates": [[4.9253755602202, 52.3576964093598], [4.92540374058005, 52.3577045556447]]}, "properties": {"Speed": 0.0, "Speed_display": 5.0, "road_quality": 2, "marker": 0, "trip_id": "602DE_Trip5", "hrot_diff": 0, "sample_diff": 1, "time_diff_s": 0.02, "gps_distance_m": 2.1, "original_speed": "", "wheel_diameter_mm": 711, "braking_intensity": 0.0, "is_braking": false, "is_crash": false, "crash_intensity_g": 0.0, "segment_start_sample": 8125, "segment_end_sample": 8126, "time_str": ""}}, {"type": "Feature", "geometry": {"type": "LineString", "coordinates": [[4.92540374058005, 52.3577045556447], [4.92552096800632, 52.3577348958538]]}, "properties": {"Speed": 0.0, "Speed_display": 13.7, "road_quality": 2, "marker": 0, "trip_id": "602DE_Trip5", "hrot_diff": 0, "sample_diff": 1, "time_diff_s": 0.02, "gps_distance_m": 8.6, "original_speed": "", "wheel_diameter_mm": 711, "braking_intensity": 0.0, "is_braking": false, "is_crash": false, "crash_intensity_g": 0.0, "segment_start_sample": 8173, "segment_end_sample": 8174, "time_str": ""}}, {"type": "Feature", "geometry": {"type": "LineString", "coordinates": [[4.92552096800632, 52.3577348958538], [4.9255872870202, 52.357753357452]]}, "properties": {"Speed": 0.0, "Speed_display": 13.0, "road_quality": 2, "marker": 0, "trip_id": "602DE_Trip5", "hrot_diff": 0, "sample_diff": 1, "time_diff_s": 0.02, "gps_distance_m": 4.9, "original_speed": "", "wheel_diameter_mm": 711, "braking_intensity": 0.0, "is_braking": false, "is_crash": false, "crash_intensity_g": 0.0, "segment_start_sample": 8221, "segment_end_sample": 8222, "time_str": ""}}, {"type": "Feature", "geometry": {"type": "LineString", "coordinates": [[4.9255872870202, 52.357753357452], [4.92563486946623, 52.3577758940721]]}, "properties": {"Speed": 0.0, "Speed_display": 11.5, "road_quality": 2, "marker": 0, "trip_id": "602DE_Trip5", "hrot_diff": 0, "sample_diff": 1, "time_diff_s": 0.02, "gps_distance_m": 4.1, "original_speed": "", "wheel_diameter_mm": 711, "braking_intensity": 0.0, "is_braking": false, "is_crash": false, "crash_intensity_g": 0.0, "segment_start_sample": 8269, "segment_end_sample": 8270, "time_str": ""}}, {"type": "Feature", "geometry": {"type": "LineString", "coordinates": [[4.92563486946623, 52.3577758940721], [4.9256965705187, 52.3577912678482]]}, "properties": {"Speed": 0.0, "Speed_display": 11.5, "road_quality": 2, "marker": 0, "trip_id": "602DE_Trip5", "hrot_diff": 0, "sample_diff": 1, "time_diff_s": 0.02, "gps_distance_m": 4.5, "original_speed": "", "wheel_diameter_mm": 711, "braking_intensity": 0.0, "is_braking": false, "is_crash": false, "crash_intensity_g": 0.0, "segment_start_sample": 8329, "segment_end_sample": 8330, "time_str": ""}}, {"type": "Feature", "geometry": {"type": "LineString", "coordinates": [[4.9256965705187, 52.3577912678482], [4.92575540251344, 52.357808634291]]}, "properties": {"Speed": 0.0, "Speed_display": 11.5, "road_quality": 2, "marker": 0, "trip_id": "602DE_Trip5", "hrot_diff": 0, "sample_diff": 1, "time_diff_s": 0.02, "gps_distance_m": 4.4, "original_speed": "", "wheel_diameter_mm": 711, "braking_intensity": 0.0, "is_braking": false, "is_crash": false, "crash_intensity_g": 0.0, "segment_start_sample": 8378, "segment_end_sample": 8379, "time_str": ""}}, {"type": "Feature", "geometry": {"type": "LineString", "coordinates": [[4.92575540251344, 52.357808634291], [4.92581719233116, 52.3578334704429]]}, "properties": {"Speed": 0.0, "Speed_display": 11.5, "road_quality": 3, "marker": 0, "trip_id": "602DE_Trip5", "hrot_diff": 0, "sample_diff": 1, "time_diff_s": 0.02, "gps_distance_m": 5.0, "original_speed": "", "wheel_diameter_mm": 711, "braking_intensity": 0.0, "is_braking": false, "is_crash": false, "crash_intensity_g": 0.0, "segment_start_sample": 8427, "segment_end_sample": 8428, "time_str": ""}}, {"type": "Feature", "geometry": {"type": "LineString", "coordinates": [[4.92581719233116, 52.3578334704429], [4.92587786241031, 52.3578507257655]]}, "properties": {"Speed": 0.0, "Speed_display": 11.5, "road_quality": 3, "marker": 0, "trip_id": "602DE_Trip5", "hrot_diff": 0, "sample_diff": 1, "time_diff_s": 0.02, "gps_distance_m": 4.5, "original_speed": "", "wheel_diameter_mm": 711, "braking_intensity": 0.0, "is_braking": false, "is_crash": false, "crash_intensity_g": 0.0, "segment_start_sample": 8476, "segment_end_sample": 8477, "time_str": ""}}, {"type": "Feature", "geometry": {"type": "LineString", "coordinates": [[4.92587786241031, 52.3578507257655], [4.92593393821535, 52.3578695346002]]}, "properties": {"Speed": 0.0, "Speed_display": 10.8, "road_quality": 3, "marker": 0, "trip_id": "602DE_Trip5", "hrot_diff": 0, "sample_diff": 1, "time_diff_s": 0.02, "gps_distance_m": 4.3, "original_speed": "", "wheel_diameter_mm": 711, "braking_intensity": 0.0, "is_braking": false, "is_crash": false, "crash_intensity_g": 0.0, "segment_start_sample": 8524, "segment_end_sample": 8525, "time_str": ""}}, {"type": "Feature", "geometry": {"type": "LineString", "coordinates": [[4.92593393821535, 52.3578695346002], [4.92599432142265, 52.3578945503406]]}, "properties": {"Speed": 0.0, "Speed_display": 11.5, "road_quality": 2, "marker": 0, "trip_id": "602DE_Trip5", "hrot_diff": 0, "sample_diff": 1, "time_diff_s": 0.02, "gps_distance_m": 5.0, "original_speed": "", "wheel_diameter_mm": 711, "braking_intensity": 0.0, "is_braking": false, "is_crash": false, "crash_intensity_g": 0.0, "segment_start_sample": 8572, "segment_end_sample": 8573, "time_str": ""}}, {"type": "Feature", "geometry": {"type": "LineString", "coordinates": [[4.92599432142265, 52.3578945503406], [4.92605017560059, 52.3579056696571]]}, "properties": {"Speed": 0.0, "Speed_display": 10.8, "road_quality": 2, "marker": 0, "trip_id": "602DE_Trip5", "hrot_diff": 0, "sample_diff": 1, "time_diff_s": 0.02, "gps_distance_m": 4.0, "original_speed": "", "wheel_diameter_mm": 711, "braking_intensity": 0.0, "is_braking": false, "is_crash": false, "crash_intensity_g": 0.0, "segment_start_sample": 8623, "segment_end_sample": 8624, "time_str": ""}}, {"type": "Feature", "geometry": {"type": "LineString", "coordinates": [[4.92605017560059, 52.3579056696571], [4.92611261156304, 52.3579165757479]]}, "properties": {"Speed": 0.0, "Speed_display": 10.8, "road_quality": 2, "marker": 0, "trip_id": "602DE_Trip5", "hrot_diff": 0, "sample_diff": 1, "time_diff_s": 0.02, "gps_distance_m": 4.4, "original_speed": "", "wheel_diameter_mm": 711, "braking_intensity": 0.0, "is_braking": false, "is_crash": false, "crash_intensity_g": 0.0, "segment_start_sample": 8674, "segment_end_sample": 8675, "time_str": ""}}, {"type": "Feature", "geometry": {"type": "LineString", "coordinates": [[4.92611261156304, 52.3579165757479], [4.92617014704035, 52.357937666742]]}, "properties": {"Speed": 0.0, "Speed_display": 10.8, "road_quality": 2, "marker": 0, "trip_id": "602DE_Trip5", "hrot_diff": 0, "sample_diff": 1, "time_diff_s": 0.02, "gps_distance_m": 4.6, "original_speed": "", "wheel_diameter_mm": 711, "braking_intensity": 0.0, "is_braking": false, "is_crash": false, "crash_intensity_g": 0.0, "segment_start_sample": 8723, "segment_end_sample": 8724, "time_str": ""}}, {"type": "Feature", "geometry": {"type": "LineString", "coordinates": [[4.92617014704035, 52.357937666742], [4.92622691479236, 52.3579560689068]]}, "properties": {"Speed": 0.0, "Speed_display": 10.8, "road_quality": 2, "marker": 0, "trip_id": "602DE_Trip5", "hrot_diff": 0, "sample_diff": 1, "time_diff_s": 0.02, "gps_distance_m": 4.4, "original_speed": "", "wheel_diameter_mm": 711, "braking_intensity": 0.0, "is_braking": false, "is_crash": false, "crash_intensity_g": 0.0, "segment_start_sample": 8774, "segment_end_sample": 8775, "time_str": ""}}, {"type": "Feature", "geometry": {"type": "LineString", "coordinates": [[4.92622691479236, 52.3579560689068], [4.92628484008843, 52.3579675166881]]}, "properties": {"Speed": 0.0, "Speed_display": 10.8, "road_quality": 2, "marker": 0, "trip_id": "602DE_Trip5", "hrot_diff": 0, "sample_diff": 1, "time_diff_s": 0.02, "gps_distance_m": 4.1, "original_speed": "", "wheel_diameter_mm": 711, "braking_intensity": 0.0, "is_braking": false, "is_crash": false, "crash_intensity_g": 0.0, "segment_start_sample": 8827, "segment_end_sample": 8828, "time_str": ""}}, {"type": "Feature", "geometry": {"type": "LineString", "coordinates": [[4.92628484008843, 52.3579675166881], [4.92633090576664, 52.3579888947415]]}, "properties": {"Speed": 0.0, "Speed_display": 10.1, "road_quality": 2, "marker": 0, "trip_id": "602DE_Trip5", "hrot_diff": 0, "sample_diff": 1, "time_diff_s": 0.02, "gps_distance_m": 3.9, "original_speed": "", "wheel_diameter_mm": 711, "braking_intensity": 0.0, "is_braking": false, "is_crash": false, "crash_intensity_g": 0.0, "segment_start_sample": 8871, "segment_end_sample": 8872, "time_str": ""}}, {"type": "Feature", "geometry": {"type": "LineString", "coordinates": [[4.92633090576664, 52.3579888947415], [4.92637710511596, 52.3579964101429]]}, "properties": {"Speed": 0.0, "Speed_display": 8.6, "road_quality": 2, "marker": 0, "trip_id": "602DE_Trip5", "hrot_diff": 0, "sample_diff": 1, "time_diff_s": 0.02, "gps_distance_m": 3.2, "original_speed": "", "wheel_diameter_mm": 711, "braking_intensity": 0.0, "is_braking": false, "is_crash": false, "crash_intensity_g": 0.0, "segment_start_sample": 8920, "segment_end_sample": 8921, "time_str": ""}}, {"type": "Feature", "geometry": {"type": "LineString", "coordinates": [[4.92637710511596, 52.3579964101429], [4.92641245465325, 52.3580022627877]]}, "properties": {"Speed": 0.0, "Speed_display": 7.2, "road_quality": 2, "marker": 0, "trip_id": "602DE_Trip5", "hrot_diff": 0, "sample_diff": 1, "time_diff_s": 0.02, "gps_distance_m": 2.5, "original_speed": "", "wheel_diameter_mm": 711, "braking_intensity": 0.0, "is_braking": false, "is_crash": false, "crash_intensity_g": 0.0, "segment_start_sample": 8976, "segment_end_sample": 8977, "time_str": ""}}, {"type": "Feature", "geometry": {"type": "LineString", "coordinates": [[4.92641245465325, 52.3580022627877], [4.92645215707445, 52.3580011567691]]}, "properties": {"Speed": 0.0, "Speed_display": 6.5, "road_quality": 2, "marker": 0, "trip_id": "602DE_Trip5", "hrot_diff": 0, "sample_diff": 1, "time_diff_s": 0.02, "gps_distance_m": 2.7, "original_speed": "", "wheel_diameter_mm": 711, "braking_intensity": 0.0, "is_braking": false, "is_crash": false, "crash_intensity_g": 0.0, "segment_start_sample": 9021, "segment_end_sample": 9022, "time_str": ""}}, {"type": "Feature", "geometry": {"type": "LineString", "coordinates": [[4.92645215707445, 52.3580011567691], [4.92647649378201, 52.3579814489616]]}, "properties": {"Speed": 0.0, "Speed_display": 5.8, "road_quality": 2, "marker": 0, "trip_id": "602DE_Trip5", "hrot_diff": 0, "sample_diff": 1, "time_diff_s": 0.02, "gps_distance_m": 2.7, "original_speed": "", "wheel_diameter_mm": 711, "braking_intensity": 0.0, "is_braking": false, "is_crash": false, "crash_intensity_g": 0.0, "segment_start_sample": 9074, "segment_end_sample": 9075, "time_str": ""}}, {"type": "Feature", "geometry": {"type": "LineString", "coordinates": [[4.92647649378201, 52.3579814489616], [4.92650483288389, 52.357942537294]]}, "properties": {"Speed": 0.0, "Speed_display": 7.9, "road_quality": 2, "marker": 0, "trip_id": "602DE_Trip5", "hrot_diff": 0, "sample_diff": 1, "time_diff_s": 0.02, "gps_distance_m": 4.7, "original_speed": "", "wheel_diameter_mm": 711, "braking_intensity": 0.0, "is_braking": false, "is_crash": false, "crash_intensity_g": 0.0, "segment_start_sample": 9126, "segment_end_sample": 9127, "time_str": ""}}, {"type": "Feature", "geometry": {"type": "LineString", "coordinates": [[4.92650483288389, 52.357942537294], [4.92650157086985, 52.3579070867496]]}, "properties": {"Speed": 0.0, "Speed_display": 7.9, "road_quality": 2, "marker": 0, "trip_id": "602DE_Trip5", "hrot_diff": 0, "sample_diff": 1, "time_diff_s": 0.02, "gps_distance_m": 3.9, "original_speed": "", "wheel_diameter_mm": 711, "braking_intensity": 0.0, "is_braking": false, "is_crash": false, "crash_intensity_g": 0.0, "segment_start_sample": 9172, "segment_end_sample": 9173, "time_str": ""}}, {"type": "Feature", "geometry": {"type": "LineString", "coordinates": [[4.92650157086985, 52.3579070867496], [4.92649828207577, 52.3578874279207]]}, "properties": {"Speed": 0.0, "Speed_display": 6.5, "road_quality": 2, "marker": 0, "trip_id": "602DE_Trip5", "hrot_diff": 0, "sample_diff": 1, "time_diff_s": 0.02, "gps_distance_m": 2.2, "original_speed": "", "wheel_diameter_mm": 711, "braking_intensity": 0.0, "is_braking": false, "is_crash": false, "crash_intensity_g": 0.0, "segment_start_sample": 9219, "segment_end_sample": 9220, "time_str": ""}}, {"type": "Feature", "geometry": {"type": "LineString", "coordinates": [[4.92649828207577, 52.3578874279207], [4.92648683733972, 52.3578618927004]]}, "properties": {"Speed": 0.0, "Speed_display": 7.2, "road_quality": 2, "marker": 0, "trip_id": "602DE_Trip5", "hrot_diff": 0, "sample_diff": 1, "time_diff_s": 0.02, "gps_distance_m": 2.9, "original_speed": "", "wheel_diameter_mm": 711, "braking_intensity": 0.0, "is_braking": false, "is_crash": false, "crash_intensity_g": 0.0, "segment_start_sample": 9277, "segment_end_sample": 9278, "time_str": ""}}, {"type": "Feature", "geometry": {"type": "LineString", "coordinates": [[4.92648683733972, 52.3578618927004], [4.92650895990842, 52.357828520812]]}, "properties": {"Speed": 0.0, "Speed_display": 7.9, "road_quality": 2, "marker": 0, "trip_id": "602DE_Trip5", "hrot_diff": 0, "sample_diff": 1, "time_diff_s": 0.02, "gps_distance_m": 4.0, "original_speed": "", "wheel_diameter_mm": 711, "braking_intensity": 0.0, "is_braking": false, "is_crash": false, "crash_intensity_g": 0.0, "segment_start_sample": 9322, "segment_end_sample": 9323, "time_str": ""}}, {"type": "Feature", "geometry": {"type": "LineString", "coordinates": [[4.92650895990842, 52.357828520812], [4.92652631429055, 52.3578030761643]]}, "properties": {"Speed": 0.0, "Speed_display": 7.2, "road_quality": 2, "marker": 0, "trip_id": "602DE_Trip5", "hrot_diff": 0, "sample_diff": 1, "time_diff_s": 0.02, "gps_distance_m": 3.1, "original_speed": "", "wheel_diameter_mm": 711, "braking_intensity": 0.0, "is_braking": false, "is_crash": false, "crash_intensity_g": 0.0, "segment_start_sample": 9378, "segment_end_sample": 9379, "time_str": ""}}, {"type": "Feature", "geometry": {"type": "LineString", "coordinates": [[4.92652631429055, 52.3578030761643], [4.92656007754648, 52.3577572117892]]}, "properties": {"Speed": 0.0, "Speed_display": 8.6, "road_quality": 2, "marker": 0, "trip_id": "602DE_Trip5", "hrot_diff": 0, "sample_diff": 1, "time_diff_s": 0.02, "gps_distance_m": 5.6, "original_speed": "", "wheel_diameter_mm": 711, "braking_intensity": 0.0, "is_braking": false, "is_crash": false, "crash_intensity_g": 0.0, "segment_start_sample": 9418, "segment_end_sample": 9419, "time_str": ""}}, {"type": "Feature", "geometry": {"type": "LineString", "coordinates": [[4.92656007754648, 52.3577572117892], [4.92659163522783, 52.3577181561536]]}, "properties": {"Speed": 0.0, "Speed_display": 10.1, "road_quality": 2, "marker": 0, "trip_id": "602DE_Trip5", "hrot_diff": 0, "sample_diff": 1, "time_diff_s": 0.02, "gps_distance_m": 4.8, "original_speed": "", "wheel_diameter_mm": 711, "braking_intensity": 0.0, "is_braking": false, "is_crash": false, "crash_intensity_g": 0.0, "segment_start_sample": 9472, "segment_end_sample": 9473, "time_str": ""}}, {"type": "Feature", "geometry": {"type": "LineString", "coordinates": [[4.92659163522783, 52.3577181561536], [4.9266175928893, 52.3576778882347]]}, "properties": {"Speed": 0.0, "Speed_display": 10.8, "road_quality": 2, "marker": 0, "trip_id": "602DE_Trip5", "hrot_diff": 0, "sample_diff": 1, "time_diff_s": 0.02, "gps_distance_m": 4.8, "original_speed": "", "wheel_diameter_mm": 711, "braking_intensity": 0.0, "is_braking": false, "is_crash": false, "crash_intensity_g": 0.0, "segment_start_sample": 9524, "segment_end_sample": 9525, "time_str": ""}}, {"type": "Feature", "geometry": {"type": "LineString", "coordinates": [[4.9266175928893, 52.3576778882347], [4.92664116966334, 52.3576400174933]]}, "properties": {"Speed": 0.0, "Speed_display": 10.8, "road_quality": 2, "marker": 0, "trip_id": "602DE_Trip5", "hrot_diff": 0, "sample_diff": 1, "time_diff_s": 0.02, "gps_distance_m": 4.5, "original_speed": "", "wheel_diameter_mm": 711, "braking_intensity": 0.0, "is_braking": false, "is_crash": false, "crash_intensity_g": 0.0, "segment_start_sample": 9577, "segment_end_sample": 9578, "time_str": ""}}, {"type": "Feature", "geometry": {"type": "LineString", "coordinates": [[4.92664116966334, 52.3576400174933], [4.92666332993682, 52.3576028576122]]}, "properties": {"Speed": 0.0, "Speed_display": 10.8, "road_quality": 2, "marker": 0, "trip_id": "602DE_Trip5", "hrot_diff": 0, "sample_diff": 1, "time_diff_s": 0.02, "gps_distance_m": 4.4, "original_speed": "", "wheel_diameter_mm": 711, "braking_intensity": 0.0, "is_braking": false, "is_crash": false, "crash_intensity_g": 0.0, "segment_start_sample": 9626, "segment_end_sample": 9627, "time_str": ""}}, {"type": "Feature", "geometry": {"type": "LineString", "coordinates": [[4.92666332993682, 52.3576028576122], [4.92669267435786, 52.357565336955]]}, "properties": {"Speed": 0.0, "Speed_display": 10.8, "road_quality": 2, "marker": 0, "trip_id": "602DE_Trip5", "hrot_diff": 0, "sample_diff": 1, "time_diff_s": 0.02, "gps_distance_m": 4.6, "original_speed": "", "wheel_diameter_mm": 711, "braking_intensity": 0.0, "is_braking": false, "is_crash": false, "crash_intensity_g": 0.0, "segment_start_sample": 9677, "segment_end_sample": 9678, "time_str": ""}}, {"type": "Feature", "geometry": {"type": "LineString", "coordinates": [[4.92669267435786, 52.357565336955], [4.92672976216332, 52.3575224429278]]}, "properties": {"Speed": 0.0, "Speed_display": 10.8, "road_quality": 2, "marker": 0, "trip_id": "602DE_Trip5", "hrot_diff": 0, "sample_diff": 1, "time_diff_s": 0.02, "gps_distance_m": 5.4, "original_speed": "", "wheel_diameter_mm": 711, "braking_intensity": 0.0, "is_braking": false, "is_crash": false, "crash_intensity_g": 0.0, "segment_start_sample": 9727, "segment_end_sample": 9728, "time_str": ""}}, {"type": "Feature", "geometry": {"type": "LineString", "coordinates": [[4.92672976216332, 52.3575224429278], [4.92675680339098, 52.3574839683599]]}, "properties": {"Speed": 0.0, "Speed_display": 10.8, "road_quality": 2, "marker": 0, "trip_id": "602DE_Trip5", "hrot_diff": 0, "sample_diff": 1, "time_diff_s": 0.02, "gps_distance_m": 4.7, "original_speed": "", "wheel_diameter_mm": 711, "braking_intensity": 0.0, "is_braking": false, "is_crash": false, "crash_intensity_g": 0.0, "segment_start_sample": 9777, "segment_end_sample": 9778, "time_str": ""}}, {"type": "Feature", "geometry": {"type": "LineString", "coordinates": [[4.92675680339098, 52.3574839683599], [4.92677137267172, 52.3574471306868]]}, "properties": {"Speed": 0.0, "Speed_display": 10.8, "road_quality": 2, "marker": 0, "trip_id": "602DE_Trip5", "hrot_diff": 0, "sample_diff": 1, "time_diff_s": 0.02, "gps_distance_m": 4.2, "original_speed": "", "wheel_diameter_mm": 711, "braking_intensity": 0.0, "is_braking": false, "is_crash": false, "crash_intensity_g": 0.0, "segment_start_sample": 9825, "segment_end_sample": 9826, "time_str": ""}}, {"type": "Feature", "geometry": {"type": "LineString", "coordinates": [[4.92677137267172, 52.3574471306868], [4.92678854499544, 52.3574075932344]]}, "properties": {"Speed": 0.0, "Speed_display": 10.8, "road_quality": 2, "marker": 0, "trip_id": "602DE_Trip5", "hrot_diff": 0, "sample_diff": 1, "time_diff_s": 0.02, "gps_distance_m": 4.5, "original_speed": "", "wheel_diameter_mm": 711, "braking_intensity": 0.0, "is_braking": false, "is_crash": false, "crash_intensity_g": 0.0, "segment_start_sample": 9875, "segment_end_sample": 9876, "time_str": ""}}, {"type": "Feature", "geometry": {"type": "LineString", "coordinates": [[4.92678854499544, 52.3574075932344], [4.92681570514125, 52.3573703772952]]}, "properties": {"Speed": 0.0, "Speed_display": 11.5, "road_quality": 2, "marker": 0, "trip_id": "602DE_Trip5", "hrot_diff": 0, "sample_diff": 1, "time_diff_s": 0.02, "gps_distance_m": 4.5, "original_speed": "", "wheel_diameter_mm": 711, "braking_intensity": 0.0, "is_braking": false, "is_crash": false, "crash_intensity_g": 0.0, "segment_start_sample": 9923, "segment_end_sample": 9924, "time_str": ""}}, {"type": "Feature", "geometry": {"type": "LineString", "coordinates": [[4.92681570514125, 52.3573703772952], [4.92683869612303, 52.3573349972396]]}, "properties": {"Speed": 0.0, "Speed_display": 10.8, "road_quality": 2, "marker": 0, "trip_id": "602DE_Trip5", "hrot_diff": 0, "sample_diff": 1, "time_diff_s": 0.02, "gps_distance_m": 4.2, "original_speed": "", "wheel_diameter_mm": 711, "braking_intensity": 0.0, "is_braking": false, "is_crash": false, "crash_intensity_g": 0.0, "segment_start_sample": 9973, "segment_end_sample": 9974, "time_str": ""}}, {"type": "Feature", "geometry": {"type": "LineString", "coordinates": [[4.92683869612303, 52.3573349972396], [4.92685373426306, 52.3573193353903]]}, "properties": {"Speed": 0.0, "Speed_display": 5.0, "road_quality": 2, "marker": 0, "trip_id": "602DE_Trip5", "hrot_diff": 0, "sample_diff": 1, "time_diff_s": 0.02, "gps_distance_m": 2.0, "original_speed": "", "wheel_diameter_mm": 711, "braking_intensity": 0.0, "is_braking": false, "is_crash": false, "crash_intensity_g": 0.0, "segment_start_sample": 10022, "segment_end_sample": 10023, "time_str": ""}}, {"type": "Feature", "geometry": {"type": "LineString", "coordinates": [[4.92685373426306, 52.3573193353903], [4.9268670277895, 52.3572979331591]]}, "properties": {"Speed": 0.0, "Speed_display": 4.3, "road_quality": 2, "marker": 0, "trip_id": "602DE_Trip5", "hrot_diff": 0, "sample_diff": 1, "time_diff_s": 0.02, "gps_distance_m": 2.5, "original_speed": "", "wheel_diameter_mm": 711, "braking_intensity": 0.0, "is_braking": false, "is_crash": false, "crash_intensity_g": 0.0, "segment_start_sample": 10072, "segment_end_sample": 10073, "time_str": ""}}, {"type": "Feature", "geometry": {"type": "LineString", "coordinates": [[4.9268670277895, 52.3572979331591], [4.92689748968393, 52.3572675832679]]}, "properties": {"Speed": 0.0, "Speed_display": 4.3, "road_quality": 2, "marker": 0, "trip_id": "602DE_Trip5", "hrot_diff": 0, "sample_diff": 1, "time_diff_s": 0.02, "gps_distance_m": 4.0, "original_speed": "", "wheel_diameter_mm": 711, "braking_intensity": 0.0, "is_braking": false, "is_crash": false, "crash_intensity_g": 0.0, "segment_start_sample": 10122, "segment_end_sample": 10123, "time_str": ""}}, {"type": "Feature", "geometry": {"type": "LineString", "coordinates": [[4.92689748968393, 52.3572675832679], [4.92692551850122, 52.3572301364326]]}, "properties": {"Speed": 0.0, "Speed_display": 7.9, "road_quality": 2, "marker": 0, "trip_id": "602DE_Trip5", "hrot_diff": 0, "sample_diff": 1, "time_diff_s": 0.02, "gps_distance_m": 4.6, "original_speed": "", "wheel_diameter_mm": 711, "braking_intensity": 0.0, "is_braking": false, "is_crash": false, "crash_intensity_g": 0.0, "segment_start_sample": 10173, "segment_end_sample": 10174, "time_str": ""}}, {"type": "Feature", "geometry": {"type": "LineString", "coordinates": [[4.92692551850122, 52.3572301364326], [4.9269458702344, 52.357210809265]]}, "properties": {"Speed": 0.0, "Speed_display": 3.6, "road_quality": 2, "marker": 0, "trip_id": "602DE_Trip5", "hrot_diff": 0, "sample_diff": 1, "time_diff_s": 0.02, "gps_distance_m": 2.6, "original_speed": "", "wheel_diameter_mm": 711, "braking_intensity": 0.0, "is_braking": false, "is_crash": false, "crash_intensity_g": 0.0, "segment_start_sample": 10224, "segment_end_sample": 10225, "time_str": ""}}, {"type": "Feature", "geometry": {"type": "LineString", "coordinates": [[4.9269458702344, 52.357210809265], [4.92698572396917, 52.3571496641125]]}, "properties": {"Speed": 0.0, "Speed_display": 12.2, "road_quality": 2, "marker": 0, "trip_id": "602DE_Trip5", "hrot_diff": 0, "sample_diff": 1, "time_diff_s": 0.02, "gps_distance_m": 7.3, "original_speed": "", "wheel_diameter_mm": 711, "braking_intensity": 0.0, "is_braking": false, "is_crash": false, "crash_intensity_g": 0.0, "segment_start_sample": 10273, "segment_end_sample": 10274, "time_str": ""}}, {"type": "Feature", "geometry": {"type": "LineString", "coordinates": [[4.92698572396917, 52.3571496641125], [4.92698939333845, 52.3571298990214]]}, "properties": {"Speed": 0.0, "Speed_display": 2.9, "road_quality": 2, "marker": 0, "trip_id": "602DE_Trip5", "hrot_diff": 0, "sample_diff": 1, "time_diff_s": 0.02, "gps_distance_m": 2.2, "original_speed": "", "wheel_diameter_mm": 711, "braking_intensity": 0.0, "is_braking": false, "is_crash": false, "crash_intensity_g": 0.0, "segment_start_sample": 10323, "segment_end_sample": 10324, "time_str": ""}}, {"type": "Feature", "geometry": {"type": "LineString", "coordinates": [[4.92698939333845, 52.3571298990214], [4.92700501852005, 52.3570827109786]]}, "properties": {"Speed": 0.0, "Speed_display": 7.9, "road_quality": 2, "marker": 0, "trip_id": "602DE_Trip5", "hrot_diff": 0, "sample_diff": 1, "time_diff_s": 0.02, "gps_distance_m": 5.4, "original_speed": "", "wheel_diameter_mm": 711, "braking_intensity": 0.0, "is_braking": false, "is_crash": false, "crash_intensity_g": 0.0, "segment_start_sample": 10372, "segment_end_sample": 10373, "time_str": ""}}, {"type": "Feature", "geometry": {"type": "LineString", "coordinates": [[4.92700501852005, 52.3570827109786], [4.92701254047628, 52.3570615565466]]}, "properties": {"Speed": 0.0, "Speed_display": 3.6, "road_quality": 2, "marker": 0, "trip_id": "602DE_Trip5", "hrot_diff": 0, "sample_diff": 1, "time_diff_s": 0.02, "gps_distance_m": 2.4, "original_speed": "", "wheel_diameter_mm": 711, "braking_intensity": 0.0, "is_braking": false, "is_crash": false, "crash_intensity_g": 0.0, "segment_start_sample": 10422, "segment_end_sample": 10423, "time_str": ""}}, {"type": "Feature", "geometry": {"type": "LineString", "coordinates": [[4.92701254047628, 52.3570615565466], [4.9270477674699, 52.3570026867322]]}, "properties": {"Speed": 0.0, "Speed_display": 11.5, "road_quality": 2, "marker": 0, "trip_id": "602DE_Trip5", "hrot_diff": 0, "sample_diff": 1, "time_diff_s": 0.02, "gps_distance_m": 7.0, "original_speed": "", "wheel_diameter_mm": 711, "braking_intensity": 0.0, "is_braking": false, "is_crash": false, "crash_intensity_g": 0.0, "segment_start_sample": 10472, "segment_end_sample": 10473, "time_str": ""}}, {"type": "Feature", "geometry": {"type": "LineString", "coordinates": [[4.9270477674699, 52.3570026867322], [4.92705937461798, 52.3569903261515]]}, "properties": {"Speed": 0.0, "Speed_display": 3.6, "road_quality": 2, "marker": 0, "trip_id": "602DE_Trip5", "hrot_diff": 0, "sample_diff": 1, "time_diff_s": 0.02, "gps_distance_m": 1.6, "original_speed": "", "wheel_diameter_mm": 711, "braking_intensity": 0.0, "is_braking": false, "is_crash": false, "crash_intensity_g": 0.0, "segment_start_sample": 10521, "segment_end_sample": 10522, "time_str": ""}}, {"type": "Feature", "geometry": {"type": "LineString", "coordinates": [[4.92705937461798, 52.3569903261515], [4.92710444587908, 52.3569278603142]]}, "properties": {"Speed": 0.0, "Speed_display": 13.0, "road_quality": 2, "marker": 0, "trip_id": "602DE_Trip5", "hrot_diff": 0, "sample_diff": 1, "time_diff_s": 0.02, "gps_distance_m": 7.6, "original_speed": "", "wheel_diameter_mm": 711, "braking_intensity": 0.0, "is_braking": false, "is_crash": false, "crash_intensity_g": 0.0, "segment_start_sample": 10569, "segment_end_sample": 10570, "time_str": ""}}, {"type": "Feature", "geometry": {"type": "LineString", "coordinates": [[4.92710444587908, 52.3569278603142], [4.92713279122592, 52.3568675357053]]}, "properties": {"Speed": 0.0, "Speed_display": 10.1, "road_quality": 2, "marker": 0, "trip_id": "602DE_Trip5", "hrot_diff": 0, "sample_diff": 1, "time_diff_s": 0.02, "gps_distance_m": 7.0, "original_speed": "", "wheel_diameter_mm": 711, "braking_intensity": 0.0, "is_braking": false, "is_crash": false, "crash_intensity_g": 0.0, "segment_start_sample": 10651, "segment_end_sample": 10652, "time_str": ""}}, {"type": "Feature", "geometry": {"type": "LineString", "coordinates": [[4.92713279122592, 52.3568675357053], [4.92710638367223, 52.3568614158835]]}, "properties": {"Speed": 0.0, "Speed_display": 3.6, "road_quality": 2, "marker": 0, "trip_id": "602DE_Trip5", "hrot_diff": 0, "sample_diff": 1, "time_diff_s": 0.02, "gps_distance_m": 1.9, "original_speed": "", "wheel_diameter_mm": 711, "braking_intensity": 0.0, "is_braking": false, "is_crash": false, "crash_intensity_g": 0.0, "segment_start_sample": 10723, "segment_end_sample": 10724, "time_str": ""}}, {"type": "Feature", "geometry": {"type": "LineString", "coordinates": [[4.92710638367223, 52.3568614158835], [4.92707717388125, 52.3568284364256]]}, "properties": {"Speed": 0.0, "Speed_display": 7.2, "road_quality": 2, "marker": 0, "trip_id": "602DE_Trip5", "hrot_diff": 0, "sample_diff": 1, "time_diff_s": 0.02, "gps_distance_m": 4.2, "original_speed": "", "wheel_diameter_mm": 711, "braking_intensity": 0.0, "is_braking": false, "is_crash": false, "crash_intensity_g": 0.0, "segment_start_sample": 10770, "segment_end_sample": 10771, "time_str": ""}}, {"type": "Feature", "geometry": {"type": "LineString", "coordinates": [[4.92707717388125, 52.3568284364256], [4.92712997289614, 52.3567758140566]]}, "properties": {"Speed": 0.0, "Speed_display": 6.5, "road_quality": 2, "marker": 0, "trip_id": "602DE_Trip5", "hrot_diff": 0, "sample_diff": 1, "time_diff_s": 0.02, "gps_distance_m": 6.9, "original_speed": "", "wheel_diameter_mm": 711, "braking_intensity": 0.0, "is_braking": false, "is_crash": false, "crash_intensity_g": 0.0, "segment_start_sample": 10854, "segment_end_sample": 10855, "time_str": ""}}, {"type": "Feature", "geometry": {"type": "LineString", "coordinates": [[4.92712997289614, 52.3567758140566], [4.92722013712854, 52.3566968430364]]}, "properties": {"Speed": 0.0, "Speed_display": 12.2, "road_quality": 2, "marker": 0, "trip_id": "602DE_Trip5", "hrot_diff": 0, "sample_diff": 1, "time_diff_s": 0.02, "gps_distance_m": 10.7, "original_speed": "", "wheel_diameter_mm": 711, "braking_intensity": 0.0, "is_braking": false, "is_crash": false, "crash_intensity_g": 0.0, "segment_start_sample": 10925, "segment_end_sample": 10926, "time_str": ""}}, {"type": "Feature", "geometry": {"type": "LineString", "coordinates": [[4.92722013712854, 52.3566968430364], [4.92723236283524, 52.3566822702284]]}, "properties": {"Speed": 0.0, "Speed_display": 3.6, "road_quality": 2, "marker": 0, "trip_id": "602DE_Trip5", "hrot_diff": 0, "sample_diff": 1, "time_diff_s": 0.02, "gps_distance_m": 1.8, "original_speed": "", "wheel_diameter_mm": 711, "braking_intensity": 0.0, "is_braking": false, "is_crash": false, "crash_intensity_g": 0.0, "segment_start_sample": 10972, "segment_end_sample": 10973, "time_str": ""}}, {"type": "Feature", "geometry": {"type": "LineString", "coordinates": [[4.92723236283524, 52.3566822702284], [4.92727217346846, 52.3566184615865]]}, "properties": {"Speed": 0.0, "Speed_display": 11.5, "road_quality": 2, "marker": 0, "trip_id": "602DE_Trip5", "hrot_diff": 0, "sample_diff": 1, "time_diff_s": 0.02, "gps_distance_m": 7.6, "original_speed": "", "wheel_diameter_mm": 711, "braking_intensity": 0.0, "is_braking": false, "is_crash": false, "crash_intensity_g": 0.0, "segment_start_sample": 11019, "segment_end_sample": 11020, "time_str": ""}}, {"type": "Feature", "geometry": {"type": "LineString", "coordinates": [[4.92727217346846, 52.3566184615865], [4.92727299354092, 52.3566046572433]]}, "properties": {"Speed": 0.0, "Speed_display": 5.0, "road_quality": 3, "marker": 0, "trip_id": "602DE_Trip5", "hrot_diff": 0, "sample_diff": 1, "time_diff_s": 0.02, "gps_distance_m": 1.5, "original_speed": "", "wheel_diameter_mm": 711, "braking_intensity": 0.0, "is_braking": false, "is_crash": false, "crash_intensity_g": 0.0, "segment_start_sample": 11079, "segment_end_sample": 11080, "time_str": ""}}, {"type": "Feature", "geometry": {"type": "LineString", "coordinates": [[4.92727299354092, 52.3566046572433], [4.92729889987672, 52.3565285171894]]}, "properties": {"Speed": 0.0, "Speed_display": 13.7, "road_quality": 2, "marker": 0, "trip_id": "602DE_Trip5", "hrot_diff": 0, "sample_diff": 1, "time_diff_s": 0.02, "gps_distance_m": 8.6, "original_speed": "", "wheel_diameter_mm": 711, "braking_intensity": 0.0, "is_braking": false, "is_crash": false, "crash_intensity_g": 0.0, "segment_start_sample": 11126, "segment_end_sample": 11127, "time_str": ""}}, {"type": "Feature", "geometry": {"type": "LineString", "coordinates": [[4.92729889987672, 52.3565285171894], [4.92731084841866, 52.3564981269055]]}, "properties": {"Speed": 0.0, "Speed_display": 4.3, "road_quality": 2, "marker": 0, "trip_id": "602DE_Trip5", "hrot_diff": 0, "sample_diff": 1, "time_diff_s": 0.02, "gps_distance_m": 3.5, "original_speed": "", "wheel_diameter_mm": 711, "braking_intensity": 0.0, "is_braking": false, "is_crash": false, "crash_intensity_g": 0.0, "segment_start_sample": 11174, "segment_end_sample": 11175, "time_str": ""}}, {"type": "Feature", "geometry": {"type": "LineString", "coordinates": [[4.92731084841866, 52.3564981269055], [4.92734022164004, 52.3564771603517]]}, "properties": {"Speed": 0.0, "Speed_display": 4.3, "road_quality": 2, "marker": 0, "trip_id": "602DE_Trip5", "hrot_diff": 0, "sample_diff": 1, "time_diff_s": 0.02, "gps_distance_m": 3.1, "original_speed": "", "wheel_diameter_mm": 711, "braking_intensity": 0.0, "is_braking": false, "is_crash": false, "crash_intensity_g": 0.0, "segment_start_sample": 11221, "segment_end_sample": 11222, "time_str": ""}}]}