{"type": "FeatureCollection", "features": [{"type": "Feature", "geometry": {"type": "LineString", "coordinates": [[4.93055189251741, 52.3614248726585], [4.93054981361099, 52.3614570112881]]}, "properties": {"Speed": 0.0, "Speed_display": 10.1, "road_quality": 3, "marker": 0, "trip_id": "602D3_Trip7", "hrot_diff": 0, "sample_diff": 1, "time_diff_s": 0.02, "gps_distance_m": 3.6, "original_speed": "", "wheel_diameter_mm": 711, "braking_intensity": 0.0, "is_braking": false, "is_crash": false, "crash_intensity_g": 0.0, "segment_start_sample": 2310, "segment_end_sample": 2311, "time_str": ""}}, {"type": "Feature", "geometry": {"type": "LineString", "coordinates": [[4.93054981361099, 52.3614570112881], [4.93055636231977, 52.3614977743713]]}, "properties": {"Speed": 0.0, "Speed_display": 10.8, "road_quality": 3, "marker": 0, "trip_id": "602D3_Trip7", "hrot_diff": 0, "sample_diff": 1, "time_diff_s": 0.02, "gps_distance_m": 4.6, "original_speed": "", "wheel_diameter_mm": 711, "braking_intensity": 0.0, "is_braking": false, "is_crash": false, "crash_intensity_g": 0.0, "segment_start_sample": 2359, "segment_end_sample": 2360, "time_str": ""}}, {"type": "Feature", "geometry": {"type": "LineString", "coordinates": [[4.93055636231977, 52.3614977743713], [4.93055553090282, 52.3615451217524]]}, "properties": {"Speed": 0.0, "Speed_display": 11.5, "road_quality": 3, "marker": 0, "trip_id": "602D3_Trip7", "hrot_diff": 0, "sample_diff": 1, "time_diff_s": 0.02, "gps_distance_m": 5.3, "original_speed": "", "wheel_diameter_mm": 711, "braking_intensity": 0.0, "is_braking": false, "is_crash": false, "crash_intensity_g": 0.0, "segment_start_sample": 2416, "segment_end_sample": 2417, "time_str": ""}}, {"type": "Feature", "geometry": {"type": "LineString", "coordinates": [[4.93055553090282, 52.3615451217524], [4.93056479379699, 52.3615881013799]]}, "properties": {"Speed": 0.0, "Speed_display": 12.2, "road_quality": 3, "marker": 0, "trip_id": "602D3_Trip7", "hrot_diff": 0, "sample_diff": 1, "time_diff_s": 0.02, "gps_distance_m": 4.8, "original_speed": "", "wheel_diameter_mm": 711, "braking_intensity": 0.0, "is_braking": false, "is_crash": false, "crash_intensity_g": 0.0, "segment_start_sample": 2462, "segment_end_sample": 2463, "time_str": ""}}, {"type": "Feature", "geometry": {"type": "LineString", "coordinates": [[4.93056479379699, 52.3615881013799], [4.93057503933636, 52.3616352183592]]}, "properties": {"Speed": 0.0, "Speed_display": 13.0, "road_quality": 3, "marker": 0, "trip_id": "602D3_Trip7", "hrot_diff": 0, "sample_diff": 1, "time_diff_s": 0.02, "gps_distance_m": 5.3, "original_speed": "", "wheel_diameter_mm": 711, "braking_intensity": 0.0, "is_braking": false, "is_crash": false, "crash_intensity_g": 0.0, "segment_start_sample": 2515, "segment_end_sample": 2516, "time_str": ""}}, {"type": "Feature", "geometry": {"type": "LineString", "coordinates": [[4.93057503933636, 52.3616352183592], [4.93058632459507, 52.3616801704679]]}, "properties": {"Speed": 0.0, "Speed_display": 13.0, "road_quality": 2, "marker": 0, "trip_id": "602D3_Trip7", "hrot_diff": 0, "sample_diff": 1, "time_diff_s": 0.02, "gps_distance_m": 5.1, "original_speed": "", "wheel_diameter_mm": 711, "braking_intensity": 0.0, "is_braking": false, "is_crash": false, "crash_intensity_g": 0.0, "segment_start_sample": 2558, "segment_end_sample": 2559, "time_str": ""}}, {"type": "Feature", "geometry": {"type": "LineString", "coordinates": [[4.93058632459507, 52.3616801704679], [4.93059684604846, 52.3617265369377]]}, "properties": {"Speed": 0.0, "Speed_display": 13.0, "road_quality": 3, "marker": 0, "trip_id": "602D3_Trip7", "hrot_diff": 0, "sample_diff": 1, "time_diff_s": 0.02, "gps_distance_m": 5.2, "original_speed": "", "wheel_diameter_mm": 711, "braking_intensity": 0.0, "is_braking": false, "is_crash": false, "crash_intensity_g": 0.0, "segment_start_sample": 2614, "segment_end_sample": 2615, "time_str": ""}}, {"type": "Feature", "geometry": {"type": "LineString", "coordinates": [[4.93059684604846, 52.3617265369377], [4.93060212902342, 52.3617717782498]]}, "properties": {"Speed": 0.0, "Speed_display": 13.0, "road_quality": 3, "marker": 0, "trip_id": "602D3_Trip7", "hrot_diff": 0, "sample_diff": 1, "time_diff_s": 0.02, "gps_distance_m": 5.0, "original_speed": "", "wheel_diameter_mm": 711, "braking_intensity": 0.0, "is_braking": false, "is_crash": false, "crash_intensity_g": 0.0, "segment_start_sample": 2666, "segment_end_sample": 2667, "time_str": ""}}, {"type": "Feature", "geometry": {"type": "LineString", "coordinates": [[4.93060212902342, 52.3617717782498], [4.93061462039693, 52.3618168921262]]}, "properties": {"Speed": 0.0, "Speed_display": 13.0, "road_quality": 3, "marker": 0, "trip_id": "602D3_Trip7", "hrot_diff": 0, "sample_diff": 1, "time_diff_s": 0.02, "gps_distance_m": 5.1, "original_speed": "", "wheel_diameter_mm": 711, "braking_intensity": 0.0, "is_braking": false, "is_crash": false, "crash_intensity_g": 0.0, "segment_start_sample": 2712, "segment_end_sample": 2713, "time_str": ""}}, {"type": "Feature", "geometry": {"type": "LineString", "coordinates": [[4.93061462039693, 52.3618168921262], [4.93063029531626, 52.3618633985721]]}, "properties": {"Speed": 0.0, "Speed_display": 13.0, "road_quality": 3, "marker": 0, "trip_id": "602D3_Trip7", "hrot_diff": 0, "sample_diff": 1, "time_diff_s": 0.02, "gps_distance_m": 5.3, "original_speed": "", "wheel_diameter_mm": 711, "braking_intensity": 0.0, "is_braking": false, "is_crash": false, "crash_intensity_g": 0.0, "segment_start_sample": 2762, "segment_end_sample": 2763, "time_str": ""}}, {"type": "Feature", "geometry": {"type": "LineString", "coordinates": [[4.93063029531626, 52.3618633985721], [4.9306417875485, 52.3619087740824]]}, "properties": {"Speed": 0.0, "Speed_display": 13.0, "road_quality": 3, "marker": 0, "trip_id": "602D3_Trip7", "hrot_diff": 0, "sample_diff": 1, "time_diff_s": 0.02, "gps_distance_m": 5.1, "original_speed": "", "wheel_diameter_mm": 711, "braking_intensity": 0.0, "is_braking": false, "is_crash": false, "crash_intensity_g": 0.0, "segment_start_sample": 2814, "segment_end_sample": 2815, "time_str": ""}}, {"type": "Feature", "geometry": {"type": "LineString", "coordinates": [[4.9306417875485, 52.3619087740824], [4.93065294994817, 52.3619550794362]]}, "properties": {"Speed": 0.0, "Speed_display": 13.7, "road_quality": 3, "marker": 0, "trip_id": "602D3_Trip7", "hrot_diff": 0, "sample_diff": 1, "time_diff_s": 0.02, "gps_distance_m": 5.2, "original_speed": "", "wheel_diameter_mm": 711, "braking_intensity": 0.0, "is_braking": false, "is_crash": false, "crash_intensity_g": 0.0, "segment_start_sample": 2866, "segment_end_sample": 2867, "time_str": ""}}, {"type": "Feature", "geometry": {"type": "LineString", "coordinates": [[4.93065294994817, 52.3619550794362], [4.93065788183016, 52.3620008749686]]}, "properties": {"Speed": 0.0, "Speed_display": 13.7, "road_quality": 2, "marker": 0, "trip_id": "602D3_Trip7", "hrot_diff": 0, "sample_diff": 1, "time_diff_s": 0.02, "gps_distance_m": 5.1, "original_speed": "", "wheel_diameter_mm": 711, "braking_intensity": 0.0, "is_braking": false, "is_crash": false, "crash_intensity_g": 0.0, "segment_start_sample": 2916, "segment_end_sample": 2917, "time_str": ""}}, {"type": "Feature", "geometry": {"type": "LineString", "coordinates": [[4.93065788183016, 52.3620008749686], [4.9306537972812, 52.3620457250557]]}, "properties": {"Speed": 0.0, "Speed_display": 13.7, "road_quality": 2, "marker": 0, "trip_id": "602D3_Trip7", "hrot_diff": 0, "sample_diff": 1, "time_diff_s": 0.02, "gps_distance_m": 5.0, "original_speed": "", "wheel_diameter_mm": 711, "braking_intensity": 0.0, "is_braking": false, "is_crash": false, "crash_intensity_g": 0.0, "segment_start_sample": 2968, "segment_end_sample": 2969, "time_str": ""}}, {"type": "Feature", "geometry": {"type": "LineString", "coordinates": [[4.9306537972812, 52.3620457250557], [4.93066124149787, 52.3620940434404]]}, "properties": {"Speed": 0.0, "Speed_display": 14.4, "road_quality": 2, "marker": 0, "trip_id": "602D3_Trip7", "hrot_diff": 0, "sample_diff": 1, "time_diff_s": 0.02, "gps_distance_m": 5.4, "original_speed": "", "wheel_diameter_mm": 711, "braking_intensity": 0.0, "is_braking": false, "is_crash": false, "crash_intensity_g": 0.0, "segment_start_sample": 3019, "segment_end_sample": 3020, "time_str": ""}}, {"type": "Feature", "geometry": {"type": "LineString", "coordinates": [[4.93066124149787, 52.3620940434404], [4.93066466138984, 52.3621431981308]]}, "properties": {"Speed": 0.0, "Speed_display": 13.7, "road_quality": 3, "marker": 0, "trip_id": "602D3_Trip7", "hrot_diff": 0, "sample_diff": 1, "time_diff_s": 0.02, "gps_distance_m": 5.5, "original_speed": "", "wheel_diameter_mm": 711, "braking_intensity": 0.0, "is_braking": false, "is_crash": false, "crash_intensity_g": 0.0, "segment_start_sample": 3068, "segment_end_sample": 3069, "time_str": ""}}, {"type": "Feature", "geometry": {"type": "LineString", "coordinates": [[4.93066466138984, 52.3621431981308], [4.93066618456974, 52.362188548254]]}, "properties": {"Speed": 0.0, "Speed_display": 13.7, "road_quality": 2, "marker": 0, "trip_id": "602D3_Trip7", "hrot_diff": 0, "sample_diff": 1, "time_diff_s": 0.02, "gps_distance_m": 5.0, "original_speed": "", "wheel_diameter_mm": 711, "braking_intensity": 0.0, "is_braking": false, "is_crash": false, "crash_intensity_g": 0.0, "segment_start_sample": 3108, "segment_end_sample": 3109, "time_str": ""}}, {"type": "Feature", "geometry": {"type": "LineString", "coordinates": [[4.93066618456974, 52.362188548254], [4.93067195552052, 52.3622336211848]]}, "properties": {"Speed": 0.0, "Speed_display": 13.7, "road_quality": 3, "marker": 0, "trip_id": "602D3_Trip7", "hrot_diff": 0, "sample_diff": 1, "time_diff_s": 0.02, "gps_distance_m": 5.0, "original_speed": "", "wheel_diameter_mm": 711, "braking_intensity": 0.0, "is_braking": false, "is_crash": false, "crash_intensity_g": 0.0, "segment_start_sample": 3160, "segment_end_sample": 3161, "time_str": ""}}, {"type": "Feature", "geometry": {"type": "LineString", "coordinates": [[4.93067195552052, 52.3622336211848], [4.93067353062966, 52.3622809312703]]}, "properties": {"Speed": 0.0, "Speed_display": 13.7, "road_quality": 3, "marker": 0, "trip_id": "602D3_Trip7", "hrot_diff": 0, "sample_diff": 1, "time_diff_s": 0.02, "gps_distance_m": 5.3, "original_speed": "", "wheel_diameter_mm": 711, "braking_intensity": 0.0, "is_braking": false, "is_crash": false, "crash_intensity_g": 0.0, "segment_start_sample": 3211, "segment_end_sample": 3212, "time_str": ""}}, {"type": "Feature", "geometry": {"type": "LineString", "coordinates": [[4.93067353062966, 52.3622809312703], [4.93065932712653, 52.3623299032673]]}, "properties": {"Speed": 0.0, "Speed_display": 13.0, "road_quality": 3, "marker": 0, "trip_id": "602D3_Trip7", "hrot_diff": 0, "sample_diff": 1, "time_diff_s": 0.02, "gps_distance_m": 5.5, "original_speed": "", "wheel_diameter_mm": 711, "braking_intensity": 0.0, "is_braking": false, "is_crash": false, "crash_intensity_g": 0.0, "segment_start_sample": 3261, "segment_end_sample": 3262, "time_str": ""}}, {"type": "Feature", "geometry": {"type": "LineString", "coordinates": [[4.93065932712653, 52.3623299032673], [4.93064722505761, 52.3623894157693]]}, "properties": {"Speed": 0.0, "Speed_display": 15.1, "road_quality": 3, "marker": 0, "trip_id": "602D3_Trip7", "hrot_diff": 0, "sample_diff": 1, "time_diff_s": 0.02, "gps_distance_m": 6.7, "original_speed": "", "wheel_diameter_mm": 711, "braking_intensity": 0.0, "is_braking": false, "is_crash": false, "crash_intensity_g": 0.0, "segment_start_sample": 3311, "segment_end_sample": 3312, "time_str": ""}}, {"type": "Feature", "geometry": {"type": "LineString", "coordinates": [[4.93064722505761, 52.3623894157693], [4.93064644801666, 52.3624274255378]]}, "properties": {"Speed": 0.0, "Speed_display": 13.7, "road_quality": 2, "marker": 0, "trip_id": "602D3_Trip7", "hrot_diff": 0, "sample_diff": 1, "time_diff_s": 0.02, "gps_distance_m": 4.2, "original_speed": "", "wheel_diameter_mm": 711, "braking_intensity": 0.0, "is_braking": false, "is_crash": false, "crash_intensity_g": 0.0, "segment_start_sample": 3364, "segment_end_sample": 3365, "time_str": ""}}, {"type": "Feature", "geometry": {"type": "LineString", "coordinates": [[4.93064644801666, 52.3624274255378], [4.93063719537857, 52.3624789205929]]}, "properties": {"Speed": 0.0, "Speed_display": 14.4, "road_quality": 3, "marker": 0, "trip_id": "602D3_Trip7", "hrot_diff": 0, "sample_diff": 1, "time_diff_s": 0.02, "gps_distance_m": 5.8, "original_speed": "", "wheel_diameter_mm": 711, "braking_intensity": 0.0, "is_braking": false, "is_crash": false, "crash_intensity_g": 0.0, "segment_start_sample": 3414, "segment_end_sample": 3415, "time_str": ""}}, {"type": "Feature", "geometry": {"type": "LineString", "coordinates": [[4.93063719537857, 52.3624789205929], [4.93063169802609, 52.3625253415074]]}, "properties": {"Speed": 0.0, "Speed_display": 14.4, "road_quality": 3, "marker": 0, "trip_id": "602D3_Trip7", "hrot_diff": 0, "sample_diff": 1, "time_diff_s": 0.02, "gps_distance_m": 5.2, "original_speed": "", "wheel_diameter_mm": 711, "braking_intensity": 0.0, "is_braking": false, "is_crash": false, "crash_intensity_g": 0.0, "segment_start_sample": 3464, "segment_end_sample": 3465, "time_str": ""}}, {"type": "Feature", "geometry": {"type": "LineString", "coordinates": [[4.93063169802609, 52.3625253415074], [4.93062473779442, 52.3625698658883]]}, "properties": {"Speed": 0.0, "Speed_display": 13.7, "road_quality": 3, "marker": 0, "trip_id": "602D3_Trip7", "hrot_diff": 0, "sample_diff": 1, "time_diff_s": 0.02, "gps_distance_m": 5.0, "original_speed": "", "wheel_diameter_mm": 711, "braking_intensity": 0.0, "is_braking": false, "is_crash": false, "crash_intensity_g": 0.0, "segment_start_sample": 3515, "segment_end_sample": 3516, "time_str": ""}}, {"type": "Feature", "geometry": {"type": "LineString", "coordinates": [[4.93062473779442, 52.3625698658883], [4.93062210300407, 52.3626165818269]]}, "properties": {"Speed": 0.0, "Speed_display": 13.7, "road_quality": 3, "marker": 0, "trip_id": "602D3_Trip7", "hrot_diff": 0, "sample_diff": 1, "time_diff_s": 0.02, "gps_distance_m": 5.2, "original_speed": "", "wheel_diameter_mm": 711, "braking_intensity": 0.0, "is_braking": false, "is_crash": false, "crash_intensity_g": 0.0, "segment_start_sample": 3565, "segment_end_sample": 3566, "time_str": ""}}, {"type": "Feature", "geometry": {"type": "LineString", "coordinates": [[4.93062210300407, 52.3626165818269], [4.93061955044953, 52.3626625521072]]}, "properties": {"Speed": 0.0, "Speed_display": 13.7, "road_quality": 3, "marker": 0, "trip_id": "602D3_Trip7", "hrot_diff": 0, "sample_diff": 1, "time_diff_s": 0.02, "gps_distance_m": 5.1, "original_speed": "", "wheel_diameter_mm": 711, "braking_intensity": 0.0, "is_braking": false, "is_crash": false, "crash_intensity_g": 0.0, "segment_start_sample": 3617, "segment_end_sample": 3618, "time_str": ""}}, {"type": "Feature", "geometry": {"type": "LineString", "coordinates": [[4.93061955044953, 52.3626625521072], [4.9306155245947, 52.3627088301096]]}, "properties": {"Speed": 0.0, "Speed_display": 13.7, "road_quality": 3, "marker": 0, "trip_id": "602D3_Trip7", "hrot_diff": 0, "sample_diff": 1, "time_diff_s": 0.02, "gps_distance_m": 5.2, "original_speed": "", "wheel_diameter_mm": 711, "braking_intensity": 0.0, "is_braking": false, "is_crash": false, "crash_intensity_g": 0.0, "segment_start_sample": 3666, "segment_end_sample": 3667, "time_str": ""}}, {"type": "Feature", "geometry": {"type": "LineString", "coordinates": [[4.9306155245947, 52.3627088301096], [4.93061121176919, 52.3627553083168]]}, "properties": {"Speed": 0.0, "Speed_display": 13.7, "road_quality": 3, "marker": 0, "trip_id": "602D3_Trip7", "hrot_diff": 0, "sample_diff": 1, "time_diff_s": 0.02, "gps_distance_m": 5.2, "original_speed": "", "wheel_diameter_mm": 711, "braking_intensity": 0.0, "is_braking": false, "is_crash": false, "crash_intensity_g": 0.0, "segment_start_sample": 3708, "segment_end_sample": 3709, "time_str": ""}}, {"type": "Feature", "geometry": {"type": "LineString", "coordinates": [[4.93061121176919, 52.3627553083168], [4.93060767118751, 52.3628044313539]]}, "properties": {"Speed": 0.0, "Speed_display": 13.7, "road_quality": 2, "marker": 0, "trip_id": "602D3_Trip7", "hrot_diff": 0, "sample_diff": 1, "time_diff_s": 0.02, "gps_distance_m": 5.5, "original_speed": "", "wheel_diameter_mm": 711, "braking_intensity": 0.0, "is_braking": false, "is_crash": false, "crash_intensity_g": 0.0, "segment_start_sample": 3758, "segment_end_sample": 3759, "time_str": ""}}, {"type": "Feature", "geometry": {"type": "LineString", "coordinates": [[4.93060767118751, 52.3628044313539], [4.93060073077439, 52.362852225377]]}, "properties": {"Speed": 0.0, "Speed_display": 13.7, "road_quality": 3, "marker": 0, "trip_id": "602D3_Trip7", "hrot_diff": 0, "sample_diff": 1, "time_diff_s": 0.02, "gps_distance_m": 5.3, "original_speed": "", "wheel_diameter_mm": 711, "braking_intensity": 0.0, "is_braking": false, "is_crash": false, "crash_intensity_g": 0.0, "segment_start_sample": 3808, "segment_end_sample": 3809, "time_str": ""}}, {"type": "Feature", "geometry": {"type": "LineString", "coordinates": [[4.93060073077439, 52.362852225377], [4.93059925560713, 52.3628992066397]]}, "properties": {"Speed": 0.0, "Speed_display": 13.7, "road_quality": 2, "marker": 0, "trip_id": "602D3_Trip7", "hrot_diff": 0, "sample_diff": 1, "time_diff_s": 0.02, "gps_distance_m": 5.2, "original_speed": "", "wheel_diameter_mm": 711, "braking_intensity": 0.0, "is_braking": false, "is_crash": false, "crash_intensity_g": 0.0, "segment_start_sample": 3869, "segment_end_sample": 3870, "time_str": ""}}, {"type": "Feature", "geometry": {"type": "LineString", "coordinates": [[4.93059925560713, 52.3628992066397], [4.93059683786377, 52.3629459326377]]}, "properties": {"Speed": 0.0, "Speed_display": 13.7, "road_quality": 2, "marker": 0, "trip_id": "602D3_Trip7", "hrot_diff": 0, "sample_diff": 1, "time_diff_s": 0.02, "gps_distance_m": 5.2, "original_speed": "", "wheel_diameter_mm": 711, "braking_intensity": 0.0, "is_braking": false, "is_crash": false, "crash_intensity_g": 0.0, "segment_start_sample": 3910, "segment_end_sample": 3911, "time_str": ""}}, {"type": "Feature", "geometry": {"type": "LineString", "coordinates": [[4.93059683786377, 52.3629459326377], [4.93058810701231, 52.3629922271506]]}, "properties": {"Speed": 0.0, "Speed_display": 13.7, "road_quality": 2, "marker": 0, "trip_id": "602D3_Trip7", "hrot_diff": 0, "sample_diff": 1, "time_diff_s": 0.02, "gps_distance_m": 5.2, "original_speed": "", "wheel_diameter_mm": 711, "braking_intensity": 0.0, "is_braking": false, "is_crash": false, "crash_intensity_g": 0.0, "segment_start_sample": 3961, "segment_end_sample": 3962, "time_str": ""}}, {"type": "Feature", "geometry": {"type": "LineString", "coordinates": [[4.93058810701231, 52.3629922271506], [4.93057650687525, 52.3630371878075]]}, "properties": {"Speed": 0.0, "Speed_display": 13.7, "road_quality": 2, "marker": 0, "trip_id": "602D3_Trip7", "hrot_diff": 0, "sample_diff": 1, "time_diff_s": 0.02, "gps_distance_m": 5.1, "original_speed": "", "wheel_diameter_mm": 711, "braking_intensity": 0.0, "is_braking": false, "is_crash": false, "crash_intensity_g": 0.0, "segment_start_sample": 4012, "segment_end_sample": 4013, "time_str": ""}}, {"type": "Feature", "geometry": {"type": "LineString", "coordinates": [[4.93057650687525, 52.3630371878075], [4.93056809394701, 52.3630828078216]]}, "properties": {"Speed": 0.0, "Speed_display": 13.0, "road_quality": 3, "marker": 0, "trip_id": "602D3_Trip7", "hrot_diff": 0, "sample_diff": 1, "time_diff_s": 0.02, "gps_distance_m": 5.1, "original_speed": "", "wheel_diameter_mm": 711, "braking_intensity": 0.0, "is_braking": false, "is_crash": false, "crash_intensity_g": 0.0, "segment_start_sample": 4067, "segment_end_sample": 4068, "time_str": ""}}, {"type": "Feature", "geometry": {"type": "LineString", "coordinates": [[4.93056809394701, 52.3630828078216], [4.93056286178695, 52.3631256870269]]}, "properties": {"Speed": 0.0, "Speed_display": 13.0, "road_quality": 3, "marker": 0, "trip_id": "602D3_Trip7", "hrot_diff": 0, "sample_diff": 1, "time_diff_s": 0.02, "gps_distance_m": 4.8, "original_speed": "", "wheel_diameter_mm": 711, "braking_intensity": 0.0, "is_braking": false, "is_crash": false, "crash_intensity_g": 0.0, "segment_start_sample": 4109, "segment_end_sample": 4110, "time_str": ""}}, {"type": "Feature", "geometry": {"type": "LineString", "coordinates": [[4.93056286178695, 52.3631256870269], [4.93055632487528, 52.3631693129602]]}, "properties": {"Speed": 0.0, "Speed_display": 13.0, "road_quality": 3, "marker": 0, "trip_id": "602D3_Trip7", "hrot_diff": 0, "sample_diff": 1, "time_diff_s": 0.02, "gps_distance_m": 4.9, "original_speed": "", "wheel_diameter_mm": 711, "braking_intensity": 0.0, "is_braking": false, "is_crash": false, "crash_intensity_g": 0.0, "segment_start_sample": 4163, "segment_end_sample": 4164, "time_str": ""}}, {"type": "Feature", "geometry": {"type": "LineString", "coordinates": [[4.93055632487528, 52.3631693129602], [4.93054968100939, 52.36321356788]]}, "properties": {"Speed": 0.0, "Speed_display": 13.0, "road_quality": 3, "marker": 0, "trip_id": "602D3_Trip7", "hrot_diff": 0, "sample_diff": 1, "time_diff_s": 0.02, "gps_distance_m": 4.9, "original_speed": "", "wheel_diameter_mm": 711, "braking_intensity": 0.0, "is_braking": false, "is_crash": false, "crash_intensity_g": 0.0, "segment_start_sample": 4209, "segment_end_sample": 4210, "time_str": ""}}, {"type": "Feature", "geometry": {"type": "LineString", "coordinates": [[4.93054968100939, 52.36321356788], [4.93054743662753, 52.3632563392214]]}, "properties": {"Speed": 0.0, "Speed_display": 12.2, "road_quality": 2, "marker": 0, "trip_id": "602D3_Trip7", "hrot_diff": 0, "sample_diff": 1, "time_diff_s": 0.02, "gps_distance_m": 4.8, "original_speed": "", "wheel_diameter_mm": 711, "braking_intensity": 0.0, "is_braking": false, "is_crash": false, "crash_intensity_g": 0.0, "segment_start_sample": 4262, "segment_end_sample": 4263, "time_str": ""}}, {"type": "Feature", "geometry": {"type": "LineString", "coordinates": [[4.93054743662753, 52.3632563392214], [4.93054762450969, 52.3633034970155]]}, "properties": {"Speed": 0.0, "Speed_display": 13.0, "road_quality": 2, "marker": 0, "trip_id": "602D3_Trip7", "hrot_diff": 0, "sample_diff": 1, "time_diff_s": 0.02, "gps_distance_m": 5.2, "original_speed": "", "wheel_diameter_mm": 711, "braking_intensity": 0.0, "is_braking": false, "is_crash": false, "crash_intensity_g": 0.0, "segment_start_sample": 4317, "segment_end_sample": 4318, "time_str": ""}}, {"type": "Feature", "geometry": {"type": "LineString", "coordinates": [[4.93054762450969, 52.3633034970155], [4.93053881255153, 52.3633471994102]]}, "properties": {"Speed": 0.0, "Speed_display": 13.0, "road_quality": 2, "marker": 0, "trip_id": "602D3_Trip7", "hrot_diff": 0, "sample_diff": 1, "time_diff_s": 0.02, "gps_distance_m": 4.9, "original_speed": "", "wheel_diameter_mm": 711, "braking_intensity": 0.0, "is_braking": false, "is_crash": false, "crash_intensity_g": 0.0, "segment_start_sample": 4360, "segment_end_sample": 4361, "time_str": ""}}, {"type": "Feature", "geometry": {"type": "LineString", "coordinates": [[4.93053881255153, 52.3633471994102], [4.93053255675489, 52.3633926737027]]}, "properties": {"Speed": 0.0, "Speed_display": 13.0, "road_quality": 2, "marker": 0, "trip_id": "602D3_Trip7", "hrot_diff": 0, "sample_diff": 1, "time_diff_s": 0.02, "gps_distance_m": 5.1, "original_speed": "", "wheel_diameter_mm": 711, "braking_intensity": 0.0, "is_braking": false, "is_crash": false, "crash_intensity_g": 0.0, "segment_start_sample": 4414, "segment_end_sample": 4415, "time_str": ""}}, {"type": "Feature", "geometry": {"type": "LineString", "coordinates": [[4.93053255675489, 52.3633926737027], [4.93052823721059, 52.3634402642422]]}, "properties": {"Speed": 0.0, "Speed_display": 13.0, "road_quality": 2, "marker": 0, "trip_id": "602D3_Trip7", "hrot_diff": 0, "sample_diff": 1, "time_diff_s": 0.02, "gps_distance_m": 5.3, "original_speed": "", "wheel_diameter_mm": 711, "braking_intensity": 0.0, "is_braking": false, "is_crash": false, "crash_intensity_g": 0.0, "segment_start_sample": 4459, "segment_end_sample": 4460, "time_str": ""}}, {"type": "Feature", "geometry": {"type": "LineString", "coordinates": [[4.93052823721059, 52.3634402642422], [4.93052862920224, 52.3634863522349]]}, "properties": {"Speed": 0.0, "Speed_display": 13.0, "road_quality": 2, "marker": 0, "trip_id": "602D3_Trip7", "hrot_diff": 0, "sample_diff": 1, "time_diff_s": 0.02, "gps_distance_m": 5.1, "original_speed": "", "wheel_diameter_mm": 711, "braking_intensity": 0.0, "is_braking": false, "is_crash": false, "crash_intensity_g": 0.0, "segment_start_sample": 4511, "segment_end_sample": 4512, "time_str": ""}}, {"type": "Feature", "geometry": {"type": "LineString", "coordinates": [[4.93052862920224, 52.3634863522349], [4.9305206445338, 52.3635350229966]]}, "properties": {"Speed": 0.0, "Speed_display": 13.7, "road_quality": 2, "marker": 0, "trip_id": "602D3_Trip7", "hrot_diff": 0, "sample_diff": 1, "time_diff_s": 0.02, "gps_distance_m": 5.4, "original_speed": "", "wheel_diameter_mm": 711, "braking_intensity": 0.0, "is_braking": false, "is_crash": false, "crash_intensity_g": 0.0, "segment_start_sample": 4561, "segment_end_sample": 4562, "time_str": ""}}, {"type": "Feature", "geometry": {"type": "LineString", "coordinates": [[4.9305206445338, 52.3635350229966], [4.930511473774, 52.3635836885177]]}, "properties": {"Speed": 0.0, "Speed_display": 13.7, "road_quality": 2, "marker": 0, "trip_id": "602D3_Trip7", "hrot_diff": 0, "sample_diff": 1, "time_diff_s": 0.02, "gps_distance_m": 5.4, "original_speed": "", "wheel_diameter_mm": 711, "braking_intensity": 0.0, "is_braking": false, "is_crash": false, "crash_intensity_g": 0.0, "segment_start_sample": 4611, "segment_end_sample": 4612, "time_str": ""}}, {"type": "Feature", "geometry": {"type": "LineString", "coordinates": [[4.930511473774, 52.3635836885177], [4.93050198956594, 52.3636326493777]]}, "properties": {"Speed": 0.0, "Speed_display": 14.4, "road_quality": 2, "marker": 0, "trip_id": "602D3_Trip7", "hrot_diff": 0, "sample_diff": 1, "time_diff_s": 0.02, "gps_distance_m": 5.5, "original_speed": "", "wheel_diameter_mm": 711, "braking_intensity": 0.0, "is_braking": false, "is_crash": false, "crash_intensity_g": 0.0, "segment_start_sample": 4661, "segment_end_sample": 4662, "time_str": ""}}, {"type": "Feature", "geometry": {"type": "LineString", "coordinates": [[4.93050198956594, 52.3636326493777], [4.93048530240955, 52.3636797631061]]}, "properties": {"Speed": 0.0, "Speed_display": 13.7, "road_quality": 2, "marker": 0, "trip_id": "602D3_Trip7", "hrot_diff": 0, "sample_diff": 1, "time_diff_s": 0.02, "gps_distance_m": 5.4, "original_speed": "", "wheel_diameter_mm": 711, "braking_intensity": 0.0, "is_braking": false, "is_crash": false, "crash_intensity_g": 0.0, "segment_start_sample": 4709, "segment_end_sample": 4710, "time_str": ""}}, {"type": "Feature", "geometry": {"type": "LineString", "coordinates": [[4.93048530240955, 52.3636797631061], [4.93047974062076, 52.3637297649927]]}, "properties": {"Speed": 0.0, "Speed_display": 14.4, "road_quality": 3, "marker": 0, "trip_id": "602D3_Trip7", "hrot_diff": 0, "sample_diff": 1, "time_diff_s": 0.02, "gps_distance_m": 5.6, "original_speed": "", "wheel_diameter_mm": 711, "braking_intensity": 0.0, "is_braking": false, "is_crash": false, "crash_intensity_g": 0.0, "segment_start_sample": 4768, "segment_end_sample": 4769, "time_str": ""}}, {"type": "Feature", "geometry": {"type": "LineString", "coordinates": [[4.93047974062076, 52.3637297649927], [4.93047230023169, 52.3637802246032]]}, "properties": {"Speed": 0.0, "Speed_display": 14.4, "road_quality": 3, "marker": 0, "trip_id": "602D3_Trip7", "hrot_diff": 0, "sample_diff": 1, "time_diff_s": 0.02, "gps_distance_m": 5.6, "original_speed": "", "wheel_diameter_mm": 711, "braking_intensity": 0.0, "is_braking": false, "is_crash": false, "crash_intensity_g": 0.0, "segment_start_sample": 4816, "segment_end_sample": 4817, "time_str": ""}}, {"type": "Feature", "geometry": {"type": "LineString", "coordinates": [[4.93047230023169, 52.3637802246032], [4.9304584333764, 52.3638280413558]]}, "properties": {"Speed": 0.0, "Speed_display": 14.4, "road_quality": 3, "marker": 0, "trip_id": "602D3_Trip7", "hrot_diff": 0, "sample_diff": 1, "time_diff_s": 0.02, "gps_distance_m": 5.4, "original_speed": "", "wheel_diameter_mm": 711, "braking_intensity": 0.0, "is_braking": false, "is_crash": false, "crash_intensity_g": 0.0, "segment_start_sample": 4864, "segment_end_sample": 4865, "time_str": ""}}, {"type": "Feature", "geometry": {"type": "LineString", "coordinates": [[4.9304584333764, 52.3638280413558], [4.93044686629923, 52.3638788069945]]}, "properties": {"Speed": 0.0, "Speed_display": 14.4, "road_quality": 3, "marker": 0, "trip_id": "602D3_Trip7", "hrot_diff": 0, "sample_diff": 1, "time_diff_s": 0.02, "gps_distance_m": 5.7, "original_speed": "", "wheel_diameter_mm": 711, "braking_intensity": 0.0, "is_braking": false, "is_crash": false, "crash_intensity_g": 0.0, "segment_start_sample": 4912, "segment_end_sample": 4913, "time_str": ""}}, {"type": "Feature", "geometry": {"type": "LineString", "coordinates": [[4.93044686629923, 52.3638788069945], [4.93044051849291, 52.3639294906174]]}, "properties": {"Speed": 0.0, "Speed_display": 14.4, "road_quality": 2, "marker": 0, "trip_id": "602D3_Trip7", "hrot_diff": 0, "sample_diff": 1, "time_diff_s": 0.02, "gps_distance_m": 5.7, "original_speed": "", "wheel_diameter_mm": 711, "braking_intensity": 0.0, "is_braking": false, "is_crash": false, "crash_intensity_g": 0.0, "segment_start_sample": 4961, "segment_end_sample": 4962, "time_str": ""}}, {"type": "Feature", "geometry": {"type": "LineString", "coordinates": [[4.93044051849291, 52.3639294906174], [4.93042138092034, 52.3639784142942]]}, "properties": {"Speed": 0.0, "Speed_display": 14.4, "road_quality": 2, "marker": 0, "trip_id": "602D3_Trip7", "hrot_diff": 0, "sample_diff": 1, "time_diff_s": 0.02, "gps_distance_m": 5.6, "original_speed": "", "wheel_diameter_mm": 711, "braking_intensity": 0.0, "is_braking": false, "is_crash": false, "crash_intensity_g": 0.0, "segment_start_sample": 5010, "segment_end_sample": 5011, "time_str": ""}}, {"type": "Feature", "geometry": {"type": "LineString", "coordinates": [[4.93042138092034, 52.3639784142942], [4.93040922707794, 52.3640279558898]]}, "properties": {"Speed": 0.0, "Speed_display": 14.4, "road_quality": 2, "marker": 0, "trip_id": "602D3_Trip7", "hrot_diff": 0, "sample_diff": 1, "time_diff_s": 0.02, "gps_distance_m": 5.6, "original_speed": "", "wheel_diameter_mm": 711, "braking_intensity": 0.0, "is_braking": false, "is_crash": false, "crash_intensity_g": 0.0, "segment_start_sample": 5059, "segment_end_sample": 5060, "time_str": ""}}, {"type": "Feature", "geometry": {"type": "LineString", "coordinates": [[4.93040922707794, 52.3640279558898], [4.930401250017, 52.3640723787345]]}, "properties": {"Speed": 0.0, "Speed_display": 13.7, "road_quality": 2, "marker": 0, "trip_id": "602D3_Trip7", "hrot_diff": 0, "sample_diff": 1, "time_diff_s": 0.02, "gps_distance_m": 5.0, "original_speed": "", "wheel_diameter_mm": 711, "braking_intensity": 0.0, "is_braking": false, "is_crash": false, "crash_intensity_g": 0.0, "segment_start_sample": 5109, "segment_end_sample": 5110, "time_str": ""}}, {"type": "Feature", "geometry": {"type": "LineString", "coordinates": [[4.930401250017, 52.3640723787345], [4.93038089150266, 52.3641224245894]]}, "properties": {"Speed": 0.0, "Speed_display": 14.4, "road_quality": 2, "marker": 0, "trip_id": "602D3_Trip7", "hrot_diff": 0, "sample_diff": 1, "time_diff_s": 0.02, "gps_distance_m": 5.7, "original_speed": "", "wheel_diameter_mm": 711, "braking_intensity": 0.0, "is_braking": false, "is_crash": false, "crash_intensity_g": 0.0, "segment_start_sample": 5167, "segment_end_sample": 5168, "time_str": ""}}, {"type": "Feature", "geometry": {"type": "LineString", "coordinates": [[4.93038089150266, 52.3641224245894], [4.93035079807586, 52.36416791047]]}, "properties": {"Speed": 0.0, "Speed_display": 14.4, "road_quality": 2, "marker": 0, "trip_id": "602D3_Trip7", "hrot_diff": 0, "sample_diff": 1, "time_diff_s": 0.02, "gps_distance_m": 5.5, "original_speed": "", "wheel_diameter_mm": 711, "braking_intensity": 0.0, "is_braking": false, "is_crash": false, "crash_intensity_g": 0.0, "segment_start_sample": 5216, "segment_end_sample": 5217, "time_str": ""}}, {"type": "Feature", "geometry": {"type": "LineString", "coordinates": [[4.93035079807586, 52.36416791047], [4.93031480047941, 52.3642094408262]]}, "properties": {"Speed": 0.0, "Speed_display": 13.7, "road_quality": 3, "marker": 0, "trip_id": "602D3_Trip7", "hrot_diff": 0, "sample_diff": 1, "time_diff_s": 0.02, "gps_distance_m": 5.2, "original_speed": "", "wheel_diameter_mm": 711, "braking_intensity": 0.0, "is_braking": false, "is_crash": false, "crash_intensity_g": 0.0, "segment_start_sample": 5266, "segment_end_sample": 5267, "time_str": ""}}, {"type": "Feature", "geometry": {"type": "LineString", "coordinates": [[4.93031480047941, 52.3642094408262], [4.93027429730161, 52.3642492817113]]}, "properties": {"Speed": 0.0, "Speed_display": 13.7, "road_quality": 3, "marker": 0, "trip_id": "602D3_Trip7", "hrot_diff": 0, "sample_diff": 1, "time_diff_s": 0.02, "gps_distance_m": 5.2, "original_speed": "", "wheel_diameter_mm": 711, "braking_intensity": 0.0, "is_braking": false, "is_crash": false, "crash_intensity_g": 0.0, "segment_start_sample": 5315, "segment_end_sample": 5316, "time_str": ""}}, {"type": "Feature", "geometry": {"type": "LineString", "coordinates": [[4.93027429730161, 52.3642492817113], [4.93022991067781, 52.3642861630365]]}, "properties": {"Speed": 0.0, "Speed_display": 13.7, "road_quality": 2, "marker": 0, "trip_id": "602D3_Trip7", "hrot_diff": 0, "sample_diff": 1, "time_diff_s": 0.02, "gps_distance_m": 5.1, "original_speed": "", "wheel_diameter_mm": 711, "braking_intensity": 0.0, "is_braking": false, "is_crash": false, "crash_intensity_g": 0.0, "segment_start_sample": 5365, "segment_end_sample": 5366, "time_str": ""}}, {"type": "Feature", "geometry": {"type": "LineString", "coordinates": [[4.93022991067781, 52.3642861630365], [4.93017895148696, 52.3643277659439]]}, "properties": {"Speed": 0.0, "Speed_display": 14.4, "road_quality": 2, "marker": 0, "trip_id": "602D3_Trip7", "hrot_diff": 0, "sample_diff": 1, "time_diff_s": 0.02, "gps_distance_m": 5.8, "original_speed": "", "wheel_diameter_mm": 711, "braking_intensity": 0.0, "is_braking": false, "is_crash": false, "crash_intensity_g": 0.0, "segment_start_sample": 5413, "segment_end_sample": 5414, "time_str": ""}}, {"type": "Feature", "geometry": {"type": "LineString", "coordinates": [[4.93017895148696, 52.3643277659439], [4.93012988737883, 52.3643653529318]]}, "properties": {"Speed": 0.0, "Speed_display": 14.4, "road_quality": 3, "marker": 0, "trip_id": "602D3_Trip7", "hrot_diff": 0, "sample_diff": 1, "time_diff_s": 0.02, "gps_distance_m": 5.3, "original_speed": "", "wheel_diameter_mm": 711, "braking_intensity": 0.0, "is_braking": false, "is_crash": false, "crash_intensity_g": 0.0, "segment_start_sample": 5462, "segment_end_sample": 5463, "time_str": ""}}, {"type": "Feature", "geometry": {"type": "LineString", "coordinates": [[4.93012988737883, 52.3643653529318], [4.93007435446035, 52.3644015325392]]}, "properties": {"Speed": 0.0, "Speed_display": 14.4, "road_quality": 3, "marker": 0, "trip_id": "602D3_Trip7", "hrot_diff": 0, "sample_diff": 1, "time_diff_s": 0.02, "gps_distance_m": 5.5, "original_speed": "", "wheel_diameter_mm": 711, "braking_intensity": 0.0, "is_braking": false, "is_crash": false, "crash_intensity_g": 0.0, "segment_start_sample": 5510, "segment_end_sample": 5511, "time_str": ""}}, {"type": "Feature", "geometry": {"type": "LineString", "coordinates": [[4.93007435446035, 52.3644015325392], [4.9300162568101, 52.3644348011098]]}, "properties": {"Speed": 0.0, "Speed_display": 14.4, "road_quality": 3, "marker": 0, "trip_id": "602D3_Trip7", "hrot_diff": 0, "sample_diff": 1, "time_diff_s": 0.02, "gps_distance_m": 5.4, "original_speed": "", "wheel_diameter_mm": 711, "braking_intensity": 0.0, "is_braking": false, "is_crash": false, "crash_intensity_g": 0.0, "segment_start_sample": 5559, "segment_end_sample": 5560, "time_str": ""}}, {"type": "Feature", "geometry": {"type": "LineString", "coordinates": [[4.9300162568101, 52.3644348011098], [4.92995385217389, 52.3644670946747]]}, "properties": {"Speed": 0.0, "Speed_display": 14.4, "road_quality": 3, "marker": 0, "trip_id": "602D3_Trip7", "hrot_diff": 0, "sample_diff": 1, "time_diff_s": 0.02, "gps_distance_m": 5.6, "original_speed": "", "wheel_diameter_mm": 711, "braking_intensity": 0.0, "is_braking": false, "is_crash": false, "crash_intensity_g": 0.0, "segment_start_sample": 5608, "segment_end_sample": 5609, "time_str": ""}}, {"type": "Feature", "geometry": {"type": "LineString", "coordinates": [[4.92995385217389, 52.3644670946747], [4.92989415780481, 52.3644958406308]]}, "properties": {"Speed": 0.0, "Speed_display": 14.4, "road_quality": 3, "marker": 0, "trip_id": "602D3_Trip7", "hrot_diff": 0, "sample_diff": 1, "time_diff_s": 0.02, "gps_distance_m": 5.2, "original_speed": "", "wheel_diameter_mm": 711, "braking_intensity": 0.0, "is_braking": false, "is_crash": false, "crash_intensity_g": 0.0, "segment_start_sample": 5666, "segment_end_sample": 5667, "time_str": ""}}, {"type": "Feature", "geometry": {"type": "LineString", "coordinates": [[4.92989415780481, 52.3644958406308], [4.92983557916118, 52.3645289215895]]}, "properties": {"Speed": 0.0, "Speed_display": 14.4, "road_quality": 2, "marker": 0, "trip_id": "602D3_Trip7", "hrot_diff": 0, "sample_diff": 1, "time_diff_s": 0.02, "gps_distance_m": 5.4, "original_speed": "", "wheel_diameter_mm": 711, "braking_intensity": 0.0, "is_braking": false, "is_crash": false, "crash_intensity_g": 0.0, "segment_start_sample": 5707, "segment_end_sample": 5708, "time_str": ""}}, {"type": "Feature", "geometry": {"type": "LineString", "coordinates": [[4.92983557916118, 52.3645289215895], [4.9297783289517, 52.3645632568028]]}, "properties": {"Speed": 0.0, "Speed_display": 14.4, "road_quality": 3, "marker": 0, "trip_id": "602D3_Trip7", "hrot_diff": 0, "sample_diff": 1, "time_diff_s": 0.02, "gps_distance_m": 5.4, "original_speed": "", "wheel_diameter_mm": 711, "braking_intensity": 0.0, "is_braking": false, "is_crash": false, "crash_intensity_g": 0.0, "segment_start_sample": 5763, "segment_end_sample": 5764, "time_str": ""}}, {"type": "Feature", "geometry": {"type": "LineString", "coordinates": [[4.9297783289517, 52.3645632568028], [4.92972006381885, 52.364596679445]]}, "properties": {"Speed": 0.0, "Speed_display": 14.4, "road_quality": 2, "marker": 0, "trip_id": "602D3_Trip7", "hrot_diff": 0, "sample_diff": 1, "time_diff_s": 0.02, "gps_distance_m": 5.4, "original_speed": "", "wheel_diameter_mm": 711, "braking_intensity": 0.0, "is_braking": false, "is_crash": false, "crash_intensity_g": 0.0, "segment_start_sample": 5811, "segment_end_sample": 5812, "time_str": ""}}, {"type": "Feature", "geometry": {"type": "LineString", "coordinates": [[4.92972006381885, 52.364596679445], [4.92966241604556, 52.3646311512106]]}, "properties": {"Speed": 0.0, "Speed_display": 14.4, "road_quality": 3, "marker": 0, "trip_id": "602D3_Trip7", "hrot_diff": 0, "sample_diff": 1, "time_diff_s": 0.02, "gps_distance_m": 5.5, "original_speed": "", "wheel_diameter_mm": 711, "braking_intensity": 0.0, "is_braking": false, "is_crash": false, "crash_intensity_g": 0.0, "segment_start_sample": 5860, "segment_end_sample": 5861, "time_str": ""}}, {"type": "Feature", "geometry": {"type": "LineString", "coordinates": [[4.92966241604556, 52.3646311512106], [4.92960479213348, 52.3646643136667]]}, "properties": {"Speed": 0.0, "Speed_display": 14.4, "road_quality": 3, "marker": 0, "trip_id": "602D3_Trip7", "hrot_diff": 0, "sample_diff": 1, "time_diff_s": 0.02, "gps_distance_m": 5.4, "original_speed": "", "wheel_diameter_mm": 711, "braking_intensity": 0.0, "is_braking": false, "is_crash": false, "crash_intensity_g": 0.0, "segment_start_sample": 5918, "segment_end_sample": 5919, "time_str": ""}}, {"type": "Feature", "geometry": {"type": "LineString", "coordinates": [[4.92960479213348, 52.3646643136667], [4.92954212013862, 52.3646962343336]]}, "properties": {"Speed": 0.0, "Speed_display": 14.4, "road_quality": 3, "marker": 0, "trip_id": "602D3_Trip7", "hrot_diff": 0, "sample_diff": 1, "time_diff_s": 0.02, "gps_distance_m": 5.5, "original_speed": "", "wheel_diameter_mm": 711, "braking_intensity": 0.0, "is_braking": false, "is_crash": false, "crash_intensity_g": 0.0, "segment_start_sample": 5966, "segment_end_sample": 5967, "time_str": ""}}, {"type": "Feature", "geometry": {"type": "LineString", "coordinates": [[4.92954212013862, 52.3646962343336], [4.92948888427109, 52.3647332805468]]}, "properties": {"Speed": 0.0, "Speed_display": 14.4, "road_quality": 2, "marker": 0, "trip_id": "602D3_Trip7", "hrot_diff": 0, "sample_diff": 1, "time_diff_s": 0.02, "gps_distance_m": 5.5, "original_speed": "", "wheel_diameter_mm": 711, "braking_intensity": 0.0, "is_braking": false, "is_crash": false, "crash_intensity_g": 0.0, "segment_start_sample": 6014, "segment_end_sample": 6015, "time_str": ""}}, {"type": "Feature", "geometry": {"type": "LineString", "coordinates": [[4.92948888427109, 52.3647332805468], [4.92942529426452, 52.3647657371179]]}, "properties": {"Speed": 0.0, "Speed_display": 14.4, "road_quality": 3, "marker": 0, "trip_id": "602D3_Trip7", "hrot_diff": 0, "sample_diff": 1, "time_diff_s": 0.02, "gps_distance_m": 5.6, "original_speed": "", "wheel_diameter_mm": 711, "braking_intensity": 0.0, "is_braking": false, "is_crash": false, "crash_intensity_g": 0.0, "segment_start_sample": 6062, "segment_end_sample": 6063, "time_str": ""}}, {"type": "Feature", "geometry": {"type": "LineString", "coordinates": [[4.92942529426452, 52.3647657371179], [4.92936824552496, 52.3647994063799]]}, "properties": {"Speed": 0.0, "Speed_display": 14.4, "road_quality": 2, "marker": 0, "trip_id": "602D3_Trip7", "hrot_diff": 0, "sample_diff": 1, "time_diff_s": 0.02, "gps_distance_m": 5.4, "original_speed": "", "wheel_diameter_mm": 711, "braking_intensity": 0.0, "is_braking": false, "is_crash": false, "crash_intensity_g": 0.0, "segment_start_sample": 6100, "segment_end_sample": 6101, "time_str": ""}}, {"type": "Feature", "geometry": {"type": "LineString", "coordinates": [[4.92936824552496, 52.3647994063799], [4.92931045944321, 52.3648330313827]]}, "properties": {"Speed": 0.0, "Speed_display": 14.4, "road_quality": 3, "marker": 0, "trip_id": "602D3_Trip7", "hrot_diff": 0, "sample_diff": 1, "time_diff_s": 0.02, "gps_distance_m": 5.4, "original_speed": "", "wheel_diameter_mm": 711, "braking_intensity": 0.0, "is_braking": false, "is_crash": false, "crash_intensity_g": 0.0, "segment_start_sample": 6159, "segment_end_sample": 6160, "time_str": ""}}, {"type": "Feature", "geometry": {"type": "LineString", "coordinates": [[4.92931045944321, 52.3648330313827], [4.92925408285622, 52.364867090232]]}, "properties": {"Speed": 0.0, "Speed_display": 14.4, "road_quality": 3, "marker": 0, "trip_id": "602D3_Trip7", "hrot_diff": 0, "sample_diff": 1, "time_diff_s": 0.02, "gps_distance_m": 5.4, "original_speed": "", "wheel_diameter_mm": 711, "braking_intensity": 0.0, "is_braking": false, "is_crash": false, "crash_intensity_g": 0.0, "segment_start_sample": 6216, "segment_end_sample": 6217, "time_str": ""}}, {"type": "Feature", "geometry": {"type": "LineString", "coordinates": [[4.92925408285622, 52.364867090232], [4.92918650392162, 52.3648965284543]]}, "properties": {"Speed": 0.0, "Speed_display": 14.4, "road_quality": 2, "marker": 0, "trip_id": "602D3_Trip7", "hrot_diff": 0, "sample_diff": 1, "time_diff_s": 0.02, "gps_distance_m": 5.6, "original_speed": "", "wheel_diameter_mm": 711, "braking_intensity": 0.0, "is_braking": false, "is_crash": false, "crash_intensity_g": 0.0, "segment_start_sample": 6265, "segment_end_sample": 6266, "time_str": ""}}, {"type": "Feature", "geometry": {"type": "LineString", "coordinates": [[4.92918650392162, 52.3648965284543], [4.929124443397, 52.364930771988]]}, "properties": {"Speed": 0.0, "Speed_display": 14.4, "road_quality": 2, "marker": 0, "trip_id": "602D3_Trip7", "hrot_diff": 0, "sample_diff": 1, "time_diff_s": 0.02, "gps_distance_m": 5.7, "original_speed": "", "wheel_diameter_mm": 711, "braking_intensity": 0.0, "is_braking": false, "is_crash": false, "crash_intensity_g": 0.0, "segment_start_sample": 6314, "segment_end_sample": 6315, "time_str": ""}}, {"type": "Feature", "geometry": {"type": "LineString", "coordinates": [[4.929124443397, 52.364930771988], [4.92909047506118, 52.3649461184693]]}, "properties": {"Speed": 0.0, "Speed_display": 9.4, "road_quality": 3, "marker": 0, "trip_id": "602D3_Trip7", "hrot_diff": 0, "sample_diff": 1, "time_diff_s": 0.02, "gps_distance_m": 2.9, "original_speed": "", "wheel_diameter_mm": 711, "braking_intensity": 0.0, "is_braking": false, "is_crash": false, "crash_intensity_g": 0.0, "segment_start_sample": 6354, "segment_end_sample": 6355, "time_str": ""}}, {"type": "Feature", "geometry": {"type": "LineString", "coordinates": [[4.92909047506118, 52.3649461184693], [4.92903230588444, 52.3649673211451]]}, "properties": {"Speed": 0.0, "Speed_display": 8.6, "road_quality": 3, "marker": 0, "trip_id": "602D3_Trip7", "hrot_diff": 0, "sample_diff": 1, "time_diff_s": 0.02, "gps_distance_m": 4.6, "original_speed": "", "wheel_diameter_mm": 711, "braking_intensity": 0.0, "is_braking": false, "is_crash": false, "crash_intensity_g": 0.0, "segment_start_sample": 6403, "segment_end_sample": 6404, "time_str": ""}}, {"type": "Feature", "geometry": {"type": "LineString", "coordinates": [[4.92903230588444, 52.3649673211451], [4.9289682544391, 52.3649945398635]]}, "properties": {"Speed": 0.0, "Speed_display": 9.4, "road_quality": 3, "marker": 0, "trip_id": "602D3_Trip7", "hrot_diff": 0, "sample_diff": 1, "time_diff_s": 0.02, "gps_distance_m": 5.3, "original_speed": "", "wheel_diameter_mm": 711, "braking_intensity": 0.0, "is_braking": false, "is_crash": false, "crash_intensity_g": 0.0, "segment_start_sample": 6464, "segment_end_sample": 6465, "time_str": ""}}, {"type": "Feature", "geometry": {"type": "LineString", "coordinates": [[4.9289682544391, 52.3649945398635], [4.92890071665848, 52.3650203965857]]}, "properties": {"Speed": 0.0, "Speed_display": 10.1, "road_quality": 3, "marker": 0, "trip_id": "602D3_Trip7", "hrot_diff": 0, "sample_diff": 1, "time_diff_s": 0.02, "gps_distance_m": 5.4, "original_speed": "", "wheel_diameter_mm": 711, "braking_intensity": 0.0, "is_braking": false, "is_crash": false, "crash_intensity_g": 0.0, "segment_start_sample": 6503, "segment_end_sample": 6504, "time_str": ""}}, {"type": "Feature", "geometry": {"type": "LineString", "coordinates": [[4.92890071665848, 52.3650203965857], [4.92883787436624, 52.3650408279627]]}, "properties": {"Speed": 0.0, "Speed_display": 9.4, "road_quality": 2, "marker": 0, "trip_id": "602D3_Trip7", "hrot_diff": 0, "sample_diff": 1, "time_diff_s": 0.02, "gps_distance_m": 4.8, "original_speed": "", "wheel_diameter_mm": 711, "braking_intensity": 0.0, "is_braking": false, "is_crash": false, "crash_intensity_g": 0.0, "segment_start_sample": 6552, "segment_end_sample": 6553, "time_str": ""}}, {"type": "Feature", "geometry": {"type": "LineString", "coordinates": [[4.92883787436624, 52.3650408279627], [4.92877168246686, 52.3650677707099]]}, "properties": {"Speed": 0.0, "Speed_display": 10.1, "road_quality": 2, "marker": 0, "trip_id": "602D3_Trip7", "hrot_diff": 0, "sample_diff": 1, "time_diff_s": 0.02, "gps_distance_m": 5.4, "original_speed": "", "wheel_diameter_mm": 711, "braking_intensity": 0.0, "is_braking": false, "is_crash": false, "crash_intensity_g": 0.0, "segment_start_sample": 6602, "segment_end_sample": 6603, "time_str": ""}}, {"type": "Feature", "geometry": {"type": "LineString", "coordinates": [[4.92877168246686, 52.3650677707099], [4.92871626812606, 52.3650949695933]]}, "properties": {"Speed": 0.0, "Speed_display": 9.4, "road_quality": 2, "marker": 0, "trip_id": "602D3_Trip7", "hrot_diff": 0, "sample_diff": 1, "time_diff_s": 0.02, "gps_distance_m": 4.8, "original_speed": "", "wheel_diameter_mm": 711, "braking_intensity": 0.0, "is_braking": false, "is_crash": false, "crash_intensity_g": 0.0, "segment_start_sample": 6652, "segment_end_sample": 6653, "time_str": ""}}, {"type": "Feature", "geometry": {"type": "LineString", "coordinates": [[4.92871626812606, 52.3650949695933], [4.92865356492675, 52.3651220077524]]}, "properties": {"Speed": 0.0, "Speed_display": 9.4, "road_quality": 2, "marker": 0, "trip_id": "602D3_Trip7", "hrot_diff": 0, "sample_diff": 1, "time_diff_s": 0.02, "gps_distance_m": 5.2, "original_speed": "", "wheel_diameter_mm": 711, "braking_intensity": 0.0, "is_braking": false, "is_crash": false, "crash_intensity_g": 0.0, "segment_start_sample": 6702, "segment_end_sample": 6703, "time_str": ""}}, {"type": "Feature", "geometry": {"type": "LineString", "coordinates": [[4.92865356492675, 52.3651220077524], [4.92858385315536, 52.3651427715503]]}, "properties": {"Speed": 0.0, "Speed_display": 9.4, "road_quality": 2, "marker": 0, "trip_id": "602D3_Trip7", "hrot_diff": 0, "sample_diff": 1, "time_diff_s": 0.02, "gps_distance_m": 5.3, "original_speed": "", "wheel_diameter_mm": 711, "braking_intensity": 0.0, "is_braking": false, "is_crash": false, "crash_intensity_g": 0.0, "segment_start_sample": 6761, "segment_end_sample": 6762, "time_str": ""}}, {"type": "Feature", "geometry": {"type": "LineString", "coordinates": [[4.92858385315536, 52.3651427715503], [4.92851117475898, 52.3651650070639]]}, "properties": {"Speed": 0.0, "Speed_display": 10.1, "road_quality": 2, "marker": 0, "trip_id": "602D3_Trip7", "hrot_diff": 0, "sample_diff": 1, "time_diff_s": 0.02, "gps_distance_m": 5.5, "original_speed": "", "wheel_diameter_mm": 711, "braking_intensity": 0.0, "is_braking": false, "is_crash": false, "crash_intensity_g": 0.0, "segment_start_sample": 6802, "segment_end_sample": 6803, "time_str": ""}}, {"type": "Feature", "geometry": {"type": "LineString", "coordinates": [[4.92851117475898, 52.3651650070639], [4.92844394739025, 52.3651839730724]]}, "properties": {"Speed": 0.0, "Speed_display": 9.4, "road_quality": 2, "marker": 0, "trip_id": "602D3_Trip7", "hrot_diff": 0, "sample_diff": 1, "time_diff_s": 0.02, "gps_distance_m": 5.0, "original_speed": "", "wheel_diameter_mm": 711, "braking_intensity": 0.0, "is_braking": false, "is_crash": false, "crash_intensity_g": 0.0, "segment_start_sample": 6852, "segment_end_sample": 6853, "time_str": ""}}, {"type": "Feature", "geometry": {"type": "LineString", "coordinates": [[4.92844394739025, 52.3651839730724], [4.92837683836029, 52.3652079839498]]}, "properties": {"Speed": 0.0, "Speed_display": 9.4, "road_quality": 2, "marker": 0, "trip_id": "602D3_Trip7", "hrot_diff": 0, "sample_diff": 1, "time_diff_s": 0.02, "gps_distance_m": 5.3, "original_speed": "", "wheel_diameter_mm": 711, "braking_intensity": 0.0, "is_braking": false, "is_crash": false, "crash_intensity_g": 0.0, "segment_start_sample": 6912, "segment_end_sample": 6913, "time_str": ""}}, {"type": "Feature", "geometry": {"type": "LineString", "coordinates": [[4.92837683836029, 52.3652079839498], [4.92829929431837, 52.3652295005714]]}, "properties": {"Speed": 0.0, "Speed_display": 9.4, "road_quality": 3, "marker": 0, "trip_id": "602D3_Trip7", "hrot_diff": 0, "sample_diff": 1, "time_diff_s": 0.02, "gps_distance_m": 5.8, "original_speed": "", "wheel_diameter_mm": 711, "braking_intensity": 0.0, "is_braking": false, "is_crash": false, "crash_intensity_g": 0.0, "segment_start_sample": 6952, "segment_end_sample": 6953, "time_str": ""}}, {"type": "Feature", "geometry": {"type": "LineString", "coordinates": [[4.92829929431837, 52.3652295005714], [4.9282348467748, 52.3652487269239]]}, "properties": {"Speed": 0.0, "Speed_display": 8.6, "road_quality": 3, "marker": 0, "trip_id": "602D3_Trip7", "hrot_diff": 0, "sample_diff": 1, "time_diff_s": 0.02, "gps_distance_m": 4.9, "original_speed": "", "wheel_diameter_mm": 711, "braking_intensity": 0.0, "is_braking": false, "is_crash": false, "crash_intensity_g": 0.0, "segment_start_sample": 7001, "segment_end_sample": 7002, "time_str": ""}}, {"type": "Feature", "geometry": {"type": "LineString", "coordinates": [[4.9282348467748, 52.3652487269239], [4.92816521722785, 52.3652748088994]]}, "properties": {"Speed": 0.0, "Speed_display": 9.4, "road_quality": 2, "marker": 0, "trip_id": "602D3_Trip7", "hrot_diff": 0, "sample_diff": 1, "time_diff_s": 0.02, "gps_distance_m": 5.5, "original_speed": "", "wheel_diameter_mm": 711, "braking_intensity": 0.0, "is_braking": false, "is_crash": false, "crash_intensity_g": 0.0, "segment_start_sample": 7061, "segment_end_sample": 7062, "time_str": ""}}, {"type": "Feature", "geometry": {"type": "LineString", "coordinates": [[4.92816521722785, 52.3652748088994], [4.92810096123806, 52.3653035273853]]}, "properties": {"Speed": 0.0, "Speed_display": 10.8, "road_quality": 2, "marker": 0, "trip_id": "602D3_Trip7", "hrot_diff": 0, "sample_diff": 1, "time_diff_s": 0.02, "gps_distance_m": 5.4, "original_speed": "", "wheel_diameter_mm": 711, "braking_intensity": 0.0, "is_braking": false, "is_crash": false, "crash_intensity_g": 0.0, "segment_start_sample": 7100, "segment_end_sample": 7101, "time_str": ""}}, {"type": "Feature", "geometry": {"type": "LineString", "coordinates": [[4.92810096123806, 52.3653035273853], [4.92800977929836, 52.3653256347063]]}, "properties": {"Speed": 0.0, "Speed_display": 13.7, "road_quality": 2, "marker": 0, "trip_id": "602D3_Trip7", "hrot_diff": 0, "sample_diff": 1, "time_diff_s": 0.02, "gps_distance_m": 6.7, "original_speed": "", "wheel_diameter_mm": 711, "braking_intensity": 0.0, "is_braking": false, "is_crash": false, "crash_intensity_g": 0.0, "segment_start_sample": 7156, "segment_end_sample": 7157, "time_str": ""}}, {"type": "Feature", "geometry": {"type": "LineString", "coordinates": [[4.92800977929836, 52.3653256347063], [4.9279422763303, 52.3653361691872]]}, "properties": {"Speed": 0.0, "Speed_display": 12.2, "road_quality": 2, "marker": 0, "trip_id": "602D3_Trip7", "hrot_diff": 0, "sample_diff": 1, "time_diff_s": 0.02, "gps_distance_m": 4.7, "original_speed": "", "wheel_diameter_mm": 711, "braking_intensity": 0.0, "is_braking": false, "is_crash": false, "crash_intensity_g": 0.0, "segment_start_sample": 7205, "segment_end_sample": 7206, "time_str": ""}}, {"type": "Feature", "geometry": {"type": "LineString", "coordinates": [[4.9279422763303, 52.3653361691872], [4.92786824631337, 52.3653741997161]]}, "properties": {"Speed": 0.0, "Speed_display": 13.7, "road_quality": 2, "marker": 0, "trip_id": "602D3_Trip7", "hrot_diff": 0, "sample_diff": 1, "time_diff_s": 0.02, "gps_distance_m": 6.6, "original_speed": "", "wheel_diameter_mm": 711, "braking_intensity": 0.0, "is_braking": false, "is_crash": false, "crash_intensity_g": 0.0, "segment_start_sample": 7255, "segment_end_sample": 7256, "time_str": ""}}, {"type": "Feature", "geometry": {"type": "LineString", "coordinates": [[4.92786824631337, 52.3653741997161], [4.92780308987646, 52.3653991242354]]}, "properties": {"Speed": 0.0, "Speed_display": 13.7, "road_quality": 3, "marker": 0, "trip_id": "602D3_Trip7", "hrot_diff": 0, "sample_diff": 1, "time_diff_s": 0.02, "gps_distance_m": 5.2, "original_speed": "", "wheel_diameter_mm": 711, "braking_intensity": 0.0, "is_braking": false, "is_crash": false, "crash_intensity_g": 0.0, "segment_start_sample": 7305, "segment_end_sample": 7306, "time_str": ""}}, {"type": "Feature", "geometry": {"type": "LineString", "coordinates": [[4.92780308987646, 52.3653991242354], [4.92772911848433, 52.3654239791654]]}, "properties": {"Speed": 0.0, "Speed_display": 14.4, "road_quality": 3, "marker": 0, "trip_id": "602D3_Trip7", "hrot_diff": 0, "sample_diff": 1, "time_diff_s": 0.02, "gps_distance_m": 5.7, "original_speed": "", "wheel_diameter_mm": 711, "braking_intensity": 0.0, "is_braking": false, "is_crash": false, "crash_intensity_g": 0.0, "segment_start_sample": 7354, "segment_end_sample": 7355, "time_str": ""}}, {"type": "Feature", "geometry": {"type": "LineString", "coordinates": [[4.92772911848433, 52.3654239791654], [4.92766031485573, 52.3654487140965]]}, "properties": {"Speed": 0.0, "Speed_display": 13.7, "road_quality": 3, "marker": 0, "trip_id": "602D3_Trip7", "hrot_diff": 0, "sample_diff": 1, "time_diff_s": 0.02, "gps_distance_m": 5.4, "original_speed": "", "wheel_diameter_mm": 711, "braking_intensity": 0.0, "is_braking": false, "is_crash": false, "crash_intensity_g": 0.0, "segment_start_sample": 7404, "segment_end_sample": 7405, "time_str": ""}}, {"type": "Feature", "geometry": {"type": "LineString", "coordinates": [[4.92766031485573, 52.3654487140965], [4.92759317542866, 52.3654726988461]]}, "properties": {"Speed": 0.0, "Speed_display": 13.7, "road_quality": 2, "marker": 0, "trip_id": "602D3_Trip7", "hrot_diff": 0, "sample_diff": 1, "time_diff_s": 0.02, "gps_distance_m": 5.3, "original_speed": "", "wheel_diameter_mm": 711, "braking_intensity": 0.0, "is_braking": false, "is_crash": false, "crash_intensity_g": 0.0, "segment_start_sample": 7454, "segment_end_sample": 7455, "time_str": ""}}, {"type": "Feature", "geometry": {"type": "LineString", "coordinates": [[4.92759317542866, 52.3654726988461], [4.92751679726297, 52.3654975642414]]}, "properties": {"Speed": 0.0, "Speed_display": 13.7, "road_quality": 2, "marker": 0, "trip_id": "602D3_Trip7", "hrot_diff": 0, "sample_diff": 1, "time_diff_s": 0.02, "gps_distance_m": 5.9, "original_speed": "", "wheel_diameter_mm": 711, "braking_intensity": 0.0, "is_braking": false, "is_crash": false, "crash_intensity_g": 0.0, "segment_start_sample": 7505, "segment_end_sample": 7506, "time_str": ""}}, {"type": "Feature", "geometry": {"type": "LineString", "coordinates": [[4.92751679726297, 52.3654975642414], [4.92743990082852, 52.3655171483267]]}, "properties": {"Speed": 0.0, "Speed_display": 13.7, "road_quality": 2, "marker": 0, "trip_id": "602D3_Trip7", "hrot_diff": 0, "sample_diff": 1, "time_diff_s": 0.02, "gps_distance_m": 5.7, "original_speed": "", "wheel_diameter_mm": 711, "braking_intensity": 0.0, "is_braking": false, "is_crash": false, "crash_intensity_g": 0.0, "segment_start_sample": 7556, "segment_end_sample": 7557, "time_str": ""}}, {"type": "Feature", "geometry": {"type": "LineString", "coordinates": [[4.92743990082852, 52.3655171483267], [4.92736896661048, 52.3655382327756]]}, "properties": {"Speed": 0.0, "Speed_display": 13.0, "road_quality": 2, "marker": 0, "trip_id": "602D3_Trip7", "hrot_diff": 0, "sample_diff": 1, "time_diff_s": 0.02, "gps_distance_m": 5.4, "original_speed": "", "wheel_diameter_mm": 711, "braking_intensity": 0.0, "is_braking": false, "is_crash": false, "crash_intensity_g": 0.0, "segment_start_sample": 7600, "segment_end_sample": 7601, "time_str": ""}}, {"type": "Feature", "geometry": {"type": "LineString", "coordinates": [[4.92736896661048, 52.3655382327756], [4.92730561246857, 52.3655542342194]]}, "properties": {"Speed": 0.0, "Speed_display": 12.2, "road_quality": 2, "marker": 0, "trip_id": "602D3_Trip7", "hrot_diff": 0, "sample_diff": 1, "time_diff_s": 0.02, "gps_distance_m": 4.7, "original_speed": "", "wheel_diameter_mm": 711, "braking_intensity": 0.0, "is_braking": false, "is_crash": false, "crash_intensity_g": 0.0, "segment_start_sample": 7656, "segment_end_sample": 7657, "time_str": ""}}, {"type": "Feature", "geometry": {"type": "LineString", "coordinates": [[4.92730561246857, 52.3655542342194], [4.92723935473942, 52.3655661266492]]}, "properties": {"Speed": 0.0, "Speed_display": 11.5, "road_quality": 2, "marker": 0, "trip_id": "602D3_Trip7", "hrot_diff": 0, "sample_diff": 1, "time_diff_s": 0.02, "gps_distance_m": 4.7, "original_speed": "", "wheel_diameter_mm": 711, "braking_intensity": 0.0, "is_braking": false, "is_crash": false, "crash_intensity_g": 0.0, "segment_start_sample": 7704, "segment_end_sample": 7705, "time_str": ""}}, {"type": "Feature", "geometry": {"type": "LineString", "coordinates": [[4.92723935473942, 52.3655661266492], [4.92718270633031, 52.3655783682444]]}, "properties": {"Speed": 0.0, "Speed_display": 10.8, "road_quality": 2, "marker": 0, "trip_id": "602D3_Trip7", "hrot_diff": 0, "sample_diff": 1, "time_diff_s": 0.02, "gps_distance_m": 4.1, "original_speed": "", "wheel_diameter_mm": 711, "braking_intensity": 0.0, "is_braking": false, "is_crash": false, "crash_intensity_g": 0.0, "segment_start_sample": 7755, "segment_end_sample": 7756, "time_str": ""}}, {"type": "Feature", "geometry": {"type": "LineString", "coordinates": [[4.92718270633031, 52.3655783682444], [4.92714088539061, 52.365602521247]]}, "properties": {"Speed": 0.0, "Speed_display": 10.1, "road_quality": 2, "marker": 0, "trip_id": "602D3_Trip7", "hrot_diff": 0, "sample_diff": 1, "time_diff_s": 0.02, "gps_distance_m": 3.9, "original_speed": "", "wheel_diameter_mm": 711, "braking_intensity": 0.0, "is_braking": false, "is_crash": false, "crash_intensity_g": 0.0, "segment_start_sample": 7798, "segment_end_sample": 7799, "time_str": ""}}, {"type": "Feature", "geometry": {"type": "LineString", "coordinates": [[4.92714088539061, 52.365602521247], [4.92710589063134, 52.3656251588047]]}, "properties": {"Speed": 0.0, "Speed_display": 9.4, "road_quality": 2, "marker": 0, "trip_id": "602D3_Trip7", "hrot_diff": 0, "sample_diff": 1, "time_diff_s": 0.02, "gps_distance_m": 3.5, "original_speed": "", "wheel_diameter_mm": 711, "braking_intensity": 0.0, "is_braking": false, "is_crash": false, "crash_intensity_g": 0.0, "segment_start_sample": 7864, "segment_end_sample": 7865, "time_str": ""}}, {"type": "Feature", "geometry": {"type": "LineString", "coordinates": [[4.92710589063134, 52.3656251588047], [4.92710031972498, 52.3656359675391]]}, "properties": {"Speed": 0.0, "Speed_display": 5.8, "road_quality": 2, "marker": 0, "trip_id": "602D3_Trip7", "hrot_diff": 0, "sample_diff": 1, "time_diff_s": 0.02, "gps_distance_m": 1.3, "original_speed": "", "wheel_diameter_mm": 711, "braking_intensity": 0.0, "is_braking": false, "is_crash": false, "crash_intensity_g": 0.0, "segment_start_sample": 7900, "segment_end_sample": 7901, "time_str": ""}}, {"type": "Feature", "geometry": {"type": "LineString", "coordinates": [[4.92710031972498, 52.3656359675391], [4.92707873029052, 52.365668871808]]}, "properties": {"Speed": 0.0, "Speed_display": 7.2, "road_quality": 2, "marker": 0, "trip_id": "602D3_Trip7", "hrot_diff": 0, "sample_diff": 1, "time_diff_s": 0.02, "gps_distance_m": 3.9, "original_speed": "", "wheel_diameter_mm": 711, "braking_intensity": 0.0, "is_braking": false, "is_crash": false, "crash_intensity_g": 0.0, "segment_start_sample": 7962, "segment_end_sample": 7963, "time_str": ""}}, {"type": "Feature", "geometry": {"type": "LineString", "coordinates": [[4.92707873029052, 52.365668871808], [4.92706813278191, 52.3656919332654]]}, "properties": {"Speed": 0.0, "Speed_display": 6.5, "road_quality": 2, "marker": 0, "trip_id": "602D3_Trip7", "hrot_diff": 0, "sample_diff": 1, "time_diff_s": 0.02, "gps_distance_m": 2.7, "original_speed": "", "wheel_diameter_mm": 711, "braking_intensity": 0.0, "is_braking": false, "is_crash": false, "crash_intensity_g": 0.0, "segment_start_sample": 8002, "segment_end_sample": 8003, "time_str": ""}}, {"type": "Feature", "geometry": {"type": "LineString", "coordinates": [[4.92706813278191, 52.3656919332654], [4.92705027053509, 52.3657161617552]]}, "properties": {"Speed": 0.0, "Speed_display": 7.2, "road_quality": 2, "marker": 0, "trip_id": "602D3_Trip7", "hrot_diff": 0, "sample_diff": 1, "time_diff_s": 0.02, "gps_distance_m": 3.0, "original_speed": "", "wheel_diameter_mm": 711, "braking_intensity": 0.0, "is_braking": false, "is_crash": false, "crash_intensity_g": 0.0, "segment_start_sample": 8058, "segment_end_sample": 8059, "time_str": ""}}, {"type": "Feature", "geometry": {"type": "LineString", "coordinates": [[4.92705027053509, 52.3657161617552], [4.92703240343587, 52.3657381644405]]}, "properties": {"Speed": 0.0, "Speed_display": 7.2, "road_quality": 2, "marker": 0, "trip_id": "602D3_Trip7", "hrot_diff": 0, "sample_diff": 1, "time_diff_s": 0.02, "gps_distance_m": 2.7, "original_speed": "", "wheel_diameter_mm": 711, "braking_intensity": 0.0, "is_braking": false, "is_crash": false, "crash_intensity_g": 0.0, "segment_start_sample": 8099, "segment_end_sample": 8100, "time_str": ""}}, {"type": "Feature", "geometry": {"type": "LineString", "coordinates": [[4.92703240343587, 52.3657381644405], [4.92702513011457, 52.3657534462086]]}, "properties": {"Speed": 0.0, "Speed_display": 5.8, "road_quality": 2, "marker": 0, "trip_id": "602D3_Trip7", "hrot_diff": 0, "sample_diff": 1, "time_diff_s": 0.02, "gps_distance_m": 1.8, "original_speed": "", "wheel_diameter_mm": 711, "braking_intensity": 0.0, "is_braking": false, "is_crash": false, "crash_intensity_g": 0.0, "segment_start_sample": 8150, "segment_end_sample": 8151, "time_str": ""}}, {"type": "Feature", "geometry": {"type": "LineString", "coordinates": [[4.92702513011457, 52.3657534462086], [4.92703251360662, 52.3657634304072]]}, "properties": {"Speed": 0.0, "Speed_display": 2.2, "road_quality": 3, "marker": 0, "trip_id": "602D3_Trip7", "hrot_diff": 0, "sample_diff": 1, "time_diff_s": 0.02, "gps_distance_m": 1.2, "original_speed": "", "wheel_diameter_mm": 711, "braking_intensity": 0.0, "is_braking": false, "is_crash": false, "crash_intensity_g": 0.0, "segment_start_sample": 8315, "segment_end_sample": 8316, "time_str": ""}}, {"type": "Feature", "geometry": {"type": "LineString", "coordinates": [[4.92703251360662, 52.3657634304072], [4.92703692828295, 52.3657829652996]]}, "properties": {"Speed": 0.0, "Speed_display": 4.3, "road_quality": 3, "marker": 0, "trip_id": "602D3_Trip7", "hrot_diff": 0, "sample_diff": 1, "time_diff_s": 0.02, "gps_distance_m": 2.2, "original_speed": "", "wheel_diameter_mm": 711, "braking_intensity": 0.0, "is_braking": false, "is_crash": false, "crash_intensity_g": 0.0, "segment_start_sample": 8366, "segment_end_sample": 8367, "time_str": ""}}, {"type": "Feature", "geometry": {"type": "LineString", "coordinates": [[4.92703692828295, 52.3657829652996], [4.92702541054557, 52.3658075453915]]}, "properties": {"Speed": 0.0, "Speed_display": 5.8, "road_quality": 3, "marker": 0, "trip_id": "602D3_Trip7", "hrot_diff": 0, "sample_diff": 1, "time_diff_s": 0.02, "gps_distance_m": 2.8, "original_speed": "", "wheel_diameter_mm": 711, "braking_intensity": 0.0, "is_braking": false, "is_crash": false, "crash_intensity_g": 0.0, "segment_start_sample": 8407, "segment_end_sample": 8408, "time_str": ""}}, {"type": "Feature", "geometry": {"type": "LineString", "coordinates": [[4.92702541054557, 52.3658075453915], [4.92701731116971, 52.3658414561515]]}, "properties": {"Speed": 0.0, "Speed_display": 7.9, "road_quality": 3, "marker": 0, "trip_id": "602D3_Trip7", "hrot_diff": 0, "sample_diff": 1, "time_diff_s": 0.02, "gps_distance_m": 3.8, "original_speed": "", "wheel_diameter_mm": 711, "braking_intensity": 0.0, "is_braking": false, "is_crash": false, "crash_intensity_g": 0.0, "segment_start_sample": 8457, "segment_end_sample": 8458, "time_str": ""}}, {"type": "Feature", "geometry": {"type": "LineString", "coordinates": [[4.92701731116971, 52.3658414561515], [4.92701045498166, 52.3658767536005]]}, "properties": {"Speed": 0.0, "Speed_display": 9.4, "road_quality": 2, "marker": 0, "trip_id": "602D3_Trip7", "hrot_diff": 0, "sample_diff": 1, "time_diff_s": 0.02, "gps_distance_m": 4.0, "original_speed": "", "wheel_diameter_mm": 711, "braking_intensity": 0.0, "is_braking": false, "is_crash": false, "crash_intensity_g": 0.0, "segment_start_sample": 8502, "segment_end_sample": 8503, "time_str": ""}}, {"type": "Feature", "geometry": {"type": "LineString", "coordinates": [[4.92701045498166, 52.3658767536005], [4.92699830730746, 52.3659164367111]]}, "properties": {"Speed": 0.0, "Speed_display": 10.8, "road_quality": 2, "marker": 0, "trip_id": "602D3_Trip7", "hrot_diff": 0, "sample_diff": 1, "time_diff_s": 0.02, "gps_distance_m": 4.5, "original_speed": "", "wheel_diameter_mm": 711, "braking_intensity": 0.0, "is_braking": false, "is_crash": false, "crash_intensity_g": 0.0, "segment_start_sample": 8552, "segment_end_sample": 8553, "time_str": ""}}, {"type": "Feature", "geometry": {"type": "LineString", "coordinates": [[4.92699830730746, 52.3659164367111], [4.9269826377843, 52.3659591471368]]}, "properties": {"Speed": 0.0, "Speed_display": 11.5, "road_quality": 2, "marker": 0, "trip_id": "602D3_Trip7", "hrot_diff": 0, "sample_diff": 1, "time_diff_s": 0.02, "gps_distance_m": 4.9, "original_speed": "", "wheel_diameter_mm": 711, "braking_intensity": 0.0, "is_braking": false, "is_crash": false, "crash_intensity_g": 0.0, "segment_start_sample": 8598, "segment_end_sample": 8599, "time_str": ""}}, {"type": "Feature", "geometry": {"type": "LineString", "coordinates": [[4.9269826377843, 52.3659591471368], [4.92694696883595, 52.3660006577273]]}, "properties": {"Speed": 0.0, "Speed_display": 12.2, "road_quality": 2, "marker": 0, "trip_id": "602D3_Trip7", "hrot_diff": 0, "sample_diff": 1, "time_diff_s": 0.02, "gps_distance_m": 5.2, "original_speed": "", "wheel_diameter_mm": 711, "braking_intensity": 0.0, "is_braking": false, "is_crash": false, "crash_intensity_g": 0.0, "segment_start_sample": 8650, "segment_end_sample": 8651, "time_str": ""}}, {"type": "Feature", "geometry": {"type": "LineString", "coordinates": [[4.92694696883595, 52.3660006577273], [4.92687999986486, 52.3660324246645]]}, "properties": {"Speed": 0.0, "Speed_display": 13.7, "road_quality": 2, "marker": 0, "trip_id": "602D3_Trip7", "hrot_diff": 0, "sample_diff": 1, "time_diff_s": 0.02, "gps_distance_m": 5.8, "original_speed": "", "wheel_diameter_mm": 711, "braking_intensity": 0.0, "is_braking": false, "is_crash": false, "crash_intensity_g": 0.0, "segment_start_sample": 8700, "segment_end_sample": 8701, "time_str": ""}}, {"type": "Feature", "geometry": {"type": "LineString", "coordinates": [[4.92687999986486, 52.3660324246645], [4.92681099095908, 52.3660632494471]]}, "properties": {"Speed": 0.0, "Speed_display": 14.4, "road_quality": 2, "marker": 0, "trip_id": "602D3_Trip7", "hrot_diff": 0, "sample_diff": 1, "time_diff_s": 0.02, "gps_distance_m": 5.8, "original_speed": "", "wheel_diameter_mm": 711, "braking_intensity": 0.0, "is_braking": false, "is_crash": false, "crash_intensity_g": 0.0, "segment_start_sample": 8750, "segment_end_sample": 8751, "time_str": ""}}, {"type": "Feature", "geometry": {"type": "LineString", "coordinates": [[4.92681099095908, 52.3660632494471], [4.92675337369855, 52.3661004929124]]}, "properties": {"Speed": 0.0, "Speed_display": 14.4, "road_quality": 2, "marker": 0, "trip_id": "602D3_Trip7", "hrot_diff": 0, "sample_diff": 1, "time_diff_s": 0.02, "gps_distance_m": 5.7, "original_speed": "", "wheel_diameter_mm": 711, "braking_intensity": 0.0, "is_braking": false, "is_crash": false, "crash_intensity_g": 0.0, "segment_start_sample": 8799, "segment_end_sample": 8800, "time_str": ""}}, {"type": "Feature", "geometry": {"type": "LineString", "coordinates": [[4.92675337369855, 52.3661004929124], [4.92670466035575, 52.3661350122766]]}, "properties": {"Speed": 0.0, "Speed_display": 13.7, "road_quality": 2, "marker": 0, "trip_id": "602D3_Trip7", "hrot_diff": 0, "sample_diff": 1, "time_diff_s": 0.02, "gps_distance_m": 5.1, "original_speed": "", "wheel_diameter_mm": 711, "braking_intensity": 0.0, "is_braking": false, "is_crash": false, "crash_intensity_g": 0.0, "segment_start_sample": 8849, "segment_end_sample": 8850, "time_str": ""}}, {"type": "Feature", "geometry": {"type": "LineString", "coordinates": [[4.92670466035575, 52.3661350122766], [4.92664931692039, 52.3661640285046]]}, "properties": {"Speed": 0.0, "Speed_display": 13.0, "road_quality": 2, "marker": 0, "trip_id": "602D3_Trip7", "hrot_diff": 0, "sample_diff": 1, "time_diff_s": 0.02, "gps_distance_m": 5.0, "original_speed": "", "wheel_diameter_mm": 711, "braking_intensity": 0.0, "is_braking": false, "is_crash": false, "crash_intensity_g": 0.0, "segment_start_sample": 8902, "segment_end_sample": 8903, "time_str": ""}}, {"type": "Feature", "geometry": {"type": "LineString", "coordinates": [[4.92664931692039, 52.3661640285046], [4.92659658712687, 52.3661957345997]]}, "properties": {"Speed": 0.0, "Speed_display": 13.0, "road_quality": 2, "marker": 0, "trip_id": "602D3_Trip7", "hrot_diff": 0, "sample_diff": 1, "time_diff_s": 0.02, "gps_distance_m": 5.0, "original_speed": "", "wheel_diameter_mm": 711, "braking_intensity": 0.0, "is_braking": false, "is_crash": false, "crash_intensity_g": 0.0, "segment_start_sample": 8955, "segment_end_sample": 8956, "time_str": ""}}, {"type": "Feature", "geometry": {"type": "LineString", "coordinates": [[4.92659658712687, 52.3661957345997], [4.92654827389079, 52.3662283405111]]}, "properties": {"Speed": 0.0, "Speed_display": 13.0, "road_quality": 2, "marker": 0, "trip_id": "602D3_Trip7", "hrot_diff": 0, "sample_diff": 1, "time_diff_s": 0.02, "gps_distance_m": 4.9, "original_speed": "", "wheel_diameter_mm": 711, "braking_intensity": 0.0, "is_braking": false, "is_crash": false, "crash_intensity_g": 0.0, "segment_start_sample": 9008, "segment_end_sample": 9009, "time_str": ""}}, {"type": "Feature", "geometry": {"type": "LineString", "coordinates": [[4.92654827389079, 52.3662283405111], [4.92649252809762, 52.3662613513039]]}, "properties": {"Speed": 0.0, "Speed_display": 13.7, "road_quality": 2, "marker": 0, "trip_id": "602D3_Trip7", "hrot_diff": 0, "sample_diff": 1, "time_diff_s": 0.02, "gps_distance_m": 5.3, "original_speed": "", "wheel_diameter_mm": 711, "braking_intensity": 0.0, "is_braking": false, "is_crash": false, "crash_intensity_g": 0.0, "segment_start_sample": 9050, "segment_end_sample": 9051, "time_str": ""}}, {"type": "Feature", "geometry": {"type": "LineString", "coordinates": [[4.92649252809762, 52.3662613513039], [4.92643903623469, 52.3662946750788]]}, "properties": {"Speed": 0.0, "Speed_display": 13.7, "road_quality": 2, "marker": 0, "trip_id": "602D3_Trip7", "hrot_diff": 0, "sample_diff": 1, "time_diff_s": 0.02, "gps_distance_m": 5.2, "original_speed": "", "wheel_diameter_mm": 711, "braking_intensity": 0.0, "is_braking": false, "is_crash": false, "crash_intensity_g": 0.0, "segment_start_sample": 9101, "segment_end_sample": 9102, "time_str": ""}}, {"type": "Feature", "geometry": {"type": "LineString", "coordinates": [[4.92643903623469, 52.3662946750788], [4.92638050968045, 52.3663290895986]]}, "properties": {"Speed": 0.0, "Speed_display": 13.7, "road_quality": 2, "marker": 0, "trip_id": "602D3_Trip7", "hrot_diff": 0, "sample_diff": 1, "time_diff_s": 0.02, "gps_distance_m": 5.5, "original_speed": "", "wheel_diameter_mm": 711, "braking_intensity": 0.0, "is_braking": false, "is_crash": false, "crash_intensity_g": 0.0, "segment_start_sample": 9151, "segment_end_sample": 9152, "time_str": ""}}, {"type": "Feature", "geometry": {"type": "LineString", "coordinates": [[4.92638050968045, 52.3663290895986], [4.92632296834107, 52.3663646886843]]}, "properties": {"Speed": 0.0, "Speed_display": 14.4, "road_quality": 2, "marker": 0, "trip_id": "602D3_Trip7", "hrot_diff": 0, "sample_diff": 1, "time_diff_s": 0.02, "gps_distance_m": 5.6, "original_speed": "", "wheel_diameter_mm": 711, "braking_intensity": 0.0, "is_braking": false, "is_crash": false, "crash_intensity_g": 0.0, "segment_start_sample": 9200, "segment_end_sample": 9201, "time_str": ""}}, {"type": "Feature", "geometry": {"type": "LineString", "coordinates": [[4.92632296834107, 52.3663646886843], [4.92626556838075, 52.3664025579367]]}, "properties": {"Speed": 0.0, "Speed_display": 14.4, "road_quality": 2, "marker": 0, "trip_id": "602D3_Trip7", "hrot_diff": 0, "sample_diff": 1, "time_diff_s": 0.02, "gps_distance_m": 5.7, "original_speed": "", "wheel_diameter_mm": 711, "braking_intensity": 0.0, "is_braking": false, "is_crash": false, "crash_intensity_g": 0.0, "segment_start_sample": 9255, "segment_end_sample": 9256, "time_str": ""}}, {"type": "Feature", "geometry": {"type": "LineString", "coordinates": [[4.92626556838075, 52.3664025579367], [4.92621026111223, 52.3664428782886]]}, "properties": {"Speed": 0.0, "Speed_display": 15.1, "road_quality": 2, "marker": 0, "trip_id": "602D3_Trip7", "hrot_diff": 0, "sample_diff": 1, "time_diff_s": 0.02, "gps_distance_m": 5.8, "original_speed": "", "wheel_diameter_mm": 711, "braking_intensity": 0.0, "is_braking": false, "is_crash": false, "crash_intensity_g": 0.0, "segment_start_sample": 9302, "segment_end_sample": 9303, "time_str": ""}}, {"type": "Feature", "geometry": {"type": "LineString", "coordinates": [[4.92621026111223, 52.3664428782886], [4.92615653515627, 52.3664848885024]]}, "properties": {"Speed": 0.0, "Speed_display": 15.1, "road_quality": 2, "marker": 0, "trip_id": "602D3_Trip7", "hrot_diff": 0, "sample_diff": 1, "time_diff_s": 0.02, "gps_distance_m": 5.9, "original_speed": "", "wheel_diameter_mm": 711, "braking_intensity": 0.0, "is_braking": false, "is_crash": false, "crash_intensity_g": 0.0, "segment_start_sample": 9356, "segment_end_sample": 9357, "time_str": ""}}, {"type": "Feature", "geometry": {"type": "LineString", "coordinates": [[4.92615653515627, 52.3664848885024], [4.92609682885581, 52.3665223913384]]}, "properties": {"Speed": 0.0, "Speed_display": 15.1, "road_quality": 2, "marker": 0, "trip_id": "602D3_Trip7", "hrot_diff": 0, "sample_diff": 1, "time_diff_s": 0.02, "gps_distance_m": 5.8, "original_speed": "", "wheel_diameter_mm": 711, "braking_intensity": 0.0, "is_braking": false, "is_crash": false, "crash_intensity_g": 0.0, "segment_start_sample": 9402, "segment_end_sample": 9403, "time_str": ""}}, {"type": "Feature", "geometry": {"type": "LineString", "coordinates": [[4.92609682885581, 52.3665223913384], [4.92603272282045, 52.366558829766]]}, "properties": {"Speed": 0.0, "Speed_display": 15.1, "road_quality": 2, "marker": 0, "trip_id": "602D3_Trip7", "hrot_diff": 0, "sample_diff": 1, "time_diff_s": 0.02, "gps_distance_m": 5.9, "original_speed": "", "wheel_diameter_mm": 711, "braking_intensity": 0.0, "is_braking": false, "is_crash": false, "crash_intensity_g": 0.0, "segment_start_sample": 9448, "segment_end_sample": 9449, "time_str": ""}}, {"type": "Feature", "geometry": {"type": "LineString", "coordinates": [[4.92603272282045, 52.366558829766], [4.92597430484106, 52.3665949243541]]}, "properties": {"Speed": 0.0, "Speed_display": 15.1, "road_quality": 2, "marker": 0, "trip_id": "602D3_Trip7", "hrot_diff": 0, "sample_diff": 1, "time_diff_s": 0.02, "gps_distance_m": 5.6, "original_speed": "", "wheel_diameter_mm": 711, "braking_intensity": 0.0, "is_braking": false, "is_crash": false, "crash_intensity_g": 0.0, "segment_start_sample": 9504, "segment_end_sample": 9505, "time_str": ""}}, {"type": "Feature", "geometry": {"type": "LineString", "coordinates": [[4.92597430484106, 52.3665949243541], [4.92591630467551, 52.3666292800788]]}, "properties": {"Speed": 0.0, "Speed_display": 14.4, "road_quality": 2, "marker": 0, "trip_id": "602D3_Trip7", "hrot_diff": 0, "sample_diff": 1, "time_diff_s": 0.02, "gps_distance_m": 5.5, "original_speed": "", "wheel_diameter_mm": 711, "braking_intensity": 0.0, "is_braking": false, "is_crash": false, "crash_intensity_g": 0.0, "segment_start_sample": 9552, "segment_end_sample": 9553, "time_str": ""}}, {"type": "Feature", "geometry": {"type": "LineString", "coordinates": [[4.92591630467551, 52.3666292800788], [4.92585514209427, 52.3666638983753]]}, "properties": {"Speed": 0.0, "Speed_display": 14.4, "road_quality": 2, "marker": 0, "trip_id": "602D3_Trip7", "hrot_diff": 0, "sample_diff": 1, "time_diff_s": 0.02, "gps_distance_m": 5.7, "original_speed": "", "wheel_diameter_mm": 711, "braking_intensity": 0.0, "is_braking": false, "is_crash": false, "crash_intensity_g": 0.0, "segment_start_sample": 9600, "segment_end_sample": 9601, "time_str": ""}}, {"type": "Feature", "geometry": {"type": "LineString", "coordinates": [[4.92585514209427, 52.3666638983753], [4.92580280214254, 52.3666985451612]]}, "properties": {"Speed": 0.0, "Speed_display": 14.4, "road_quality": 2, "marker": 0, "trip_id": "602D3_Trip7", "hrot_diff": 0, "sample_diff": 1, "time_diff_s": 0.02, "gps_distance_m": 5.2, "original_speed": "", "wheel_diameter_mm": 711, "braking_intensity": 0.0, "is_braking": false, "is_crash": false, "crash_intensity_g": 0.0, "segment_start_sample": 9649, "segment_end_sample": 9650, "time_str": ""}}, {"type": "Feature", "geometry": {"type": "LineString", "coordinates": [[4.92580280214254, 52.3666985451612], [4.92574696852735, 52.3667339525085]]}, "properties": {"Speed": 0.0, "Speed_display": 13.7, "road_quality": 2, "marker": 0, "trip_id": "602D3_Trip7", "hrot_diff": 0, "sample_diff": 1, "time_diff_s": 0.02, "gps_distance_m": 5.5, "original_speed": "", "wheel_diameter_mm": 711, "braking_intensity": 0.0, "is_braking": false, "is_crash": false, "crash_intensity_g": 0.0, "segment_start_sample": 9698, "segment_end_sample": 9699, "time_str": ""}}, {"type": "Feature", "geometry": {"type": "LineString", "coordinates": [[4.92574696852735, 52.3667339525085], [4.92568664952625, 52.3667674514385]]}, "properties": {"Speed": 0.0, "Speed_display": 14.4, "road_quality": 2, "marker": 0, "trip_id": "602D3_Trip7", "hrot_diff": 0, "sample_diff": 1, "time_diff_s": 0.02, "gps_distance_m": 5.5, "original_speed": "", "wheel_diameter_mm": 711, "braking_intensity": 0.0, "is_braking": false, "is_crash": false, "crash_intensity_g": 0.0, "segment_start_sample": 9757, "segment_end_sample": 9758, "time_str": ""}}, {"type": "Feature", "geometry": {"type": "LineString", "coordinates": [[4.92568664952625, 52.3667674514385], [4.92562826318983, 52.3668025381541]]}, "properties": {"Speed": 0.0, "Speed_display": 14.4, "road_quality": 2, "marker": 0, "trip_id": "602D3_Trip7", "hrot_diff": 0, "sample_diff": 1, "time_diff_s": 0.02, "gps_distance_m": 5.6, "original_speed": "", "wheel_diameter_mm": 711, "braking_intensity": 0.0, "is_braking": false, "is_crash": false, "crash_intensity_g": 0.0, "segment_start_sample": 9806, "segment_end_sample": 9807, "time_str": ""}}, {"type": "Feature", "geometry": {"type": "LineString", "coordinates": [[4.92562826318983, 52.3668025381541], [4.92557382274419, 52.3668366002708]]}, "properties": {"Speed": 0.0, "Speed_display": 13.7, "road_quality": 2, "marker": 0, "trip_id": "602D3_Trip7", "hrot_diff": 0, "sample_diff": 1, "time_diff_s": 0.02, "gps_distance_m": 5.3, "original_speed": "", "wheel_diameter_mm": 711, "braking_intensity": 0.0, "is_braking": false, "is_crash": false, "crash_intensity_g": 0.0, "segment_start_sample": 9857, "segment_end_sample": 9858, "time_str": ""}}, {"type": "Feature", "geometry": {"type": "LineString", "coordinates": [[4.92557382274419, 52.3668366002708], [4.92551901859257, 52.3668680812551]]}, "properties": {"Speed": 0.0, "Speed_display": 13.7, "road_quality": 2, "marker": 0, "trip_id": "602D3_Trip7", "hrot_diff": 0, "sample_diff": 1, "time_diff_s": 0.02, "gps_distance_m": 5.1, "original_speed": "", "wheel_diameter_mm": 711, "braking_intensity": 0.0, "is_braking": false, "is_crash": false, "crash_intensity_g": 0.0, "segment_start_sample": 9899, "segment_end_sample": 9900, "time_str": ""}}, {"type": "Feature", "geometry": {"type": "LineString", "coordinates": [[4.92551901859257, 52.3668680812551], [4.9254643192205, 52.3668990359809]]}, "properties": {"Speed": 0.0, "Speed_display": 13.0, "road_quality": 3, "marker": 0, "trip_id": "602D3_Trip7", "hrot_diff": 0, "sample_diff": 1, "time_diff_s": 0.02, "gps_distance_m": 5.1, "original_speed": "", "wheel_diameter_mm": 711, "braking_intensity": 0.0, "is_braking": false, "is_crash": false, "crash_intensity_g": 0.0, "segment_start_sample": 9953, "segment_end_sample": 9954, "time_str": ""}}, {"type": "Feature", "geometry": {"type": "LineString", "coordinates": [[4.9254643192205, 52.3668990359809], [4.92542013183721, 52.3669283745474]]}, "properties": {"Speed": 0.0, "Speed_display": 12.2, "road_quality": 3, "marker": 0, "trip_id": "602D3_Trip7", "hrot_diff": 0, "sample_diff": 1, "time_diff_s": 0.02, "gps_distance_m": 4.4, "original_speed": "", "wheel_diameter_mm": 711, "braking_intensity": 0.0, "is_braking": false, "is_crash": false, "crash_intensity_g": 0.0, "segment_start_sample": 9999, "segment_end_sample": 10000, "time_str": ""}}, {"type": "Feature", "geometry": {"type": "LineString", "coordinates": [[4.92542013183721, 52.3669283745474], [4.92537258334177, 52.3669620874218]]}, "properties": {"Speed": 0.0, "Speed_display": 12.2, "road_quality": 2, "marker": 0, "trip_id": "602D3_Trip7", "hrot_diff": 0, "sample_diff": 1, "time_diff_s": 0.02, "gps_distance_m": 4.9, "original_speed": "", "wheel_diameter_mm": 711, "braking_intensity": 0.0, "is_braking": false, "is_crash": false, "crash_intensity_g": 0.0, "segment_start_sample": 10055, "segment_end_sample": 10056, "time_str": ""}}, {"type": "Feature", "geometry": {"type": "LineString", "coordinates": [[4.92537258334177, 52.3669620874218], [4.92533876964899, 52.367000704598]]}, "properties": {"Speed": 0.0, "Speed_display": 12.2, "road_quality": 2, "marker": 0, "trip_id": "602D3_Trip7", "hrot_diff": 0, "sample_diff": 1, "time_diff_s": 0.02, "gps_distance_m": 4.9, "original_speed": "", "wheel_diameter_mm": 711, "braking_intensity": 0.0, "is_braking": false, "is_crash": false, "crash_intensity_g": 0.0, "segment_start_sample": 10101, "segment_end_sample": 10102, "time_str": ""}}, {"type": "Feature", "geometry": {"type": "LineString", "coordinates": [[4.92533876964899, 52.367000704598], [4.92530927465103, 52.3670391870886]]}, "properties": {"Speed": 0.0, "Speed_display": 12.2, "road_quality": 2, "marker": 0, "trip_id": "602D3_Trip7", "hrot_diff": 0, "sample_diff": 1, "time_diff_s": 0.02, "gps_distance_m": 4.7, "original_speed": "", "wheel_diameter_mm": 711, "braking_intensity": 0.0, "is_braking": false, "is_crash": false, "crash_intensity_g": 0.0, "segment_start_sample": 10157, "segment_end_sample": 10158, "time_str": ""}}, {"type": "Feature", "geometry": {"type": "LineString", "coordinates": [[4.92530927465103, 52.3670391870886], [4.92530900956179, 52.3670807088765]]}, "properties": {"Speed": 0.0, "Speed_display": 11.5, "road_quality": 2, "marker": 0, "trip_id": "602D3_Trip7", "hrot_diff": 0, "sample_diff": 1, "time_diff_s": 0.02, "gps_distance_m": 4.6, "original_speed": "", "wheel_diameter_mm": 711, "braking_intensity": 0.0, "is_braking": false, "is_crash": false, "crash_intensity_g": 0.0, "segment_start_sample": 10203, "segment_end_sample": 10204, "time_str": ""}}, {"type": "Feature", "geometry": {"type": "LineString", "coordinates": [[4.92530900956179, 52.3670807088765], [4.92534299684012, 52.3671170097607]]}, "properties": {"Speed": 0.0, "Speed_display": 10.8, "road_quality": 2, "marker": 0, "trip_id": "602D3_Trip7", "hrot_diff": 0, "sample_diff": 1, "time_diff_s": 0.02, "gps_distance_m": 4.6, "original_speed": "", "wheel_diameter_mm": 711, "braking_intensity": 0.0, "is_braking": false, "is_crash": false, "crash_intensity_g": 0.0, "segment_start_sample": 10257, "segment_end_sample": 10258, "time_str": ""}}, {"type": "Feature", "geometry": {"type": "LineString", "coordinates": [[4.92534299684012, 52.3671170097607], [4.92538994041495, 52.3671495070894]]}, "properties": {"Speed": 0.0, "Speed_display": 11.5, "road_quality": 2, "marker": 0, "trip_id": "602D3_Trip7", "hrot_diff": 0, "sample_diff": 1, "time_diff_s": 0.02, "gps_distance_m": 4.8, "original_speed": "", "wheel_diameter_mm": 711, "braking_intensity": 0.0, "is_braking": false, "is_crash": false, "crash_intensity_g": 0.0, "segment_start_sample": 10303, "segment_end_sample": 10304, "time_str": ""}}, {"type": "Feature", "geometry": {"type": "LineString", "coordinates": [[4.92538994041495, 52.3671495070894], [4.92544184645391, 52.3671833108137]]}, "properties": {"Speed": 0.0, "Speed_display": 12.2, "road_quality": 2, "marker": 0, "trip_id": "602D3_Trip7", "hrot_diff": 0, "sample_diff": 1, "time_diff_s": 0.02, "gps_distance_m": 5.2, "original_speed": "", "wheel_diameter_mm": 711, "braking_intensity": 0.0, "is_braking": false, "is_crash": false, "crash_intensity_g": 0.0, "segment_start_sample": 10351, "segment_end_sample": 10352, "time_str": ""}}, {"type": "Feature", "geometry": {"type": "LineString", "coordinates": [[4.92544184645391, 52.3671833108137], [4.92548721834715, 52.3672121675383]]}, "properties": {"Speed": 0.0, "Speed_display": 11.5, "road_quality": 2, "marker": 0, "trip_id": "602D3_Trip7", "hrot_diff": 0, "sample_diff": 1, "time_diff_s": 0.02, "gps_distance_m": 4.4, "original_speed": "", "wheel_diameter_mm": 711, "braking_intensity": 0.0, "is_braking": false, "is_crash": false, "crash_intensity_g": 0.0, "segment_start_sample": 10399, "segment_end_sample": 10400, "time_str": ""}}, {"type": "Feature", "geometry": {"type": "LineString", "coordinates": [[4.92548721834715, 52.3672121675383], [4.92552732596002, 52.3672486119536]]}, "properties": {"Speed": 0.0, "Speed_display": 12.2, "road_quality": 2, "marker": 0, "trip_id": "602D3_Trip7", "hrot_diff": 0, "sample_diff": 1, "time_diff_s": 0.02, "gps_distance_m": 4.9, "original_speed": "", "wheel_diameter_mm": 711, "braking_intensity": 0.0, "is_braking": false, "is_crash": false, "crash_intensity_g": 0.0, "segment_start_sample": 10458, "segment_end_sample": 10459, "time_str": ""}}, {"type": "Feature", "geometry": {"type": "LineString", "coordinates": [[4.92552732596002, 52.3672486119536], [4.92556996111231, 52.3672801059591]]}, "properties": {"Speed": 0.0, "Speed_display": 11.5, "road_quality": 2, "marker": 0, "trip_id": "602D3_Trip7", "hrot_diff": 0, "sample_diff": 1, "time_diff_s": 0.02, "gps_distance_m": 4.5, "original_speed": "", "wheel_diameter_mm": 711, "braking_intensity": 0.0, "is_braking": false, "is_crash": false, "crash_intensity_g": 0.0, "segment_start_sample": 10507, "segment_end_sample": 10508, "time_str": ""}}, {"type": "Feature", "geometry": {"type": "LineString", "coordinates": [[4.92556996111231, 52.3672801059591], [4.92561518520831, 52.3673092907245]]}, "properties": {"Speed": 0.0, "Speed_display": 11.5, "road_quality": 2, "marker": 0, "trip_id": "602D3_Trip7", "hrot_diff": 0, "sample_diff": 1, "time_diff_s": 0.02, "gps_distance_m": 4.5, "original_speed": "", "wheel_diameter_mm": 711, "braking_intensity": 0.0, "is_braking": false, "is_crash": false, "crash_intensity_g": 0.0, "segment_start_sample": 10554, "segment_end_sample": 10555, "time_str": ""}}, {"type": "Feature", "geometry": {"type": "LineString", "coordinates": [[4.92561518520831, 52.3673092907245], [4.92566386805693, 52.3673332957702]]}, "properties": {"Speed": 0.0, "Speed_display": 10.8, "road_quality": 2, "marker": 0, "trip_id": "602D3_Trip7", "hrot_diff": 0, "sample_diff": 1, "time_diff_s": 0.02, "gps_distance_m": 4.2, "original_speed": "", "wheel_diameter_mm": 711, "braking_intensity": 0.0, "is_braking": false, "is_crash": false, "crash_intensity_g": 0.0, "segment_start_sample": 10603, "segment_end_sample": 10604, "time_str": ""}}, {"type": "Feature", "geometry": {"type": "LineString", "coordinates": [[4.92566386805693, 52.3673332957702], [4.92571236462845, 52.3673627417144]]}, "properties": {"Speed": 0.0, "Speed_display": 11.5, "road_quality": 2, "marker": 0, "trip_id": "602D3_Trip7", "hrot_diff": 0, "sample_diff": 1, "time_diff_s": 0.02, "gps_distance_m": 4.6, "original_speed": "", "wheel_diameter_mm": 711, "braking_intensity": 0.0, "is_braking": false, "is_crash": false, "crash_intensity_g": 0.0, "segment_start_sample": 10650, "segment_end_sample": 10651, "time_str": ""}}, {"type": "Feature", "geometry": {"type": "LineString", "coordinates": [[4.92571236462845, 52.3673627417144], [4.92574707590246, 52.3673996681122]]}, "properties": {"Speed": 0.0, "Speed_display": 11.5, "road_quality": 2, "marker": 0, "trip_id": "602D3_Trip7", "hrot_diff": 0, "sample_diff": 1, "time_diff_s": 0.02, "gps_distance_m": 4.7, "original_speed": "", "wheel_diameter_mm": 711, "braking_intensity": 0.0, "is_braking": false, "is_crash": false, "crash_intensity_g": 0.0, "segment_start_sample": 10708, "segment_end_sample": 10709, "time_str": ""}}, {"type": "Feature", "geometry": {"type": "LineString", "coordinates": [[4.92574707590246, 52.3673996681122], [4.92576961499862, 52.3674357328279]]}, "properties": {"Speed": 0.0, "Speed_display": 11.5, "road_quality": 2, "marker": 0, "trip_id": "602D3_Trip7", "hrot_diff": 0, "sample_diff": 1, "time_diff_s": 0.02, "gps_distance_m": 4.3, "original_speed": "", "wheel_diameter_mm": 711, "braking_intensity": 0.0, "is_braking": false, "is_crash": false, "crash_intensity_g": 0.0, "segment_start_sample": 10758, "segment_end_sample": 10759, "time_str": ""}}, {"type": "Feature", "geometry": {"type": "LineString", "coordinates": [[4.92576961499862, 52.3674357328279], [4.92577170459772, 52.3674687127857]]}, "properties": {"Speed": 0.0, "Speed_display": 9.4, "road_quality": 3, "marker": 0, "trip_id": "602D3_Trip7", "hrot_diff": 0, "sample_diff": 1, "time_diff_s": 0.02, "gps_distance_m": 3.7, "original_speed": "", "wheel_diameter_mm": 711, "braking_intensity": 0.0, "is_braking": false, "is_crash": false, "crash_intensity_g": 0.0, "segment_start_sample": 10800, "segment_end_sample": 10801, "time_str": ""}}, {"type": "Feature", "geometry": {"type": "LineString", "coordinates": [[4.92577170459772, 52.3674687127857], [4.92575797652012, 52.367508109233]]}, "properties": {"Speed": 0.0, "Speed_display": 10.1, "road_quality": 3, "marker": 0, "trip_id": "602D3_Trip7", "hrot_diff": 0, "sample_diff": 1, "time_diff_s": 0.02, "gps_distance_m": 4.5, "original_speed": "", "wheel_diameter_mm": 711, "braking_intensity": 0.0, "is_braking": false, "is_crash": false, "crash_intensity_g": 0.0, "segment_start_sample": 10853, "segment_end_sample": 10854, "time_str": ""}}, {"type": "Feature", "geometry": {"type": "LineString", "coordinates": [[4.92575797652012, 52.367508109233], [4.92572436733011, 52.3675450023429]]}, "properties": {"Speed": 0.0, "Speed_display": 10.8, "road_quality": 2, "marker": 0, "trip_id": "602D3_Trip7", "hrot_diff": 0, "sample_diff": 1, "time_diff_s": 0.02, "gps_distance_m": 4.7, "original_speed": "", "wheel_diameter_mm": 711, "braking_intensity": 0.0, "is_braking": false, "is_crash": false, "crash_intensity_g": 0.0, "segment_start_sample": 10901, "segment_end_sample": 10902, "time_str": ""}}, {"type": "Feature", "geometry": {"type": "LineString", "coordinates": [[4.92572436733011, 52.3675450023429], [4.92566041956997, 52.3675690472633]]}, "properties": {"Speed": 0.0, "Speed_display": 11.5, "road_quality": 2, "marker": 0, "trip_id": "602D3_Trip7", "hrot_diff": 0, "sample_diff": 1, "time_diff_s": 0.02, "gps_distance_m": 5.1, "original_speed": "", "wheel_diameter_mm": 711, "braking_intensity": 0.0, "is_braking": false, "is_crash": false, "crash_intensity_g": 0.0, "segment_start_sample": 10956, "segment_end_sample": 10957, "time_str": ""}}, {"type": "Feature", "geometry": {"type": "LineString", "coordinates": [[4.92566041956997, 52.3675690472633], [4.92558447281397, 52.3675938395621]]}, "properties": {"Speed": 0.0, "Speed_display": 13.0, "road_quality": 2, "marker": 0, "trip_id": "602D3_Trip7", "hrot_diff": 0, "sample_diff": 1, "time_diff_s": 0.02, "gps_distance_m": 5.8, "original_speed": "", "wheel_diameter_mm": 711, "braking_intensity": 0.0, "is_braking": false, "is_crash": false, "crash_intensity_g": 0.0, "segment_start_sample": 10998, "segment_end_sample": 10999, "time_str": ""}}, {"type": "Feature", "geometry": {"type": "LineString", "coordinates": [[4.92558447281397, 52.3675938395621], [4.92552107054882, 52.367615242879]]}, "properties": {"Speed": 0.0, "Speed_display": 13.0, "road_quality": 2, "marker": 0, "trip_id": "602D3_Trip7", "hrot_diff": 0, "sample_diff": 1, "time_diff_s": 0.02, "gps_distance_m": 4.9, "original_speed": "", "wheel_diameter_mm": 711, "braking_intensity": 0.0, "is_braking": false, "is_crash": false, "crash_intensity_g": 0.0, "segment_start_sample": 11052, "segment_end_sample": 11053, "time_str": ""}}, {"type": "Feature", "geometry": {"type": "LineString", "coordinates": [[4.92552107054882, 52.367615242879], [4.92545540542999, 52.367638141141]]}, "properties": {"Speed": 0.0, "Speed_display": 13.0, "road_quality": 2, "marker": 0, "trip_id": "602D3_Trip7", "hrot_diff": 0, "sample_diff": 1, "time_diff_s": 0.02, "gps_distance_m": 5.1, "original_speed": "", "wheel_diameter_mm": 711, "braking_intensity": 0.0, "is_braking": false, "is_crash": false, "crash_intensity_g": 0.0, "segment_start_sample": 11103, "segment_end_sample": 11104, "time_str": ""}}, {"type": "Feature", "geometry": {"type": "LineString", "coordinates": [[4.92545540542999, 52.367638141141], [4.9253840099559, 52.3676634869489]]}, "properties": {"Speed": 0.0, "Speed_display": 14.4, "road_quality": 2, "marker": 0, "trip_id": "602D3_Trip7", "hrot_diff": 0, "sample_diff": 1, "time_diff_s": 0.02, "gps_distance_m": 5.6, "original_speed": "", "wheel_diameter_mm": 711, "braking_intensity": 0.0, "is_braking": false, "is_crash": false, "crash_intensity_g": 0.0, "segment_start_sample": 11153, "segment_end_sample": 11154, "time_str": ""}}, {"type": "Feature", "geometry": {"type": "LineString", "coordinates": [[4.9253840099559, 52.3676634869489], [4.92531984429276, 52.3676964127016]]}, "properties": {"Speed": 0.0, "Speed_display": 14.4, "road_quality": 2, "marker": 0, "trip_id": "602D3_Trip7", "hrot_diff": 0, "sample_diff": 1, "time_diff_s": 0.02, "gps_distance_m": 5.7, "original_speed": "", "wheel_diameter_mm": 711, "braking_intensity": 0.0, "is_braking": false, "is_crash": false, "crash_intensity_g": 0.0, "segment_start_sample": 11198, "segment_end_sample": 11199, "time_str": ""}}, {"type": "Feature", "geometry": {"type": "LineString", "coordinates": [[4.92531984429276, 52.3676964127016], [4.92524073479382, 52.3677213217572]]}, "properties": {"Speed": 0.0, "Speed_display": 15.1, "road_quality": 2, "marker": 0, "trip_id": "602D3_Trip7", "hrot_diff": 0, "sample_diff": 1, "time_diff_s": 0.02, "gps_distance_m": 6.0, "original_speed": "", "wheel_diameter_mm": 711, "braking_intensity": 0.0, "is_braking": false, "is_crash": false, "crash_intensity_g": 0.0, "segment_start_sample": 11251, "segment_end_sample": 11252, "time_str": ""}}, {"type": "Feature", "geometry": {"type": "LineString", "coordinates": [[4.92524073479382, 52.3677213217572], [4.92515543511275, 52.3677453355932]]}, "properties": {"Speed": 0.0, "Speed_display": 15.8, "road_quality": 2, "marker": 0, "trip_id": "602D3_Trip7", "hrot_diff": 0, "sample_diff": 1, "time_diff_s": 0.02, "gps_distance_m": 6.4, "original_speed": "", "wheel_diameter_mm": 711, "braking_intensity": 0.0, "is_braking": false, "is_crash": false, "crash_intensity_g": 0.0, "segment_start_sample": 11303, "segment_end_sample": 11304, "time_str": ""}}, {"type": "Feature", "geometry": {"type": "LineString", "coordinates": [[4.92515543511275, 52.3677453355932], [4.92507567840222, 52.3677681927302]]}, "properties": {"Speed": 0.0, "Speed_display": 15.8, "road_quality": 2, "marker": 0, "trip_id": "602D3_Trip7", "hrot_diff": 0, "sample_diff": 1, "time_diff_s": 0.02, "gps_distance_m": 6.0, "original_speed": "", "wheel_diameter_mm": 711, "braking_intensity": 0.0, "is_braking": false, "is_crash": false, "crash_intensity_g": 0.0, "segment_start_sample": 11356, "segment_end_sample": 11357, "time_str": ""}}, {"type": "Feature", "geometry": {"type": "LineString", "coordinates": [[4.92507567840222, 52.3677681927302], [4.92499662129797, 52.3677938482647]]}, "properties": {"Speed": 0.0, "Speed_display": 15.8, "road_quality": 2, "marker": 0, "trip_id": "602D3_Trip7", "hrot_diff": 0, "sample_diff": 1, "time_diff_s": 0.02, "gps_distance_m": 6.1, "original_speed": "", "wheel_diameter_mm": 711, "braking_intensity": 0.0, "is_braking": false, "is_crash": false, "crash_intensity_g": 0.0, "segment_start_sample": 11400, "segment_end_sample": 11401, "time_str": ""}}, {"type": "Feature", "geometry": {"type": "LineString", "coordinates": [[4.92499662129797, 52.3677938482647], [4.92491136381601, 52.3678191028809]]}, "properties": {"Speed": 0.0, "Speed_display": 15.8, "road_quality": 2, "marker": 0, "trip_id": "602D3_Trip7", "hrot_diff": 0, "sample_diff": 1, "time_diff_s": 0.02, "gps_distance_m": 6.4, "original_speed": "", "wheel_diameter_mm": 711, "braking_intensity": 0.0, "is_braking": false, "is_crash": false, "crash_intensity_g": 0.0, "segment_start_sample": 11450, "segment_end_sample": 11451, "time_str": ""}}, {"type": "Feature", "geometry": {"type": "LineString", "coordinates": [[4.92491136381601, 52.3678191028809], [4.92482728932007, 52.3678437011925]]}, "properties": {"Speed": 0.0, "Speed_display": 16.6, "road_quality": 2, "marker": 0, "trip_id": "602D3_Trip7", "hrot_diff": 0, "sample_diff": 1, "time_diff_s": 0.02, "gps_distance_m": 6.3, "original_speed": "", "wheel_diameter_mm": 711, "braking_intensity": 0.0, "is_braking": false, "is_crash": false, "crash_intensity_g": 0.0, "segment_start_sample": 11502, "segment_end_sample": 11503, "time_str": ""}}, {"type": "Feature", "geometry": {"type": "LineString", "coordinates": [[4.92482728932007, 52.3678437011925], [4.92474254838815, 52.3678690832825]]}, "properties": {"Speed": 0.0, "Speed_display": 16.6, "road_quality": 2, "marker": 0, "trip_id": "602D3_Trip7", "hrot_diff": 0, "sample_diff": 1, "time_diff_s": 0.02, "gps_distance_m": 6.4, "original_speed": "", "wheel_diameter_mm": 711, "braking_intensity": 0.0, "is_braking": false, "is_crash": false, "crash_intensity_g": 0.0, "segment_start_sample": 11553, "segment_end_sample": 11554, "time_str": ""}}, {"type": "Feature", "geometry": {"type": "LineString", "coordinates": [[4.92474254838815, 52.3678690832825], [4.92466269557547, 52.3678956999422]]}, "properties": {"Speed": 0.0, "Speed_display": 16.6, "road_quality": 2, "marker": 0, "trip_id": "602D3_Trip7", "hrot_diff": 0, "sample_diff": 1, "time_diff_s": 0.02, "gps_distance_m": 6.2, "original_speed": "", "wheel_diameter_mm": 711, "braking_intensity": 0.0, "is_braking": false, "is_crash": false, "crash_intensity_g": 0.0, "segment_start_sample": 11605, "segment_end_sample": 11606, "time_str": ""}}, {"type": "Feature", "geometry": {"type": "LineString", "coordinates": [[4.92466269557547, 52.3678956999422], [4.92458407581977, 52.3679238954039]]}, "properties": {"Speed": 0.0, "Speed_display": 15.8, "road_quality": 2, "marker": 0, "trip_id": "602D3_Trip7", "hrot_diff": 0, "sample_diff": 1, "time_diff_s": 0.02, "gps_distance_m": 6.2, "original_speed": "", "wheel_diameter_mm": 711, "braking_intensity": 0.0, "is_braking": false, "is_crash": false, "crash_intensity_g": 0.0, "segment_start_sample": 11656, "segment_end_sample": 11657, "time_str": ""}}, {"type": "Feature", "geometry": {"type": "LineString", "coordinates": [[4.92458407581977, 52.3679238954039], [4.92450236814005, 52.3679500295027]]}, "properties": {"Speed": 0.0, "Speed_display": 15.8, "road_quality": 2, "marker": 0, "trip_id": "602D3_Trip7", "hrot_diff": 0, "sample_diff": 1, "time_diff_s": 0.02, "gps_distance_m": 6.3, "original_speed": "", "wheel_diameter_mm": 711, "braking_intensity": 0.0, "is_braking": false, "is_crash": false, "crash_intensity_g": 0.0, "segment_start_sample": 11700, "segment_end_sample": 11701, "time_str": ""}}, {"type": "Feature", "geometry": {"type": "LineString", "coordinates": [[4.92450236814005, 52.3679500295027], [4.92442638130383, 52.3679765519638]]}, "properties": {"Speed": 0.0, "Speed_display": 15.8, "road_quality": 2, "marker": 0, "trip_id": "602D3_Trip7", "hrot_diff": 0, "sample_diff": 1, "time_diff_s": 0.02, "gps_distance_m": 5.9, "original_speed": "", "wheel_diameter_mm": 711, "braking_intensity": 0.0, "is_braking": false, "is_crash": false, "crash_intensity_g": 0.0, "segment_start_sample": 11752, "segment_end_sample": 11753, "time_str": ""}}, {"type": "Feature", "geometry": {"type": "LineString", "coordinates": [[4.92442638130383, 52.3679765519638], [4.92435097251446, 52.3680044465437]]}, "properties": {"Speed": 0.0, "Speed_display": 15.8, "road_quality": 2, "marker": 0, "trip_id": "602D3_Trip7", "hrot_diff": 0, "sample_diff": 1, "time_diff_s": 0.02, "gps_distance_m": 6.0, "original_speed": "", "wheel_diameter_mm": 711, "braking_intensity": 0.0, "is_braking": false, "is_crash": false, "crash_intensity_g": 0.0, "segment_start_sample": 11805, "segment_end_sample": 11806, "time_str": ""}}, {"type": "Feature", "geometry": {"type": "LineString", "coordinates": [[4.92435097251446, 52.3680044465437], [4.92426899445867, 52.368027993156]]}, "properties": {"Speed": 0.0, "Speed_display": 15.8, "road_quality": 2, "marker": 0, "trip_id": "602D3_Trip7", "hrot_diff": 0, "sample_diff": 1, "time_diff_s": 0.02, "gps_distance_m": 6.2, "original_speed": "", "wheel_diameter_mm": 711, "braking_intensity": 0.0, "is_braking": false, "is_crash": false, "crash_intensity_g": 0.0, "segment_start_sample": 11850, "segment_end_sample": 11851, "time_str": ""}}, {"type": "Feature", "geometry": {"type": "LineString", "coordinates": [[4.92426899445867, 52.368027993156], [4.92419758351469, 52.3680533675253]]}, "properties": {"Speed": 0.0, "Speed_display": 15.1, "road_quality": 2, "marker": 0, "trip_id": "602D3_Trip7", "hrot_diff": 0, "sample_diff": 1, "time_diff_s": 0.02, "gps_distance_m": 5.6, "original_speed": "", "wheel_diameter_mm": 711, "braking_intensity": 0.0, "is_braking": false, "is_crash": false, "crash_intensity_g": 0.0, "segment_start_sample": 11904, "segment_end_sample": 11905, "time_str": ""}}, {"type": "Feature", "geometry": {"type": "LineString", "coordinates": [[4.92419758351469, 52.3680533675253], [4.92413109388851, 52.3680790856787]]}, "properties": {"Speed": 0.0, "Speed_display": 14.4, "road_quality": 2, "marker": 0, "trip_id": "602D3_Trip7", "hrot_diff": 0, "sample_diff": 1, "time_diff_s": 0.02, "gps_distance_m": 5.3, "original_speed": "", "wheel_diameter_mm": 711, "braking_intensity": 0.0, "is_braking": false, "is_crash": false, "crash_intensity_g": 0.0, "segment_start_sample": 11949, "segment_end_sample": 11950, "time_str": ""}}, {"type": "Feature", "geometry": {"type": "LineString", "coordinates": [[4.92413109388851, 52.3680790856787], [4.924057220307, 52.3681064436164]]}, "properties": {"Speed": 0.0, "Speed_display": 14.4, "road_quality": 2, "marker": 0, "trip_id": "602D3_Trip7", "hrot_diff": 0, "sample_diff": 1, "time_diff_s": 0.02, "gps_distance_m": 5.9, "original_speed": "", "wheel_diameter_mm": 711, "braking_intensity": 0.0, "is_braking": false, "is_crash": false, "crash_intensity_g": 0.0, "segment_start_sample": 12005, "segment_end_sample": 12006, "time_str": ""}}, {"type": "Feature", "geometry": {"type": "LineString", "coordinates": [[4.924057220307, 52.3681064436164], [4.92397721891603, 52.3681308886974]]}, "properties": {"Speed": 0.0, "Speed_display": 15.1, "road_quality": 2, "marker": 0, "trip_id": "602D3_Trip7", "hrot_diff": 0, "sample_diff": 1, "time_diff_s": 0.02, "gps_distance_m": 6.1, "original_speed": "", "wheel_diameter_mm": 711, "braking_intensity": 0.0, "is_braking": false, "is_crash": false, "crash_intensity_g": 0.0, "segment_start_sample": 12049, "segment_end_sample": 12050, "time_str": ""}}, {"type": "Feature", "geometry": {"type": "LineString", "coordinates": [[4.92397721891603, 52.3681308886974], [4.9239000016247, 52.3681591683921]]}, "properties": {"Speed": 0.0, "Speed_display": 15.8, "road_quality": 2, "marker": 0, "trip_id": "602D3_Trip7", "hrot_diff": 0, "sample_diff": 1, "time_diff_s": 0.02, "gps_distance_m": 6.1, "original_speed": "", "wheel_diameter_mm": 711, "braking_intensity": 0.0, "is_braking": false, "is_crash": false, "crash_intensity_g": 0.0, "segment_start_sample": 12103, "segment_end_sample": 12104, "time_str": ""}}, {"type": "Feature", "geometry": {"type": "LineString", "coordinates": [[4.9239000016247, 52.3681591683921], [4.92382663612931, 52.3681873741182]]}, "properties": {"Speed": 0.0, "Speed_display": 15.1, "road_quality": 2, "marker": 0, "trip_id": "602D3_Trip7", "hrot_diff": 0, "sample_diff": 1, "time_diff_s": 0.02, "gps_distance_m": 5.9, "original_speed": "", "wheel_diameter_mm": 711, "braking_intensity": 0.0, "is_braking": false, "is_crash": false, "crash_intensity_g": 0.0, "segment_start_sample": 12156, "segment_end_sample": 12157, "time_str": ""}}, {"type": "Feature", "geometry": {"type": "LineString", "coordinates": [[4.92382663612931, 52.3681873741182], [4.92375277776211, 52.3682139447465]]}, "properties": {"Speed": 0.0, "Speed_display": 15.1, "road_quality": 2, "marker": 0, "trip_id": "602D3_Trip7", "hrot_diff": 0, "sample_diff": 1, "time_diff_s": 0.02, "gps_distance_m": 5.8, "original_speed": "", "wheel_diameter_mm": 711, "braking_intensity": 0.0, "is_braking": false, "is_crash": false, "crash_intensity_g": 0.0, "segment_start_sample": 12201, "segment_end_sample": 12202, "time_str": ""}}, {"type": "Feature", "geometry": {"type": "LineString", "coordinates": [[4.92375277776211, 52.3682139447465], [4.92367424179172, 52.3682382356863]]}, "properties": {"Speed": 0.0, "Speed_display": 15.1, "road_quality": 2, "marker": 0, "trip_id": "602D3_Trip7", "hrot_diff": 0, "sample_diff": 1, "time_diff_s": 0.02, "gps_distance_m": 6.0, "original_speed": "", "wheel_diameter_mm": 711, "braking_intensity": 0.0, "is_braking": false, "is_crash": false, "crash_intensity_g": 0.0, "segment_start_sample": 12254, "segment_end_sample": 12255, "time_str": ""}}, {"type": "Feature", "geometry": {"type": "LineString", "coordinates": [[4.92367424179172, 52.3682382356863], [4.92359563172999, 52.3682666423371]]}, "properties": {"Speed": 0.0, "Speed_display": 15.8, "road_quality": 2, "marker": 0, "trip_id": "602D3_Trip7", "hrot_diff": 0, "sample_diff": 1, "time_diff_s": 0.02, "gps_distance_m": 6.2, "original_speed": "", "wheel_diameter_mm": 711, "braking_intensity": 0.0, "is_braking": false, "is_crash": false, "crash_intensity_g": 0.0, "segment_start_sample": 12299, "segment_end_sample": 12300, "time_str": ""}}, {"type": "Feature", "geometry": {"type": "LineString", "coordinates": [[4.92359563172999, 52.3682666423371], [4.92351933930549, 52.3682911421289]]}, "properties": {"Speed": 0.0, "Speed_display": 15.1, "road_quality": 2, "marker": 0, "trip_id": "602D3_Trip7", "hrot_diff": 0, "sample_diff": 1, "time_diff_s": 0.02, "gps_distance_m": 5.9, "original_speed": "", "wheel_diameter_mm": 711, "braking_intensity": 0.0, "is_braking": false, "is_crash": false, "crash_intensity_g": 0.0, "segment_start_sample": 12352, "segment_end_sample": 12353, "time_str": ""}}, {"type": "Feature", "geometry": {"type": "LineString", "coordinates": [[4.92351933930549, 52.3682911421289], [4.92344328675812, 52.3683205733376]]}, "properties": {"Speed": 0.0, "Speed_display": 15.1, "road_quality": 2, "marker": 0, "trip_id": "602D3_Trip7", "hrot_diff": 0, "sample_diff": 1, "time_diff_s": 0.02, "gps_distance_m": 6.1, "original_speed": "", "wheel_diameter_mm": 711, "braking_intensity": 0.0, "is_braking": false, "is_crash": false, "crash_intensity_g": 0.0, "segment_start_sample": 12397, "segment_end_sample": 12398, "time_str": ""}}, {"type": "Feature", "geometry": {"type": "LineString", "coordinates": [[4.92344328675812, 52.3683205733376], [4.92335781248859, 52.3683450225844]]}, "properties": {"Speed": 0.0, "Speed_display": 15.8, "road_quality": 2, "marker": 0, "trip_id": "602D3_Trip7", "hrot_diff": 0, "sample_diff": 1, "time_diff_s": 0.02, "gps_distance_m": 6.4, "original_speed": "", "wheel_diameter_mm": 711, "braking_intensity": 0.0, "is_braking": false, "is_crash": false, "crash_intensity_g": 0.0, "segment_start_sample": 12449, "segment_end_sample": 12450, "time_str": ""}}, {"type": "Feature", "geometry": {"type": "LineString", "coordinates": [[4.92335781248859, 52.3683450225844], [4.92327755747349, 52.3683678484333]]}, "properties": {"Speed": 0.0, "Speed_display": 15.8, "road_quality": 2, "marker": 0, "trip_id": "602D3_Trip7", "hrot_diff": 0, "sample_diff": 1, "time_diff_s": 0.02, "gps_distance_m": 6.0, "original_speed": "", "wheel_diameter_mm": 711, "braking_intensity": 0.0, "is_braking": false, "is_crash": false, "crash_intensity_g": 0.0, "segment_start_sample": 12504, "segment_end_sample": 12505, "time_str": ""}}, {"type": "Feature", "geometry": {"type": "LineString", "coordinates": [[4.92327755747349, 52.3683678484333], [4.92319951853961, 52.3683944349816]]}, "properties": {"Speed": 0.0, "Speed_display": 15.8, "road_quality": 2, "marker": 0, "trip_id": "602D3_Trip7", "hrot_diff": 0, "sample_diff": 1, "time_diff_s": 0.02, "gps_distance_m": 6.1, "original_speed": "", "wheel_diameter_mm": 711, "braking_intensity": 0.0, "is_braking": false, "is_crash": false, "crash_intensity_g": 0.0, "segment_start_sample": 12548, "segment_end_sample": 12549, "time_str": ""}}, {"type": "Feature", "geometry": {"type": "LineString", "coordinates": [[4.92319951853961, 52.3683944349816], [4.92312313295708, 52.3684197168244]]}, "properties": {"Speed": 0.0, "Speed_display": 15.1, "road_quality": 2, "marker": 0, "trip_id": "602D3_Trip7", "hrot_diff": 0, "sample_diff": 1, "time_diff_s": 0.02, "gps_distance_m": 5.9, "original_speed": "", "wheel_diameter_mm": 711, "braking_intensity": 0.0, "is_braking": false, "is_crash": false, "crash_intensity_g": 0.0, "segment_start_sample": 12602, "segment_end_sample": 12603, "time_str": ""}}, {"type": "Feature", "geometry": {"type": "LineString", "coordinates": [[4.92312313295708, 52.3684197168244], [4.92305967383371, 52.368451156913]]}, "properties": {"Speed": 0.0, "Speed_display": 15.1, "road_quality": 2, "marker": 0, "trip_id": "602D3_Trip7", "hrot_diff": 0, "sample_diff": 1, "time_diff_s": 0.02, "gps_distance_m": 5.5, "original_speed": "", "wheel_diameter_mm": 711, "braking_intensity": 0.0, "is_braking": false, "is_crash": false, "crash_intensity_g": 0.0, "segment_start_sample": 12656, "segment_end_sample": 12657, "time_str": ""}}, {"type": "Feature", "geometry": {"type": "LineString", "coordinates": [[4.92305967383371, 52.368451156913], [4.9229854960432, 52.3684801239652]]}, "properties": {"Speed": 0.0, "Speed_display": 15.1, "road_quality": 2, "marker": 0, "trip_id": "602D3_Trip7", "hrot_diff": 0, "sample_diff": 1, "time_diff_s": 0.02, "gps_distance_m": 6.0, "original_speed": "", "wheel_diameter_mm": 711, "braking_intensity": 0.0, "is_braking": false, "is_crash": false, "crash_intensity_g": 0.0, "segment_start_sample": 12701, "segment_end_sample": 12702, "time_str": ""}}, {"type": "Feature", "geometry": {"type": "LineString", "coordinates": [[4.9229854960432, 52.3684801239652], [4.92290844721086, 52.3685107793469]]}, "properties": {"Speed": 0.0, "Speed_display": 15.8, "road_quality": 2, "marker": 0, "trip_id": "602D3_Trip7", "hrot_diff": 0, "sample_diff": 1, "time_diff_s": 0.02, "gps_distance_m": 6.2, "original_speed": "", "wheel_diameter_mm": 711, "braking_intensity": 0.0, "is_braking": false, "is_crash": false, "crash_intensity_g": 0.0, "segment_start_sample": 12746, "segment_end_sample": 12747, "time_str": ""}}, {"type": "Feature", "geometry": {"type": "LineString", "coordinates": [[4.92290844721086, 52.3685107793469], [4.92283102203571, 52.3685337497336]]}, "properties": {"Speed": 0.0, "Speed_display": 15.1, "road_quality": 2, "marker": 0, "trip_id": "602D3_Trip7", "hrot_diff": 0, "sample_diff": 1, "time_diff_s": 0.02, "gps_distance_m": 5.8, "original_speed": "", "wheel_diameter_mm": 711, "braking_intensity": 0.0, "is_braking": false, "is_crash": false, "crash_intensity_g": 0.0, "segment_start_sample": 12799, "segment_end_sample": 12800, "time_str": ""}}, {"type": "Feature", "geometry": {"type": "LineString", "coordinates": [[4.92283102203571, 52.3685337497336], [4.92275019919439, 52.3685542396305]]}, "properties": {"Speed": 0.0, "Speed_display": 15.1, "road_quality": 2, "marker": 0, "trip_id": "602D3_Trip7", "hrot_diff": 0, "sample_diff": 1, "time_diff_s": 0.02, "gps_distance_m": 5.9, "original_speed": "", "wheel_diameter_mm": 711, "braking_intensity": 0.0, "is_braking": false, "is_crash": false, "crash_intensity_g": 0.0, "segment_start_sample": 12854, "segment_end_sample": 12855, "time_str": ""}}, {"type": "Feature", "geometry": {"type": "LineString", "coordinates": [[4.92275019919439, 52.3685542396305], [4.92268247791024, 52.3685835224902]]}, "properties": {"Speed": 0.0, "Speed_display": 15.1, "road_quality": 2, "marker": 0, "trip_id": "602D3_Trip7", "hrot_diff": 0, "sample_diff": 1, "time_diff_s": 0.02, "gps_distance_m": 5.6, "original_speed": "", "wheel_diameter_mm": 711, "braking_intensity": 0.0, "is_braking": false, "is_crash": false, "crash_intensity_g": 0.0, "segment_start_sample": 12891, "segment_end_sample": 12892, "time_str": ""}}, {"type": "Feature", "geometry": {"type": "LineString", "coordinates": [[4.92268247791024, 52.3685835224902], [4.92260701890935, 52.3686049266944]]}, "properties": {"Speed": 0.0, "Speed_display": 14.4, "road_quality": 2, "marker": 0, "trip_id": "602D3_Trip7", "hrot_diff": 0, "sample_diff": 1, "time_diff_s": 0.02, "gps_distance_m": 5.6, "original_speed": "", "wheel_diameter_mm": 711, "braking_intensity": 0.0, "is_braking": false, "is_crash": false, "crash_intensity_g": 0.0, "segment_start_sample": 12954, "segment_end_sample": 12955, "time_str": ""}}, {"type": "Feature", "geometry": {"type": "LineString", "coordinates": [[4.92260701890935, 52.3686049266944], [4.9225237448413, 52.3686267463356]]}, "properties": {"Speed": 0.0, "Speed_display": 15.1, "road_quality": 2, "marker": 0, "trip_id": "602D3_Trip7", "hrot_diff": 0, "sample_diff": 1, "time_diff_s": 0.02, "gps_distance_m": 6.2, "original_speed": "", "wheel_diameter_mm": 711, "braking_intensity": 0.0, "is_braking": false, "is_crash": false, "crash_intensity_g": 0.0, "segment_start_sample": 13000, "segment_end_sample": 13001, "time_str": ""}}, {"type": "Feature", "geometry": {"type": "LineString", "coordinates": [[4.9225237448413, 52.3686267463356], [4.92244699514946, 52.3686558298443]]}, "properties": {"Speed": 0.0, "Speed_display": 15.1, "road_quality": 2, "marker": 0, "trip_id": "602D3_Trip7", "hrot_diff": 0, "sample_diff": 1, "time_diff_s": 0.02, "gps_distance_m": 6.1, "original_speed": "", "wheel_diameter_mm": 711, "braking_intensity": 0.0, "is_braking": false, "is_crash": false, "crash_intensity_g": 0.0, "segment_start_sample": 13045, "segment_end_sample": 13046, "time_str": ""}}, {"type": "Feature", "geometry": {"type": "LineString", "coordinates": [[4.92244699514946, 52.3686558298443], [4.92236877092755, 52.3686825416668]]}, "properties": {"Speed": 0.0, "Speed_display": 15.1, "road_quality": 2, "marker": 0, "trip_id": "602D3_Trip7", "hrot_diff": 0, "sample_diff": 1, "time_diff_s": 0.02, "gps_distance_m": 6.1, "original_speed": "", "wheel_diameter_mm": 711, "braking_intensity": 0.0, "is_braking": false, "is_crash": false, "crash_intensity_g": 0.0, "segment_start_sample": 13099, "segment_end_sample": 13100, "time_str": ""}}, {"type": "Feature", "geometry": {"type": "LineString", "coordinates": [[4.92236877092755, 52.3686825416668], [4.92229363820521, 52.3687096324245]]}, "properties": {"Speed": 0.0, "Speed_display": 15.1, "road_quality": 2, "marker": 0, "trip_id": "602D3_Trip7", "hrot_diff": 0, "sample_diff": 1, "time_diff_s": 0.02, "gps_distance_m": 5.9, "original_speed": "", "wheel_diameter_mm": 711, "braking_intensity": 0.0, "is_braking": false, "is_crash": false, "crash_intensity_g": 0.0, "segment_start_sample": 13144, "segment_end_sample": 13145, "time_str": ""}}, {"type": "Feature", "geometry": {"type": "LineString", "coordinates": [[4.92229363820521, 52.3687096324245], [4.92221926900135, 52.3687395472521]]}, "properties": {"Speed": 0.0, "Speed_display": 15.1, "road_quality": 2, "marker": 0, "trip_id": "602D3_Trip7", "hrot_diff": 0, "sample_diff": 1, "time_diff_s": 0.02, "gps_distance_m": 6.0, "original_speed": "", "wheel_diameter_mm": 711, "braking_intensity": 0.0, "is_braking": false, "is_crash": false, "crash_intensity_g": 0.0, "segment_start_sample": 13198, "segment_end_sample": 13199, "time_str": ""}}, {"type": "Feature", "geometry": {"type": "LineString", "coordinates": [[4.92221926900135, 52.3687395472521], [4.92214283444608, 52.3687636173874]]}, "properties": {"Speed": 0.0, "Speed_display": 15.1, "road_quality": 2, "marker": 0, "trip_id": "602D3_Trip7", "hrot_diff": 0, "sample_diff": 1, "time_diff_s": 0.02, "gps_distance_m": 5.8, "original_speed": "", "wheel_diameter_mm": 711, "braking_intensity": 0.0, "is_braking": false, "is_crash": false, "crash_intensity_g": 0.0, "segment_start_sample": 13244, "segment_end_sample": 13245, "time_str": ""}}, {"type": "Feature", "geometry": {"type": "LineString", "coordinates": [[4.92214283444608, 52.3687636173874], [4.92206384027041, 52.3687859049602]]}, "properties": {"Speed": 0.0, "Speed_display": 15.1, "road_quality": 2, "marker": 0, "trip_id": "602D3_Trip7", "hrot_diff": 0, "sample_diff": 1, "time_diff_s": 0.02, "gps_distance_m": 5.9, "original_speed": "", "wheel_diameter_mm": 711, "braking_intensity": 0.0, "is_braking": false, "is_crash": false, "crash_intensity_g": 0.0, "segment_start_sample": 13289, "segment_end_sample": 13290, "time_str": ""}}, {"type": "Feature", "geometry": {"type": "LineString", "coordinates": [[4.92206384027041, 52.3687859049602], [4.92198588949887, 52.3688113202779]]}, "properties": {"Speed": 0.0, "Speed_display": 15.1, "road_quality": 2, "marker": 0, "trip_id": "602D3_Trip7", "hrot_diff": 0, "sample_diff": 1, "time_diff_s": 0.02, "gps_distance_m": 6.0, "original_speed": "", "wheel_diameter_mm": 711, "braking_intensity": 0.0, "is_braking": false, "is_crash": false, "crash_intensity_g": 0.0, "segment_start_sample": 13344, "segment_end_sample": 13345, "time_str": ""}}, {"type": "Feature", "geometry": {"type": "LineString", "coordinates": [[4.92198588949887, 52.3688113202779], [4.92191139888333, 52.3688373306925]]}, "properties": {"Speed": 0.0, "Speed_display": 15.1, "road_quality": 2, "marker": 0, "trip_id": "602D3_Trip7", "hrot_diff": 0, "sample_diff": 1, "time_diff_s": 0.02, "gps_distance_m": 5.8, "original_speed": "", "wheel_diameter_mm": 711, "braking_intensity": 0.0, "is_braking": false, "is_crash": false, "crash_intensity_g": 0.0, "segment_start_sample": 13391, "segment_end_sample": 13392, "time_str": ""}}, {"type": "Feature", "geometry": {"type": "LineString", "coordinates": [[4.92191139888333, 52.3688373306925], [4.92183402676577, 52.36886103209]]}, "properties": {"Speed": 0.0, "Speed_display": 15.1, "road_quality": 2, "marker": 0, "trip_id": "602D3_Trip7", "hrot_diff": 0, "sample_diff": 1, "time_diff_s": 0.02, "gps_distance_m": 5.9, "original_speed": "", "wheel_diameter_mm": 711, "braking_intensity": 0.0, "is_braking": false, "is_crash": false, "crash_intensity_g": 0.0, "segment_start_sample": 13448, "segment_end_sample": 13449, "time_str": ""}}, {"type": "Feature", "geometry": {"type": "LineString", "coordinates": [[4.92183402676577, 52.36886103209], [4.92175595457858, 52.3688848632135]]}, "properties": {"Speed": 0.0, "Speed_display": 15.1, "road_quality": 2, "marker": 0, "trip_id": "602D3_Trip7", "hrot_diff": 0, "sample_diff": 1, "time_diff_s": 0.02, "gps_distance_m": 5.9, "original_speed": "", "wheel_diameter_mm": 711, "braking_intensity": 0.0, "is_braking": false, "is_crash": false, "crash_intensity_g": 0.0, "segment_start_sample": 13494, "segment_end_sample": 13495, "time_str": ""}}, {"type": "Feature", "geometry": {"type": "LineString", "coordinates": [[4.92175595457858, 52.3688848632135], [4.92168388292904, 52.3689115538248]]}, "properties": {"Speed": 0.0, "Speed_display": 15.1, "road_quality": 2, "marker": 0, "trip_id": "602D3_Trip7", "hrot_diff": 0, "sample_diff": 1, "time_diff_s": 0.02, "gps_distance_m": 5.7, "original_speed": "", "wheel_diameter_mm": 711, "braking_intensity": 0.0, "is_braking": false, "is_crash": false, "crash_intensity_g": 0.0, "segment_start_sample": 13540, "segment_end_sample": 13541, "time_str": ""}}, {"type": "Feature", "geometry": {"type": "LineString", "coordinates": [[4.92168388292904, 52.3689115538248], [4.92161127978533, 52.3689378814516]]}, "properties": {"Speed": 0.0, "Speed_display": 15.1, "road_quality": 2, "marker": 0, "trip_id": "602D3_Trip7", "hrot_diff": 0, "sample_diff": 1, "time_diff_s": 0.02, "gps_distance_m": 5.7, "original_speed": "", "wheel_diameter_mm": 711, "braking_intensity": 0.0, "is_braking": false, "is_crash": false, "crash_intensity_g": 0.0, "segment_start_sample": 13594, "segment_end_sample": 13595, "time_str": ""}}, {"type": "Feature", "geometry": {"type": "LineString", "coordinates": [[4.92161127978533, 52.3689378814516], [4.92153410334336, 52.3689605649092]]}, "properties": {"Speed": 0.0, "Speed_display": 15.1, "road_quality": 2, "marker": 0, "trip_id": "602D3_Trip7", "hrot_diff": 0, "sample_diff": 1, "time_diff_s": 0.02, "gps_distance_m": 5.8, "original_speed": "", "wheel_diameter_mm": 711, "braking_intensity": 0.0, "is_braking": false, "is_crash": false, "crash_intensity_g": 0.0, "segment_start_sample": 13651, "segment_end_sample": 13652, "time_str": ""}}, {"type": "Feature", "geometry": {"type": "LineString", "coordinates": [[4.92153410334336, 52.3689605649092], [4.92145647337743, 52.3689834051058]]}, "properties": {"Speed": 0.0, "Speed_display": 15.1, "road_quality": 2, "marker": 0, "trip_id": "602D3_Trip7", "hrot_diff": 0, "sample_diff": 1, "time_diff_s": 0.02, "gps_distance_m": 5.9, "original_speed": "", "wheel_diameter_mm": 711, "braking_intensity": 0.0, "is_braking": false, "is_crash": false, "crash_intensity_g": 0.0, "segment_start_sample": 13696, "segment_end_sample": 13697, "time_str": ""}}, {"type": "Feature", "geometry": {"type": "LineString", "coordinates": [[4.92145647337743, 52.3689834051058], [4.92137849377374, 52.369009058414]]}, "properties": {"Speed": 0.0, "Speed_display": 15.1, "road_quality": 2, "marker": 0, "trip_id": "602D3_Trip7", "hrot_diff": 0, "sample_diff": 1, "time_diff_s": 0.02, "gps_distance_m": 6.0, "original_speed": "", "wheel_diameter_mm": 711, "braking_intensity": 0.0, "is_braking": false, "is_crash": false, "crash_intensity_g": 0.0, "segment_start_sample": 13742, "segment_end_sample": 13743, "time_str": ""}}, {"type": "Feature", "geometry": {"type": "LineString", "coordinates": [[4.92137849377374, 52.369009058414], [4.92130487627156, 52.3690362897043]]}, "properties": {"Speed": 0.0, "Speed_display": 15.1, "road_quality": 2, "marker": 0, "trip_id": "602D3_Trip7", "hrot_diff": 0, "sample_diff": 1, "time_diff_s": 0.02, "gps_distance_m": 5.8, "original_speed": "", "wheel_diameter_mm": 711, "braking_intensity": 0.0, "is_braking": false, "is_crash": false, "crash_intensity_g": 0.0, "segment_start_sample": 13788, "segment_end_sample": 13789, "time_str": ""}}, {"type": "Feature", "geometry": {"type": "LineString", "coordinates": [[4.92130487627156, 52.3690362897043], [4.9212266285254, 52.3690637067809]]}, "properties": {"Speed": 0.0, "Speed_display": 15.1, "road_quality": 2, "marker": 0, "trip_id": "602D3_Trip7", "hrot_diff": 0, "sample_diff": 1, "time_diff_s": 0.02, "gps_distance_m": 6.1, "original_speed": "", "wheel_diameter_mm": 711, "braking_intensity": 0.0, "is_braking": false, "is_crash": false, "crash_intensity_g": 0.0, "segment_start_sample": 13842, "segment_end_sample": 13843, "time_str": ""}}, {"type": "Feature", "geometry": {"type": "LineString", "coordinates": [[4.9212266285254, 52.3690637067809], [4.92114881737474, 52.3690903137397]]}, "properties": {"Speed": 0.0, "Speed_display": 15.8, "road_quality": 2, "marker": 0, "trip_id": "602D3_Trip7", "hrot_diff": 0, "sample_diff": 1, "time_diff_s": 0.02, "gps_distance_m": 6.1, "original_speed": "", "wheel_diameter_mm": 711, "braking_intensity": 0.0, "is_braking": false, "is_crash": false, "crash_intensity_g": 0.0, "segment_start_sample": 13897, "segment_end_sample": 13898, "time_str": ""}}, {"type": "Feature", "geometry": {"type": "LineString", "coordinates": [[4.92114881737474, 52.3690903137397], [4.9210761645002, 52.3691186499202]]}, "properties": {"Speed": 0.0, "Speed_display": 15.1, "road_quality": 2, "marker": 0, "trip_id": "602D3_Trip7", "hrot_diff": 0, "sample_diff": 1, "time_diff_s": 0.02, "gps_distance_m": 5.9, "original_speed": "", "wheel_diameter_mm": 711, "braking_intensity": 0.0, "is_braking": false, "is_crash": false, "crash_intensity_g": 0.0, "segment_start_sample": 13951, "segment_end_sample": 13952, "time_str": ""}}, {"type": "Feature", "geometry": {"type": "LineString", "coordinates": [[4.9210761645002, 52.3691186499202], [4.92100219183829, 52.369142534325]]}, "properties": {"Speed": 0.0, "Speed_display": 15.1, "road_quality": 2, "marker": 0, "trip_id": "602D3_Trip7", "hrot_diff": 0, "sample_diff": 1, "time_diff_s": 0.02, "gps_distance_m": 5.7, "original_speed": "", "wheel_diameter_mm": 711, "braking_intensity": 0.0, "is_braking": false, "is_crash": false, "crash_intensity_g": 0.0, "segment_start_sample": 13988, "segment_end_sample": 13989, "time_str": ""}}, {"type": "Feature", "geometry": {"type": "LineString", "coordinates": [[4.92100219183829, 52.369142534325], [4.92093480558051, 52.3691693625833]]}, "properties": {"Speed": 0.0, "Speed_display": 14.4, "road_quality": 2, "marker": 0, "trip_id": "602D3_Trip7", "hrot_diff": 0, "sample_diff": 1, "time_diff_s": 0.02, "gps_distance_m": 5.5, "original_speed": "", "wheel_diameter_mm": 711, "braking_intensity": 0.0, "is_braking": false, "is_crash": false, "crash_intensity_g": 0.0, "segment_start_sample": 14043, "segment_end_sample": 14044, "time_str": ""}}, {"type": "Feature", "geometry": {"type": "LineString", "coordinates": [[4.92093480558051, 52.3691693625833], [4.9208688689468, 52.3691999704646]]}, "properties": {"Speed": 0.0, "Speed_display": 14.4, "road_quality": 2, "marker": 0, "trip_id": "602D3_Trip7", "hrot_diff": 0, "sample_diff": 1, "time_diff_s": 0.02, "gps_distance_m": 5.6, "original_speed": "", "wheel_diameter_mm": 711, "braking_intensity": 0.0, "is_braking": false, "is_crash": false, "crash_intensity_g": 0.0, "segment_start_sample": 14098, "segment_end_sample": 14099, "time_str": ""}}, {"type": "Feature", "geometry": {"type": "LineString", "coordinates": [[4.9208688689468, 52.3691999704646], [4.92079358191162, 52.369223951836]]}, "properties": {"Speed": 0.0, "Speed_display": 14.4, "road_quality": 2, "marker": 0, "trip_id": "602D3_Trip7", "hrot_diff": 0, "sample_diff": 1, "time_diff_s": 0.02, "gps_distance_m": 5.8, "original_speed": "", "wheel_diameter_mm": 711, "braking_intensity": 0.0, "is_braking": false, "is_crash": false, "crash_intensity_g": 0.0, "segment_start_sample": 14143, "segment_end_sample": 14144, "time_str": ""}}, {"type": "Feature", "geometry": {"type": "LineString", "coordinates": [[4.92079358191162, 52.369223951836], [4.92072457159664, 52.3692457538394]]}, "properties": {"Speed": 0.0, "Speed_display": 13.7, "road_quality": 2, "marker": 0, "trip_id": "602D3_Trip7", "hrot_diff": 0, "sample_diff": 1, "time_diff_s": 0.02, "gps_distance_m": 5.3, "original_speed": "", "wheel_diameter_mm": 711, "braking_intensity": 0.0, "is_braking": false, "is_crash": false, "crash_intensity_g": 0.0, "segment_start_sample": 14190, "segment_end_sample": 14191, "time_str": ""}}, {"type": "Feature", "geometry": {"type": "LineString", "coordinates": [[4.92072457159664, 52.3692457538394], [4.92064941887394, 52.3692704782353]]}, "properties": {"Speed": 0.0, "Speed_display": 14.4, "road_quality": 2, "marker": 0, "trip_id": "602D3_Trip7", "hrot_diff": 0, "sample_diff": 1, "time_diff_s": 0.02, "gps_distance_m": 5.8, "original_speed": "", "wheel_diameter_mm": 711, "braking_intensity": 0.0, "is_braking": false, "is_crash": false, "crash_intensity_g": 0.0, "segment_start_sample": 14246, "segment_end_sample": 14247, "time_str": ""}}, {"type": "Feature", "geometry": {"type": "LineString", "coordinates": [[4.92064941887394, 52.3692704782353], [4.92056477901134, 52.3692936392522]]}, "properties": {"Speed": 0.0, "Speed_display": 15.1, "road_quality": 2, "marker": 0, "trip_id": "602D3_Trip7", "hrot_diff": 0, "sample_diff": 1, "time_diff_s": 0.02, "gps_distance_m": 6.3, "original_speed": "", "wheel_diameter_mm": 711, "braking_intensity": 0.0, "is_braking": false, "is_crash": false, "crash_intensity_g": 0.0, "segment_start_sample": 14293, "segment_end_sample": 14294, "time_str": ""}}, {"type": "Feature", "geometry": {"type": "LineString", "coordinates": [[4.92056477901134, 52.3692936392522], [4.92049614091801, 52.3693216628692]]}, "properties": {"Speed": 0.0, "Speed_display": 15.1, "road_quality": 2, "marker": 0, "trip_id": "602D3_Trip7", "hrot_diff": 0, "sample_diff": 1, "time_diff_s": 0.02, "gps_distance_m": 5.6, "original_speed": "", "wheel_diameter_mm": 711, "braking_intensity": 0.0, "is_braking": false, "is_crash": false, "crash_intensity_g": 0.0, "segment_start_sample": 14339, "segment_end_sample": 14340, "time_str": ""}}, {"type": "Feature", "geometry": {"type": "LineString", "coordinates": [[4.92049614091801, 52.3693216628692], [4.92043580076246, 52.3693487623019]]}, "properties": {"Speed": 0.0, "Speed_display": 13.7, "road_quality": 2, "marker": 0, "trip_id": "602D3_Trip7", "hrot_diff": 0, "sample_diff": 1, "time_diff_s": 0.02, "gps_distance_m": 5.1, "original_speed": "", "wheel_diameter_mm": 711, "braking_intensity": 0.0, "is_braking": false, "is_crash": false, "crash_intensity_g": 0.0, "segment_start_sample": 14395, "segment_end_sample": 14396, "time_str": ""}}, {"type": "Feature", "geometry": {"type": "LineString", "coordinates": [[4.92043580076246, 52.3693487623019], [4.92034326616286, 52.36937217734]]}, "properties": {"Speed": 0.0, "Speed_display": 15.1, "road_quality": 2, "marker": 0, "trip_id": "602D3_Trip7", "hrot_diff": 0, "sample_diff": 1, "time_diff_s": 0.02, "gps_distance_m": 6.8, "original_speed": "", "wheel_diameter_mm": 711, "braking_intensity": 0.0, "is_braking": false, "is_crash": false, "crash_intensity_g": 0.0, "segment_start_sample": 14441, "segment_end_sample": 14442, "time_str": ""}}, {"type": "Feature", "geometry": {"type": "LineString", "coordinates": [[4.92034326616286, 52.36937217734], [4.92026937173696, 52.3694000105906]]}, "properties": {"Speed": 0.0, "Speed_display": 15.1, "road_quality": 2, "marker": 0, "trip_id": "602D3_Trip7", "hrot_diff": 0, "sample_diff": 1, "time_diff_s": 0.02, "gps_distance_m": 5.9, "original_speed": "", "wheel_diameter_mm": 711, "braking_intensity": 0.0, "is_braking": false, "is_crash": false, "crash_intensity_g": 0.0, "segment_start_sample": 14495, "segment_end_sample": 14496, "time_str": ""}}, {"type": "Feature", "geometry": {"type": "LineString", "coordinates": [[4.92026937173696, 52.3694000105906], [4.92019679759575, 52.3694287617603]]}, "properties": {"Speed": 0.0, "Speed_display": 15.1, "road_quality": 2, "marker": 0, "trip_id": "602D3_Trip7", "hrot_diff": 0, "sample_diff": 1, "time_diff_s": 0.02, "gps_distance_m": 5.9, "original_speed": "", "wheel_diameter_mm": 711, "braking_intensity": 0.0, "is_braking": false, "is_crash": false, "crash_intensity_g": 0.0, "segment_start_sample": 14539, "segment_end_sample": 14540, "time_str": ""}}, {"type": "Feature", "geometry": {"type": "LineString", "coordinates": [[4.92019679759575, 52.3694287617603], [4.92012386477681, 52.3694540292668]]}, "properties": {"Speed": 0.0, "Speed_display": 15.1, "road_quality": 2, "marker": 0, "trip_id": "602D3_Trip7", "hrot_diff": 0, "sample_diff": 1, "time_diff_s": 0.02, "gps_distance_m": 5.7, "original_speed": "", "wheel_diameter_mm": 711, "braking_intensity": 0.0, "is_braking": false, "is_crash": false, "crash_intensity_g": 0.0, "segment_start_sample": 14593, "segment_end_sample": 14594, "time_str": ""}}, {"type": "Feature", "geometry": {"type": "LineString", "coordinates": [[4.92012386477681, 52.3694540292668], [4.92003545267387, 52.3694763213826]]}, "properties": {"Speed": 0.0, "Speed_display": 15.8, "road_quality": 2, "marker": 0, "trip_id": "602D3_Trip7", "hrot_diff": 0, "sample_diff": 1, "time_diff_s": 0.02, "gps_distance_m": 6.5, "original_speed": "", "wheel_diameter_mm": 711, "braking_intensity": 0.0, "is_braking": false, "is_crash": false, "crash_intensity_g": 0.0, "segment_start_sample": 14638, "segment_end_sample": 14639, "time_str": ""}}, {"type": "Feature", "geometry": {"type": "LineString", "coordinates": [[4.92003545267387, 52.3694763213826], [4.9199628862284, 52.3695049204427]]}, "properties": {"Speed": 0.0, "Speed_display": 15.1, "road_quality": 2, "marker": 0, "trip_id": "602D3_Trip7", "hrot_diff": 0, "sample_diff": 1, "time_diff_s": 0.02, "gps_distance_m": 5.9, "original_speed": "", "wheel_diameter_mm": 711, "braking_intensity": 0.0, "is_braking": false, "is_crash": false, "crash_intensity_g": 0.0, "segment_start_sample": 14693, "segment_end_sample": 14694, "time_str": ""}}, {"type": "Feature", "geometry": {"type": "LineString", "coordinates": [[4.9199628862284, 52.3695049204427], [4.91988351287692, 52.3695300682279]]}, "properties": {"Speed": 0.0, "Speed_display": 15.1, "road_quality": 2, "marker": 0, "trip_id": "602D3_Trip7", "hrot_diff": 0, "sample_diff": 1, "time_diff_s": 0.02, "gps_distance_m": 6.1, "original_speed": "", "wheel_diameter_mm": 711, "braking_intensity": 0.0, "is_braking": false, "is_crash": false, "crash_intensity_g": 0.0, "segment_start_sample": 14738, "segment_end_sample": 14739, "time_str": ""}}, {"type": "Feature", "geometry": {"type": "LineString", "coordinates": [[4.91988351287692, 52.3695300682279], [4.91981236232458, 52.3695574608367]]}, "properties": {"Speed": 0.0, "Speed_display": 15.1, "road_quality": 2, "marker": 0, "trip_id": "602D3_Trip7", "hrot_diff": 0, "sample_diff": 1, "time_diff_s": 0.02, "gps_distance_m": 5.7, "original_speed": "", "wheel_diameter_mm": 711, "braking_intensity": 0.0, "is_braking": false, "is_crash": false, "crash_intensity_g": 0.0, "segment_start_sample": 14791, "segment_end_sample": 14792, "time_str": ""}}, {"type": "Feature", "geometry": {"type": "LineString", "coordinates": [[4.91981236232458, 52.3695574608367], [4.91973729622169, 52.3695839157861]]}, "properties": {"Speed": 0.0, "Speed_display": 15.1, "road_quality": 2, "marker": 0, "trip_id": "602D3_Trip7", "hrot_diff": 0, "sample_diff": 1, "time_diff_s": 0.02, "gps_distance_m": 5.9, "original_speed": "", "wheel_diameter_mm": 711, "braking_intensity": 0.0, "is_braking": false, "is_crash": false, "crash_intensity_g": 0.0, "segment_start_sample": 14846, "segment_end_sample": 14847, "time_str": ""}}, {"type": "Feature", "geometry": {"type": "LineString", "coordinates": [[4.91973729622169, 52.3695839157861], [4.91967749427605, 52.3696105216101]]}, "properties": {"Speed": 0.0, "Speed_display": 13.7, "road_quality": 2, "marker": 0, "trip_id": "602D3_Trip7", "hrot_diff": 0, "sample_diff": 1, "time_diff_s": 0.02, "gps_distance_m": 5.0, "original_speed": "", "wheel_diameter_mm": 711, "braking_intensity": 0.0, "is_braking": false, "is_crash": false, "crash_intensity_g": 0.0, "segment_start_sample": 14892, "segment_end_sample": 14893, "time_str": ""}}, {"type": "Feature", "geometry": {"type": "LineString", "coordinates": [[4.91967749427605, 52.3696105216101], [4.91959436938316, 52.3696273882886]]}, "properties": {"Speed": 0.0, "Speed_display": 14.4, "road_quality": 2, "marker": 0, "trip_id": "602D3_Trip7", "hrot_diff": 0, "sample_diff": 1, "time_diff_s": 0.02, "gps_distance_m": 5.9, "original_speed": "", "wheel_diameter_mm": 711, "braking_intensity": 0.0, "is_braking": false, "is_crash": false, "crash_intensity_g": 0.0, "segment_start_sample": 14939, "segment_end_sample": 14940, "time_str": ""}}, {"type": "Feature", "geometry": {"type": "LineString", "coordinates": [[4.91959436938316, 52.3696273882886], [4.91954121697503, 52.3696504496343]]}, "properties": {"Speed": 0.0, "Speed_display": 12.2, "road_quality": 2, "marker": 0, "trip_id": "602D3_Trip7", "hrot_diff": 0, "sample_diff": 1, "time_diff_s": 0.02, "gps_distance_m": 4.4, "original_speed": "", "wheel_diameter_mm": 711, "braking_intensity": 0.0, "is_braking": false, "is_crash": false, "crash_intensity_g": 0.0, "segment_start_sample": 14996, "segment_end_sample": 14997, "time_str": ""}}, {"type": "Feature", "geometry": {"type": "LineString", "coordinates": [[4.91954121697503, 52.3696504496343], [4.91951357988123, 52.3696584077767]]}, "properties": {"Speed": 0.0, "Speed_display": 7.9, "road_quality": 2, "marker": 0, "trip_id": "602D3_Trip7", "hrot_diff": 0, "sample_diff": 1, "time_diff_s": 0.02, "gps_distance_m": 2.1, "original_speed": "", "wheel_diameter_mm": 711, "braking_intensity": 0.0, "is_braking": false, "is_crash": false, "crash_intensity_g": 0.0, "segment_start_sample": 15055, "segment_end_sample": 15056, "time_str": ""}}, {"type": "Feature", "geometry": {"type": "LineString", "coordinates": [[4.91951357988123, 52.3696584077767], [4.91949724767698, 52.3696610737036]]}, "properties": {"Speed": 0.0, "Speed_display": 5.0, "road_quality": 2, "marker": 0, "trip_id": "602D3_Trip7", "hrot_diff": 0, "sample_diff": 1, "time_diff_s": 0.02, "gps_distance_m": 1.1, "original_speed": "", "wheel_diameter_mm": 711, "braking_intensity": 0.0, "is_braking": false, "is_crash": false, "crash_intensity_g": 0.0, "segment_start_sample": 15109, "segment_end_sample": 15110, "time_str": ""}}, {"type": "Feature", "geometry": {"type": "LineString", "coordinates": [[4.91949724767698, 52.3696610737036], [4.91947904939454, 52.3696717323799]]}, "properties": {"Speed": 0.0, "Speed_display": 5.0, "road_quality": 2, "marker": 0, "trip_id": "602D3_Trip7", "hrot_diff": 0, "sample_diff": 1, "time_diff_s": 0.02, "gps_distance_m": 1.7, "original_speed": "", "wheel_diameter_mm": 711, "braking_intensity": 0.0, "is_braking": false, "is_crash": false, "crash_intensity_g": 0.0, "segment_start_sample": 15158, "segment_end_sample": 15159, "time_str": ""}}, {"type": "Feature", "geometry": {"type": "LineString", "coordinates": [[4.91947904939454, 52.3696717323799], [4.9194490186146, 52.3696834227654]]}, "properties": {"Speed": 0.0, "Speed_display": 5.8, "road_quality": 2, "marker": 0, "trip_id": "602D3_Trip7", "hrot_diff": 0, "sample_diff": 1, "time_diff_s": 0.02, "gps_distance_m": 2.4, "original_speed": "", "wheel_diameter_mm": 711, "braking_intensity": 0.0, "is_braking": false, "is_crash": false, "crash_intensity_g": 0.0, "segment_start_sample": 15203, "segment_end_sample": 15204, "time_str": ""}}, {"type": "Feature", "geometry": {"type": "LineString", "coordinates": [[4.9194490186146, 52.3696834227654], [4.91941230532079, 52.3696977497534]]}, "properties": {"Speed": 0.0, "Speed_display": 6.5, "road_quality": 2, "marker": 0, "trip_id": "602D3_Trip7", "hrot_diff": 0, "sample_diff": 1, "time_diff_s": 0.02, "gps_distance_m": 3.0, "original_speed": "", "wheel_diameter_mm": 711, "braking_intensity": 0.0, "is_braking": false, "is_crash": false, "crash_intensity_g": 0.0, "segment_start_sample": 15241, "segment_end_sample": 15242, "time_str": ""}}, {"type": "Feature", "geometry": {"type": "LineString", "coordinates": [[4.91941230532079, 52.3696977497534], [4.91936743078094, 52.3697145282658]]}, "properties": {"Speed": 0.0, "Speed_display": 7.9, "road_quality": 2, "marker": 0, "trip_id": "602D3_Trip7", "hrot_diff": 0, "sample_diff": 1, "time_diff_s": 0.02, "gps_distance_m": 3.6, "original_speed": "", "wheel_diameter_mm": 711, "braking_intensity": 0.0, "is_braking": false, "is_crash": false, "crash_intensity_g": 0.0, "segment_start_sample": 15294, "segment_end_sample": 15295, "time_str": ""}}, {"type": "Feature", "geometry": {"type": "LineString", "coordinates": [[4.91936743078094, 52.3697145282658], [4.91932996628584, 52.3697361121828]]}, "properties": {"Speed": 0.0, "Speed_display": 7.9, "road_quality": 2, "marker": 0, "trip_id": "602D3_Trip7", "hrot_diff": 0, "sample_diff": 1, "time_diff_s": 0.02, "gps_distance_m": 3.5, "original_speed": "", "wheel_diameter_mm": 711, "braking_intensity": 0.0, "is_braking": false, "is_crash": false, "crash_intensity_g": 0.0, "segment_start_sample": 15341, "segment_end_sample": 15342, "time_str": ""}}, {"type": "Feature", "geometry": {"type": "LineString", "coordinates": [[4.91932996628584, 52.3697361121828], [4.9192875472021, 52.3697520645394]]}, "properties": {"Speed": 0.0, "Speed_display": 8.6, "road_quality": 2, "marker": 0, "trip_id": "602D3_Trip7", "hrot_diff": 0, "sample_diff": 1, "time_diff_s": 0.02, "gps_distance_m": 3.4, "original_speed": "", "wheel_diameter_mm": 711, "braking_intensity": 0.0, "is_braking": false, "is_crash": false, "crash_intensity_g": 0.0, "segment_start_sample": 15402, "segment_end_sample": 15403, "time_str": ""}}, {"type": "Feature", "geometry": {"type": "LineString", "coordinates": [[4.9192875472021, 52.3697520645394], [4.91923018657093, 52.3697653119108]]}, "properties": {"Speed": 0.0, "Speed_display": 9.4, "road_quality": 2, "marker": 0, "trip_id": "602D3_Trip7", "hrot_diff": 0, "sample_diff": 1, "time_diff_s": 0.02, "gps_distance_m": 4.2, "original_speed": "", "wheel_diameter_mm": 711, "braking_intensity": 0.0, "is_braking": false, "is_crash": false, "crash_intensity_g": 0.0, "segment_start_sample": 15448, "segment_end_sample": 15449, "time_str": ""}}, {"type": "Feature", "geometry": {"type": "LineString", "coordinates": [[4.91923018657093, 52.3697653119108], [4.91917558909214, 52.3697848692509]]}, "properties": {"Speed": 0.0, "Speed_display": 10.1, "road_quality": 3, "marker": 0, "trip_id": "602D3_Trip7", "hrot_diff": 0, "sample_diff": 1, "time_diff_s": 0.02, "gps_distance_m": 4.3, "original_speed": "", "wheel_diameter_mm": 711, "braking_intensity": 0.0, "is_braking": false, "is_crash": false, "crash_intensity_g": 0.0, "segment_start_sample": 15500, "segment_end_sample": 15501, "time_str": ""}}, {"type": "Feature", "geometry": {"type": "LineString", "coordinates": [[4.91917558909214, 52.3697848692509], [4.91911382499884, 52.3698032520058]]}, "properties": {"Speed": 0.0, "Speed_display": 10.8, "road_quality": 3, "marker": 0, "trip_id": "602D3_Trip7", "hrot_diff": 0, "sample_diff": 1, "time_diff_s": 0.02, "gps_distance_m": 4.7, "original_speed": "", "wheel_diameter_mm": 711, "braking_intensity": 0.0, "is_braking": false, "is_crash": false, "crash_intensity_g": 0.0, "segment_start_sample": 15538, "segment_end_sample": 15539, "time_str": ""}}, {"type": "Feature", "geometry": {"type": "LineString", "coordinates": [[4.91911382499884, 52.3698032520058], [4.91905547605359, 52.3698244325314]]}, "properties": {"Speed": 0.0, "Speed_display": 11.5, "road_quality": 3, "marker": 0, "trip_id": "602D3_Trip7", "hrot_diff": 0, "sample_diff": 1, "time_diff_s": 0.02, "gps_distance_m": 4.6, "original_speed": "", "wheel_diameter_mm": 711, "braking_intensity": 0.0, "is_braking": false, "is_crash": false, "crash_intensity_g": 0.0, "segment_start_sample": 15595, "segment_end_sample": 15596, "time_str": ""}}, {"type": "Feature", "geometry": {"type": "LineString", "coordinates": [[4.91905547605359, 52.3698244325314], [4.91899572190405, 52.3698439629855]]}, "properties": {"Speed": 0.0, "Speed_display": 11.5, "road_quality": 3, "marker": 0, "trip_id": "602D3_Trip7", "hrot_diff": 0, "sample_diff": 1, "time_diff_s": 0.02, "gps_distance_m": 4.6, "original_speed": "", "wheel_diameter_mm": 711, "braking_intensity": 0.0, "is_braking": false, "is_crash": false, "crash_intensity_g": 0.0, "segment_start_sample": 15644, "segment_end_sample": 15645, "time_str": ""}}, {"type": "Feature", "geometry": {"type": "LineString", "coordinates": [[4.91899572190405, 52.3698439629855], [4.91893234516614, 52.3698662418317]]}, "properties": {"Speed": 0.0, "Speed_display": 12.2, "road_quality": 2, "marker": 0, "trip_id": "602D3_Trip7", "hrot_diff": 0, "sample_diff": 1, "time_diff_s": 0.02, "gps_distance_m": 5.0, "original_speed": "", "wheel_diameter_mm": 711, "braking_intensity": 0.0, "is_braking": false, "is_crash": false, "crash_intensity_g": 0.0, "segment_start_sample": 15688, "segment_end_sample": 15689, "time_str": ""}}, {"type": "Feature", "geometry": {"type": "LineString", "coordinates": [[4.91893234516614, 52.3698662418317], [4.9188553159903, 52.3698919376225]]}, "properties": {"Speed": 0.0, "Speed_display": 13.7, "road_quality": 2, "marker": 0, "trip_id": "602D3_Trip7", "hrot_diff": 0, "sample_diff": 1, "time_diff_s": 0.02, "gps_distance_m": 6.0, "original_speed": "", "wheel_diameter_mm": 711, "braking_intensity": 0.0, "is_braking": false, "is_crash": false, "crash_intensity_g": 0.0, "segment_start_sample": 15747, "segment_end_sample": 15748, "time_str": ""}}, {"type": "Feature", "geometry": {"type": "LineString", "coordinates": [[4.9188553159903, 52.3698919376225], [4.91878288298223, 52.3699162759961]]}, "properties": {"Speed": 0.0, "Speed_display": 14.4, "road_quality": 2, "marker": 0, "trip_id": "602D3_Trip7", "hrot_diff": 0, "sample_diff": 1, "time_diff_s": 0.02, "gps_distance_m": 5.6, "original_speed": "", "wheel_diameter_mm": 711, "braking_intensity": 0.0, "is_braking": false, "is_crash": false, "crash_intensity_g": 0.0, "segment_start_sample": 15796, "segment_end_sample": 15797, "time_str": ""}}, {"type": "Feature", "geometry": {"type": "LineString", "coordinates": [[4.91878288298223, 52.3699162759961], [4.91870851563575, 52.3699426898416]]}, "properties": {"Speed": 0.0, "Speed_display": 15.1, "road_quality": 2, "marker": 0, "trip_id": "602D3_Trip7", "hrot_diff": 0, "sample_diff": 1, "time_diff_s": 0.02, "gps_distance_m": 5.8, "original_speed": "", "wheel_diameter_mm": 711, "braking_intensity": 0.0, "is_braking": false, "is_crash": false, "crash_intensity_g": 0.0, "segment_start_sample": 15845, "segment_end_sample": 15846, "time_str": ""}}, {"type": "Feature", "geometry": {"type": "LineString", "coordinates": [[4.91870851563575, 52.3699426898416], [4.91862854193054, 52.3699596406446]]}, "properties": {"Speed": 0.0, "Speed_display": 14.4, "road_quality": 2, "marker": 0, "trip_id": "602D3_Trip7", "hrot_diff": 0, "sample_diff": 1, "time_diff_s": 0.02, "gps_distance_m": 5.7, "original_speed": "", "wheel_diameter_mm": 711, "braking_intensity": 0.0, "is_braking": false, "is_crash": false, "crash_intensity_g": 0.0, "segment_start_sample": 15888, "segment_end_sample": 15889, "time_str": ""}}, {"type": "Feature", "geometry": {"type": "LineString", "coordinates": [[4.91862854193054, 52.3699596406446], [4.91855674153695, 52.3699920288409]]}, "properties": {"Speed": 0.0, "Speed_display": 15.1, "road_quality": 2, "marker": 0, "trip_id": "602D3_Trip7", "hrot_diff": 0, "sample_diff": 1, "time_diff_s": 0.02, "gps_distance_m": 6.1, "original_speed": "", "wheel_diameter_mm": 711, "braking_intensity": 0.0, "is_braking": false, "is_crash": false, "crash_intensity_g": 0.0, "segment_start_sample": 15942, "segment_end_sample": 15943, "time_str": ""}}, {"type": "Feature", "geometry": {"type": "LineString", "coordinates": [[4.91855674153695, 52.3699920288409], [4.91848009344898, 52.3700177914302]]}, "properties": {"Speed": 0.0, "Speed_display": 15.1, "road_quality": 2, "marker": 0, "trip_id": "602D3_Trip7", "hrot_diff": 0, "sample_diff": 1, "time_diff_s": 0.02, "gps_distance_m": 5.9, "original_speed": "", "wheel_diameter_mm": 711, "braking_intensity": 0.0, "is_braking": false, "is_crash": false, "crash_intensity_g": 0.0, "segment_start_sample": 15994, "segment_end_sample": 15995, "time_str": ""}}, {"type": "Feature", "geometry": {"type": "LineString", "coordinates": [[4.91848009344898, 52.3700177914302], [4.9184030759663, 52.3700472454795]]}, "properties": {"Speed": 0.0, "Speed_display": 15.1, "road_quality": 2, "marker": 0, "trip_id": "602D3_Trip7", "hrot_diff": 0, "sample_diff": 1, "time_diff_s": 0.02, "gps_distance_m": 6.2, "original_speed": "", "wheel_diameter_mm": 711, "braking_intensity": 0.0, "is_braking": false, "is_crash": false, "crash_intensity_g": 0.0, "segment_start_sample": 16046, "segment_end_sample": 16047, "time_str": ""}}, {"type": "Feature", "geometry": {"type": "LineString", "coordinates": [[4.9184030759663, 52.3700472454795], [4.91831685039521, 52.3700724585611]]}, "properties": {"Speed": 0.0, "Speed_display": 15.8, "road_quality": 2, "marker": 0, "trip_id": "602D3_Trip7", "hrot_diff": 0, "sample_diff": 1, "time_diff_s": 0.02, "gps_distance_m": 6.5, "original_speed": "", "wheel_diameter_mm": 711, "braking_intensity": 0.0, "is_braking": false, "is_crash": false, "crash_intensity_g": 0.0, "segment_start_sample": 16088, "segment_end_sample": 16089, "time_str": ""}}, {"type": "Feature", "geometry": {"type": "LineString", "coordinates": [[4.91831685039521, 52.3700724585611], [4.91823856097486, 52.370103463015]]}, "properties": {"Speed": 0.0, "Speed_display": 15.8, "road_quality": 2, "marker": 0, "trip_id": "602D3_Trip7", "hrot_diff": 0, "sample_diff": 1, "time_diff_s": 0.02, "gps_distance_m": 6.3, "original_speed": "", "wheel_diameter_mm": 711, "braking_intensity": 0.0, "is_braking": false, "is_crash": false, "crash_intensity_g": 0.0, "segment_start_sample": 16139, "segment_end_sample": 16140, "time_str": ""}}, {"type": "Feature", "geometry": {"type": "LineString", "coordinates": [[4.91823856097486, 52.370103463015], [4.91815303033594, 52.370129197407]]}, "properties": {"Speed": 0.0, "Speed_display": 15.8, "road_quality": 2, "marker": 0, "trip_id": "602D3_Trip7", "hrot_diff": 0, "sample_diff": 1, "time_diff_s": 0.02, "gps_distance_m": 6.5, "original_speed": "", "wheel_diameter_mm": 711, "braking_intensity": 0.0, "is_braking": false, "is_crash": false, "crash_intensity_g": 0.0, "segment_start_sample": 16190, "segment_end_sample": 16191, "time_str": ""}}, {"type": "Feature", "geometry": {"type": "LineString", "coordinates": [[4.91815303033594, 52.370129197407], [4.91806719338221, 52.3701579682667]]}, "properties": {"Speed": 0.0, "Speed_display": 16.6, "road_quality": 2, "marker": 0, "trip_id": "602D3_Trip7", "hrot_diff": 0, "sample_diff": 1, "time_diff_s": 0.02, "gps_distance_m": 6.6, "original_speed": "", "wheel_diameter_mm": 711, "braking_intensity": 0.0, "is_braking": false, "is_crash": false, "crash_intensity_g": 0.0, "segment_start_sample": 16238, "segment_end_sample": 16239, "time_str": ""}}, {"type": "Feature", "geometry": {"type": "LineString", "coordinates": [[4.91806719338221, 52.3701579682667], [4.91797692949012, 52.3701858635871]]}, "properties": {"Speed": 0.0, "Speed_display": 17.3, "road_quality": 2, "marker": 0, "trip_id": "602D3_Trip7", "hrot_diff": 0, "sample_diff": 1, "time_diff_s": 0.02, "gps_distance_m": 6.9, "original_speed": "", "wheel_diameter_mm": 711, "braking_intensity": 0.0, "is_braking": false, "is_crash": false, "crash_intensity_g": 0.0, "segment_start_sample": 16295, "segment_end_sample": 16296, "time_str": ""}}, {"type": "Feature", "geometry": {"type": "LineString", "coordinates": [[4.91797692949012, 52.3701858635871], [4.91788997921131, 52.3702140942681]]}, "properties": {"Speed": 0.0, "Speed_display": 17.3, "road_quality": 2, "marker": 0, "trip_id": "602D3_Trip7", "hrot_diff": 0, "sample_diff": 1, "time_diff_s": 0.02, "gps_distance_m": 6.7, "original_speed": "", "wheel_diameter_mm": 711, "braking_intensity": 0.0, "is_braking": false, "is_crash": false, "crash_intensity_g": 0.0, "segment_start_sample": 16343, "segment_end_sample": 16344, "time_str": ""}}, {"type": "Feature", "geometry": {"type": "LineString", "coordinates": [[4.91788997921131, 52.3702140942681], [4.9177964406878, 52.3702420147502]]}, "properties": {"Speed": 0.0, "Speed_display": 17.3, "road_quality": 2, "marker": 0, "trip_id": "602D3_Trip7", "hrot_diff": 0, "sample_diff": 1, "time_diff_s": 0.02, "gps_distance_m": 7.1, "original_speed": "", "wheel_diameter_mm": 711, "braking_intensity": 0.0, "is_braking": false, "is_crash": false, "crash_intensity_g": 0.0, "segment_start_sample": 16390, "segment_end_sample": 16391, "time_str": ""}}, {"type": "Feature", "geometry": {"type": "LineString", "coordinates": [[4.9177964406878, 52.3702420147502], [4.91767169220421, 52.3702371756845]]}, "properties": {"Speed": 0.0, "Speed_display": 18.0, "road_quality": 2, "marker": 0, "trip_id": "602D3_Trip7", "hrot_diff": 0, "sample_diff": 1, "time_diff_s": 0.02, "gps_distance_m": 8.5, "original_speed": "", "wheel_diameter_mm": 711, "braking_intensity": 0.0, "is_braking": false, "is_crash": false, "crash_intensity_g": 0.0, "segment_start_sample": 16444, "segment_end_sample": 16445, "time_str": ""}}, {"type": "Feature", "geometry": {"type": "LineString", "coordinates": [[4.91767169220421, 52.3702371756845], [4.91758479664095, 52.370266733687]]}, "properties": {"Speed": 0.0, "Speed_display": 17.3, "road_quality": 2, "marker": 0, "trip_id": "602D3_Trip7", "hrot_diff": 0, "sample_diff": 1, "time_diff_s": 0.02, "gps_distance_m": 6.8, "original_speed": "", "wheel_diameter_mm": 711, "braking_intensity": 0.0, "is_braking": false, "is_crash": false, "crash_intensity_g": 0.0, "segment_start_sample": 16492, "segment_end_sample": 16493, "time_str": ""}}, {"type": "Feature", "geometry": {"type": "LineString", "coordinates": [[4.91758479664095, 52.370266733687], [4.9175027412962, 52.3702946450945]]}, "properties": {"Speed": 0.0, "Speed_display": 16.6, "road_quality": 2, "marker": 0, "trip_id": "602D3_Trip7", "hrot_diff": 0, "sample_diff": 1, "time_diff_s": 0.02, "gps_distance_m": 6.4, "original_speed": "", "wheel_diameter_mm": 711, "braking_intensity": 0.0, "is_braking": false, "is_crash": false, "crash_intensity_g": 0.0, "segment_start_sample": 16538, "segment_end_sample": 16539, "time_str": ""}}, {"type": "Feature", "geometry": {"type": "LineString", "coordinates": [[4.9175027412962, 52.3702946450945], [4.91741026751781, 52.3703265069588]]}, "properties": {"Speed": 0.0, "Speed_display": 17.3, "road_quality": 2, "marker": 0, "trip_id": "602D3_Trip7", "hrot_diff": 0, "sample_diff": 1, "time_diff_s": 0.02, "gps_distance_m": 7.2, "original_speed": "", "wheel_diameter_mm": 711, "braking_intensity": 0.0, "is_braking": false, "is_crash": false, "crash_intensity_g": 0.0, "segment_start_sample": 16593, "segment_end_sample": 16594, "time_str": ""}}, {"type": "Feature", "geometry": {"type": "LineString", "coordinates": [[4.91741026751781, 52.3703265069588], [4.9173170370404, 52.3703589989735]]}, "properties": {"Speed": 0.0, "Speed_display": 18.0, "road_quality": 2, "marker": 0, "trip_id": "602D3_Trip7", "hrot_diff": 0, "sample_diff": 1, "time_diff_s": 0.02, "gps_distance_m": 7.3, "original_speed": "", "wheel_diameter_mm": 711, "braking_intensity": 0.0, "is_braking": false, "is_crash": false, "crash_intensity_g": 0.0, "segment_start_sample": 16640, "segment_end_sample": 16641, "time_str": ""}}, {"type": "Feature", "geometry": {"type": "LineString", "coordinates": [[4.9173170370404, 52.3703589989735], [4.91722910403418, 52.3703893222382]]}, "properties": {"Speed": 0.0, "Speed_display": 18.0, "road_quality": 2, "marker": 0, "trip_id": "602D3_Trip7", "hrot_diff": 0, "sample_diff": 1, "time_diff_s": 0.02, "gps_distance_m": 6.9, "original_speed": "", "wheel_diameter_mm": 711, "braking_intensity": 0.0, "is_braking": false, "is_crash": false, "crash_intensity_g": 0.0, "segment_start_sample": 16694, "segment_end_sample": 16695, "time_str": ""}}, {"type": "Feature", "geometry": {"type": "LineString", "coordinates": [[4.91722910403418, 52.3703893222382], [4.91714054822384, 52.3704198603253]]}, "properties": {"Speed": 0.0, "Speed_display": 18.0, "road_quality": 2, "marker": 0, "trip_id": "602D3_Trip7", "hrot_diff": 0, "sample_diff": 1, "time_diff_s": 0.02, "gps_distance_m": 6.9, "original_speed": "", "wheel_diameter_mm": 711, "braking_intensity": 0.0, "is_braking": false, "is_crash": false, "crash_intensity_g": 0.0, "segment_start_sample": 16740, "segment_end_sample": 16741, "time_str": ""}}, {"type": "Feature", "geometry": {"type": "LineString", "coordinates": [[4.91714054822384, 52.3704198603253], [4.91705024531702, 52.3704510007277]]}, "properties": {"Speed": 0.0, "Speed_display": 18.0, "road_quality": 2, "marker": 0, "trip_id": "602D3_Trip7", "hrot_diff": 0, "sample_diff": 1, "time_diff_s": 0.02, "gps_distance_m": 7.0, "original_speed": "", "wheel_diameter_mm": 711, "braking_intensity": 0.0, "is_braking": false, "is_crash": false, "crash_intensity_g": 0.0, "segment_start_sample": 16793, "segment_end_sample": 16794, "time_str": ""}}, {"type": "Feature", "geometry": {"type": "LineString", "coordinates": [[4.91705024531702, 52.3704510007277], [4.91695550405151, 52.3704836717893]]}, "properties": {"Speed": 0.0, "Speed_display": 18.7, "road_quality": 2, "marker": 0, "trip_id": "602D3_Trip7", "hrot_diff": 0, "sample_diff": 1, "time_diff_s": 0.02, "gps_distance_m": 7.4, "original_speed": "", "wheel_diameter_mm": 711, "braking_intensity": 0.0, "is_braking": false, "is_crash": false, "crash_intensity_g": 0.0, "segment_start_sample": 16839, "segment_end_sample": 16840, "time_str": ""}}, {"type": "Feature", "geometry": {"type": "LineString", "coordinates": [[4.91695550405151, 52.3704836717893], [4.91686617220059, 52.3705144773159]]}, "properties": {"Speed": 0.0, "Speed_display": 18.0, "road_quality": 2, "marker": 0, "trip_id": "602D3_Trip7", "hrot_diff": 0, "sample_diff": 1, "time_diff_s": 0.02, "gps_distance_m": 7.0, "original_speed": "", "wheel_diameter_mm": 711, "braking_intensity": 0.0, "is_braking": false, "is_crash": false, "crash_intensity_g": 0.0, "segment_start_sample": 16890, "segment_end_sample": 16891, "time_str": ""}}, {"type": "Feature", "geometry": {"type": "LineString", "coordinates": [[4.91686617220059, 52.3705144773159], [4.91677687026624, 52.3705452726564]]}, "properties": {"Speed": 0.0, "Speed_display": 18.0, "road_quality": 2, "marker": 0, "trip_id": "602D3_Trip7", "hrot_diff": 0, "sample_diff": 1, "time_diff_s": 0.02, "gps_distance_m": 7.0, "original_speed": "", "wheel_diameter_mm": 711, "braking_intensity": 0.0, "is_braking": false, "is_crash": false, "crash_intensity_g": 0.0, "segment_start_sample": 16943, "segment_end_sample": 16944, "time_str": ""}}, {"type": "Feature", "geometry": {"type": "LineString", "coordinates": [[4.91677687026624, 52.3705452726564], [4.91668279438056, 52.3705777142711]]}, "properties": {"Speed": 0.0, "Speed_display": 18.7, "road_quality": 2, "marker": 0, "trip_id": "602D3_Trip7", "hrot_diff": 0, "sample_diff": 1, "time_diff_s": 0.02, "gps_distance_m": 7.3, "original_speed": "", "wheel_diameter_mm": 711, "braking_intensity": 0.0, "is_braking": false, "is_crash": false, "crash_intensity_g": 0.0, "segment_start_sample": 16988, "segment_end_sample": 16989, "time_str": ""}}, {"type": "Feature", "geometry": {"type": "LineString", "coordinates": [[4.91668279438056, 52.3705777142711], [4.91659112041286, 52.3706093275515]]}, "properties": {"Speed": 0.0, "Speed_display": 18.7, "road_quality": 3, "marker": 0, "trip_id": "602D3_Trip7", "hrot_diff": 0, "sample_diff": 1, "time_diff_s": 0.02, "gps_distance_m": 7.1, "original_speed": "", "wheel_diameter_mm": 711, "braking_intensity": 0.0, "is_braking": false, "is_crash": false, "crash_intensity_g": 0.0, "segment_start_sample": 17040, "segment_end_sample": 17041, "time_str": ""}}, {"type": "Feature", "geometry": {"type": "LineString", "coordinates": [[4.91659112041286, 52.3706093275515], [4.91650503125626, 52.3706390149613]]}, "properties": {"Speed": 0.0, "Speed_display": 18.0, "road_quality": 3, "marker": 0, "trip_id": "602D3_Trip7", "hrot_diff": 0, "sample_diff": 1, "time_diff_s": 0.02, "gps_distance_m": 6.7, "original_speed": "", "wheel_diameter_mm": 711, "braking_intensity": 0.0, "is_braking": false, "is_crash": false, "crash_intensity_g": 0.0, "segment_start_sample": 17095, "segment_end_sample": 17096, "time_str": ""}}, {"type": "Feature", "geometry": {"type": "LineString", "coordinates": [[4.91650503125626, 52.3706390149613], [4.91641701592248, 52.3706693665972]]}, "properties": {"Speed": 0.0, "Speed_display": 18.0, "road_quality": 2, "marker": 0, "trip_id": "602D3_Trip7", "hrot_diff": 0, "sample_diff": 1, "time_diff_s": 0.02, "gps_distance_m": 6.9, "original_speed": "", "wheel_diameter_mm": 711, "braking_intensity": 0.0, "is_braking": false, "is_crash": false, "crash_intensity_g": 0.0, "segment_start_sample": 17142, "segment_end_sample": 17143, "time_str": ""}}, {"type": "Feature", "geometry": {"type": "LineString", "coordinates": [[4.91641701592248, 52.3706693665972], [4.91632494979852, 52.3707011623758]]}, "properties": {"Speed": 0.0, "Speed_display": 18.0, "road_quality": 2, "marker": 0, "trip_id": "602D3_Trip7", "hrot_diff": 0, "sample_diff": 1, "time_diff_s": 0.02, "gps_distance_m": 7.2, "original_speed": "", "wheel_diameter_mm": 711, "braking_intensity": 0.0, "is_braking": false, "is_crash": false, "crash_intensity_g": 0.0, "segment_start_sample": 17189, "segment_end_sample": 17190, "time_str": ""}}, {"type": "Feature", "geometry": {"type": "LineString", "coordinates": [[4.91632494979852, 52.3707011623758], [4.91623825472998, 52.3707312381544]]}, "properties": {"Speed": 0.0, "Speed_display": 18.0, "road_quality": 2, "marker": 0, "trip_id": "602D3_Trip7", "hrot_diff": 0, "sample_diff": 1, "time_diff_s": 0.02, "gps_distance_m": 6.8, "original_speed": "", "wheel_diameter_mm": 711, "braking_intensity": 0.0, "is_braking": false, "is_crash": false, "crash_intensity_g": 0.0, "segment_start_sample": 17244, "segment_end_sample": 17245, "time_str": ""}}, {"type": "Feature", "geometry": {"type": "LineString", "coordinates": [[4.91623825472998, 52.3707312381544], [4.91615228966589, 52.3707598688884]]}, "properties": {"Speed": 0.0, "Speed_display": 17.3, "road_quality": 2, "marker": 0, "trip_id": "602D3_Trip7", "hrot_diff": 0, "sample_diff": 1, "time_diff_s": 0.02, "gps_distance_m": 6.6, "original_speed": "", "wheel_diameter_mm": 711, "braking_intensity": 0.0, "is_braking": false, "is_crash": false, "crash_intensity_g": 0.0, "segment_start_sample": 17292, "segment_end_sample": 17293, "time_str": ""}}, {"type": "Feature", "geometry": {"type": "LineString", "coordinates": [[4.91615228966589, 52.3707598688884], [4.91606088711253, 52.3707907243987]]}, "properties": {"Speed": 0.0, "Speed_display": 17.3, "road_quality": 2, "marker": 0, "trip_id": "602D3_Trip7", "hrot_diff": 0, "sample_diff": 1, "time_diff_s": 0.02, "gps_distance_m": 7.1, "original_speed": "", "wheel_diameter_mm": 711, "braking_intensity": 0.0, "is_braking": false, "is_crash": false, "crash_intensity_g": 0.0, "segment_start_sample": 17338, "segment_end_sample": 17339, "time_str": ""}}, {"type": "Feature", "geometry": {"type": "LineString", "coordinates": [[4.91606088711253, 52.3707907243987], [4.91597339612131, 52.3708204265224]]}, "properties": {"Speed": 0.0, "Speed_display": 17.3, "road_quality": 2, "marker": 0, "trip_id": "602D3_Trip7", "hrot_diff": 0, "sample_diff": 1, "time_diff_s": 0.02, "gps_distance_m": 6.8, "original_speed": "", "wheel_diameter_mm": 711, "braking_intensity": 0.0, "is_braking": false, "is_crash": false, "crash_intensity_g": 0.0, "segment_start_sample": 17393, "segment_end_sample": 17394, "time_str": ""}}, {"type": "Feature", "geometry": {"type": "LineString", "coordinates": [[4.91597339612131, 52.3708204265224], [4.91588910663109, 52.3708490418485]]}, "properties": {"Speed": 0.0, "Speed_display": 17.3, "road_quality": 2, "marker": 0, "trip_id": "602D3_Trip7", "hrot_diff": 0, "sample_diff": 1, "time_diff_s": 0.02, "gps_distance_m": 6.5, "original_speed": "", "wheel_diameter_mm": 711, "braking_intensity": 0.0, "is_braking": false, "is_crash": false, "crash_intensity_g": 0.0, "segment_start_sample": 17443, "segment_end_sample": 17444, "time_str": ""}}, {"type": "Feature", "geometry": {"type": "LineString", "coordinates": [[4.91588910663109, 52.3708490418485], [4.91580907047234, 52.3708762130724]]}, "properties": {"Speed": 0.0, "Speed_display": 16.6, "road_quality": 2, "marker": 0, "trip_id": "602D3_Trip7", "hrot_diff": 0, "sample_diff": 1, "time_diff_s": 0.02, "gps_distance_m": 6.2, "original_speed": "", "wheel_diameter_mm": 711, "braking_intensity": 0.0, "is_braking": false, "is_crash": false, "crash_intensity_g": 0.0, "segment_start_sample": 17493, "segment_end_sample": 17494, "time_str": ""}}, {"type": "Feature", "geometry": {"type": "LineString", "coordinates": [[4.91580907047234, 52.3708762130724], [4.91572915072761, 52.3709033448759]]}, "properties": {"Speed": 0.0, "Speed_display": 15.8, "road_quality": 2, "marker": 0, "trip_id": "602D3_Trip7", "hrot_diff": 0, "sample_diff": 1, "time_diff_s": 0.02, "gps_distance_m": 6.2, "original_speed": "", "wheel_diameter_mm": 711, "braking_intensity": 0.0, "is_braking": false, "is_crash": false, "crash_intensity_g": 0.0, "segment_start_sample": 17545, "segment_end_sample": 17546, "time_str": ""}}, {"type": "Feature", "geometry": {"type": "LineString", "coordinates": [[4.91572915072761, 52.3709033448759], [4.91568719704221, 52.3709636107032]]}, "properties": {"Speed": 0.0, "Speed_display": 15.1, "road_quality": 2, "marker": 0, "trip_id": "602D3_Trip7", "hrot_diff": 0, "sample_diff": 1, "time_diff_s": 0.02, "gps_distance_m": 7.3, "original_speed": "", "wheel_diameter_mm": 711, "braking_intensity": 0.0, "is_braking": false, "is_crash": false, "crash_intensity_g": 0.0, "segment_start_sample": 17591, "segment_end_sample": 17592, "time_str": ""}}, {"type": "Feature", "geometry": {"type": "LineString", "coordinates": [[4.91568719704221, 52.3709636107032], [4.91561339539281, 52.370989329024]]}, "properties": {"Speed": 0.0, "Speed_display": 15.1, "road_quality": 2, "marker": 0, "trip_id": "602D3_Trip7", "hrot_diff": 0, "sample_diff": 1, "time_diff_s": 0.02, "gps_distance_m": 5.8, "original_speed": "", "wheel_diameter_mm": 711, "braking_intensity": 0.0, "is_braking": false, "is_crash": false, "crash_intensity_g": 0.0, "segment_start_sample": 17647, "segment_end_sample": 17648, "time_str": ""}}, {"type": "Feature", "geometry": {"type": "LineString", "coordinates": [[4.91561339539281, 52.370989329024], [4.91554415519191, 52.3710177349288]]}, "properties": {"Speed": 0.0, "Speed_display": 14.4, "road_quality": 2, "marker": 0, "trip_id": "602D3_Trip7", "hrot_diff": 0, "sample_diff": 1, "time_diff_s": 0.02, "gps_distance_m": 5.7, "original_speed": "", "wheel_diameter_mm": 711, "braking_intensity": 0.0, "is_braking": false, "is_crash": false, "crash_intensity_g": 0.0, "segment_start_sample": 17694, "segment_end_sample": 17695, "time_str": ""}}, {"type": "Feature", "geometry": {"type": "LineString", "coordinates": [[4.91554415519191, 52.3710177349288], [4.91548047220777, 52.3710498914046]]}, "properties": {"Speed": 0.0, "Speed_display": 14.4, "road_quality": 2, "marker": 0, "trip_id": "602D3_Trip7", "hrot_diff": 0, "sample_diff": 1, "time_diff_s": 0.02, "gps_distance_m": 5.6, "original_speed": "", "wheel_diameter_mm": 711, "braking_intensity": 0.0, "is_braking": false, "is_crash": false, "crash_intensity_g": 0.0, "segment_start_sample": 17742, "segment_end_sample": 17743, "time_str": ""}}, {"type": "Feature", "geometry": {"type": "LineString", "coordinates": [[4.91548047220777, 52.3710498914046], [4.91542831640273, 52.3710860832234]]}, "properties": {"Speed": 0.0, "Speed_display": 13.7, "road_quality": 2, "marker": 0, "trip_id": "602D3_Trip7", "hrot_diff": 0, "sample_diff": 1, "time_diff_s": 0.02, "gps_distance_m": 5.4, "original_speed": "", "wheel_diameter_mm": 711, "braking_intensity": 0.0, "is_braking": false, "is_crash": false, "crash_intensity_g": 0.0, "segment_start_sample": 17792, "segment_end_sample": 17793, "time_str": ""}}, {"type": "Feature", "geometry": {"type": "LineString", "coordinates": [[4.91542831640273, 52.3710860832234], [4.91540004152758, 52.3711294766481]]}, "properties": {"Speed": 0.0, "Speed_display": 13.7, "road_quality": 2, "marker": 0, "trip_id": "602D3_Trip7", "hrot_diff": 0, "sample_diff": 1, "time_diff_s": 0.02, "gps_distance_m": 5.2, "original_speed": "", "wheel_diameter_mm": 711, "braking_intensity": 0.0, "is_braking": false, "is_crash": false, "crash_intensity_g": 0.0, "segment_start_sample": 17843, "segment_end_sample": 17844, "time_str": ""}}, {"type": "Feature", "geometry": {"type": "LineString", "coordinates": [[4.91540004152758, 52.3711294766481], [4.91543602602686, 52.3711431267212]]}, "properties": {"Speed": 0.0, "Speed_display": 3.6, "road_quality": 2, "marker": 0, "trip_id": "602D3_Trip7", "hrot_diff": 0, "sample_diff": 1, "time_diff_s": 0.02, "gps_distance_m": 2.9, "original_speed": "", "wheel_diameter_mm": 711, "braking_intensity": 0.0, "is_braking": false, "is_crash": false, "crash_intensity_g": 0.0, "segment_start_sample": 17895, "segment_end_sample": 17896, "time_str": ""}}, {"type": "Feature", "geometry": {"type": "LineString", "coordinates": [[4.91543602602686, 52.3711431267212], [4.91547245045002, 52.3711709705114]]}, "properties": {"Speed": 0.0, "Speed_display": 3.6, "road_quality": 2, "marker": 0, "trip_id": "602D3_Trip7", "hrot_diff": 0, "sample_diff": 1, "time_diff_s": 0.02, "gps_distance_m": 4.0, "original_speed": "", "wheel_diameter_mm": 711, "braking_intensity": 0.0, "is_braking": false, "is_crash": false, "crash_intensity_g": 0.0, "segment_start_sample": 17938, "segment_end_sample": 17939, "time_str": ""}}, {"type": "Feature", "geometry": {"type": "LineString", "coordinates": [[4.91547245045002, 52.3711709705114], [4.91531410724707, 52.3712411177965]]}, "properties": {"Speed": 0.0, "Speed_display": 13.0, "road_quality": 2, "marker": 0, "trip_id": "602D3_Trip7", "hrot_diff": 0, "sample_diff": 1, "time_diff_s": 0.02, "gps_distance_m": 13.3, "original_speed": "", "wheel_diameter_mm": 711, "braking_intensity": 0.0, "is_braking": false, "is_crash": false, "crash_intensity_g": 0.0, "segment_start_sample": 17993, "segment_end_sample": 17994, "time_str": ""}}, {"type": "Feature", "geometry": {"type": "LineString", "coordinates": [[4.91531410724707, 52.3712411177965], [4.91530895337029, 52.3712702887815]]}, "properties": {"Speed": 0.0, "Speed_display": 12.2, "road_quality": 2, "marker": 0, "trip_id": "602D3_Trip7", "hrot_diff": 0, "sample_diff": 1, "time_diff_s": 0.02, "gps_distance_m": 3.3, "original_speed": "", "wheel_diameter_mm": 711, "braking_intensity": 0.0, "is_braking": false, "is_crash": false, "crash_intensity_g": 0.0, "segment_start_sample": 18045, "segment_end_sample": 18046, "time_str": ""}}, {"type": "Feature", "geometry": {"type": "LineString", "coordinates": [[4.91530895337029, 52.3712702887815], [4.91541902112906, 52.3713136266843]]}, "properties": {"Speed": 0.0, "Speed_display": 11.5, "road_quality": 2, "marker": 0, "trip_id": "602D3_Trip7", "hrot_diff": 0, "sample_diff": 1, "time_diff_s": 0.02, "gps_distance_m": 8.9, "original_speed": "", "wheel_diameter_mm": 711, "braking_intensity": 0.0, "is_braking": false, "is_crash": false, "crash_intensity_g": 0.0, "segment_start_sample": 18096, "segment_end_sample": 18097, "time_str": ""}}, {"type": "Feature", "geometry": {"type": "LineString", "coordinates": [[4.91541902112906, 52.3713136266843], [4.91557458446168, 52.3713254310539]]}, "properties": {"Speed": 0.0, "Speed_display": 10.1, "road_quality": 2, "marker": 0, "trip_id": "602D3_Trip7", "hrot_diff": 0, "sample_diff": 1, "time_diff_s": 0.02, "gps_distance_m": 10.6, "original_speed": "", "wheel_diameter_mm": 711, "braking_intensity": 0.0, "is_braking": false, "is_crash": false, "crash_intensity_g": 0.0, "segment_start_sample": 18146, "segment_end_sample": 18147, "time_str": ""}}, {"type": "Feature", "geometry": {"type": "LineString", "coordinates": [[4.91557458446168, 52.3713254310539], [4.91579621698504, 52.3713331939806]]}, "properties": {"Speed": 0.0, "Speed_display": 15.1, "road_quality": 2, "marker": 0, "trip_id": "602D3_Trip7", "hrot_diff": 0, "sample_diff": 1, "time_diff_s": 0.02, "gps_distance_m": 15.1, "original_speed": "", "wheel_diameter_mm": 711, "braking_intensity": 0.0, "is_braking": false, "is_crash": false, "crash_intensity_g": 0.0, "segment_start_sample": 18195, "segment_end_sample": 18196, "time_str": ""}}, {"type": "Feature", "geometry": {"type": "LineString", "coordinates": [[4.91579621698504, 52.3713331939806], [4.91588832460886, 52.371354084592]]}, "properties": {"Speed": 0.0, "Speed_display": 15.1, "road_quality": 2, "marker": 0, "trip_id": "602D3_Trip7", "hrot_diff": 0, "sample_diff": 1, "time_diff_s": 0.02, "gps_distance_m": 6.7, "original_speed": "", "wheel_diameter_mm": 711, "braking_intensity": 0.0, "is_braking": false, "is_crash": false, "crash_intensity_g": 0.0, "segment_start_sample": 18245, "segment_end_sample": 18246, "time_str": ""}}, {"type": "Feature", "geometry": {"type": "LineString", "coordinates": [[4.91588832460886, 52.371354084592], [4.9159859130124, 52.3713814789102]]}, "properties": {"Speed": 0.0, "Speed_display": 15.8, "road_quality": 2, "marker": 0, "trip_id": "602D3_Trip7", "hrot_diff": 0, "sample_diff": 1, "time_diff_s": 0.02, "gps_distance_m": 7.3, "original_speed": "", "wheel_diameter_mm": 711, "braking_intensity": 0.0, "is_braking": false, "is_crash": false, "crash_intensity_g": 0.0, "segment_start_sample": 18294, "segment_end_sample": 18295, "time_str": ""}}, {"type": "Feature", "geometry": {"type": "LineString", "coordinates": [[4.9159859130124, 52.3713814789102], [4.91604670306075, 52.3714303294654]]}, "properties": {"Speed": 0.0, "Speed_display": 15.8, "road_quality": 2, "marker": 0, "trip_id": "602D3_Trip7", "hrot_diff": 0, "sample_diff": 1, "time_diff_s": 0.02, "gps_distance_m": 6.8, "original_speed": "", "wheel_diameter_mm": 711, "braking_intensity": 0.0, "is_braking": false, "is_crash": false, "crash_intensity_g": 0.0, "segment_start_sample": 18344, "segment_end_sample": 18345, "time_str": ""}}, {"type": "Feature", "geometry": {"type": "LineString", "coordinates": [[4.91604670306075, 52.3714303294654], [4.916119307296, 52.3714520403541]]}, "properties": {"Speed": 0.0, "Speed_display": 15.8, "road_quality": 2, "marker": 0, "trip_id": "602D3_Trip7", "hrot_diff": 0, "sample_diff": 1, "time_diff_s": 0.02, "gps_distance_m": 5.5, "original_speed": "", "wheel_diameter_mm": 711, "braking_intensity": 0.0, "is_braking": false, "is_crash": false, "crash_intensity_g": 0.0, "segment_start_sample": 18393, "segment_end_sample": 18394, "time_str": ""}}]}