{"type": "FeatureCollection", "features": [{"type": "Feature", "geometry": {"type": "LineString", "coordinates": [[4.91615051988554, 52.3714259370276], [4.91608185805335, 52.3713919668139]]}, "properties": {"Speed": 0.0, "Speed_display": 13.7, "road_quality": 2, "marker": 0, "trip_id": "602D3_Trip2", "hrot_diff": 0, "sample_diff": 1, "time_diff_s": 0.02, "gps_distance_m": 6.0, "original_speed": "", "wheel_diameter_mm": 711, "braking_intensity": 0.0, "is_braking": false, "is_crash": false, "crash_intensity_g": 0.0, "segment_start_sample": 2101, "segment_end_sample": 2102, "time_str": ""}}, {"type": "Feature", "geometry": {"type": "LineString", "coordinates": [[4.91608185805335, 52.3713919668139], [4.91599837613259, 52.3713581924737]]}, "properties": {"Speed": 0.0, "Speed_display": 15.1, "road_quality": 2, "marker": 0, "trip_id": "602D3_Trip2", "hrot_diff": 0, "sample_diff": 1, "time_diff_s": 0.02, "gps_distance_m": 6.8, "original_speed": "", "wheel_diameter_mm": 711, "braking_intensity": 0.0, "is_braking": false, "is_crash": false, "crash_intensity_g": 0.0, "segment_start_sample": 2156, "segment_end_sample": 2157, "time_str": ""}}, {"type": "Feature", "geometry": {"type": "LineString", "coordinates": [[4.91599837613259, 52.3713581924737], [4.91591149215222, 52.3713289401175]]}, "properties": {"Speed": 0.0, "Speed_display": 15.8, "road_quality": 2, "marker": 0, "trip_id": "602D3_Trip2", "hrot_diff": 0, "sample_diff": 1, "time_diff_s": 0.02, "gps_distance_m": 6.7, "original_speed": "", "wheel_diameter_mm": 711, "braking_intensity": 0.0, "is_braking": false, "is_crash": false, "crash_intensity_g": 0.0, "segment_start_sample": 2199, "segment_end_sample": 2200, "time_str": ""}}, {"type": "Feature", "geometry": {"type": "LineString", "coordinates": [[4.91591149215222, 52.3713289401175], [4.91582437834589, 52.3713012008274]]}, "properties": {"Speed": 0.0, "Speed_display": 16.6, "road_quality": 2, "marker": 0, "trip_id": "602D3_Trip2", "hrot_diff": 0, "sample_diff": 1, "time_diff_s": 0.02, "gps_distance_m": 6.7, "original_speed": "", "wheel_diameter_mm": 711, "braking_intensity": 0.0, "is_braking": false, "is_crash": false, "crash_intensity_g": 0.0, "segment_start_sample": 2250, "segment_end_sample": 2251, "time_str": ""}}, {"type": "Feature", "geometry": {"type": "LineString", "coordinates": [[4.91582437834589, 52.3713012008274], [4.91574080666136, 52.3712737555793]]}, "properties": {"Speed": 0.0, "Speed_display": 16.6, "road_quality": 2, "marker": 0, "trip_id": "602D3_Trip2", "hrot_diff": 0, "sample_diff": 1, "time_diff_s": 0.02, "gps_distance_m": 6.4, "original_speed": "", "wheel_diameter_mm": 711, "braking_intensity": 0.0, "is_braking": false, "is_crash": false, "crash_intensity_g": 0.0, "segment_start_sample": 2302, "segment_end_sample": 2303, "time_str": ""}}, {"type": "Feature", "geometry": {"type": "LineString", "coordinates": [[4.91574080666136, 52.3712737555793], [4.91565983605682, 52.3712478213184]]}, "properties": {"Speed": 0.0, "Speed_display": 15.8, "road_quality": 2, "marker": 0, "trip_id": "602D3_Trip2", "hrot_diff": 0, "sample_diff": 1, "time_diff_s": 0.02, "gps_distance_m": 6.2, "original_speed": "", "wheel_diameter_mm": 711, "braking_intensity": 0.0, "is_braking": false, "is_crash": false, "crash_intensity_g": 0.0, "segment_start_sample": 2355, "segment_end_sample": 2356, "time_str": ""}}, {"type": "Feature", "geometry": {"type": "LineString", "coordinates": [[4.91565983605682, 52.3712478213184], [4.91558272053835, 52.3712219108083]]}, "properties": {"Speed": 0.0, "Speed_display": 15.1, "road_quality": 2, "marker": 0, "trip_id": "602D3_Trip2", "hrot_diff": 0, "sample_diff": 1, "time_diff_s": 0.02, "gps_distance_m": 6.0, "original_speed": "", "wheel_diameter_mm": 711, "braking_intensity": 0.0, "is_braking": false, "is_crash": false, "crash_intensity_g": 0.0, "segment_start_sample": 2402, "segment_end_sample": 2403, "time_str": ""}}, {"type": "Feature", "geometry": {"type": "LineString", "coordinates": [[4.91558272053835, 52.3712219108083], [4.91551069775286, 52.3711941799452]]}, "properties": {"Speed": 0.0, "Speed_display": 15.1, "road_quality": 2, "marker": 0, "trip_id": "602D3_Trip2", "hrot_diff": 0, "sample_diff": 1, "time_diff_s": 0.02, "gps_distance_m": 5.8, "original_speed": "", "wheel_diameter_mm": 711, "braking_intensity": 0.0, "is_braking": false, "is_crash": false, "crash_intensity_g": 0.0, "segment_start_sample": 2450, "segment_end_sample": 2451, "time_str": ""}}, {"type": "Feature", "geometry": {"type": "LineString", "coordinates": [[4.91551069775286, 52.3711941799452], [4.91545039563228, 52.3711621470583]]}, "properties": {"Speed": 0.0, "Speed_display": 14.4, "road_quality": 2, "marker": 0, "trip_id": "602D3_Trip2", "hrot_diff": 0, "sample_diff": 1, "time_diff_s": 0.02, "gps_distance_m": 5.4, "original_speed": "", "wheel_diameter_mm": 711, "braking_intensity": 0.0, "is_braking": false, "is_crash": false, "crash_intensity_g": 0.0, "segment_start_sample": 2499, "segment_end_sample": 2500, "time_str": ""}}, {"type": "Feature", "geometry": {"type": "LineString", "coordinates": [[4.91545039563228, 52.3711621470583], [4.91542615334376, 52.3711179458507]]}, "properties": {"Speed": 0.0, "Speed_display": 13.0, "road_quality": 2, "marker": 0, "trip_id": "602D3_Trip2", "hrot_diff": 0, "sample_diff": 1, "time_diff_s": 0.02, "gps_distance_m": 5.2, "original_speed": "", "wheel_diameter_mm": 711, "braking_intensity": 0.0, "is_braking": false, "is_crash": false, "crash_intensity_g": 0.0, "segment_start_sample": 2556, "segment_end_sample": 2557, "time_str": ""}}, {"type": "Feature", "geometry": {"type": "LineString", "coordinates": [[4.91542615334376, 52.3711179458507], [4.91544998736585, 52.3710690040041]]}, "properties": {"Speed": 0.0, "Speed_display": 13.0, "road_quality": 2, "marker": 0, "trip_id": "602D3_Trip2", "hrot_diff": 0, "sample_diff": 1, "time_diff_s": 0.02, "gps_distance_m": 5.7, "original_speed": "", "wheel_diameter_mm": 711, "braking_intensity": 0.0, "is_braking": false, "is_crash": false, "crash_intensity_g": 0.0, "segment_start_sample": 2604, "segment_end_sample": 2605, "time_str": ""}}, {"type": "Feature", "geometry": {"type": "LineString", "coordinates": [[4.91544998736585, 52.3710690040041], [4.91551164093479, 52.3710247589571]]}, "properties": {"Speed": 0.0, "Speed_display": 14.4, "road_quality": 2, "marker": 0, "trip_id": "602D3_Trip2", "hrot_diff": 0, "sample_diff": 1, "time_diff_s": 0.02, "gps_distance_m": 6.5, "original_speed": "", "wheel_diameter_mm": 711, "braking_intensity": 0.0, "is_braking": false, "is_crash": false, "crash_intensity_g": 0.0, "segment_start_sample": 2652, "segment_end_sample": 2653, "time_str": ""}}, {"type": "Feature", "geometry": {"type": "LineString", "coordinates": [[4.91551164093479, 52.3710247589571], [4.91552941125075, 52.3710265524769]]}, "properties": {"Speed": 0.0, "Speed_display": 3.6, "road_quality": 2, "marker": 0, "trip_id": "602D3_Trip2", "hrot_diff": 0, "sample_diff": 1, "time_diff_s": 0.02, "gps_distance_m": 1.2, "original_speed": "", "wheel_diameter_mm": 711, "braking_intensity": 0.0, "is_braking": false, "is_crash": false, "crash_intensity_g": 0.0, "segment_start_sample": 2698, "segment_end_sample": 2699, "time_str": ""}}, {"type": "Feature", "geometry": {"type": "LineString", "coordinates": [[4.91552941125075, 52.3710265524769], [4.91562352573859, 52.370958448772]]}, "properties": {"Speed": 0.0, "Speed_display": 14.4, "road_quality": 2, "marker": 0, "trip_id": "602D3_Trip2", "hrot_diff": 0, "sample_diff": 1, "time_diff_s": 0.02, "gps_distance_m": 9.9, "original_speed": "", "wheel_diameter_mm": 711, "braking_intensity": 0.0, "is_braking": false, "is_crash": false, "crash_intensity_g": 0.0, "segment_start_sample": 2753, "segment_end_sample": 2754, "time_str": ""}}, {"type": "Feature", "geometry": {"type": "LineString", "coordinates": [[4.91562352573859, 52.370958448772], [4.91570540378133, 52.3709301283232]]}, "properties": {"Speed": 0.0, "Speed_display": 14.4, "road_quality": 2, "marker": 0, "trip_id": "602D3_Trip2", "hrot_diff": 0, "sample_diff": 1, "time_diff_s": 0.02, "gps_distance_m": 6.4, "original_speed": "", "wheel_diameter_mm": 711, "braking_intensity": 0.0, "is_braking": false, "is_crash": false, "crash_intensity_g": 0.0, "segment_start_sample": 2806, "segment_end_sample": 2807, "time_str": ""}}, {"type": "Feature", "geometry": {"type": "LineString", "coordinates": [[4.91570540378133, 52.3709301283232], [4.9157898818641, 52.3709032579927]]}, "properties": {"Speed": 0.0, "Speed_display": 15.1, "road_quality": 2, "marker": 0, "trip_id": "602D3_Trip2", "hrot_diff": 0, "sample_diff": 1, "time_diff_s": 0.02, "gps_distance_m": 6.5, "original_speed": "", "wheel_diameter_mm": 711, "braking_intensity": 0.0, "is_braking": false, "is_crash": false, "crash_intensity_g": 0.0, "segment_start_sample": 2850, "segment_end_sample": 2851, "time_str": ""}}, {"type": "Feature", "geometry": {"type": "LineString", "coordinates": [[4.9157898818641, 52.3709032579927], [4.91587418587351, 52.3708806579309]]}, "properties": {"Speed": 0.0, "Speed_display": 15.1, "road_quality": 2, "marker": 0, "trip_id": "602D3_Trip2", "hrot_diff": 0, "sample_diff": 1, "time_diff_s": 0.02, "gps_distance_m": 6.3, "original_speed": "", "wheel_diameter_mm": 711, "braking_intensity": 0.0, "is_braking": false, "is_crash": false, "crash_intensity_g": 0.0, "segment_start_sample": 2903, "segment_end_sample": 2904, "time_str": ""}}, {"type": "Feature", "geometry": {"type": "LineString", "coordinates": [[4.91587418587351, 52.3708806579309], [4.91588196393638, 52.3707659154852]]}, "properties": {"Speed": 0.0, "Speed_display": 15.8, "road_quality": 2, "marker": 0, "trip_id": "602D3_Trip2", "hrot_diff": 0, "sample_diff": 1, "time_diff_s": 0.02, "gps_distance_m": 12.8, "original_speed": "", "wheel_diameter_mm": 711, "braking_intensity": 0.0, "is_braking": false, "is_crash": false, "crash_intensity_g": 0.0, "segment_start_sample": 2954, "segment_end_sample": 2955, "time_str": ""}}, {"type": "Feature", "geometry": {"type": "LineString", "coordinates": [[4.91588196393638, 52.3707659154852], [4.91596125882409, 52.3707389958301]]}, "properties": {"Speed": 0.0, "Speed_display": 15.8, "road_quality": 2, "marker": 0, "trip_id": "602D3_Trip2", "hrot_diff": 0, "sample_diff": 1, "time_diff_s": 0.02, "gps_distance_m": 6.2, "original_speed": "", "wheel_diameter_mm": 711, "braking_intensity": 0.0, "is_braking": false, "is_crash": false, "crash_intensity_g": 0.0, "segment_start_sample": 2999, "segment_end_sample": 3000, "time_str": ""}}, {"type": "Feature", "geometry": {"type": "LineString", "coordinates": [[4.91596125882409, 52.3707389958301], [4.91603736710077, 52.3707131579914]]}, "properties": {"Speed": 0.0, "Speed_display": 15.8, "road_quality": 2, "marker": 0, "trip_id": "602D3_Trip2", "hrot_diff": 0, "sample_diff": 1, "time_diff_s": 0.02, "gps_distance_m": 5.9, "original_speed": "", "wheel_diameter_mm": 711, "braking_intensity": 0.0, "is_braking": false, "is_crash": false, "crash_intensity_g": 0.0, "segment_start_sample": 3051, "segment_end_sample": 3052, "time_str": ""}}, {"type": "Feature", "geometry": {"type": "LineString", "coordinates": [[4.91603736710077, 52.3707131579914], [4.91611427065478, 52.3706873588199]]}, "properties": {"Speed": 0.0, "Speed_display": 15.1, "road_quality": 2, "marker": 0, "trip_id": "602D3_Trip2", "hrot_diff": 0, "sample_diff": 1, "time_diff_s": 0.02, "gps_distance_m": 6.0, "original_speed": "", "wheel_diameter_mm": 711, "braking_intensity": 0.0, "is_braking": false, "is_crash": false, "crash_intensity_g": 0.0, "segment_start_sample": 3106, "segment_end_sample": 3107, "time_str": ""}}, {"type": "Feature", "geometry": {"type": "LineString", "coordinates": [[4.91611427065478, 52.3706873588199], [4.9161806719074, 52.3706652959171]]}, "properties": {"Speed": 0.0, "Speed_display": 15.1, "road_quality": 2, "marker": 0, "trip_id": "602D3_Trip2", "hrot_diff": 0, "sample_diff": 1, "time_diff_s": 0.02, "gps_distance_m": 5.1, "original_speed": "", "wheel_diameter_mm": 711, "braking_intensity": 0.0, "is_braking": false, "is_crash": false, "crash_intensity_g": 0.0, "segment_start_sample": 3156, "segment_end_sample": 3157, "time_str": ""}}, {"type": "Feature", "geometry": {"type": "LineString", "coordinates": [[4.9161806719074, 52.3706652959171], [4.91623756923004, 52.3706455055436]]}, "properties": {"Speed": 0.0, "Speed_display": 13.0, "road_quality": 2, "marker": 0, "trip_id": "602D3_Trip2", "hrot_diff": 0, "sample_diff": 1, "time_diff_s": 0.02, "gps_distance_m": 4.4, "original_speed": "", "wheel_diameter_mm": 711, "braking_intensity": 0.0, "is_braking": false, "is_crash": false, "crash_intensity_g": 0.0, "segment_start_sample": 3207, "segment_end_sample": 3208, "time_str": ""}}, {"type": "Feature", "geometry": {"type": "LineString", "coordinates": [[4.91623756923004, 52.3706455055436], [4.91631272003056, 52.3706194618247]]}, "properties": {"Speed": 0.0, "Speed_display": 13.0, "road_quality": 3, "marker": 0, "trip_id": "602D3_Trip2", "hrot_diff": 0, "sample_diff": 1, "time_diff_s": 0.02, "gps_distance_m": 5.9, "original_speed": "", "wheel_diameter_mm": 711, "braking_intensity": 0.0, "is_braking": false, "is_crash": false, "crash_intensity_g": 0.0, "segment_start_sample": 3255, "segment_end_sample": 3256, "time_str": ""}}, {"type": "Feature", "geometry": {"type": "LineString", "coordinates": [[4.91631272003056, 52.3706194618247], [4.9163848905079, 52.3705945742113]]}, "properties": {"Speed": 0.0, "Speed_display": 13.0, "road_quality": 2, "marker": 0, "trip_id": "602D3_Trip2", "hrot_diff": 0, "sample_diff": 1, "time_diff_s": 0.02, "gps_distance_m": 5.6, "original_speed": "", "wheel_diameter_mm": 711, "braking_intensity": 0.0, "is_braking": false, "is_crash": false, "crash_intensity_g": 0.0, "segment_start_sample": 3303, "segment_end_sample": 3304, "time_str": ""}}, {"type": "Feature", "geometry": {"type": "LineString", "coordinates": [[4.9163848905079, 52.3705945742113], [4.91646193745674, 52.3705680049725]]}, "properties": {"Speed": 0.0, "Speed_display": 14.4, "road_quality": 2, "marker": 0, "trip_id": "602D3_Trip2", "hrot_diff": 0, "sample_diff": 1, "time_diff_s": 0.02, "gps_distance_m": 6.0, "original_speed": "", "wheel_diameter_mm": 711, "braking_intensity": 0.0, "is_braking": false, "is_crash": false, "crash_intensity_g": 0.0, "segment_start_sample": 3349, "segment_end_sample": 3350, "time_str": ""}}, {"type": "Feature", "geometry": {"type": "LineString", "coordinates": [[4.91646193745674, 52.3705680049725], [4.91653699504145, 52.3705421217548]]}, "properties": {"Speed": 0.0, "Speed_display": 14.4, "road_quality": 2, "marker": 0, "trip_id": "602D3_Trip2", "hrot_diff": 0, "sample_diff": 1, "time_diff_s": 0.02, "gps_distance_m": 5.9, "original_speed": "", "wheel_diameter_mm": 711, "braking_intensity": 0.0, "is_braking": false, "is_crash": false, "crash_intensity_g": 0.0, "segment_start_sample": 3404, "segment_end_sample": 3405, "time_str": ""}}, {"type": "Feature", "geometry": {"type": "LineString", "coordinates": [[4.91653699504145, 52.3705421217548], [4.91661380333877, 52.3705156348135]]}, "properties": {"Speed": 0.0, "Speed_display": 15.1, "road_quality": 2, "marker": 0, "trip_id": "602D3_Trip2", "hrot_diff": 0, "sample_diff": 1, "time_diff_s": 0.02, "gps_distance_m": 6.0, "original_speed": "", "wheel_diameter_mm": 711, "braking_intensity": 0.0, "is_braking": false, "is_crash": false, "crash_intensity_g": 0.0, "segment_start_sample": 3452, "segment_end_sample": 3453, "time_str": ""}}, {"type": "Feature", "geometry": {"type": "LineString", "coordinates": [[4.91661380333877, 52.3705156348135], [4.91669065113028, 52.3704891342529]]}, "properties": {"Speed": 0.0, "Speed_display": 15.1, "road_quality": 2, "marker": 0, "trip_id": "602D3_Trip2", "hrot_diff": 0, "sample_diff": 1, "time_diff_s": 0.02, "gps_distance_m": 6.0, "original_speed": "", "wheel_diameter_mm": 711, "braking_intensity": 0.0, "is_braking": false, "is_crash": false, "crash_intensity_g": 0.0, "segment_start_sample": 3498, "segment_end_sample": 3499, "time_str": ""}}, {"type": "Feature", "geometry": {"type": "LineString", "coordinates": [[4.91669065113028, 52.3704891342529], [4.91676343863249, 52.3704640338617]]}, "properties": {"Speed": 0.0, "Speed_display": 15.1, "road_quality": 2, "marker": 0, "trip_id": "602D3_Trip2", "hrot_diff": 0, "sample_diff": 1, "time_diff_s": 0.02, "gps_distance_m": 5.7, "original_speed": "", "wheel_diameter_mm": 711, "braking_intensity": 0.0, "is_braking": false, "is_crash": false, "crash_intensity_g": 0.0, "segment_start_sample": 3555, "segment_end_sample": 3556, "time_str": ""}}, {"type": "Feature", "geometry": {"type": "LineString", "coordinates": [[4.91676343863249, 52.3704640338617], [4.9168404254144, 52.370437485371]]}, "properties": {"Speed": 0.0, "Speed_display": 15.1, "road_quality": 2, "marker": 0, "trip_id": "602D3_Trip2", "hrot_diff": 0, "sample_diff": 1, "time_diff_s": 0.02, "gps_distance_m": 6.0, "original_speed": "", "wheel_diameter_mm": 711, "braking_intensity": 0.0, "is_braking": false, "is_crash": false, "crash_intensity_g": 0.0, "segment_start_sample": 3600, "segment_end_sample": 3601, "time_str": ""}}, {"type": "Feature", "geometry": {"type": "LineString", "coordinates": [[4.9168404254144, 52.370437485371], [4.91691775504417, 52.3704108186511]]}, "properties": {"Speed": 0.0, "Speed_display": 15.1, "road_quality": 2, "marker": 0, "trip_id": "602D3_Trip2", "hrot_diff": 0, "sample_diff": 1, "time_diff_s": 0.02, "gps_distance_m": 6.0, "original_speed": "", "wheel_diameter_mm": 711, "braking_intensity": 0.0, "is_braking": false, "is_crash": false, "crash_intensity_g": 0.0, "segment_start_sample": 3654, "segment_end_sample": 3655, "time_str": ""}}, {"type": "Feature", "geometry": {"type": "LineString", "coordinates": [[4.91691775504417, 52.3704108186511], [4.91699774940797, 52.3703832330109]]}, "properties": {"Speed": 0.0, "Speed_display": 15.8, "road_quality": 2, "marker": 0, "trip_id": "602D3_Trip2", "hrot_diff": 0, "sample_diff": 1, "time_diff_s": 0.02, "gps_distance_m": 6.2, "original_speed": "", "wheel_diameter_mm": 711, "braking_intensity": 0.0, "is_braking": false, "is_crash": false, "crash_intensity_g": 0.0, "segment_start_sample": 3699, "segment_end_sample": 3700, "time_str": ""}}, {"type": "Feature", "geometry": {"type": "LineString", "coordinates": [[4.91699774940797, 52.3703832330109], [4.91707828835565, 52.3703554595735]]}, "properties": {"Speed": 0.0, "Speed_display": 15.8, "road_quality": 2, "marker": 0, "trip_id": "602D3_Trip2", "hrot_diff": 0, "sample_diff": 1, "time_diff_s": 0.02, "gps_distance_m": 6.3, "original_speed": "", "wheel_diameter_mm": 711, "braking_intensity": 0.0, "is_braking": false, "is_crash": false, "crash_intensity_g": 0.0, "segment_start_sample": 3750, "segment_end_sample": 3751, "time_str": ""}}, {"type": "Feature", "geometry": {"type": "LineString", "coordinates": [[4.91707828835565, 52.3703554595735], [4.91715484032719, 52.3703290610251]]}, "properties": {"Speed": 0.0, "Speed_display": 15.8, "road_quality": 2, "marker": 0, "trip_id": "602D3_Trip2", "hrot_diff": 0, "sample_diff": 1, "time_diff_s": 0.02, "gps_distance_m": 6.0, "original_speed": "", "wheel_diameter_mm": 711, "braking_intensity": 0.0, "is_braking": false, "is_crash": false, "crash_intensity_g": 0.0, "segment_start_sample": 3802, "segment_end_sample": 3803, "time_str": ""}}, {"type": "Feature", "geometry": {"type": "LineString", "coordinates": [[4.91715484032719, 52.3703290610251], [4.91723505453937, 52.370301399572]]}, "properties": {"Speed": 0.0, "Speed_display": 15.8, "road_quality": 2, "marker": 0, "trip_id": "602D3_Trip2", "hrot_diff": 0, "sample_diff": 1, "time_diff_s": 0.02, "gps_distance_m": 6.3, "original_speed": "", "wheel_diameter_mm": 711, "braking_intensity": 0.0, "is_braking": false, "is_crash": false, "crash_intensity_g": 0.0, "segment_start_sample": 3854, "segment_end_sample": 3855, "time_str": ""}}, {"type": "Feature", "geometry": {"type": "LineString", "coordinates": [[4.91723505453937, 52.370301399572], [4.91730453972785, 52.3702773262755]]}, "properties": {"Speed": 0.0, "Speed_display": 16.6, "road_quality": 2, "marker": 0, "trip_id": "602D3_Trip2", "hrot_diff": 0, "sample_diff": 1, "time_diff_s": 0.02, "gps_distance_m": 5.4, "original_speed": "", "wheel_diameter_mm": 711, "braking_intensity": 0.0, "is_braking": false, "is_crash": false, "crash_intensity_g": 0.0, "segment_start_sample": 3905, "segment_end_sample": 3906, "time_str": ""}}, {"type": "Feature", "geometry": {"type": "LineString", "coordinates": [[4.91730453972785, 52.3702773262755], [4.91738247873543, 52.3702502389366]]}, "properties": {"Speed": 0.0, "Speed_display": 15.8, "road_quality": 2, "marker": 0, "trip_id": "602D3_Trip2", "hrot_diff": 0, "sample_diff": 1, "time_diff_s": 0.02, "gps_distance_m": 6.1, "original_speed": "", "wheel_diameter_mm": 711, "braking_intensity": 0.0, "is_braking": false, "is_crash": false, "crash_intensity_g": 0.0, "segment_start_sample": 3956, "segment_end_sample": 3957, "time_str": ""}}, {"type": "Feature", "geometry": {"type": "LineString", "coordinates": [[4.91738247873543, 52.3702502389366], [4.9174687690702, 52.3702206102604]]}, "properties": {"Speed": 0.0, "Speed_display": 16.6, "road_quality": 2, "marker": 0, "trip_id": "602D3_Trip2", "hrot_diff": 0, "sample_diff": 1, "time_diff_s": 0.02, "gps_distance_m": 6.7, "original_speed": "", "wheel_diameter_mm": 711, "braking_intensity": 0.0, "is_braking": false, "is_crash": false, "crash_intensity_g": 0.0, "segment_start_sample": 3998, "segment_end_sample": 3999, "time_str": ""}}, {"type": "Feature", "geometry": {"type": "LineString", "coordinates": [[4.9174687690702, 52.3702206102604], [4.91755183280927, 52.3701923557993]]}, "properties": {"Speed": 0.0, "Speed_display": 16.6, "road_quality": 2, "marker": 0, "trip_id": "602D3_Trip2", "hrot_diff": 0, "sample_diff": 1, "time_diff_s": 0.02, "gps_distance_m": 6.5, "original_speed": "", "wheel_diameter_mm": 711, "braking_intensity": 0.0, "is_braking": false, "is_crash": false, "crash_intensity_g": 0.0, "segment_start_sample": 4048, "segment_end_sample": 4049, "time_str": ""}}, {"type": "Feature", "geometry": {"type": "LineString", "coordinates": [[4.91755183280927, 52.3701923557993], [4.9176378184416, 52.3701631074445]]}, "properties": {"Speed": 0.0, "Speed_display": 16.6, "road_quality": 2, "marker": 0, "trip_id": "602D3_Trip2", "hrot_diff": 0, "sample_diff": 1, "time_diff_s": 0.02, "gps_distance_m": 6.7, "original_speed": "", "wheel_diameter_mm": 711, "braking_intensity": 0.0, "is_braking": false, "is_crash": false, "crash_intensity_g": 0.0, "segment_start_sample": 4106, "segment_end_sample": 4107, "time_str": ""}}, {"type": "Feature", "geometry": {"type": "LineString", "coordinates": [[4.9176378184416, 52.3701631074445], [4.91772374068048, 52.3701338806556]]}, "properties": {"Speed": 0.0, "Speed_display": 17.3, "road_quality": 2, "marker": 0, "trip_id": "602D3_Trip2", "hrot_diff": 0, "sample_diff": 1, "time_diff_s": 0.02, "gps_distance_m": 6.7, "original_speed": "", "wheel_diameter_mm": 711, "braking_intensity": 0.0, "is_braking": false, "is_crash": false, "crash_intensity_g": 0.0, "segment_start_sample": 4156, "segment_end_sample": 4157, "time_str": ""}}, {"type": "Feature", "geometry": {"type": "LineString", "coordinates": [[4.91772374068048, 52.3701338806556], [4.91780167165322, 52.3701073721226]]}, "properties": {"Speed": 0.0, "Speed_display": 16.6, "road_quality": 2, "marker": 0, "trip_id": "602D3_Trip2", "hrot_diff": 0, "sample_diff": 1, "time_diff_s": 0.02, "gps_distance_m": 6.1, "original_speed": "", "wheel_diameter_mm": 711, "braking_intensity": 0.0, "is_braking": false, "is_crash": false, "crash_intensity_g": 0.0, "segment_start_sample": 4198, "segment_end_sample": 4199, "time_str": ""}}, {"type": "Feature", "geometry": {"type": "LineString", "coordinates": [[4.91780167165322, 52.3701073721226], [4.91788271958994, 52.3700798033471]]}, "properties": {"Speed": 0.0, "Speed_display": 16.6, "road_quality": 2, "marker": 0, "trip_id": "602D3_Trip2", "hrot_diff": 0, "sample_diff": 1, "time_diff_s": 0.02, "gps_distance_m": 6.3, "original_speed": "", "wheel_diameter_mm": 711, "braking_intensity": 0.0, "is_braking": false, "is_crash": false, "crash_intensity_g": 0.0, "segment_start_sample": 4249, "segment_end_sample": 4250, "time_str": ""}}, {"type": "Feature", "geometry": {"type": "LineString", "coordinates": [[4.91788271958994, 52.3700798033471], [4.91796135562313, 52.3700529534385]]}, "properties": {"Speed": 0.0, "Speed_display": 15.8, "road_quality": 2, "marker": 0, "trip_id": "602D3_Trip2", "hrot_diff": 0, "sample_diff": 1, "time_diff_s": 0.02, "gps_distance_m": 6.1, "original_speed": "", "wheel_diameter_mm": 711, "braking_intensity": 0.0, "is_braking": false, "is_crash": false, "crash_intensity_g": 0.0, "segment_start_sample": 4301, "segment_end_sample": 4302, "time_str": ""}}, {"type": "Feature", "geometry": {"type": "LineString", "coordinates": [[4.91796135562313, 52.3700529534385], [4.91804122599595, 52.370025656416]]}, "properties": {"Speed": 0.0, "Speed_display": 16.6, "road_quality": 2, "marker": 0, "trip_id": "602D3_Trip2", "hrot_diff": 0, "sample_diff": 1, "time_diff_s": 0.02, "gps_distance_m": 6.2, "original_speed": "", "wheel_diameter_mm": 711, "braking_intensity": 0.0, "is_braking": false, "is_crash": false, "crash_intensity_g": 0.0, "segment_start_sample": 4354, "segment_end_sample": 4355, "time_str": ""}}, {"type": "Feature", "geometry": {"type": "LineString", "coordinates": [[4.91804122599595, 52.370025656416], [4.91811537731168, 52.3700003139788]]}, "properties": {"Speed": 0.0, "Speed_display": 15.8, "road_quality": 2, "marker": 0, "trip_id": "602D3_Trip2", "hrot_diff": 0, "sample_diff": 1, "time_diff_s": 0.02, "gps_distance_m": 5.8, "original_speed": "", "wheel_diameter_mm": 711, "braking_intensity": 0.0, "is_braking": false, "is_crash": false, "crash_intensity_g": 0.0, "segment_start_sample": 4398, "segment_end_sample": 4399, "time_str": ""}}, {"type": "Feature", "geometry": {"type": "LineString", "coordinates": [[4.91811537731168, 52.3700003139788], [4.91830002917146, 52.3700903617719]]}, "properties": {"Speed": 0.0, "Speed_display": 15.8, "road_quality": 3, "marker": 0, "trip_id": "602D3_Trip2", "hrot_diff": 0, "sample_diff": 1, "time_diff_s": 0.02, "gps_distance_m": 16.0, "original_speed": "", "wheel_diameter_mm": 711, "braking_intensity": 0.0, "is_braking": false, "is_crash": false, "crash_intensity_g": 0.0, "segment_start_sample": 4452, "segment_end_sample": 4453, "time_str": ""}}, {"type": "Feature", "geometry": {"type": "LineString", "coordinates": [[4.91830002917146, 52.3700903617719], [4.91837479057295, 52.3700642314577]]}, "properties": {"Speed": 0.0, "Speed_display": 15.1, "road_quality": 3, "marker": 0, "trip_id": "602D3_Trip2", "hrot_diff": 0, "sample_diff": 1, "time_diff_s": 0.02, "gps_distance_m": 5.8, "original_speed": "", "wheel_diameter_mm": 711, "braking_intensity": 0.0, "is_braking": false, "is_crash": false, "crash_intensity_g": 0.0, "segment_start_sample": 4505, "segment_end_sample": 4506, "time_str": ""}}, {"type": "Feature", "geometry": {"type": "LineString", "coordinates": [[4.91837479057295, 52.3700642314577], [4.9184552578818, 52.3700384275887]]}, "properties": {"Speed": 0.0, "Speed_display": 15.8, "road_quality": 3, "marker": 0, "trip_id": "602D3_Trip2", "hrot_diff": 0, "sample_diff": 1, "time_diff_s": 0.02, "gps_distance_m": 6.2, "original_speed": "", "wheel_diameter_mm": 711, "braking_intensity": 0.0, "is_braking": false, "is_crash": false, "crash_intensity_g": 0.0, "segment_start_sample": 4551, "segment_end_sample": 4552, "time_str": ""}}, {"type": "Feature", "geometry": {"type": "LineString", "coordinates": [[4.9184552578818, 52.3700384275887], [4.91852771482352, 52.3700152101209]]}, "properties": {"Speed": 0.0, "Speed_display": 15.1, "road_quality": 3, "marker": 0, "trip_id": "602D3_Trip2", "hrot_diff": 0, "sample_diff": 1, "time_diff_s": 0.02, "gps_distance_m": 5.6, "original_speed": "", "wheel_diameter_mm": 711, "braking_intensity": 0.0, "is_braking": false, "is_crash": false, "crash_intensity_g": 0.0, "segment_start_sample": 4605, "segment_end_sample": 4606, "time_str": ""}}, {"type": "Feature", "geometry": {"type": "LineString", "coordinates": [[4.91852771482352, 52.3700152101209], [4.91860569605815, 52.3699906970568]]}, "properties": {"Speed": 0.0, "Speed_display": 15.1, "road_quality": 3, "marker": 0, "trip_id": "602D3_Trip2", "hrot_diff": 0, "sample_diff": 1, "time_diff_s": 0.02, "gps_distance_m": 6.0, "original_speed": "", "wheel_diameter_mm": 711, "braking_intensity": 0.0, "is_braking": false, "is_crash": false, "crash_intensity_g": 0.0, "segment_start_sample": 4650, "segment_end_sample": 4651, "time_str": ""}}, {"type": "Feature", "geometry": {"type": "LineString", "coordinates": [[4.91860569605815, 52.3699906970568], [4.91868481372233, 52.3699654555393]]}, "properties": {"Speed": 0.0, "Speed_display": 15.1, "road_quality": 2, "marker": 0, "trip_id": "602D3_Trip2", "hrot_diff": 0, "sample_diff": 1, "time_diff_s": 0.02, "gps_distance_m": 6.1, "original_speed": "", "wheel_diameter_mm": 711, "braking_intensity": 0.0, "is_braking": false, "is_crash": false, "crash_intensity_g": 0.0, "segment_start_sample": 4707, "segment_end_sample": 4708, "time_str": ""}}, {"type": "Feature", "geometry": {"type": "LineString", "coordinates": [[4.91868481372233, 52.3699654555393], [4.91876209294542, 52.3699414186325]]}, "properties": {"Speed": 0.0, "Speed_display": 15.1, "road_quality": 2, "marker": 0, "trip_id": "602D3_Trip2", "hrot_diff": 0, "sample_diff": 1, "time_diff_s": 0.02, "gps_distance_m": 5.9, "original_speed": "", "wheel_diameter_mm": 711, "braking_intensity": 0.0, "is_braking": false, "is_crash": false, "crash_intensity_g": 0.0, "segment_start_sample": 4749, "segment_end_sample": 4750, "time_str": ""}}, {"type": "Feature", "geometry": {"type": "LineString", "coordinates": [[4.91876209294542, 52.3699414186325], [4.91884311444234, 52.3699159097998]]}, "properties": {"Speed": 0.0, "Speed_display": 15.8, "road_quality": 2, "marker": 0, "trip_id": "602D3_Trip2", "hrot_diff": 0, "sample_diff": 1, "time_diff_s": 0.02, "gps_distance_m": 6.2, "original_speed": "", "wheel_diameter_mm": 711, "braking_intensity": 0.0, "is_braking": false, "is_crash": false, "crash_intensity_g": 0.0, "segment_start_sample": 4805, "segment_end_sample": 4806, "time_str": ""}}, {"type": "Feature", "geometry": {"type": "LineString", "coordinates": [[4.91884311444234, 52.3699159097998], [4.91891800957866, 52.3698859553543]]}, "properties": {"Speed": 0.0, "Speed_display": 15.8, "road_quality": 3, "marker": 0, "trip_id": "602D3_Trip2", "hrot_diff": 0, "sample_diff": 1, "time_diff_s": 0.02, "gps_distance_m": 6.1, "original_speed": "", "wheel_diameter_mm": 711, "braking_intensity": 0.0, "is_braking": false, "is_crash": false, "crash_intensity_g": 0.0, "segment_start_sample": 4849, "segment_end_sample": 4850, "time_str": ""}}, {"type": "Feature", "geometry": {"type": "LineString", "coordinates": [[4.91891800957866, 52.3698859553543], [4.91898913406305, 52.3698589946099]]}, "properties": {"Speed": 0.0, "Speed_display": 15.1, "road_quality": 3, "marker": 0, "trip_id": "602D3_Trip2", "hrot_diff": 0, "sample_diff": 1, "time_diff_s": 0.02, "gps_distance_m": 5.7, "original_speed": "", "wheel_diameter_mm": 711, "braking_intensity": 0.0, "is_braking": false, "is_crash": false, "crash_intensity_g": 0.0, "segment_start_sample": 4904, "segment_end_sample": 4905, "time_str": ""}}, {"type": "Feature", "geometry": {"type": "LineString", "coordinates": [[4.91898913406305, 52.3698589946099], [4.9190574325989, 52.3698290984159]]}, "properties": {"Speed": 0.0, "Speed_display": 15.1, "road_quality": 3, "marker": 0, "trip_id": "602D3_Trip2", "hrot_diff": 0, "sample_diff": 1, "time_diff_s": 0.02, "gps_distance_m": 5.7, "original_speed": "", "wheel_diameter_mm": 711, "braking_intensity": 0.0, "is_braking": false, "is_crash": false, "crash_intensity_g": 0.0, "segment_start_sample": 4949, "segment_end_sample": 4950, "time_str": ""}}, {"type": "Feature", "geometry": {"type": "LineString", "coordinates": [[4.9190574325989, 52.3698290984159], [4.91913492345132, 52.369800502308]]}, "properties": {"Speed": 0.0, "Speed_display": 15.1, "road_quality": 3, "marker": 0, "trip_id": "602D3_Trip2", "hrot_diff": 0, "sample_diff": 1, "time_diff_s": 0.02, "gps_distance_m": 6.1, "original_speed": "", "wheel_diameter_mm": 711, "braking_intensity": 0.0, "is_braking": false, "is_crash": false, "crash_intensity_g": 0.0, "segment_start_sample": 5003, "segment_end_sample": 5004, "time_str": ""}}, {"type": "Feature", "geometry": {"type": "LineString", "coordinates": [[4.91913492345132, 52.369800502308], [4.91921313271305, 52.3697707327814]]}, "properties": {"Speed": 0.0, "Speed_display": 15.8, "road_quality": 3, "marker": 0, "trip_id": "602D3_Trip2", "hrot_diff": 0, "sample_diff": 1, "time_diff_s": 0.02, "gps_distance_m": 6.3, "original_speed": "", "wheel_diameter_mm": 711, "braking_intensity": 0.0, "is_braking": false, "is_crash": false, "crash_intensity_g": 0.0, "segment_start_sample": 5049, "segment_end_sample": 5050, "time_str": ""}}, {"type": "Feature", "geometry": {"type": "LineString", "coordinates": [[4.91921313271305, 52.3697707327814], [4.91932471795026, 52.3697348596093]]}, "properties": {"Speed": 0.0, "Speed_display": 12.2, "road_quality": 2, "marker": 0, "trip_id": "602D3_Trip2", "hrot_diff": 0, "sample_diff": 1, "time_diff_s": 0.02, "gps_distance_m": 8.6, "original_speed": "", "wheel_diameter_mm": 711, "braking_intensity": 0.0, "is_braking": false, "is_crash": false, "crash_intensity_g": 0.0, "segment_start_sample": 5130, "segment_end_sample": 5131, "time_str": ""}}, {"type": "Feature", "geometry": {"type": "LineString", "coordinates": [[4.91932471795026, 52.3697348596093], [4.91935853962933, 52.3697175346498]]}, "properties": {"Speed": 0.0, "Speed_display": 5.8, "road_quality": 2, "marker": 0, "trip_id": "602D3_Trip2", "hrot_diff": 0, "sample_diff": 1, "time_diff_s": 0.02, "gps_distance_m": 3.0, "original_speed": "", "wheel_diameter_mm": 711, "braking_intensity": 0.0, "is_braking": false, "is_crash": false, "crash_intensity_g": 0.0, "segment_start_sample": 5202, "segment_end_sample": 5203, "time_str": ""}}, {"type": "Feature", "geometry": {"type": "LineString", "coordinates": [[4.91935853962933, 52.3697175346498], [4.9195187041861, 52.3696468882485]]}, "properties": {"Speed": 0.0, "Speed_display": 15.1, "road_quality": 2, "marker": 0, "trip_id": "602D3_Trip2", "hrot_diff": 0, "sample_diff": 1, "time_diff_s": 0.02, "gps_distance_m": 13.4, "original_speed": "", "wheel_diameter_mm": 711, "braking_intensity": 0.0, "is_braking": false, "is_crash": false, "crash_intensity_g": 0.0, "segment_start_sample": 5251, "segment_end_sample": 5252, "time_str": ""}}, {"type": "Feature", "geometry": {"type": "LineString", "coordinates": [[4.9195187041861, 52.3696468882485], [4.9195999413126, 52.3696210001639]]}, "properties": {"Speed": 0.0, "Speed_display": 15.1, "road_quality": 2, "marker": 0, "trip_id": "602D3_Trip2", "hrot_diff": 0, "sample_diff": 1, "time_diff_s": 0.02, "gps_distance_m": 6.2, "original_speed": "", "wheel_diameter_mm": 711, "braking_intensity": 0.0, "is_braking": false, "is_crash": false, "crash_intensity_g": 0.0, "segment_start_sample": 5303, "segment_end_sample": 5304, "time_str": ""}}, {"type": "Feature", "geometry": {"type": "LineString", "coordinates": [[4.9195999413126, 52.3696210001639], [4.91968253134015, 52.3695956164563]]}, "properties": {"Speed": 0.0, "Speed_display": 15.1, "road_quality": 2, "marker": 0, "trip_id": "602D3_Trip2", "hrot_diff": 0, "sample_diff": 1, "time_diff_s": 0.02, "gps_distance_m": 6.3, "original_speed": "", "wheel_diameter_mm": 711, "braking_intensity": 0.0, "is_braking": false, "is_crash": false, "crash_intensity_g": 0.0, "segment_start_sample": 5356, "segment_end_sample": 5357, "time_str": ""}}, {"type": "Feature", "geometry": {"type": "LineString", "coordinates": [[4.91968253134015, 52.3695956164563], [4.91975859719644, 52.3695709264834]]}, "properties": {"Speed": 0.0, "Speed_display": 15.1, "road_quality": 2, "marker": 0, "trip_id": "602D3_Trip2", "hrot_diff": 0, "sample_diff": 1, "time_diff_s": 0.02, "gps_distance_m": 5.8, "original_speed": "", "wheel_diameter_mm": 711, "braking_intensity": 0.0, "is_braking": false, "is_crash": false, "crash_intensity_g": 0.0, "segment_start_sample": 5400, "segment_end_sample": 5401, "time_str": ""}}, {"type": "Feature", "geometry": {"type": "LineString", "coordinates": [[4.91975859719644, 52.3695709264834], [4.9198395945577, 52.3695436091567]]}, "properties": {"Speed": 0.0, "Speed_display": 15.1, "road_quality": 2, "marker": 0, "trip_id": "602D3_Trip2", "hrot_diff": 0, "sample_diff": 1, "time_diff_s": 0.02, "gps_distance_m": 6.3, "original_speed": "", "wheel_diameter_mm": 711, "braking_intensity": 0.0, "is_braking": false, "is_crash": false, "crash_intensity_g": 0.0, "segment_start_sample": 5451, "segment_end_sample": 5452, "time_str": ""}}, {"type": "Feature", "geometry": {"type": "LineString", "coordinates": [[4.9198395945577, 52.3695436091567], [4.91992202255441, 52.3695159865942]]}, "properties": {"Speed": 0.0, "Speed_display": 15.1, "road_quality": 2, "marker": 0, "trip_id": "602D3_Trip2", "hrot_diff": 0, "sample_diff": 1, "time_diff_s": 0.02, "gps_distance_m": 6.4, "original_speed": "", "wheel_diameter_mm": 711, "braking_intensity": 0.0, "is_braking": false, "is_crash": false, "crash_intensity_g": 0.0, "segment_start_sample": 5505, "segment_end_sample": 5506, "time_str": ""}}, {"type": "Feature", "geometry": {"type": "LineString", "coordinates": [[4.91992202255441, 52.3695159865942], [4.91999980032594, 52.3694893135294]]}, "properties": {"Speed": 0.0, "Speed_display": 15.1, "road_quality": 2, "marker": 0, "trip_id": "602D3_Trip2", "hrot_diff": 0, "sample_diff": 1, "time_diff_s": 0.02, "gps_distance_m": 6.1, "original_speed": "", "wheel_diameter_mm": 711, "braking_intensity": 0.0, "is_braking": false, "is_crash": false, "crash_intensity_g": 0.0, "segment_start_sample": 5549, "segment_end_sample": 5550, "time_str": ""}}, {"type": "Feature", "geometry": {"type": "LineString", "coordinates": [[4.91999980032594, 52.3694893135294], [4.92008280238734, 52.3694637144896]]}, "properties": {"Speed": 0.0, "Speed_display": 15.1, "road_quality": 2, "marker": 0, "trip_id": "602D3_Trip2", "hrot_diff": 0, "sample_diff": 1, "time_diff_s": 0.02, "gps_distance_m": 6.3, "original_speed": "", "wheel_diameter_mm": 711, "braking_intensity": 0.0, "is_braking": false, "is_crash": false, "crash_intensity_g": 0.0, "segment_start_sample": 5602, "segment_end_sample": 5603, "time_str": ""}}, {"type": "Feature", "geometry": {"type": "LineString", "coordinates": [[4.92008280238734, 52.3694637144896], [4.92016000933933, 52.3694374668662]]}, "properties": {"Speed": 0.0, "Speed_display": 15.8, "road_quality": 2, "marker": 0, "trip_id": "602D3_Trip2", "hrot_diff": 0, "sample_diff": 1, "time_diff_s": 0.02, "gps_distance_m": 6.0, "original_speed": "", "wheel_diameter_mm": 711, "braking_intensity": 0.0, "is_braking": false, "is_crash": false, "crash_intensity_g": 0.0, "segment_start_sample": 5654, "segment_end_sample": 5655, "time_str": ""}}, {"type": "Feature", "geometry": {"type": "LineString", "coordinates": [[4.92016000933933, 52.3694374668662], [4.92023861172231, 52.3694088838732]]}, "properties": {"Speed": 0.0, "Speed_display": 15.8, "road_quality": 2, "marker": 0, "trip_id": "602D3_Trip2", "hrot_diff": 0, "sample_diff": 1, "time_diff_s": 0.02, "gps_distance_m": 6.2, "original_speed": "", "wheel_diameter_mm": 711, "braking_intensity": 0.0, "is_braking": false, "is_crash": false, "crash_intensity_g": 0.0, "segment_start_sample": 5699, "segment_end_sample": 5700, "time_str": ""}}, {"type": "Feature", "geometry": {"type": "LineString", "coordinates": [[4.92023861172231, 52.3694088838732], [4.92031772704788, 52.3693826064084]]}, "properties": {"Speed": 0.0, "Speed_display": 15.8, "road_quality": 2, "marker": 0, "trip_id": "602D3_Trip2", "hrot_diff": 0, "sample_diff": 1, "time_diff_s": 0.02, "gps_distance_m": 6.1, "original_speed": "", "wheel_diameter_mm": 711, "braking_intensity": 0.0, "is_braking": false, "is_crash": false, "crash_intensity_g": 0.0, "segment_start_sample": 5751, "segment_end_sample": 5752, "time_str": ""}}, {"type": "Feature", "geometry": {"type": "LineString", "coordinates": [[4.92031772704788, 52.3693826064084], [4.92039333569996, 52.3693560638211]]}, "properties": {"Speed": 0.0, "Speed_display": 15.8, "road_quality": 2, "marker": 0, "trip_id": "602D3_Trip2", "hrot_diff": 0, "sample_diff": 1, "time_diff_s": 0.02, "gps_distance_m": 5.9, "original_speed": "", "wheel_diameter_mm": 711, "braking_intensity": 0.0, "is_braking": false, "is_crash": false, "crash_intensity_g": 0.0, "segment_start_sample": 5805, "segment_end_sample": 5806, "time_str": ""}}, {"type": "Feature", "geometry": {"type": "LineString", "coordinates": [[4.92039333569996, 52.3693560638211], [4.92047587310797, 52.3693343340016]]}, "properties": {"Speed": 0.0, "Speed_display": 15.8, "road_quality": 2, "marker": 0, "trip_id": "602D3_Trip2", "hrot_diff": 0, "sample_diff": 1, "time_diff_s": 0.02, "gps_distance_m": 6.1, "original_speed": "", "wheel_diameter_mm": 711, "braking_intensity": 0.0, "is_braking": false, "is_crash": false, "crash_intensity_g": 0.0, "segment_start_sample": 5849, "segment_end_sample": 5850, "time_str": ""}}, {"type": "Feature", "geometry": {"type": "LineString", "coordinates": [[4.92047587310797, 52.3693343340016], [4.9205488575233, 52.3693043739674]]}, "properties": {"Speed": 0.0, "Speed_display": 15.8, "road_quality": 2, "marker": 0, "trip_id": "602D3_Trip2", "hrot_diff": 0, "sample_diff": 1, "time_diff_s": 0.02, "gps_distance_m": 6.0, "original_speed": "", "wheel_diameter_mm": 711, "braking_intensity": 0.0, "is_braking": false, "is_crash": false, "crash_intensity_g": 0.0, "segment_start_sample": 5902, "segment_end_sample": 5903, "time_str": ""}}, {"type": "Feature", "geometry": {"type": "LineString", "coordinates": [[4.9205488575233, 52.3693043739674], [4.92062678987655, 52.3692772572444]]}, "properties": {"Speed": 0.0, "Speed_display": 15.8, "road_quality": 2, "marker": 0, "trip_id": "602D3_Trip2", "hrot_diff": 0, "sample_diff": 1, "time_diff_s": 0.02, "gps_distance_m": 6.1, "original_speed": "", "wheel_diameter_mm": 711, "braking_intensity": 0.0, "is_braking": false, "is_crash": false, "crash_intensity_g": 0.0, "segment_start_sample": 5956, "segment_end_sample": 5957, "time_str": ""}}, {"type": "Feature", "geometry": {"type": "LineString", "coordinates": [[4.92062678987655, 52.3692772572444], [4.92070272901053, 52.3692502181004]]}, "properties": {"Speed": 0.0, "Speed_display": 15.8, "road_quality": 2, "marker": 0, "trip_id": "602D3_Trip2", "hrot_diff": 0, "sample_diff": 1, "time_diff_s": 0.02, "gps_distance_m": 6.0, "original_speed": "", "wheel_diameter_mm": 711, "braking_intensity": 0.0, "is_braking": false, "is_crash": false, "crash_intensity_g": 0.0, "segment_start_sample": 6002, "segment_end_sample": 6003, "time_str": ""}}, {"type": "Feature", "geometry": {"type": "LineString", "coordinates": [[4.92070272901053, 52.3692502181004], [4.9207821868313, 52.3692245074974]]}, "properties": {"Speed": 0.0, "Speed_display": 15.8, "road_quality": 2, "marker": 0, "trip_id": "602D3_Trip2", "hrot_diff": 0, "sample_diff": 1, "time_diff_s": 0.02, "gps_distance_m": 6.1, "original_speed": "", "wheel_diameter_mm": 711, "braking_intensity": 0.0, "is_braking": false, "is_crash": false, "crash_intensity_g": 0.0, "segment_start_sample": 6054, "segment_end_sample": 6055, "time_str": ""}}, {"type": "Feature", "geometry": {"type": "LineString", "coordinates": [[4.9207821868313, 52.3692245074974], [4.9208586823972, 52.3691999770098]]}, "properties": {"Speed": 0.0, "Speed_display": 15.8, "road_quality": 2, "marker": 0, "trip_id": "602D3_Trip2", "hrot_diff": 0, "sample_diff": 1, "time_diff_s": 0.02, "gps_distance_m": 5.9, "original_speed": "", "wheel_diameter_mm": 711, "braking_intensity": 0.0, "is_braking": false, "is_crash": false, "crash_intensity_g": 0.0, "segment_start_sample": 6100, "segment_end_sample": 6101, "time_str": ""}}, {"type": "Feature", "geometry": {"type": "LineString", "coordinates": [[4.9208586823972, 52.3691999770098], [4.92093384514699, 52.3691730786237]]}, "properties": {"Speed": 0.0, "Speed_display": 15.8, "road_quality": 2, "marker": 0, "trip_id": "602D3_Trip2", "hrot_diff": 0, "sample_diff": 1, "time_diff_s": 0.02, "gps_distance_m": 5.9, "original_speed": "", "wheel_diameter_mm": 711, "braking_intensity": 0.0, "is_braking": false, "is_crash": false, "crash_intensity_g": 0.0, "segment_start_sample": 6156, "segment_end_sample": 6157, "time_str": ""}}, {"type": "Feature", "geometry": {"type": "LineString", "coordinates": [[4.92093384514699, 52.3691730786237], [4.9210057986435, 52.3691423707646]]}, "properties": {"Speed": 0.0, "Speed_display": 15.1, "road_quality": 2, "marker": 0, "trip_id": "602D3_Trip2", "hrot_diff": 0, "sample_diff": 1, "time_diff_s": 0.02, "gps_distance_m": 6.0, "original_speed": "", "wheel_diameter_mm": 711, "braking_intensity": 0.0, "is_braking": false, "is_crash": false, "crash_intensity_g": 0.0, "segment_start_sample": 6201, "segment_end_sample": 6202, "time_str": ""}}, {"type": "Feature", "geometry": {"type": "LineString", "coordinates": [[4.9210057986435, 52.3691423707646], [4.92108617259495, 52.3691380889252]]}, "properties": {"Speed": 0.0, "Speed_display": 15.1, "road_quality": 2, "marker": 0, "trip_id": "602D3_Trip2", "hrot_diff": 0, "sample_diff": 1, "time_diff_s": 0.02, "gps_distance_m": 5.5, "original_speed": "", "wheel_diameter_mm": 711, "braking_intensity": 0.0, "is_braking": false, "is_crash": false, "crash_intensity_g": 0.0, "segment_start_sample": 6255, "segment_end_sample": 6256, "time_str": ""}}, {"type": "Feature", "geometry": {"type": "LineString", "coordinates": [[4.92108617259495, 52.3691380889252], [4.92116715431685, 52.3691158929656]]}, "properties": {"Speed": 0.0, "Speed_display": 15.1, "road_quality": 2, "marker": 0, "trip_id": "602D3_Trip2", "hrot_diff": 0, "sample_diff": 1, "time_diff_s": 0.02, "gps_distance_m": 6.0, "original_speed": "", "wheel_diameter_mm": 711, "braking_intensity": 0.0, "is_braking": false, "is_crash": false, "crash_intensity_g": 0.0, "segment_start_sample": 6302, "segment_end_sample": 6303, "time_str": ""}}, {"type": "Feature", "geometry": {"type": "LineString", "coordinates": [[4.92116715431685, 52.3691158929656], [4.92124461063903, 52.3690939668178]]}, "properties": {"Speed": 0.0, "Speed_display": 15.1, "road_quality": 2, "marker": 0, "trip_id": "602D3_Trip2", "hrot_diff": 0, "sample_diff": 1, "time_diff_s": 0.02, "gps_distance_m": 5.8, "original_speed": "", "wheel_diameter_mm": 711, "braking_intensity": 0.0, "is_braking": false, "is_crash": false, "crash_intensity_g": 0.0, "segment_start_sample": 6348, "segment_end_sample": 6349, "time_str": ""}}, {"type": "Feature", "geometry": {"type": "LineString", "coordinates": [[4.92124461063903, 52.3690939668178], [4.92131384862493, 52.3690719034702]]}, "properties": {"Speed": 0.0, "Speed_display": 15.1, "road_quality": 2, "marker": 0, "trip_id": "602D3_Trip2", "hrot_diff": 0, "sample_diff": 1, "time_diff_s": 0.02, "gps_distance_m": 5.3, "original_speed": "", "wheel_diameter_mm": 711, "braking_intensity": 0.0, "is_braking": false, "is_crash": false, "crash_intensity_g": 0.0, "segment_start_sample": 6403, "segment_end_sample": 6404, "time_str": ""}}, {"type": "Feature", "geometry": {"type": "LineString", "coordinates": [[4.92131384862493, 52.3690719034702], [4.92134257226943, 52.3690712720777]]}, "properties": {"Speed": 0.0, "Speed_display": 5.0, "road_quality": 2, "marker": 0, "trip_id": "602D3_Trip2", "hrot_diff": 0, "sample_diff": 1, "time_diff_s": 0.02, "gps_distance_m": 2.0, "original_speed": "", "wheel_diameter_mm": 711, "braking_intensity": 0.0, "is_braking": false, "is_crash": false, "crash_intensity_g": 0.0, "segment_start_sample": 6448, "segment_end_sample": 6449, "time_str": ""}}, {"type": "Feature", "geometry": {"type": "LineString", "coordinates": [[4.92134257226943, 52.3690712720777], [4.92137818508278, 52.3690573622461]]}, "properties": {"Speed": 0.0, "Speed_display": 5.0, "road_quality": 2, "marker": 0, "trip_id": "602D3_Trip2", "hrot_diff": 0, "sample_diff": 1, "time_diff_s": 0.02, "gps_distance_m": 2.9, "original_speed": "", "wheel_diameter_mm": 711, "braking_intensity": 0.0, "is_braking": false, "is_crash": false, "crash_intensity_g": 0.0, "segment_start_sample": 6504, "segment_end_sample": 6505, "time_str": ""}}, {"type": "Feature", "geometry": {"type": "LineString", "coordinates": [[4.92137818508278, 52.3690573622461], [4.92154379447263, 52.368970207805]]}, "properties": {"Speed": 0.0, "Speed_display": 15.1, "road_quality": 2, "marker": 0, "trip_id": "602D3_Trip2", "hrot_diff": 0, "sample_diff": 1, "time_diff_s": 0.02, "gps_distance_m": 14.8, "original_speed": "", "wheel_diameter_mm": 711, "braking_intensity": 0.0, "is_braking": false, "is_crash": false, "crash_intensity_g": 0.0, "segment_start_sample": 6551, "segment_end_sample": 6552, "time_str": ""}}, {"type": "Feature", "geometry": {"type": "LineString", "coordinates": [[4.92154379447263, 52.368970207805], [4.92161720245296, 52.3689460942127]]}, "properties": {"Speed": 0.0, "Speed_display": 15.1, "road_quality": 2, "marker": 0, "trip_id": "602D3_Trip2", "hrot_diff": 0, "sample_diff": 1, "time_diff_s": 0.02, "gps_distance_m": 5.7, "original_speed": "", "wheel_diameter_mm": 711, "braking_intensity": 0.0, "is_braking": false, "is_crash": false, "crash_intensity_g": 0.0, "segment_start_sample": 6598, "segment_end_sample": 6599, "time_str": ""}}, {"type": "Feature", "geometry": {"type": "LineString", "coordinates": [[4.92161720245296, 52.3689460942127], [4.92158293133785, 52.3688125346584]]}, "properties": {"Speed": 0.0, "Speed_display": 14.4, "road_quality": 2, "marker": 0, "trip_id": "602D3_Trip2", "hrot_diff": 0, "sample_diff": 1, "time_diff_s": 0.02, "gps_distance_m": 15.0, "original_speed": "", "wheel_diameter_mm": 711, "braking_intensity": 0.0, "is_braking": false, "is_crash": false, "crash_intensity_g": 0.0, "segment_start_sample": 6654, "segment_end_sample": 6655, "time_str": ""}}, {"type": "Feature", "geometry": {"type": "LineString", "coordinates": [[4.92158293133785, 52.3688125346584], [4.9217593799829, 52.3689010791147]]}, "properties": {"Speed": 0.0, "Speed_display": 14.4, "road_quality": 2, "marker": 0, "trip_id": "602D3_Trip2", "hrot_diff": 0, "sample_diff": 1, "time_diff_s": 0.02, "gps_distance_m": 15.5, "original_speed": "", "wheel_diameter_mm": 711, "braking_intensity": 0.0, "is_braking": false, "is_crash": false, "crash_intensity_g": 0.0, "segment_start_sample": 6701, "segment_end_sample": 6702, "time_str": ""}}, {"type": "Feature", "geometry": {"type": "LineString", "coordinates": [[4.9217593799829, 52.3689010791147], [4.92182412231815, 52.3688770076218]]}, "properties": {"Speed": 0.0, "Speed_display": 14.4, "road_quality": 2, "marker": 0, "trip_id": "602D3_Trip2", "hrot_diff": 0, "sample_diff": 1, "time_diff_s": 0.02, "gps_distance_m": 5.1, "original_speed": "", "wheel_diameter_mm": 711, "braking_intensity": 0.0, "is_braking": false, "is_crash": false, "crash_intensity_g": 0.0, "segment_start_sample": 6748, "segment_end_sample": 6749, "time_str": ""}}, {"type": "Feature", "geometry": {"type": "LineString", "coordinates": [[4.92182412231815, 52.3688770076218], [4.92189714112625, 52.3688529956116]]}, "properties": {"Speed": 0.0, "Speed_display": 14.4, "road_quality": 2, "marker": 0, "trip_id": "602D3_Trip2", "hrot_diff": 0, "sample_diff": 1, "time_diff_s": 0.02, "gps_distance_m": 5.6, "original_speed": "", "wheel_diameter_mm": 711, "braking_intensity": 0.0, "is_braking": false, "is_crash": false, "crash_intensity_g": 0.0, "segment_start_sample": 6805, "segment_end_sample": 6806, "time_str": ""}}, {"type": "Feature", "geometry": {"type": "LineString", "coordinates": [[4.92189714112625, 52.3688529956116], [4.92197784947823, 52.3688270881824]]}, "properties": {"Speed": 0.0, "Speed_display": 14.4, "road_quality": 2, "marker": 0, "trip_id": "602D3_Trip2", "hrot_diff": 0, "sample_diff": 1, "time_diff_s": 0.02, "gps_distance_m": 6.2, "original_speed": "", "wheel_diameter_mm": 711, "braking_intensity": 0.0, "is_braking": false, "is_crash": false, "crash_intensity_g": 0.0, "segment_start_sample": 6850, "segment_end_sample": 6851, "time_str": ""}}, {"type": "Feature", "geometry": {"type": "LineString", "coordinates": [[4.92197784947823, 52.3688270881824], [4.92205472627989, 52.3687996911413]]}, "properties": {"Speed": 0.0, "Speed_display": 14.4, "road_quality": 2, "marker": 0, "trip_id": "602D3_Trip2", "hrot_diff": 0, "sample_diff": 1, "time_diff_s": 0.02, "gps_distance_m": 6.0, "original_speed": "", "wheel_diameter_mm": 711, "braking_intensity": 0.0, "is_braking": false, "is_crash": false, "crash_intensity_g": 0.0, "segment_start_sample": 6906, "segment_end_sample": 6907, "time_str": ""}}, {"type": "Feature", "geometry": {"type": "LineString", "coordinates": [[4.92205472627989, 52.3687996911413], [4.92212214767005, 52.3687716866562]]}, "properties": {"Speed": 0.0, "Speed_display": 14.4, "road_quality": 2, "marker": 0, "trip_id": "602D3_Trip2", "hrot_diff": 0, "sample_diff": 1, "time_diff_s": 0.02, "gps_distance_m": 5.5, "original_speed": "", "wheel_diameter_mm": 711, "braking_intensity": 0.0, "is_braking": false, "is_crash": false, "crash_intensity_g": 0.0, "segment_start_sample": 6951, "segment_end_sample": 6952, "time_str": ""}}, {"type": "Feature", "geometry": {"type": "LineString", "coordinates": [[4.92212214767005, 52.3687716866562], [4.92219628299122, 52.3687437737073]]}, "properties": {"Speed": 0.0, "Speed_display": 14.4, "road_quality": 2, "marker": 0, "trip_id": "602D3_Trip2", "hrot_diff": 0, "sample_diff": 1, "time_diff_s": 0.02, "gps_distance_m": 5.9, "original_speed": "", "wheel_diameter_mm": 711, "braking_intensity": 0.0, "is_braking": false, "is_crash": false, "crash_intensity_g": 0.0, "segment_start_sample": 7006, "segment_end_sample": 7007, "time_str": ""}}, {"type": "Feature", "geometry": {"type": "LineString", "coordinates": [[4.92219628299122, 52.3687437737073], [4.92227116101274, 52.3687163379364]]}, "properties": {"Speed": 0.0, "Speed_display": 15.1, "road_quality": 2, "marker": 0, "trip_id": "602D3_Trip2", "hrot_diff": 0, "sample_diff": 1, "time_diff_s": 0.02, "gps_distance_m": 5.9, "original_speed": "", "wheel_diameter_mm": 711, "braking_intensity": 0.0, "is_braking": false, "is_crash": false, "crash_intensity_g": 0.0, "segment_start_sample": 7051, "segment_end_sample": 7052, "time_str": ""}}, {"type": "Feature", "geometry": {"type": "LineString", "coordinates": [[4.92227116101274, 52.3687163379364], [4.92234425113202, 52.3686854542123]]}, "properties": {"Speed": 0.0, "Speed_display": 15.1, "road_quality": 2, "marker": 0, "trip_id": "602D3_Trip2", "hrot_diff": 0, "sample_diff": 1, "time_diff_s": 0.02, "gps_distance_m": 6.0, "original_speed": "", "wheel_diameter_mm": 711, "braking_intensity": 0.0, "is_braking": false, "is_crash": false, "crash_intensity_g": 0.0, "segment_start_sample": 7105, "segment_end_sample": 7106, "time_str": ""}}, {"type": "Feature", "geometry": {"type": "LineString", "coordinates": [[4.92234425113202, 52.3686854542123], [4.92233184143524, 52.3685637572886]]}, "properties": {"Speed": 0.0, "Speed_display": 15.1, "road_quality": 2, "marker": 0, "trip_id": "602D3_Trip2", "hrot_diff": 0, "sample_diff": 1, "time_diff_s": 0.02, "gps_distance_m": 13.6, "original_speed": "", "wheel_diameter_mm": 711, "braking_intensity": 0.0, "is_braking": false, "is_crash": false, "crash_intensity_g": 0.0, "segment_start_sample": 7151, "segment_end_sample": 7152, "time_str": ""}}, {"type": "Feature", "geometry": {"type": "LineString", "coordinates": [[4.92233184143524, 52.3685637572886], [4.92250431956028, 52.3686403566734]]}, "properties": {"Speed": 0.0, "Speed_display": 15.1, "road_quality": 2, "marker": 0, "trip_id": "602D3_Trip2", "hrot_diff": 0, "sample_diff": 1, "time_diff_s": 0.02, "gps_distance_m": 14.5, "original_speed": "", "wheel_diameter_mm": 711, "braking_intensity": 0.0, "is_braking": false, "is_crash": false, "crash_intensity_g": 0.0, "segment_start_sample": 7204, "segment_end_sample": 7205, "time_str": ""}}, {"type": "Feature", "geometry": {"type": "LineString", "coordinates": [[4.92250431956028, 52.3686403566734], [4.9225844077246, 52.3686152998751]]}, "properties": {"Speed": 0.0, "Speed_display": 15.1, "road_quality": 2, "marker": 0, "trip_id": "602D3_Trip2", "hrot_diff": 0, "sample_diff": 1, "time_diff_s": 0.02, "gps_distance_m": 6.1, "original_speed": "", "wheel_diameter_mm": 711, "braking_intensity": 0.0, "is_braking": false, "is_crash": false, "crash_intensity_g": 0.0, "segment_start_sample": 7256, "segment_end_sample": 7257, "time_str": ""}}, {"type": "Feature", "geometry": {"type": "LineString", "coordinates": [[4.9225844077246, 52.3686152998751], [4.92266980511495, 52.3685865851302]]}, "properties": {"Speed": 0.0, "Speed_display": 15.8, "road_quality": 2, "marker": 0, "trip_id": "602D3_Trip2", "hrot_diff": 0, "sample_diff": 1, "time_diff_s": 0.02, "gps_distance_m": 6.6, "original_speed": "", "wheel_diameter_mm": 711, "braking_intensity": 0.0, "is_braking": false, "is_crash": false, "crash_intensity_g": 0.0, "segment_start_sample": 7299, "segment_end_sample": 7300, "time_str": ""}}, {"type": "Feature", "geometry": {"type": "LineString", "coordinates": [[4.92266980511495, 52.3685865851302], [4.92274915918814, 52.3685573228714]]}, "properties": {"Speed": 0.0, "Speed_display": 15.8, "road_quality": 2, "marker": 0, "trip_id": "602D3_Trip2", "hrot_diff": 0, "sample_diff": 1, "time_diff_s": 0.02, "gps_distance_m": 6.3, "original_speed": "", "wheel_diameter_mm": 711, "braking_intensity": 0.0, "is_braking": false, "is_crash": false, "crash_intensity_g": 0.0, "segment_start_sample": 7352, "segment_end_sample": 7353, "time_str": ""}}, {"type": "Feature", "geometry": {"type": "LineString", "coordinates": [[4.92274915918814, 52.3685573228714], [4.92282804117023, 52.3685308674903]]}, "properties": {"Speed": 0.0, "Speed_display": 15.8, "road_quality": 2, "marker": 0, "trip_id": "602D3_Trip2", "hrot_diff": 0, "sample_diff": 1, "time_diff_s": 0.02, "gps_distance_m": 6.1, "original_speed": "", "wheel_diameter_mm": 711, "braking_intensity": 0.0, "is_braking": false, "is_crash": false, "crash_intensity_g": 0.0, "segment_start_sample": 7405, "segment_end_sample": 7406, "time_str": ""}}, {"type": "Feature", "geometry": {"type": "LineString", "coordinates": [[4.92282804117023, 52.3685308674903], [4.92290735568433, 52.3685073194407]]}, "properties": {"Speed": 0.0, "Speed_display": 15.8, "road_quality": 2, "marker": 0, "trip_id": "602D3_Trip2", "hrot_diff": 0, "sample_diff": 1, "time_diff_s": 0.02, "gps_distance_m": 6.0, "original_speed": "", "wheel_diameter_mm": 711, "braking_intensity": 0.0, "is_braking": false, "is_crash": false, "crash_intensity_g": 0.0, "segment_start_sample": 7456, "segment_end_sample": 7457, "time_str": ""}}, {"type": "Feature", "geometry": {"type": "LineString", "coordinates": [[4.92290735568433, 52.3685073194407], [4.92298775541729, 52.3684796338701]]}, "properties": {"Speed": 0.0, "Speed_display": 15.8, "road_quality": 2, "marker": 0, "trip_id": "602D3_Trip2", "hrot_diff": 0, "sample_diff": 1, "time_diff_s": 0.02, "gps_distance_m": 6.3, "original_speed": "", "wheel_diameter_mm": 711, "braking_intensity": 0.0, "is_braking": false, "is_crash": false, "crash_intensity_g": 0.0, "segment_start_sample": 7499, "segment_end_sample": 7500, "time_str": ""}}, {"type": "Feature", "geometry": {"type": "LineString", "coordinates": [[4.92298775541729, 52.3684796338701], [4.92306674319086, 52.3684489939059]]}, "properties": {"Speed": 0.0, "Speed_display": 15.8, "road_quality": 2, "marker": 0, "trip_id": "602D3_Trip2", "hrot_diff": 0, "sample_diff": 1, "time_diff_s": 0.02, "gps_distance_m": 6.4, "original_speed": "", "wheel_diameter_mm": 711, "braking_intensity": 0.0, "is_braking": false, "is_crash": false, "crash_intensity_g": 0.0, "segment_start_sample": 7550, "segment_end_sample": 7551, "time_str": ""}}, {"type": "Feature", "geometry": {"type": "LineString", "coordinates": [[4.92306674319086, 52.3684489939059], [4.92316136051165, 52.3684497333572]]}, "properties": {"Speed": 0.0, "Speed_display": 16.6, "road_quality": 2, "marker": 0, "trip_id": "602D3_Trip2", "hrot_diff": 0, "sample_diff": 1, "time_diff_s": 0.02, "gps_distance_m": 6.4, "original_speed": "", "wheel_diameter_mm": 711, "braking_intensity": 0.0, "is_braking": false, "is_crash": false, "crash_intensity_g": 0.0, "segment_start_sample": 7601, "segment_end_sample": 7602, "time_str": ""}}, {"type": "Feature", "geometry": {"type": "LineString", "coordinates": [[4.92316136051165, 52.3684497333572], [4.92311717546644, 52.36829372665]]}, "properties": {"Speed": 0.0, "Speed_display": 15.8, "road_quality": 2, "marker": 0, "trip_id": "602D3_Trip2", "hrot_diff": 0, "sample_diff": 1, "time_diff_s": 0.02, "gps_distance_m": 17.6, "original_speed": "", "wheel_diameter_mm": 711, "braking_intensity": 0.0, "is_braking": false, "is_crash": false, "crash_intensity_g": 0.0, "segment_start_sample": 7652, "segment_end_sample": 7653, "time_str": ""}}, {"type": "Feature", "geometry": {"type": "LineString", "coordinates": [[4.92311717546644, 52.36829372665], [4.92320143878874, 52.3682647054449]]}, "properties": {"Speed": 0.0, "Speed_display": 16.6, "road_quality": 3, "marker": 0, "trip_id": "602D3_Trip2", "hrot_diff": 0, "sample_diff": 1, "time_diff_s": 0.02, "gps_distance_m": 6.6, "original_speed": "", "wheel_diameter_mm": 711, "braking_intensity": 0.0, "is_braking": false, "is_crash": false, "crash_intensity_g": 0.0, "segment_start_sample": 7705, "segment_end_sample": 7706, "time_str": ""}}, {"type": "Feature", "geometry": {"type": "LineString", "coordinates": [[4.92320143878874, 52.3682647054449], [4.92327763475632, 52.3682384627256]]}, "properties": {"Speed": 0.0, "Speed_display": 15.8, "road_quality": 3, "marker": 0, "trip_id": "602D3_Trip2", "hrot_diff": 0, "sample_diff": 1, "time_diff_s": 0.02, "gps_distance_m": 5.9, "original_speed": "", "wheel_diameter_mm": 711, "braking_intensity": 0.0, "is_braking": false, "is_crash": false, "crash_intensity_g": 0.0, "segment_start_sample": 7750, "segment_end_sample": 7751, "time_str": ""}}, {"type": "Feature", "geometry": {"type": "LineString", "coordinates": [[4.92327763475632, 52.3682384627256], [4.92335264019807, 52.368212630035]]}, "properties": {"Speed": 0.0, "Speed_display": 15.1, "road_quality": 2, "marker": 0, "trip_id": "602D3_Trip2", "hrot_diff": 0, "sample_diff": 1, "time_diff_s": 0.02, "gps_distance_m": 5.8, "original_speed": "", "wheel_diameter_mm": 711, "braking_intensity": 0.0, "is_braking": false, "is_crash": false, "crash_intensity_g": 0.0, "segment_start_sample": 7803, "segment_end_sample": 7804, "time_str": ""}}, {"type": "Feature", "geometry": {"type": "LineString", "coordinates": [[4.92335264019807, 52.368212630035], [4.92342772473284, 52.3681867701045]]}, "properties": {"Speed": 0.0, "Speed_display": 15.1, "road_quality": 2, "marker": 0, "trip_id": "602D3_Trip2", "hrot_diff": 0, "sample_diff": 1, "time_diff_s": 0.02, "gps_distance_m": 5.9, "original_speed": "", "wheel_diameter_mm": 711, "braking_intensity": 0.0, "is_braking": false, "is_crash": false, "crash_intensity_g": 0.0, "segment_start_sample": 7848, "segment_end_sample": 7849, "time_str": ""}}, {"type": "Feature", "geometry": {"type": "LineString", "coordinates": [[4.92342772473284, 52.3681867701045], [4.92350204271052, 52.3681611832511]]}, "properties": {"Speed": 0.0, "Speed_display": 15.1, "road_quality": 2, "marker": 0, "trip_id": "602D3_Trip2", "hrot_diff": 0, "sample_diff": 1, "time_diff_s": 0.02, "gps_distance_m": 5.8, "original_speed": "", "wheel_diameter_mm": 711, "braking_intensity": 0.0, "is_braking": false, "is_crash": false, "crash_intensity_g": 0.0, "segment_start_sample": 7903, "segment_end_sample": 7904, "time_str": ""}}, {"type": "Feature", "geometry": {"type": "LineString", "coordinates": [[4.92350204271052, 52.3681611832511], [4.92357518041798, 52.3681360900332]]}, "properties": {"Speed": 0.0, "Speed_display": 15.1, "road_quality": 2, "marker": 0, "trip_id": "602D3_Trip2", "hrot_diff": 0, "sample_diff": 1, "time_diff_s": 0.02, "gps_distance_m": 5.7, "original_speed": "", "wheel_diameter_mm": 711, "braking_intensity": 0.0, "is_braking": false, "is_crash": false, "crash_intensity_g": 0.0, "segment_start_sample": 7949, "segment_end_sample": 7950, "time_str": ""}}, {"type": "Feature", "geometry": {"type": "LineString", "coordinates": [[4.92357518041798, 52.3681360900332], [4.9236492385591, 52.3681106810197]]}, "properties": {"Speed": 0.0, "Speed_display": 15.1, "road_quality": 2, "marker": 0, "trip_id": "602D3_Trip2", "hrot_diff": 0, "sample_diff": 1, "time_diff_s": 0.02, "gps_distance_m": 5.8, "original_speed": "", "wheel_diameter_mm": 711, "braking_intensity": 0.0, "is_braking": false, "is_crash": false, "crash_intensity_g": 0.0, "segment_start_sample": 8004, "segment_end_sample": 8005, "time_str": ""}}, {"type": "Feature", "geometry": {"type": "LineString", "coordinates": [[4.9236492385591, 52.3681106810197], [4.92372843274015, 52.3680835098533]]}, "properties": {"Speed": 0.0, "Speed_display": 15.8, "road_quality": 2, "marker": 0, "trip_id": "602D3_Trip2", "hrot_diff": 0, "sample_diff": 1, "time_diff_s": 0.02, "gps_distance_m": 6.2, "original_speed": "", "wheel_diameter_mm": 711, "braking_intensity": 0.0, "is_braking": false, "is_crash": false, "crash_intensity_g": 0.0, "segment_start_sample": 8050, "segment_end_sample": 8051, "time_str": ""}}, {"type": "Feature", "geometry": {"type": "LineString", "coordinates": [[4.92372843274015, 52.3680835098533], [4.92376763833461, 52.3680700585901]]}, "properties": {"Speed": 0.0, "Speed_display": 8.6, "road_quality": 2, "marker": 0, "trip_id": "602D3_Trip2", "hrot_diff": 0, "sample_diff": 1, "time_diff_s": 0.02, "gps_distance_m": 3.1, "original_speed": "", "wheel_diameter_mm": 711, "braking_intensity": 0.0, "is_braking": false, "is_crash": false, "crash_intensity_g": 0.0, "segment_start_sample": 8106, "segment_end_sample": 8107, "time_str": ""}}, {"type": "Feature", "geometry": {"type": "LineString", "coordinates": [[4.92376763833461, 52.3680700585901], [4.9238683131123, 52.3680355175281]]}, "properties": {"Speed": 0.0, "Speed_display": 15.1, "road_quality": 2, "marker": 0, "trip_id": "602D3_Trip2", "hrot_diff": 0, "sample_diff": 1, "time_diff_s": 0.02, "gps_distance_m": 7.8, "original_speed": "", "wheel_diameter_mm": 711, "braking_intensity": 0.0, "is_braking": false, "is_crash": false, "crash_intensity_g": 0.0, "segment_start_sample": 8152, "segment_end_sample": 8153, "time_str": ""}}, {"type": "Feature", "geometry": {"type": "LineString", "coordinates": [[4.9238683131123, 52.3680355175281], [4.92394942283493, 52.3680076891481]]}, "properties": {"Speed": 0.0, "Speed_display": 15.8, "road_quality": 2, "marker": 0, "trip_id": "602D3_Trip2", "hrot_diff": 0, "sample_diff": 1, "time_diff_s": 0.02, "gps_distance_m": 6.3, "original_speed": "", "wheel_diameter_mm": 711, "braking_intensity": 0.0, "is_braking": false, "is_crash": false, "crash_intensity_g": 0.0, "segment_start_sample": 8200, "segment_end_sample": 8201, "time_str": ""}}, {"type": "Feature", "geometry": {"type": "LineString", "coordinates": [[4.92394942283493, 52.3680076891481], [4.92402009789583, 52.3679834408532]]}, "properties": {"Speed": 0.0, "Speed_display": 15.1, "road_quality": 2, "marker": 0, "trip_id": "602D3_Trip2", "hrot_diff": 0, "sample_diff": 1, "time_diff_s": 0.02, "gps_distance_m": 5.5, "original_speed": "", "wheel_diameter_mm": 711, "braking_intensity": 0.0, "is_braking": false, "is_crash": false, "crash_intensity_g": 0.0, "segment_start_sample": 8257, "segment_end_sample": 8258, "time_str": ""}}, {"type": "Feature", "geometry": {"type": "LineString", "coordinates": [[4.92402009789583, 52.3679834408532], [4.9240844962732, 52.3679611154524]]}, "properties": {"Speed": 0.0, "Speed_display": 14.4, "road_quality": 2, "marker": 0, "trip_id": "602D3_Trip2", "hrot_diff": 0, "sample_diff": 1, "time_diff_s": 0.02, "gps_distance_m": 5.0, "original_speed": "", "wheel_diameter_mm": 711, "braking_intensity": 0.0, "is_braking": false, "is_crash": false, "crash_intensity_g": 0.0, "segment_start_sample": 8306, "segment_end_sample": 8307, "time_str": ""}}, {"type": "Feature", "geometry": {"type": "LineString", "coordinates": [[4.9240844962732, 52.3679611154524], [4.92413047975324, 52.3679449291471]]}, "properties": {"Speed": 0.0, "Speed_display": 9.4, "road_quality": 2, "marker": 0, "trip_id": "602D3_Trip2", "hrot_diff": 0, "sample_diff": 1, "time_diff_s": 0.02, "gps_distance_m": 3.6, "original_speed": "", "wheel_diameter_mm": 711, "braking_intensity": 0.0, "is_braking": false, "is_crash": false, "crash_intensity_g": 0.0, "segment_start_sample": 8355, "segment_end_sample": 8356, "time_str": ""}}, {"type": "Feature", "geometry": {"type": "LineString", "coordinates": [[4.92413047975324, 52.3679449291471], [4.92418233495916, 52.3679266759797]]}, "properties": {"Speed": 0.0, "Speed_display": 7.9, "road_quality": 2, "marker": 0, "trip_id": "602D3_Trip2", "hrot_diff": 0, "sample_diff": 1, "time_diff_s": 0.02, "gps_distance_m": 4.1, "original_speed": "", "wheel_diameter_mm": 711, "braking_intensity": 0.0, "is_braking": false, "is_crash": false, "crash_intensity_g": 0.0, "segment_start_sample": 8405, "segment_end_sample": 8406, "time_str": ""}}, {"type": "Feature", "geometry": {"type": "LineString", "coordinates": [[4.92418233495916, 52.3679266759797], [4.92424948967959, 52.3679030373431]]}, "properties": {"Speed": 0.0, "Speed_display": 9.4, "road_quality": 2, "marker": 0, "trip_id": "602D3_Trip2", "hrot_diff": 0, "sample_diff": 1, "time_diff_s": 0.02, "gps_distance_m": 5.3, "original_speed": "", "wheel_diameter_mm": 711, "braking_intensity": 0.0, "is_braking": false, "is_crash": false, "crash_intensity_g": 0.0, "segment_start_sample": 8452, "segment_end_sample": 8453, "time_str": ""}}, {"type": "Feature", "geometry": {"type": "LineString", "coordinates": [[4.92424948967959, 52.3679030373431], [4.9243180330451, 52.3678789098995]]}, "properties": {"Speed": 0.0, "Speed_display": 9.4, "road_quality": 2, "marker": 0, "trip_id": "602D3_Trip2", "hrot_diff": 0, "sample_diff": 1, "time_diff_s": 0.02, "gps_distance_m": 5.4, "original_speed": "", "wheel_diameter_mm": 711, "braking_intensity": 0.0, "is_braking": false, "is_crash": false, "crash_intensity_g": 0.0, "segment_start_sample": 8500, "segment_end_sample": 8501, "time_str": ""}}, {"type": "Feature", "geometry": {"type": "LineString", "coordinates": [[4.9243180330451, 52.3678789098995], [4.92438719191237, 52.367854486381]]}, "properties": {"Speed": 0.0, "Speed_display": 8.6, "road_quality": 2, "marker": 0, "trip_id": "602D3_Trip2", "hrot_diff": 0, "sample_diff": 1, "time_diff_s": 0.02, "gps_distance_m": 5.4, "original_speed": "", "wheel_diameter_mm": 711, "braking_intensity": 0.0, "is_braking": false, "is_crash": false, "crash_intensity_g": 0.0, "segment_start_sample": 8549, "segment_end_sample": 8550, "time_str": ""}}, {"type": "Feature", "geometry": {"type": "LineString", "coordinates": [[4.92438719191237, 52.367854486381], [4.92445984172665, 52.3678286437789]]}, "properties": {"Speed": 0.0, "Speed_display": 9.4, "road_quality": 2, "marker": 0, "trip_id": "602D3_Trip2", "hrot_diff": 0, "sample_diff": 1, "time_diff_s": 0.02, "gps_distance_m": 5.7, "original_speed": "", "wheel_diameter_mm": 711, "braking_intensity": 0.0, "is_braking": false, "is_crash": false, "crash_intensity_g": 0.0, "segment_start_sample": 8598, "segment_end_sample": 8599, "time_str": ""}}, {"type": "Feature", "geometry": {"type": "LineString", "coordinates": [[4.92445984172665, 52.3678286437789], [4.92452774466861, 52.3678044897093]]}, "properties": {"Speed": 0.0, "Speed_display": 8.6, "road_quality": 2, "marker": 0, "trip_id": "602D3_Trip2", "hrot_diff": 0, "sample_diff": 1, "time_diff_s": 0.02, "gps_distance_m": 5.3, "original_speed": "", "wheel_diameter_mm": 711, "braking_intensity": 0.0, "is_braking": false, "is_crash": false, "crash_intensity_g": 0.0, "segment_start_sample": 8648, "segment_end_sample": 8649, "time_str": ""}}, {"type": "Feature", "geometry": {"type": "LineString", "coordinates": [[4.92452774466861, 52.3678044897093], [4.9245957150408, 52.3677803116527]]}, "properties": {"Speed": 0.0, "Speed_display": 8.6, "road_quality": 2, "marker": 0, "trip_id": "602D3_Trip2", "hrot_diff": 0, "sample_diff": 1, "time_diff_s": 0.02, "gps_distance_m": 5.3, "original_speed": "", "wheel_diameter_mm": 711, "braking_intensity": 0.0, "is_braking": false, "is_crash": false, "crash_intensity_g": 0.0, "segment_start_sample": 8698, "segment_end_sample": 8699, "time_str": ""}}, {"type": "Feature", "geometry": {"type": "LineString", "coordinates": [[4.9245957150408, 52.3677803116527], [4.92465523275086, 52.3677591403327]]}, "properties": {"Speed": 0.0, "Speed_display": 7.9, "road_quality": 2, "marker": 0, "trip_id": "602D3_Trip2", "hrot_diff": 0, "sample_diff": 1, "time_diff_s": 0.02, "gps_distance_m": 4.7, "original_speed": "", "wheel_diameter_mm": 711, "braking_intensity": 0.0, "is_braking": false, "is_crash": false, "crash_intensity_g": 0.0, "segment_start_sample": 8754, "segment_end_sample": 8755, "time_str": ""}}, {"type": "Feature", "geometry": {"type": "LineString", "coordinates": [[4.92465523275086, 52.3677591403327], [4.92473576334395, 52.367730494421]]}, "properties": {"Speed": 0.0, "Speed_display": 10.1, "road_quality": 2, "marker": 0, "trip_id": "602D3_Trip2", "hrot_diff": 0, "sample_diff": 1, "time_diff_s": 0.02, "gps_distance_m": 6.3, "original_speed": "", "wheel_diameter_mm": 711, "braking_intensity": 0.0, "is_braking": false, "is_crash": false, "crash_intensity_g": 0.0, "segment_start_sample": 8801, "segment_end_sample": 8802, "time_str": ""}}, {"type": "Feature", "geometry": {"type": "LineString", "coordinates": [[4.92473576334395, 52.367730494421], [4.924812275827, 52.3677031316914]]}, "properties": {"Speed": 0.0, "Speed_display": 10.1, "road_quality": 2, "marker": 0, "trip_id": "602D3_Trip2", "hrot_diff": 0, "sample_diff": 1, "time_diff_s": 0.02, "gps_distance_m": 6.0, "original_speed": "", "wheel_diameter_mm": 711, "braking_intensity": 0.0, "is_braking": false, "is_crash": false, "crash_intensity_g": 0.0, "segment_start_sample": 8854, "segment_end_sample": 8855, "time_str": ""}}, {"type": "Feature", "geometry": {"type": "LineString", "coordinates": [[4.924812275827, 52.3677031316914], [4.92488152945105, 52.3676782523001]]}, "properties": {"Speed": 0.0, "Speed_display": 9.4, "road_quality": 2, "marker": 0, "trip_id": "602D3_Trip2", "hrot_diff": 0, "sample_diff": 1, "time_diff_s": 0.02, "gps_distance_m": 5.5, "original_speed": "", "wheel_diameter_mm": 711, "braking_intensity": 0.0, "is_braking": false, "is_crash": false, "crash_intensity_g": 0.0, "segment_start_sample": 8899, "segment_end_sample": 8900, "time_str": ""}}, {"type": "Feature", "geometry": {"type": "LineString", "coordinates": [[4.92488152945105, 52.3676782523001], [4.92495125410787, 52.3676532036879]]}, "properties": {"Speed": 0.0, "Speed_display": 8.6, "road_quality": 2, "marker": 0, "trip_id": "602D3_Trip2", "hrot_diff": 0, "sample_diff": 1, "time_diff_s": 0.02, "gps_distance_m": 5.5, "original_speed": "", "wheel_diameter_mm": 711, "braking_intensity": 0.0, "is_braking": false, "is_crash": false, "crash_intensity_g": 0.0, "segment_start_sample": 8953, "segment_end_sample": 8954, "time_str": ""}}, {"type": "Feature", "geometry": {"type": "LineString", "coordinates": [[4.92495125410787, 52.3676532036879], [4.92499843059901, 52.3676362555161]]}, "properties": {"Speed": 0.0, "Speed_display": 6.5, "road_quality": 2, "marker": 0, "trip_id": "602D3_Trip2", "hrot_diff": 0, "sample_diff": 1, "time_diff_s": 0.02, "gps_distance_m": 3.7, "original_speed": "", "wheel_diameter_mm": 711, "braking_intensity": 0.0, "is_braking": false, "is_crash": false, "crash_intensity_g": 0.0, "segment_start_sample": 8999, "segment_end_sample": 9000, "time_str": ""}}, {"type": "Feature", "geometry": {"type": "LineString", "coordinates": [[4.92499843059901, 52.3676362555161], [4.92517465429629, 52.3675729470842]]}, "properties": {"Speed": 0.0, "Speed_display": 15.1, "road_quality": 2, "marker": 0, "trip_id": "602D3_Trip2", "hrot_diff": 0, "sample_diff": 1, "time_diff_s": 0.02, "gps_distance_m": 13.9, "original_speed": "", "wheel_diameter_mm": 711, "braking_intensity": 0.0, "is_braking": false, "is_crash": false, "crash_intensity_g": 0.0, "segment_start_sample": 9057, "segment_end_sample": 9058, "time_str": ""}}, {"type": "Feature", "geometry": {"type": "LineString", "coordinates": [[4.92517465429629, 52.3675729470842], [4.92535713475441, 52.3676696021472]]}, "properties": {"Speed": 0.0, "Speed_display": 14.4, "road_quality": 2, "marker": 0, "trip_id": "602D3_Trip2", "hrot_diff": 0, "sample_diff": 1, "time_diff_s": 0.02, "gps_distance_m": 16.4, "original_speed": "", "wheel_diameter_mm": 711, "braking_intensity": 0.0, "is_braking": false, "is_crash": false, "crash_intensity_g": 0.0, "segment_start_sample": 9108, "segment_end_sample": 9109, "time_str": ""}}, {"type": "Feature", "geometry": {"type": "LineString", "coordinates": [[4.92535713475441, 52.3676696021472], [4.9254131984776, 52.3676444951989]]}, "properties": {"Speed": 0.0, "Speed_display": 13.0, "road_quality": 2, "marker": 0, "trip_id": "602D3_Trip2", "hrot_diff": 0, "sample_diff": 1, "time_diff_s": 0.02, "gps_distance_m": 4.7, "original_speed": "", "wheel_diameter_mm": 711, "braking_intensity": 0.0, "is_braking": false, "is_crash": false, "crash_intensity_g": 0.0, "segment_start_sample": 9151, "segment_end_sample": 9152, "time_str": ""}}, {"type": "Feature", "geometry": {"type": "LineString", "coordinates": [[4.9254131984776, 52.3676444951989], [4.92546088602451, 52.3676120093799]]}, "properties": {"Speed": 0.0, "Speed_display": 13.0, "road_quality": 3, "marker": 0, "trip_id": "602D3_Trip2", "hrot_diff": 0, "sample_diff": 1, "time_diff_s": 0.02, "gps_distance_m": 4.9, "original_speed": "", "wheel_diameter_mm": 711, "braking_intensity": 0.0, "is_braking": false, "is_crash": false, "crash_intensity_g": 0.0, "segment_start_sample": 9204, "segment_end_sample": 9205, "time_str": ""}}, {"type": "Feature", "geometry": {"type": "LineString", "coordinates": [[4.92546088602451, 52.3676120093799], [4.92544842418982, 52.3675673972921]]}, "properties": {"Speed": 0.0, "Speed_display": 12.2, "road_quality": 3, "marker": 0, "trip_id": "602D3_Trip2", "hrot_diff": 0, "sample_diff": 1, "time_diff_s": 0.02, "gps_distance_m": 5.0, "original_speed": "", "wheel_diameter_mm": 711, "braking_intensity": 0.0, "is_braking": false, "is_crash": false, "crash_intensity_g": 0.0, "segment_start_sample": 9249, "segment_end_sample": 9250, "time_str": ""}}, {"type": "Feature", "geometry": {"type": "LineString", "coordinates": [[4.92544842418982, 52.3675673972921], [4.92538743492397, 52.3675392506991]]}, "properties": {"Speed": 0.0, "Speed_display": 11.5, "road_quality": 2, "marker": 0, "trip_id": "602D3_Trip2", "hrot_diff": 0, "sample_diff": 1, "time_diff_s": 0.02, "gps_distance_m": 5.2, "original_speed": "", "wheel_diameter_mm": 711, "braking_intensity": 0.0, "is_braking": false, "is_crash": false, "crash_intensity_g": 0.0, "segment_start_sample": 9305, "segment_end_sample": 9306, "time_str": ""}}, {"type": "Feature", "geometry": {"type": "LineString", "coordinates": [[4.92538743492397, 52.3675392506991], [4.925353369435, 52.3675106984467]]}, "properties": {"Speed": 0.0, "Speed_display": 10.8, "road_quality": 2, "marker": 0, "trip_id": "602D3_Trip2", "hrot_diff": 0, "sample_diff": 1, "time_diff_s": 0.02, "gps_distance_m": 3.9, "original_speed": "", "wheel_diameter_mm": 711, "braking_intensity": 0.0, "is_braking": false, "is_crash": false, "crash_intensity_g": 0.0, "segment_start_sample": 9358, "segment_end_sample": 9359, "time_str": ""}}, {"type": "Feature", "geometry": {"type": "LineString", "coordinates": [[4.925353369435, 52.3675106984467], [4.92532191768172, 52.3674771426606]]}, "properties": {"Speed": 0.0, "Speed_display": 10.8, "road_quality": 2, "marker": 0, "trip_id": "602D3_Trip2", "hrot_diff": 0, "sample_diff": 1, "time_diff_s": 0.02, "gps_distance_m": 4.3, "original_speed": "", "wheel_diameter_mm": 711, "braking_intensity": 0.0, "is_braking": false, "is_crash": false, "crash_intensity_g": 0.0, "segment_start_sample": 9409, "segment_end_sample": 9410, "time_str": ""}}, {"type": "Feature", "geometry": {"type": "LineString", "coordinates": [[4.92532191768172, 52.3674771426606], [4.92530324096986, 52.3674368069795]]}, "properties": {"Speed": 0.0, "Speed_display": 10.8, "road_quality": 2, "marker": 0, "trip_id": "602D3_Trip2", "hrot_diff": 0, "sample_diff": 1, "time_diff_s": 0.02, "gps_distance_m": 4.7, "original_speed": "", "wheel_diameter_mm": 711, "braking_intensity": 0.0, "is_braking": false, "is_crash": false, "crash_intensity_g": 0.0, "segment_start_sample": 9456, "segment_end_sample": 9457, "time_str": ""}}, {"type": "Feature", "geometry": {"type": "LineString", "coordinates": [[4.92530324096986, 52.3674368069795], [4.92530900665153, 52.3673937373232]]}, "properties": {"Speed": 0.0, "Speed_display": 10.8, "road_quality": 2, "marker": 0, "trip_id": "602D3_Trip2", "hrot_diff": 0, "sample_diff": 1, "time_diff_s": 0.02, "gps_distance_m": 4.8, "original_speed": "", "wheel_diameter_mm": 711, "braking_intensity": 0.0, "is_braking": false, "is_crash": false, "crash_intensity_g": 0.0, "segment_start_sample": 9502, "segment_end_sample": 9503, "time_str": ""}}, {"type": "Feature", "geometry": {"type": "LineString", "coordinates": [[4.92530900665153, 52.3673937373232], [4.92531359677035, 52.3673510980895]]}, "properties": {"Speed": 0.0, "Speed_display": 11.5, "road_quality": 2, "marker": 0, "trip_id": "602D3_Trip2", "hrot_diff": 0, "sample_diff": 1, "time_diff_s": 0.02, "gps_distance_m": 4.8, "original_speed": "", "wheel_diameter_mm": 711, "braking_intensity": 0.0, "is_braking": false, "is_crash": false, "crash_intensity_g": 0.0, "segment_start_sample": 9549, "segment_end_sample": 9550, "time_str": ""}}, {"type": "Feature", "geometry": {"type": "LineString", "coordinates": [[4.92531359677035, 52.3673510980895], [4.92529040023393, 52.3673077136392]]}, "properties": {"Speed": 0.0, "Speed_display": 11.5, "road_quality": 2, "marker": 0, "trip_id": "602D3_Trip2", "hrot_diff": 0, "sample_diff": 1, "time_diff_s": 0.02, "gps_distance_m": 5.1, "original_speed": "", "wheel_diameter_mm": 711, "braking_intensity": 0.0, "is_braking": false, "is_crash": false, "crash_intensity_g": 0.0, "segment_start_sample": 9608, "segment_end_sample": 9609, "time_str": ""}}, {"type": "Feature", "geometry": {"type": "LineString", "coordinates": [[4.92529040023393, 52.3673077136392], [4.92523680476112, 52.3672800740608]]}, "properties": {"Speed": 0.0, "Speed_display": 11.5, "road_quality": 2, "marker": 0, "trip_id": "602D3_Trip2", "hrot_diff": 0, "sample_diff": 1, "time_diff_s": 0.02, "gps_distance_m": 4.8, "original_speed": "", "wheel_diameter_mm": 711, "braking_intensity": 0.0, "is_braking": false, "is_crash": false, "crash_intensity_g": 0.0, "segment_start_sample": 9655, "segment_end_sample": 9656, "time_str": ""}}, {"type": "Feature", "geometry": {"type": "LineString", "coordinates": [[4.92523680476112, 52.3672800740608], [4.9251931636177, 52.3672477346886]]}, "properties": {"Speed": 0.0, "Speed_display": 11.5, "road_quality": 3, "marker": 0, "trip_id": "602D3_Trip2", "hrot_diff": 0, "sample_diff": 1, "time_diff_s": 0.02, "gps_distance_m": 4.7, "original_speed": "", "wheel_diameter_mm": 711, "braking_intensity": 0.0, "is_braking": false, "is_crash": false, "crash_intensity_g": 0.0, "segment_start_sample": 9702, "segment_end_sample": 9703, "time_str": ""}}, {"type": "Feature", "geometry": {"type": "LineString", "coordinates": [[4.9251931636177, 52.3672477346886], [4.92514846979633, 52.3672165077806]]}, "properties": {"Speed": 0.0, "Speed_display": 11.5, "road_quality": 3, "marker": 0, "trip_id": "602D3_Trip2", "hrot_diff": 0, "sample_diff": 1, "time_diff_s": 0.02, "gps_distance_m": 4.6, "original_speed": "", "wheel_diameter_mm": 711, "braking_intensity": 0.0, "is_braking": false, "is_crash": false, "crash_intensity_g": 0.0, "segment_start_sample": 9749, "segment_end_sample": 9750, "time_str": ""}}, {"type": "Feature", "geometry": {"type": "LineString", "coordinates": [[4.92514846979633, 52.3672165077806], [4.92509969294958, 52.3671846684207]]}, "properties": {"Speed": 0.0, "Speed_display": 12.2, "road_quality": 3, "marker": 0, "trip_id": "602D3_Trip2", "hrot_diff": 0, "sample_diff": 1, "time_diff_s": 0.02, "gps_distance_m": 4.8, "original_speed": "", "wheel_diameter_mm": 711, "braking_intensity": 0.0, "is_braking": false, "is_crash": false, "crash_intensity_g": 0.0, "segment_start_sample": 9808, "segment_end_sample": 9809, "time_str": ""}}, {"type": "Feature", "geometry": {"type": "LineString", "coordinates": [[4.92509969294958, 52.3671846684207], [4.92505739371435, 52.367149010171]]}, "properties": {"Speed": 0.0, "Speed_display": 12.2, "road_quality": 2, "marker": 0, "trip_id": "602D3_Trip2", "hrot_diff": 0, "sample_diff": 1, "time_diff_s": 0.02, "gps_distance_m": 4.9, "original_speed": "", "wheel_diameter_mm": 711, "braking_intensity": 0.0, "is_braking": false, "is_crash": false, "crash_intensity_g": 0.0, "segment_start_sample": 9854, "segment_end_sample": 9855, "time_str": ""}}, {"type": "Feature", "geometry": {"type": "LineString", "coordinates": [[4.92505739371435, 52.367149010171], [4.92501034667154, 52.3671150492714]]}, "properties": {"Speed": 0.0, "Speed_display": 12.2, "road_quality": 2, "marker": 0, "trip_id": "602D3_Trip2", "hrot_diff": 0, "sample_diff": 1, "time_diff_s": 0.02, "gps_distance_m": 4.9, "original_speed": "", "wheel_diameter_mm": 711, "braking_intensity": 0.0, "is_braking": false, "is_crash": false, "crash_intensity_g": 0.0, "segment_start_sample": 9901, "segment_end_sample": 9902, "time_str": ""}}, {"type": "Feature", "geometry": {"type": "LineString", "coordinates": [[4.92501034667154, 52.3671150492714], [4.92498036824054, 52.3670776282704]]}, "properties": {"Speed": 0.0, "Speed_display": 12.2, "road_quality": 2, "marker": 0, "trip_id": "602D3_Trip2", "hrot_diff": 0, "sample_diff": 1, "time_diff_s": 0.02, "gps_distance_m": 4.6, "original_speed": "", "wheel_diameter_mm": 711, "braking_intensity": 0.0, "is_braking": false, "is_crash": false, "crash_intensity_g": 0.0, "segment_start_sample": 9958, "segment_end_sample": 9959, "time_str": ""}}, {"type": "Feature", "geometry": {"type": "LineString", "coordinates": [[4.92498036824054, 52.3670776282704], [4.92499811342173, 52.3670343713578]]}, "properties": {"Speed": 0.0, "Speed_display": 11.5, "road_quality": 2, "marker": 0, "trip_id": "602D3_Trip2", "hrot_diff": 0, "sample_diff": 1, "time_diff_s": 0.02, "gps_distance_m": 5.0, "original_speed": "", "wheel_diameter_mm": 711, "braking_intensity": 0.0, "is_braking": false, "is_crash": false, "crash_intensity_g": 0.0, "segment_start_sample": 10000, "segment_end_sample": 10001, "time_str": ""}}, {"type": "Feature", "geometry": {"type": "LineString", "coordinates": [[4.92499811342173, 52.3670343713578], [4.9250124453491, 52.3670039466067]]}, "properties": {"Speed": 0.0, "Speed_display": 11.5, "road_quality": 2, "marker": 0, "trip_id": "602D3_Trip2", "hrot_diff": 0, "sample_diff": 1, "time_diff_s": 0.02, "gps_distance_m": 3.5, "original_speed": "", "wheel_diameter_mm": 711, "braking_intensity": 0.0, "is_braking": false, "is_crash": false, "crash_intensity_g": 0.0, "segment_start_sample": 10058, "segment_end_sample": 10059, "time_str": ""}}, {"type": "Feature", "geometry": {"type": "LineString", "coordinates": [[4.9250124453491, 52.3670039466067], [4.92506712751891, 52.3669847212662]]}, "properties": {"Speed": 0.0, "Speed_display": 11.5, "road_quality": 2, "marker": 0, "trip_id": "602D3_Trip2", "hrot_diff": 0, "sample_diff": 1, "time_diff_s": 0.02, "gps_distance_m": 4.3, "original_speed": "", "wheel_diameter_mm": 711, "braking_intensity": 0.0, "is_braking": false, "is_crash": false, "crash_intensity_g": 0.0, "segment_start_sample": 10107, "segment_end_sample": 10108, "time_str": ""}}, {"type": "Feature", "geometry": {"type": "LineString", "coordinates": [[4.92506712751891, 52.3669847212662], [4.92509047724093, 52.3669750751592]]}, "properties": {"Speed": 0.0, "Speed_display": 5.0, "road_quality": 2, "marker": 0, "trip_id": "602D3_Trip2", "hrot_diff": 0, "sample_diff": 1, "time_diff_s": 0.02, "gps_distance_m": 1.9, "original_speed": "", "wheel_diameter_mm": 711, "braking_intensity": 0.0, "is_braking": false, "is_crash": false, "crash_intensity_g": 0.0, "segment_start_sample": 10148, "segment_end_sample": 10149, "time_str": ""}}, {"type": "Feature", "geometry": {"type": "LineString", "coordinates": [[4.92509047724093, 52.3669750751592], [4.92514802869452, 52.3669235185075]]}, "properties": {"Speed": 0.0, "Speed_display": 12.2, "road_quality": 2, "marker": 0, "trip_id": "602D3_Trip2", "hrot_diff": 0, "sample_diff": 1, "time_diff_s": 0.02, "gps_distance_m": 6.9, "original_speed": "", "wheel_diameter_mm": 711, "braking_intensity": 0.0, "is_braking": false, "is_crash": false, "crash_intensity_g": 0.0, "segment_start_sample": 10209, "segment_end_sample": 10210, "time_str": ""}}, {"type": "Feature", "geometry": {"type": "LineString", "coordinates": [[4.92514802869452, 52.3669235185075], [4.92517206182186, 52.3669021667005]]}, "properties": {"Speed": 0.0, "Speed_display": 9.4, "road_quality": 2, "marker": 0, "trip_id": "602D3_Trip2", "hrot_diff": 0, "sample_diff": 1, "time_diff_s": 0.02, "gps_distance_m": 2.9, "original_speed": "", "wheel_diameter_mm": 711, "braking_intensity": 0.0, "is_braking": false, "is_crash": false, "crash_intensity_g": 0.0, "segment_start_sample": 10267, "segment_end_sample": 10268, "time_str": ""}}, {"type": "Feature", "geometry": {"type": "LineString", "coordinates": [[4.92517206182186, 52.3669021667005], [4.92517996531097, 52.3668878799099]]}, "properties": {"Speed": 0.0, "Speed_display": 6.5, "road_quality": 2, "marker": 0, "trip_id": "602D3_Trip2", "hrot_diff": 0, "sample_diff": 1, "time_diff_s": 0.02, "gps_distance_m": 1.7, "original_speed": "", "wheel_diameter_mm": 711, "braking_intensity": 0.0, "is_braking": false, "is_crash": false, "crash_intensity_g": 0.0, "segment_start_sample": 10312, "segment_end_sample": 10313, "time_str": ""}}, {"type": "Feature", "geometry": {"type": "LineString", "coordinates": [[4.92517996531097, 52.3668878799099], [4.92517696980713, 52.3668676926924]]}, "properties": {"Speed": 0.0, "Speed_display": 6.5, "road_quality": 2, "marker": 0, "trip_id": "602D3_Trip2", "hrot_diff": 0, "sample_diff": 1, "time_diff_s": 0.02, "gps_distance_m": 2.3, "original_speed": "", "wheel_diameter_mm": 711, "braking_intensity": 0.0, "is_braking": false, "is_crash": false, "crash_intensity_g": 0.0, "segment_start_sample": 10350, "segment_end_sample": 10351, "time_str": ""}}, {"type": "Feature", "geometry": {"type": "LineString", "coordinates": [[4.92517696980713, 52.3668676926924], [4.92520624682666, 52.3668505920564]]}, "properties": {"Speed": 0.0, "Speed_display": 6.5, "road_quality": 2, "marker": 0, "trip_id": "602D3_Trip2", "hrot_diff": 0, "sample_diff": 1, "time_diff_s": 0.02, "gps_distance_m": 2.8, "original_speed": "", "wheel_diameter_mm": 711, "braking_intensity": 0.0, "is_braking": false, "is_crash": false, "crash_intensity_g": 0.0, "segment_start_sample": 10410, "segment_end_sample": 10411, "time_str": ""}}, {"type": "Feature", "geometry": {"type": "LineString", "coordinates": [[4.92520624682666, 52.3668505920564], [4.92527225715033, 52.3668271809723]]}, "properties": {"Speed": 0.0, "Speed_display": 10.1, "road_quality": 2, "marker": 0, "trip_id": "602D3_Trip2", "hrot_diff": 0, "sample_diff": 1, "time_diff_s": 0.02, "gps_distance_m": 5.2, "original_speed": "", "wheel_diameter_mm": 711, "braking_intensity": 0.0, "is_braking": false, "is_crash": false, "crash_intensity_g": 0.0, "segment_start_sample": 10448, "segment_end_sample": 10449, "time_str": ""}}, {"type": "Feature", "geometry": {"type": "LineString", "coordinates": [[4.92527225715033, 52.3668271809723], [4.92532848785904, 52.3668012443816]]}, "properties": {"Speed": 0.0, "Speed_display": 11.5, "road_quality": 2, "marker": 0, "trip_id": "602D3_Trip2", "hrot_diff": 0, "sample_diff": 1, "time_diff_s": 0.02, "gps_distance_m": 4.8, "original_speed": "", "wheel_diameter_mm": 711, "braking_intensity": 0.0, "is_braking": false, "is_crash": false, "crash_intensity_g": 0.0, "segment_start_sample": 10508, "segment_end_sample": 10509, "time_str": ""}}, {"type": "Feature", "geometry": {"type": "LineString", "coordinates": [[4.92532848785904, 52.3668012443816], [4.92538015298091, 52.3667744079373]]}, "properties": {"Speed": 0.0, "Speed_display": 11.5, "road_quality": 2, "marker": 0, "trip_id": "602D3_Trip2", "hrot_diff": 0, "sample_diff": 1, "time_diff_s": 0.02, "gps_distance_m": 4.6, "original_speed": "", "wheel_diameter_mm": 711, "braking_intensity": 0.0, "is_braking": false, "is_crash": false, "crash_intensity_g": 0.0, "segment_start_sample": 10552, "segment_end_sample": 10553, "time_str": ""}}, {"type": "Feature", "geometry": {"type": "LineString", "coordinates": [[4.92538015298091, 52.3667744079373], [4.9254325499063, 52.3667365555236]]}, "properties": {"Speed": 0.0, "Speed_display": 13.0, "road_quality": 2, "marker": 0, "trip_id": "602D3_Trip2", "hrot_diff": 0, "sample_diff": 1, "time_diff_s": 0.02, "gps_distance_m": 5.5, "original_speed": "", "wheel_diameter_mm": 711, "braking_intensity": 0.0, "is_braking": false, "is_crash": false, "crash_intensity_g": 0.0, "segment_start_sample": 10602, "segment_end_sample": 10603, "time_str": ""}}, {"type": "Feature", "geometry": {"type": "LineString", "coordinates": [[4.9254325499063, 52.3667365555236], [4.92548661018311, 52.3666942771327]]}, "properties": {"Speed": 0.0, "Speed_display": 14.4, "road_quality": 3, "marker": 0, "trip_id": "602D3_Trip2", "hrot_diff": 0, "sample_diff": 1, "time_diff_s": 0.02, "gps_distance_m": 6.0, "original_speed": "", "wheel_diameter_mm": 711, "braking_intensity": 0.0, "is_braking": false, "is_crash": false, "crash_intensity_g": 0.0, "segment_start_sample": 10650, "segment_end_sample": 10651, "time_str": ""}}, {"type": "Feature", "geometry": {"type": "LineString", "coordinates": [[4.92548661018311, 52.3666942771327], [4.92555415206932, 52.3666547817195]]}, "properties": {"Speed": 0.0, "Speed_display": 15.8, "road_quality": 3, "marker": 0, "trip_id": "602D3_Trip2", "hrot_diff": 0, "sample_diff": 1, "time_diff_s": 0.02, "gps_distance_m": 6.3, "original_speed": "", "wheel_diameter_mm": 711, "braking_intensity": 0.0, "is_braking": false, "is_crash": false, "crash_intensity_g": 0.0, "segment_start_sample": 10704, "segment_end_sample": 10705, "time_str": ""}}, {"type": "Feature", "geometry": {"type": "LineString", "coordinates": [[4.92555415206932, 52.3666547817195], [4.9256252675893, 52.3666282601667]]}, "properties": {"Speed": 0.0, "Speed_display": 15.1, "road_quality": 2, "marker": 0, "trip_id": "602D3_Trip2", "hrot_diff": 0, "sample_diff": 1, "time_diff_s": 0.02, "gps_distance_m": 5.7, "original_speed": "", "wheel_diameter_mm": 711, "braking_intensity": 0.0, "is_braking": false, "is_crash": false, "crash_intensity_g": 0.0, "segment_start_sample": 10756, "segment_end_sample": 10757, "time_str": ""}}, {"type": "Feature", "geometry": {"type": "LineString", "coordinates": [[4.9256252675893, 52.3666282601667], [4.92569083294638, 52.3665852681186]]}, "properties": {"Speed": 0.0, "Speed_display": 16.6, "road_quality": 2, "marker": 0, "trip_id": "602D3_Trip2", "hrot_diff": 0, "sample_diff": 1, "time_diff_s": 0.02, "gps_distance_m": 6.5, "original_speed": "", "wheel_diameter_mm": 711, "braking_intensity": 0.0, "is_braking": false, "is_crash": false, "crash_intensity_g": 0.0, "segment_start_sample": 10799, "segment_end_sample": 10800, "time_str": ""}}, {"type": "Feature", "geometry": {"type": "LineString", "coordinates": [[4.92569083294638, 52.3665852681186], [4.92574944103242, 52.366544289331]]}, "properties": {"Speed": 0.0, "Speed_display": 15.8, "road_quality": 2, "marker": 0, "trip_id": "602D3_Trip2", "hrot_diff": 0, "sample_diff": 1, "time_diff_s": 0.02, "gps_distance_m": 6.0, "original_speed": "", "wheel_diameter_mm": 711, "braking_intensity": 0.0, "is_braking": false, "is_crash": false, "crash_intensity_g": 0.0, "segment_start_sample": 10850, "segment_end_sample": 10851, "time_str": ""}}, {"type": "Feature", "geometry": {"type": "LineString", "coordinates": [[4.92574944103242, 52.366544289331], [4.92581051904791, 52.3665034936241]]}, "properties": {"Speed": 0.0, "Speed_display": 15.8, "road_quality": 3, "marker": 0, "trip_id": "602D3_Trip2", "hrot_diff": 0, "sample_diff": 1, "time_diff_s": 0.02, "gps_distance_m": 6.1, "original_speed": "", "wheel_diameter_mm": 711, "braking_intensity": 0.0, "is_braking": false, "is_crash": false, "crash_intensity_g": 0.0, "segment_start_sample": 10902, "segment_end_sample": 10903, "time_str": ""}}, {"type": "Feature", "geometry": {"type": "LineString", "coordinates": [[4.92581051904791, 52.3665034936241], [4.92588344868089, 52.3664573801755]]}, "properties": {"Speed": 0.0, "Speed_display": 17.3, "road_quality": 3, "marker": 0, "trip_id": "602D3_Trip2", "hrot_diff": 0, "sample_diff": 1, "time_diff_s": 0.02, "gps_distance_m": 7.1, "original_speed": "", "wheel_diameter_mm": 711, "braking_intensity": 0.0, "is_braking": false, "is_crash": false, "crash_intensity_g": 0.0, "segment_start_sample": 10950, "segment_end_sample": 10951, "time_str": ""}}, {"type": "Feature", "geometry": {"type": "LineString", "coordinates": [[4.92588344868089, 52.3664573801755], [4.9259516048899, 52.3664150108217]]}, "properties": {"Speed": 0.0, "Speed_display": 17.3, "road_quality": 2, "marker": 0, "trip_id": "602D3_Trip2", "hrot_diff": 0, "sample_diff": 1, "time_diff_s": 0.02, "gps_distance_m": 6.6, "original_speed": "", "wheel_diameter_mm": 711, "braking_intensity": 0.0, "is_braking": false, "is_crash": false, "crash_intensity_g": 0.0, "segment_start_sample": 10999, "segment_end_sample": 11000, "time_str": ""}}, {"type": "Feature", "geometry": {"type": "LineString", "coordinates": [[4.9259516048899, 52.3664150108217], [4.92601655750544, 52.3663745463271]]}, "properties": {"Speed": 0.0, "Speed_display": 16.6, "road_quality": 2, "marker": 0, "trip_id": "602D3_Trip2", "hrot_diff": 0, "sample_diff": 1, "time_diff_s": 0.02, "gps_distance_m": 6.3, "original_speed": "", "wheel_diameter_mm": 711, "braking_intensity": 0.0, "is_braking": false, "is_crash": false, "crash_intensity_g": 0.0, "segment_start_sample": 11049, "segment_end_sample": 11050, "time_str": ""}}, {"type": "Feature", "geometry": {"type": "LineString", "coordinates": [[4.92601655750544, 52.3663745463271], [4.92609205091926, 52.3663361185101]]}, "properties": {"Speed": 0.0, "Speed_display": 16.6, "road_quality": 2, "marker": 0, "trip_id": "602D3_Trip2", "hrot_diff": 0, "sample_diff": 1, "time_diff_s": 0.02, "gps_distance_m": 6.7, "original_speed": "", "wheel_diameter_mm": 711, "braking_intensity": 0.0, "is_braking": false, "is_crash": false, "crash_intensity_g": 0.0, "segment_start_sample": 11098, "segment_end_sample": 11099, "time_str": ""}}, {"type": "Feature", "geometry": {"type": "LineString", "coordinates": [[4.92609205091926, 52.3663361185101], [4.9261660345972, 52.3662965713164]]}, "properties": {"Speed": 0.0, "Speed_display": 17.3, "road_quality": 2, "marker": 0, "trip_id": "602D3_Trip2", "hrot_diff": 0, "sample_diff": 1, "time_diff_s": 0.02, "gps_distance_m": 6.7, "original_speed": "", "wheel_diameter_mm": 711, "braking_intensity": 0.0, "is_braking": false, "is_crash": false, "crash_intensity_g": 0.0, "segment_start_sample": 11148, "segment_end_sample": 11149, "time_str": ""}}, {"type": "Feature", "geometry": {"type": "LineString", "coordinates": [[4.9261660345972, 52.3662965713164], [4.92623490480432, 52.3662567604724]]}, "properties": {"Speed": 0.0, "Speed_display": 16.6, "road_quality": 2, "marker": 0, "trip_id": "602D3_Trip2", "hrot_diff": 0, "sample_diff": 1, "time_diff_s": 0.02, "gps_distance_m": 6.4, "original_speed": "", "wheel_diameter_mm": 711, "braking_intensity": 0.0, "is_braking": false, "is_crash": false, "crash_intensity_g": 0.0, "segment_start_sample": 11198, "segment_end_sample": 11199, "time_str": ""}}, {"type": "Feature", "geometry": {"type": "LineString", "coordinates": [[4.92623490480432, 52.3662567604724], [4.9263001923536, 52.3662174642698]]}, "properties": {"Speed": 0.0, "Speed_display": 16.6, "road_quality": 2, "marker": 0, "trip_id": "602D3_Trip2", "hrot_diff": 0, "sample_diff": 1, "time_diff_s": 0.02, "gps_distance_m": 6.2, "original_speed": "", "wheel_diameter_mm": 711, "braking_intensity": 0.0, "is_braking": false, "is_crash": false, "crash_intensity_g": 0.0, "segment_start_sample": 11249, "segment_end_sample": 11250, "time_str": ""}}, {"type": "Feature", "geometry": {"type": "LineString", "coordinates": [[4.9263001923536, 52.3662174642698], [4.92636494935202, 52.3661788716051]]}, "properties": {"Speed": 0.0, "Speed_display": 15.8, "road_quality": 2, "marker": 0, "trip_id": "602D3_Trip2", "hrot_diff": 0, "sample_diff": 1, "time_diff_s": 0.02, "gps_distance_m": 6.1, "original_speed": "", "wheel_diameter_mm": 711, "braking_intensity": 0.0, "is_braking": false, "is_crash": false, "crash_intensity_g": 0.0, "segment_start_sample": 11300, "segment_end_sample": 11301, "time_str": ""}}, {"type": "Feature", "geometry": {"type": "LineString", "coordinates": [[4.92636494935202, 52.3661788716051], [4.92642869480029, 52.3661404772852]]}, "properties": {"Speed": 0.0, "Speed_display": 15.8, "road_quality": 2, "marker": 0, "trip_id": "602D3_Trip2", "hrot_diff": 0, "sample_diff": 1, "time_diff_s": 0.02, "gps_distance_m": 6.1, "original_speed": "", "wheel_diameter_mm": 711, "braking_intensity": 0.0, "is_braking": false, "is_crash": false, "crash_intensity_g": 0.0, "segment_start_sample": 11354, "segment_end_sample": 11355, "time_str": ""}}, {"type": "Feature", "geometry": {"type": "LineString", "coordinates": [[4.92642869480029, 52.3661404772852], [4.92648472774985, 52.366106150645]]}, "properties": {"Speed": 0.0, "Speed_display": 15.1, "road_quality": 2, "marker": 0, "trip_id": "602D3_Trip2", "hrot_diff": 0, "sample_diff": 1, "time_diff_s": 0.02, "gps_distance_m": 5.4, "original_speed": "", "wheel_diameter_mm": 711, "braking_intensity": 0.0, "is_braking": false, "is_crash": false, "crash_intensity_g": 0.0, "segment_start_sample": 11401, "segment_end_sample": 11402, "time_str": ""}}, {"type": "Feature", "geometry": {"type": "LineString", "coordinates": [[4.92648472774985, 52.366106150645], [4.92653221027892, 52.3660699600341]]}, "properties": {"Speed": 0.0, "Speed_display": 13.7, "road_quality": 2, "marker": 0, "trip_id": "602D3_Trip2", "hrot_diff": 0, "sample_diff": 1, "time_diff_s": 0.02, "gps_distance_m": 5.2, "original_speed": "", "wheel_diameter_mm": 711, "braking_intensity": 0.0, "is_braking": false, "is_crash": false, "crash_intensity_g": 0.0, "segment_start_sample": 11451, "segment_end_sample": 11452, "time_str": ""}}, {"type": "Feature", "geometry": {"type": "LineString", "coordinates": [[4.92653221027892, 52.3660699600341], [4.92656200570913, 52.3660454317334]]}, "properties": {"Speed": 0.0, "Speed_display": 10.8, "road_quality": 2, "marker": 0, "trip_id": "602D3_Trip2", "hrot_diff": 0, "sample_diff": 1, "time_diff_s": 0.02, "gps_distance_m": 3.4, "original_speed": "", "wheel_diameter_mm": 711, "braking_intensity": 0.0, "is_braking": false, "is_crash": false, "crash_intensity_g": 0.0, "segment_start_sample": 11506, "segment_end_sample": 11507, "time_str": ""}}, {"type": "Feature", "geometry": {"type": "LineString", "coordinates": [[4.92656200570913, 52.3660454317334], [4.92657197514259, 52.3660372713793]]}, "properties": {"Speed": 0.0, "Speed_display": 4.3, "road_quality": 2, "marker": 0, "trip_id": "602D3_Trip2", "hrot_diff": 0, "sample_diff": 1, "time_diff_s": 0.02, "gps_distance_m": 1.1, "original_speed": "", "wheel_diameter_mm": 711, "braking_intensity": 0.0, "is_braking": false, "is_crash": false, "crash_intensity_g": 0.0, "segment_start_sample": 11561, "segment_end_sample": 11562, "time_str": ""}}, {"type": "Feature", "geometry": {"type": "LineString", "coordinates": [[4.92657197514259, 52.3660372713793], [4.9265874178543, 52.366024712164]]}, "properties": {"Speed": 0.0, "Speed_display": 3.6, "road_quality": 2, "marker": 0, "trip_id": "602D3_Trip2", "hrot_diff": 0, "sample_diff": 1, "time_diff_s": 0.02, "gps_distance_m": 1.7, "original_speed": "", "wheel_diameter_mm": 711, "braking_intensity": 0.0, "is_braking": false, "is_crash": false, "crash_intensity_g": 0.0, "segment_start_sample": 11619, "segment_end_sample": 11620, "time_str": ""}}, {"type": "Feature", "geometry": {"type": "LineString", "coordinates": [[4.9265874178543, 52.366024712164], [4.92659907589886, 52.3660122412514]]}, "properties": {"Speed": 0.0, "Speed_display": 3.6, "road_quality": 2, "marker": 0, "trip_id": "602D3_Trip2", "hrot_diff": 0, "sample_diff": 1, "time_diff_s": 0.02, "gps_distance_m": 1.6, "original_speed": "", "wheel_diameter_mm": 711, "braking_intensity": 0.0, "is_braking": false, "is_crash": false, "crash_intensity_g": 0.0, "segment_start_sample": 11650, "segment_end_sample": 11651, "time_str": ""}}, {"type": "Feature", "geometry": {"type": "LineString", "coordinates": [[4.92659907589886, 52.3660122412514], [4.92661142979631, 52.3659926254858]]}, "properties": {"Speed": 0.0, "Speed_display": 5.0, "road_quality": 3, "marker": 0, "trip_id": "602D3_Trip2", "hrot_diff": 0, "sample_diff": 1, "time_diff_s": 0.02, "gps_distance_m": 2.3, "original_speed": "", "wheel_diameter_mm": 711, "braking_intensity": 0.0, "is_braking": false, "is_crash": false, "crash_intensity_g": 0.0, "segment_start_sample": 11700, "segment_end_sample": 11701, "time_str": ""}}, {"type": "Feature", "geometry": {"type": "LineString", "coordinates": [[4.92661142979631, 52.3659926254858], [4.92661690292922, 52.3659793647423]]}, "properties": {"Speed": 0.0, "Speed_display": 3.6, "road_quality": 2, "marker": 0, "trip_id": "602D3_Trip2", "hrot_diff": 0, "sample_diff": 1, "time_diff_s": 0.02, "gps_distance_m": 1.5, "original_speed": "", "wheel_diameter_mm": 711, "braking_intensity": 0.0, "is_braking": false, "is_crash": false, "crash_intensity_g": 0.0, "segment_start_sample": 11753, "segment_end_sample": 11754, "time_str": ""}}, {"type": "Feature", "geometry": {"type": "LineString", "coordinates": [[4.92661690292922, 52.3659793647423], [4.92662533013521, 52.3659450971449]]}, "properties": {"Speed": 0.0, "Speed_display": 9.4, "road_quality": 2, "marker": 0, "trip_id": "602D3_Trip2", "hrot_diff": 0, "sample_diff": 1, "time_diff_s": 0.02, "gps_distance_m": 3.9, "original_speed": "", "wheel_diameter_mm": 711, "braking_intensity": 0.0, "is_braking": false, "is_crash": false, "crash_intensity_g": 0.0, "segment_start_sample": 11808, "segment_end_sample": 11809, "time_str": ""}}, {"type": "Feature", "geometry": {"type": "LineString", "coordinates": [[4.92662533013521, 52.3659450971449], [4.92664072025231, 52.3658598834435]]}, "properties": {"Speed": 0.0, "Speed_display": 13.7, "road_quality": 2, "marker": 0, "trip_id": "602D3_Trip2", "hrot_diff": 0, "sample_diff": 1, "time_diff_s": 0.02, "gps_distance_m": 9.5, "original_speed": "", "wheel_diameter_mm": 711, "braking_intensity": 0.0, "is_braking": false, "is_crash": false, "crash_intensity_g": 0.0, "segment_start_sample": 11853, "segment_end_sample": 11854, "time_str": ""}}, {"type": "Feature", "geometry": {"type": "LineString", "coordinates": [[4.92664072025231, 52.3658598834435], [4.9266544603474, 52.3658198165195]]}, "properties": {"Speed": 0.0, "Speed_display": 13.0, "road_quality": 3, "marker": 0, "trip_id": "602D3_Trip2", "hrot_diff": 0, "sample_diff": 1, "time_diff_s": 0.02, "gps_distance_m": 4.6, "original_speed": "", "wheel_diameter_mm": 711, "braking_intensity": 0.0, "is_braking": false, "is_crash": false, "crash_intensity_g": 0.0, "segment_start_sample": 11910, "segment_end_sample": 11911, "time_str": ""}}, {"type": "Feature", "geometry": {"type": "LineString", "coordinates": [[4.9266544603474, 52.3658198165195], [4.92668112969775, 52.3657829312389]]}, "properties": {"Speed": 0.0, "Speed_display": 12.2, "road_quality": 3, "marker": 0, "trip_id": "602D3_Trip2", "hrot_diff": 0, "sample_diff": 1, "time_diff_s": 0.02, "gps_distance_m": 4.5, "original_speed": "", "wheel_diameter_mm": 711, "braking_intensity": 0.0, "is_braking": false, "is_crash": false, "crash_intensity_g": 0.0, "segment_start_sample": 11954, "segment_end_sample": 11955, "time_str": ""}}, {"type": "Feature", "geometry": {"type": "LineString", "coordinates": [[4.92668112969775, 52.3657829312389], [4.92671043388017, 52.3657408281059]]}, "properties": {"Speed": 0.0, "Speed_display": 12.2, "road_quality": 3, "marker": 0, "trip_id": "602D3_Trip2", "hrot_diff": 0, "sample_diff": 1, "time_diff_s": 0.02, "gps_distance_m": 5.1, "original_speed": "", "wheel_diameter_mm": 711, "braking_intensity": 0.0, "is_braking": false, "is_crash": false, "crash_intensity_g": 0.0, "segment_start_sample": 12000, "segment_end_sample": 12001, "time_str": ""}}, {"type": "Feature", "geometry": {"type": "LineString", "coordinates": [[4.92671043388017, 52.3657408281059], [4.926747956579, 52.3656941906669]]}, "properties": {"Speed": 0.0, "Speed_display": 13.0, "road_quality": 2, "marker": 0, "trip_id": "602D3_Trip2", "hrot_diff": 0, "sample_diff": 1, "time_diff_s": 0.02, "gps_distance_m": 5.8, "original_speed": "", "wheel_diameter_mm": 711, "braking_intensity": 0.0, "is_braking": false, "is_crash": false, "crash_intensity_g": 0.0, "segment_start_sample": 12051, "segment_end_sample": 12052, "time_str": ""}}, {"type": "Feature", "geometry": {"type": "LineString", "coordinates": [[4.926747956579, 52.3656941906669], [4.92678663185969, 52.3656495778637]]}, "properties": {"Speed": 0.0, "Speed_display": 14.4, "road_quality": 2, "marker": 0, "trip_id": "602D3_Trip2", "hrot_diff": 0, "sample_diff": 1, "time_diff_s": 0.02, "gps_distance_m": 5.6, "original_speed": "", "wheel_diameter_mm": 711, "braking_intensity": 0.0, "is_braking": false, "is_crash": false, "crash_intensity_g": 0.0, "segment_start_sample": 12105, "segment_end_sample": 12106, "time_str": ""}}, {"type": "Feature", "geometry": {"type": "LineString", "coordinates": [[4.92678663185969, 52.3656495778637], [4.9269217681686, 52.3656162728677]]}, "properties": {"Speed": 0.0, "Speed_display": 15.1, "road_quality": 3, "marker": 0, "trip_id": "602D3_Trip2", "hrot_diff": 0, "sample_diff": 1, "time_diff_s": 0.02, "gps_distance_m": 9.9, "original_speed": "", "wheel_diameter_mm": 711, "braking_intensity": 0.0, "is_braking": false, "is_crash": false, "crash_intensity_g": 0.0, "segment_start_sample": 12154, "segment_end_sample": 12155, "time_str": ""}}, {"type": "Feature", "geometry": {"type": "LineString", "coordinates": [[4.9269217681686, 52.3656162728677], [4.92703186105861, 52.3655771180669]]}, "properties": {"Speed": 0.0, "Speed_display": 18.0, "road_quality": 3, "marker": 0, "trip_id": "602D3_Trip2", "hrot_diff": 0, "sample_diff": 1, "time_diff_s": 0.02, "gps_distance_m": 8.7, "original_speed": "", "wheel_diameter_mm": 711, "braking_intensity": 0.0, "is_braking": false, "is_crash": false, "crash_intensity_g": 0.0, "segment_start_sample": 12199, "segment_end_sample": 12200, "time_str": ""}}, {"type": "Feature", "geometry": {"type": "LineString", "coordinates": [[4.92703186105861, 52.3655771180669], [4.92713837957301, 52.3655563322114]]}, "properties": {"Speed": 0.0, "Speed_display": 20.2, "road_quality": 2, "marker": 0, "trip_id": "602D3_Trip2", "hrot_diff": 0, "sample_diff": 1, "time_diff_s": 0.02, "gps_distance_m": 7.6, "original_speed": "", "wheel_diameter_mm": 711, "braking_intensity": 0.0, "is_braking": false, "is_crash": false, "crash_intensity_g": 0.0, "segment_start_sample": 12250, "segment_end_sample": 12251, "time_str": ""}}, {"type": "Feature", "geometry": {"type": "LineString", "coordinates": [[4.92713837957301, 52.3655563322114], [4.92724922428548, 52.3655207907527]]}, "properties": {"Speed": 0.0, "Speed_display": 20.9, "road_quality": 2, "marker": 0, "trip_id": "602D3_Trip2", "hrot_diff": 0, "sample_diff": 1, "time_diff_s": 0.02, "gps_distance_m": 8.5, "original_speed": "", "wheel_diameter_mm": 711, "braking_intensity": 0.0, "is_braking": false, "is_crash": false, "crash_intensity_g": 0.0, "segment_start_sample": 12303, "segment_end_sample": 12304, "time_str": ""}}, {"type": "Feature", "geometry": {"type": "LineString", "coordinates": [[4.92724922428548, 52.3655207907527], [4.92734676282134, 52.3654795321291]]}, "properties": {"Speed": 0.0, "Speed_display": 20.9, "road_quality": 2, "marker": 0, "trip_id": "602D3_Trip2", "hrot_diff": 0, "sample_diff": 1, "time_diff_s": 0.02, "gps_distance_m": 8.1, "original_speed": "", "wheel_diameter_mm": 711, "braking_intensity": 0.0, "is_braking": false, "is_crash": false, "crash_intensity_g": 0.0, "segment_start_sample": 12351, "segment_end_sample": 12352, "time_str": ""}}, {"type": "Feature", "geometry": {"type": "LineString", "coordinates": [[4.92734676282134, 52.3654795321291], [4.92744911468654, 52.365442459777]]}, "properties": {"Speed": 0.0, "Speed_display": 20.9, "road_quality": 2, "marker": 0, "trip_id": "602D3_Trip2", "hrot_diff": 0, "sample_diff": 1, "time_diff_s": 0.02, "gps_distance_m": 8.1, "original_speed": "", "wheel_diameter_mm": 711, "braking_intensity": 0.0, "is_braking": false, "is_crash": false, "crash_intensity_g": 0.0, "segment_start_sample": 12398, "segment_end_sample": 12399, "time_str": ""}}, {"type": "Feature", "geometry": {"type": "LineString", "coordinates": [[4.92744911468654, 52.365442459777], [4.92755889113137, 52.3654113740374]]}, "properties": {"Speed": 0.0, "Speed_display": 20.9, "road_quality": 2, "marker": 0, "trip_id": "602D3_Trip2", "hrot_diff": 0, "sample_diff": 1, "time_diff_s": 0.02, "gps_distance_m": 8.2, "original_speed": "", "wheel_diameter_mm": 711, "braking_intensity": 0.0, "is_braking": false, "is_crash": false, "crash_intensity_g": 0.0, "segment_start_sample": 12450, "segment_end_sample": 12451, "time_str": ""}}, {"type": "Feature", "geometry": {"type": "LineString", "coordinates": [[4.92755889113137, 52.3654113740374], [4.92765358376269, 52.3653811670815]]}, "properties": {"Speed": 0.0, "Speed_display": 20.2, "road_quality": 2, "marker": 0, "trip_id": "602D3_Trip2", "hrot_diff": 0, "sample_diff": 1, "time_diff_s": 0.02, "gps_distance_m": 7.3, "original_speed": "", "wheel_diameter_mm": 711, "braking_intensity": 0.0, "is_braking": false, "is_crash": false, "crash_intensity_g": 0.0, "segment_start_sample": 12501, "segment_end_sample": 12502, "time_str": ""}}, {"type": "Feature", "geometry": {"type": "LineString", "coordinates": [[4.92765358376269, 52.3653811670815], [4.92775899018615, 52.3653259024649]]}, "properties": {"Speed": 0.0, "Speed_display": 21.6, "road_quality": 2, "marker": 0, "trip_id": "602D3_Trip2", "hrot_diff": 0, "sample_diff": 1, "time_diff_s": 0.02, "gps_distance_m": 9.4, "original_speed": "", "wheel_diameter_mm": 711, "braking_intensity": 0.0, "is_braking": false, "is_crash": false, "crash_intensity_g": 0.0, "segment_start_sample": 12553, "segment_end_sample": 12554, "time_str": ""}}, {"type": "Feature", "geometry": {"type": "LineString", "coordinates": [[4.92775899018615, 52.3653259024649], [4.92786588585207, 52.36528777506]]}, "properties": {"Speed": 0.0, "Speed_display": 21.6, "road_quality": 2, "marker": 0, "trip_id": "602D3_Trip2", "hrot_diff": 0, "sample_diff": 1, "time_diff_s": 0.02, "gps_distance_m": 8.4, "original_speed": "", "wheel_diameter_mm": 711, "braking_intensity": 0.0, "is_braking": false, "is_crash": false, "crash_intensity_g": 0.0, "segment_start_sample": 12600, "segment_end_sample": 12601, "time_str": ""}}, {"type": "Feature", "geometry": {"type": "LineString", "coordinates": [[4.92786588585207, 52.36528777506], [4.92797215856029, 52.3652588238534]]}, "properties": {"Speed": 0.0, "Speed_display": 20.9, "road_quality": 3, "marker": 0, "trip_id": "602D3_Trip2", "hrot_diff": 0, "sample_diff": 1, "time_diff_s": 0.02, "gps_distance_m": 7.9, "original_speed": "", "wheel_diameter_mm": 711, "braking_intensity": 0.0, "is_braking": false, "is_crash": false, "crash_intensity_g": 0.0, "segment_start_sample": 12654, "segment_end_sample": 12655, "time_str": ""}}, {"type": "Feature", "geometry": {"type": "LineString", "coordinates": [[4.92797215856029, 52.3652588238534], [4.92807728888853, 52.3652288018648]]}, "properties": {"Speed": 0.0, "Speed_display": 20.9, "road_quality": 3, "marker": 0, "trip_id": "602D3_Trip2", "hrot_diff": 0, "sample_diff": 1, "time_diff_s": 0.02, "gps_distance_m": 7.9, "original_speed": "", "wheel_diameter_mm": 711, "braking_intensity": 0.0, "is_braking": false, "is_crash": false, "crash_intensity_g": 0.0, "segment_start_sample": 12701, "segment_end_sample": 12702, "time_str": ""}}, {"type": "Feature", "geometry": {"type": "LineString", "coordinates": [[4.92807728888853, 52.3652288018648], [4.92817813856517, 52.3651927644386]]}, "properties": {"Speed": 0.0, "Speed_display": 20.2, "road_quality": 2, "marker": 0, "trip_id": "602D3_Trip2", "hrot_diff": 0, "sample_diff": 1, "time_diff_s": 0.02, "gps_distance_m": 7.9, "original_speed": "", "wheel_diameter_mm": 711, "braking_intensity": 0.0, "is_braking": false, "is_crash": false, "crash_intensity_g": 0.0, "segment_start_sample": 12749, "segment_end_sample": 12750, "time_str": ""}}, {"type": "Feature", "geometry": {"type": "LineString", "coordinates": [[4.92817813856517, 52.3651927644386], [4.92826828448003, 52.3651525856262]]}, "properties": {"Speed": 0.0, "Speed_display": 20.2, "road_quality": 2, "marker": 0, "trip_id": "602D3_Trip2", "hrot_diff": 0, "sample_diff": 1, "time_diff_s": 0.02, "gps_distance_m": 7.6, "original_speed": "", "wheel_diameter_mm": 711, "braking_intensity": 0.0, "is_braking": false, "is_crash": false, "crash_intensity_g": 0.0, "segment_start_sample": 12798, "segment_end_sample": 12799, "time_str": ""}}, {"type": "Feature", "geometry": {"type": "LineString", "coordinates": [[4.92826828448003, 52.3651525856262], [4.92836886634617, 52.3651206488714]]}, "properties": {"Speed": 0.0, "Speed_display": 20.2, "road_quality": 2, "marker": 0, "trip_id": "602D3_Trip2", "hrot_diff": 0, "sample_diff": 1, "time_diff_s": 0.02, "gps_distance_m": 7.7, "original_speed": "", "wheel_diameter_mm": 711, "braking_intensity": 0.0, "is_braking": false, "is_crash": false, "crash_intensity_g": 0.0, "segment_start_sample": 12848, "segment_end_sample": 12849, "time_str": ""}}, {"type": "Feature", "geometry": {"type": "LineString", "coordinates": [[4.92836886634617, 52.3651206488714], [4.92846003323218, 52.3650940005532]]}, "properties": {"Speed": 0.0, "Speed_display": 18.7, "road_quality": 2, "marker": 0, "trip_id": "602D3_Trip2", "hrot_diff": 0, "sample_diff": 1, "time_diff_s": 0.02, "gps_distance_m": 6.9, "original_speed": "", "wheel_diameter_mm": 711, "braking_intensity": 0.0, "is_braking": false, "is_crash": false, "crash_intensity_g": 0.0, "segment_start_sample": 12899, "segment_end_sample": 12900, "time_str": ""}}, {"type": "Feature", "geometry": {"type": "LineString", "coordinates": [[4.92846003323218, 52.3650940005532], [4.92854496765932, 52.3650651117011]]}, "properties": {"Speed": 0.0, "Speed_display": 18.0, "road_quality": 2, "marker": 0, "trip_id": "602D3_Trip2", "hrot_diff": 0, "sample_diff": 1, "time_diff_s": 0.02, "gps_distance_m": 6.6, "original_speed": "", "wheel_diameter_mm": 711, "braking_intensity": 0.0, "is_braking": false, "is_crash": false, "crash_intensity_g": 0.0, "segment_start_sample": 12953, "segment_end_sample": 12954, "time_str": ""}}, {"type": "Feature", "geometry": {"type": "LineString", "coordinates": [[4.92854496765932, 52.3650651117011], [4.92862675652964, 52.3650297765915]]}, "properties": {"Speed": 0.0, "Speed_display": 18.0, "road_quality": 3, "marker": 0, "trip_id": "602D3_Trip2", "hrot_diff": 0, "sample_diff": 1, "time_diff_s": 0.02, "gps_distance_m": 6.8, "original_speed": "", "wheel_diameter_mm": 711, "braking_intensity": 0.0, "is_braking": false, "is_crash": false, "crash_intensity_g": 0.0, "segment_start_sample": 12998, "segment_end_sample": 12999, "time_str": ""}}, {"type": "Feature", "geometry": {"type": "LineString", "coordinates": [[4.92862675652964, 52.3650297765915], [4.92871075752067, 52.3649959110684]]}, "properties": {"Speed": 0.0, "Speed_display": 18.0, "road_quality": 3, "marker": 0, "trip_id": "602D3_Trip2", "hrot_diff": 0, "sample_diff": 1, "time_diff_s": 0.02, "gps_distance_m": 6.8, "original_speed": "", "wheel_diameter_mm": 711, "braking_intensity": 0.0, "is_braking": false, "is_crash": false, "crash_intensity_g": 0.0, "segment_start_sample": 13053, "segment_end_sample": 13054, "time_str": ""}}, {"type": "Feature", "geometry": {"type": "LineString", "coordinates": [[4.92871075752067, 52.3649959110684], [4.92880122640964, 52.3649635591391]]}, "properties": {"Speed": 0.0, "Speed_display": 18.0, "road_quality": 2, "marker": 0, "trip_id": "602D3_Trip2", "hrot_diff": 0, "sample_diff": 1, "time_diff_s": 0.02, "gps_distance_m": 7.1, "original_speed": "", "wheel_diameter_mm": 711, "braking_intensity": 0.0, "is_braking": false, "is_crash": false, "crash_intensity_g": 0.0, "segment_start_sample": 13099, "segment_end_sample": 13100, "time_str": ""}}, {"type": "Feature", "geometry": {"type": "LineString", "coordinates": [[4.92880122640964, 52.3649635591391], [4.92888413446035, 52.3649273504683]]}, "properties": {"Speed": 0.0, "Speed_display": 18.0, "road_quality": 2, "marker": 0, "trip_id": "602D3_Trip2", "hrot_diff": 0, "sample_diff": 1, "time_diff_s": 0.02, "gps_distance_m": 6.9, "original_speed": "", "wheel_diameter_mm": 711, "braking_intensity": 0.0, "is_braking": false, "is_crash": false, "crash_intensity_g": 0.0, "segment_start_sample": 13155, "segment_end_sample": 13156, "time_str": ""}}, {"type": "Feature", "geometry": {"type": "LineString", "coordinates": [[4.92888413446035, 52.3649273504683], [4.92896767201775, 52.3648909529781]]}, "properties": {"Speed": 0.0, "Speed_display": 18.0, "road_quality": 2, "marker": 0, "trip_id": "602D3_Trip2", "hrot_diff": 0, "sample_diff": 1, "time_diff_s": 0.02, "gps_distance_m": 7.0, "original_speed": "", "wheel_diameter_mm": 711, "braking_intensity": 0.0, "is_braking": false, "is_crash": false, "crash_intensity_g": 0.0, "segment_start_sample": 13201, "segment_end_sample": 13202, "time_str": ""}}, {"type": "Feature", "geometry": {"type": "LineString", "coordinates": [[4.92896767201775, 52.3648909529781], [4.92905699961192, 52.3648543312051]]}, "properties": {"Speed": 0.0, "Speed_display": 18.7, "road_quality": 2, "marker": 0, "trip_id": "602D3_Trip2", "hrot_diff": 0, "sample_diff": 1, "time_diff_s": 0.02, "gps_distance_m": 7.3, "original_speed": "", "wheel_diameter_mm": 711, "braking_intensity": 0.0, "is_braking": false, "is_crash": false, "crash_intensity_g": 0.0, "segment_start_sample": 13253, "segment_end_sample": 13254, "time_str": ""}}, {"type": "Feature", "geometry": {"type": "LineString", "coordinates": [[4.92905699961192, 52.3648543312051], [4.92914102624259, 52.3648158787402]]}, "properties": {"Speed": 0.0, "Speed_display": 18.7, "road_quality": 3, "marker": 0, "trip_id": "602D3_Trip2", "hrot_diff": 0, "sample_diff": 1, "time_diff_s": 0.02, "gps_distance_m": 7.1, "original_speed": "", "wheel_diameter_mm": 711, "braking_intensity": 0.0, "is_braking": false, "is_crash": false, "crash_intensity_g": 0.0, "segment_start_sample": 13300, "segment_end_sample": 13301, "time_str": ""}}, {"type": "Feature", "geometry": {"type": "LineString", "coordinates": [[4.92914102624259, 52.3648158787402], [4.92922146594259, 52.3647725433655]]}, "properties": {"Speed": 0.0, "Speed_display": 18.7, "road_quality": 3, "marker": 0, "trip_id": "602D3_Trip2", "hrot_diff": 0, "sample_diff": 1, "time_diff_s": 0.02, "gps_distance_m": 7.3, "original_speed": "", "wheel_diameter_mm": 711, "braking_intensity": 0.0, "is_braking": false, "is_crash": false, "crash_intensity_g": 0.0, "segment_start_sample": 13353, "segment_end_sample": 13354, "time_str": ""}}, {"type": "Feature", "geometry": {"type": "LineString", "coordinates": [[4.92922146594259, 52.3647725433655], [4.92929324566259, 52.3647279351049]]}, "properties": {"Speed": 0.0, "Speed_display": 18.0, "road_quality": 3, "marker": 0, "trip_id": "602D3_Trip2", "hrot_diff": 0, "sample_diff": 1, "time_diff_s": 0.02, "gps_distance_m": 7.0, "original_speed": "", "wheel_diameter_mm": 711, "braking_intensity": 0.0, "is_braking": false, "is_crash": false, "crash_intensity_g": 0.0, "segment_start_sample": 13398, "segment_end_sample": 13399, "time_str": ""}}, {"type": "Feature", "geometry": {"type": "LineString", "coordinates": [[4.92929324566259, 52.3647279351049], [4.92937391611659, 52.3646865036416]]}, "properties": {"Speed": 0.0, "Speed_display": 18.0, "road_quality": 2, "marker": 0, "trip_id": "602D3_Trip2", "hrot_diff": 0, "sample_diff": 1, "time_diff_s": 0.02, "gps_distance_m": 7.2, "original_speed": "", "wheel_diameter_mm": 711, "braking_intensity": 0.0, "is_braking": false, "is_crash": false, "crash_intensity_g": 0.0, "segment_start_sample": 13451, "segment_end_sample": 13452, "time_str": ""}}, {"type": "Feature", "geometry": {"type": "LineString", "coordinates": [[4.92937391611659, 52.3646865036416], [4.9294513107846, 52.364644911492]]}, "properties": {"Speed": 0.0, "Speed_display": 18.0, "road_quality": 2, "marker": 0, "trip_id": "602D3_Trip2", "hrot_diff": 0, "sample_diff": 1, "time_diff_s": 0.02, "gps_distance_m": 7.0, "original_speed": "", "wheel_diameter_mm": 711, "braking_intensity": 0.0, "is_braking": false, "is_crash": false, "crash_intensity_g": 0.0, "segment_start_sample": 13499, "segment_end_sample": 13500, "time_str": ""}}, {"type": "Feature", "geometry": {"type": "LineString", "coordinates": [[4.9294513107846, 52.364644911492], [4.92953412234684, 52.3646051013779]]}, "properties": {"Speed": 0.0, "Speed_display": 18.0, "road_quality": 2, "marker": 0, "trip_id": "602D3_Trip2", "hrot_diff": 0, "sample_diff": 1, "time_diff_s": 0.02, "gps_distance_m": 7.2, "original_speed": "", "wheel_diameter_mm": 711, "braking_intensity": 0.0, "is_braking": false, "is_crash": false, "crash_intensity_g": 0.0, "segment_start_sample": 13551, "segment_end_sample": 13552, "time_str": ""}}, {"type": "Feature", "geometry": {"type": "LineString", "coordinates": [[4.92953412234684, 52.3646051013779], [4.92960993932103, 52.3645568994239]]}, "properties": {"Speed": 0.0, "Speed_display": 18.7, "road_quality": 2, "marker": 0, "trip_id": "602D3_Trip2", "hrot_diff": 0, "sample_diff": 1, "time_diff_s": 0.02, "gps_distance_m": 7.4, "original_speed": "", "wheel_diameter_mm": 711, "braking_intensity": 0.0, "is_braking": false, "is_crash": false, "crash_intensity_g": 0.0, "segment_start_sample": 13598, "segment_end_sample": 13599, "time_str": ""}}, {"type": "Feature", "geometry": {"type": "LineString", "coordinates": [[4.92960993932103, 52.3645568994239], [4.92968335670207, 52.3645147422149]]}, "properties": {"Speed": 0.0, "Speed_display": 18.0, "road_quality": 2, "marker": 0, "trip_id": "602D3_Trip2", "hrot_diff": 0, "sample_diff": 1, "time_diff_s": 0.02, "gps_distance_m": 6.8, "original_speed": "", "wheel_diameter_mm": 711, "braking_intensity": 0.0, "is_braking": false, "is_crash": false, "crash_intensity_g": 0.0, "segment_start_sample": 13651, "segment_end_sample": 13652, "time_str": ""}}, {"type": "Feature", "geometry": {"type": "LineString", "coordinates": [[4.92968335670207, 52.3645147422149], [4.92976545959417, 52.364471420837]]}, "properties": {"Speed": 0.0, "Speed_display": 18.7, "road_quality": 2, "marker": 0, "trip_id": "602D3_Trip2", "hrot_diff": 0, "sample_diff": 1, "time_diff_s": 0.02, "gps_distance_m": 7.4, "original_speed": "", "wheel_diameter_mm": 711, "braking_intensity": 0.0, "is_braking": false, "is_crash": false, "crash_intensity_g": 0.0, "segment_start_sample": 13702, "segment_end_sample": 13703, "time_str": ""}}, {"type": "Feature", "geometry": {"type": "LineString", "coordinates": [[4.92976545959417, 52.364471420837], [4.92986352867116, 52.3644342871822]]}, "properties": {"Speed": 0.0, "Speed_display": 19.4, "road_quality": 2, "marker": 0, "trip_id": "602D3_Trip2", "hrot_diff": 0, "sample_diff": 1, "time_diff_s": 0.02, "gps_distance_m": 7.8, "original_speed": "", "wheel_diameter_mm": 711, "braking_intensity": 0.0, "is_braking": false, "is_crash": false, "crash_intensity_g": 0.0, "segment_start_sample": 13753, "segment_end_sample": 13754, "time_str": ""}}, {"type": "Feature", "geometry": {"type": "LineString", "coordinates": [[4.92986352867116, 52.3644342871822], [4.92995165752162, 52.36439173688]]}, "properties": {"Speed": 0.0, "Speed_display": 19.4, "road_quality": 2, "marker": 0, "trip_id": "602D3_Trip2", "hrot_diff": 0, "sample_diff": 1, "time_diff_s": 0.02, "gps_distance_m": 7.6, "original_speed": "", "wheel_diameter_mm": 711, "braking_intensity": 0.0, "is_braking": false, "is_crash": false, "crash_intensity_g": 0.0, "segment_start_sample": 13803, "segment_end_sample": 13804, "time_str": ""}}, {"type": "Feature", "geometry": {"type": "LineString", "coordinates": [[4.92995165752162, 52.36439173688], [4.93003344494339, 52.3643470627323]]}, "properties": {"Speed": 0.0, "Speed_display": 19.4, "road_quality": 2, "marker": 0, "trip_id": "602D3_Trip2", "hrot_diff": 0, "sample_diff": 1, "time_diff_s": 0.02, "gps_distance_m": 7.5, "original_speed": "", "wheel_diameter_mm": 711, "braking_intensity": 0.0, "is_braking": false, "is_crash": false, "crash_intensity_g": 0.0, "segment_start_sample": 13853, "segment_end_sample": 13854, "time_str": ""}}, {"type": "Feature", "geometry": {"type": "LineString", "coordinates": [[4.93003344494339, 52.3643470627323], [4.93010847303947, 52.364300677953]]}, "properties": {"Speed": 0.0, "Speed_display": 18.7, "road_quality": 2, "marker": 0, "trip_id": "602D3_Trip2", "hrot_diff": 0, "sample_diff": 1, "time_diff_s": 0.02, "gps_distance_m": 7.2, "original_speed": "", "wheel_diameter_mm": 711, "braking_intensity": 0.0, "is_braking": false, "is_crash": false, "crash_intensity_g": 0.0, "segment_start_sample": 13904, "segment_end_sample": 13905, "time_str": ""}}, {"type": "Feature", "geometry": {"type": "LineString", "coordinates": [[4.93010847303947, 52.364300677953], [4.93017216497932, 52.3642482250409]]}, "properties": {"Speed": 0.0, "Speed_display": 18.7, "road_quality": 2, "marker": 0, "trip_id": "602D3_Trip2", "hrot_diff": 0, "sample_diff": 1, "time_diff_s": 0.02, "gps_distance_m": 7.3, "original_speed": "", "wheel_diameter_mm": 711, "braking_intensity": 0.0, "is_braking": false, "is_crash": false, "crash_intensity_g": 0.0, "segment_start_sample": 13948, "segment_end_sample": 13949, "time_str": ""}}, {"type": "Feature", "geometry": {"type": "LineString", "coordinates": [[4.93017216497932, 52.3642482250409], [4.93023570500169, 52.3642003038697]]}, "properties": {"Speed": 0.0, "Speed_display": 18.0, "road_quality": 3, "marker": 0, "trip_id": "602D3_Trip2", "hrot_diff": 0, "sample_diff": 1, "time_diff_s": 0.02, "gps_distance_m": 6.9, "original_speed": "", "wheel_diameter_mm": 711, "braking_intensity": 0.0, "is_braking": false, "is_crash": false, "crash_intensity_g": 0.0, "segment_start_sample": 14002, "segment_end_sample": 14003, "time_str": ""}}, {"type": "Feature", "geometry": {"type": "LineString", "coordinates": [[4.93023570500169, 52.3642003038697], [4.93028942660888, 52.364147687249]]}, "properties": {"Speed": 0.0, "Speed_display": 18.0, "road_quality": 3, "marker": 0, "trip_id": "602D3_Trip2", "hrot_diff": 0, "sample_diff": 1, "time_diff_s": 0.02, "gps_distance_m": 6.9, "original_speed": "", "wheel_diameter_mm": 711, "braking_intensity": 0.0, "is_braking": false, "is_crash": false, "crash_intensity_g": 0.0, "segment_start_sample": 14049, "segment_end_sample": 14050, "time_str": ""}}, {"type": "Feature", "geometry": {"type": "LineString", "coordinates": [[4.93028942660888, 52.364147687249], [4.93032894479682, 52.3640942627944]]}, "properties": {"Speed": 0.0, "Speed_display": 17.3, "road_quality": 2, "marker": 0, "trip_id": "602D3_Trip2", "hrot_diff": 0, "sample_diff": 1, "time_diff_s": 0.02, "gps_distance_m": 6.5, "original_speed": "", "wheel_diameter_mm": 711, "braking_intensity": 0.0, "is_braking": false, "is_crash": false, "crash_intensity_g": 0.0, "segment_start_sample": 14105, "segment_end_sample": 14106, "time_str": ""}}, {"type": "Feature", "geometry": {"type": "LineString", "coordinates": [[4.93032894479682, 52.3640942627944], [4.93036680878087, 52.3640396945183]]}, "properties": {"Speed": 0.0, "Speed_display": 17.3, "road_quality": 2, "marker": 0, "trip_id": "602D3_Trip2", "hrot_diff": 0, "sample_diff": 1, "time_diff_s": 0.02, "gps_distance_m": 6.6, "original_speed": "", "wheel_diameter_mm": 711, "braking_intensity": 0.0, "is_braking": false, "is_crash": false, "crash_intensity_g": 0.0, "segment_start_sample": 14154, "segment_end_sample": 14155, "time_str": ""}}, {"type": "Feature", "geometry": {"type": "LineString", "coordinates": [[4.93036680878087, 52.3640396945183], [4.93039405409914, 52.3639863349744]]}, "properties": {"Speed": 0.0, "Speed_display": 16.6, "road_quality": 2, "marker": 0, "trip_id": "602D3_Trip2", "hrot_diff": 0, "sample_diff": 1, "time_diff_s": 0.02, "gps_distance_m": 6.2, "original_speed": "", "wheel_diameter_mm": 711, "braking_intensity": 0.0, "is_braking": false, "is_crash": false, "crash_intensity_g": 0.0, "segment_start_sample": 14205, "segment_end_sample": 14206, "time_str": ""}}, {"type": "Feature", "geometry": {"type": "LineString", "coordinates": [[4.93039405409914, 52.3639863349744], [4.93041584620337, 52.3639336578813]]}, "properties": {"Speed": 0.0, "Speed_display": 15.8, "road_quality": 2, "marker": 0, "trip_id": "602D3_Trip2", "hrot_diff": 0, "sample_diff": 1, "time_diff_s": 0.02, "gps_distance_m": 6.0, "original_speed": "", "wheel_diameter_mm": 711, "braking_intensity": 0.0, "is_braking": false, "is_crash": false, "crash_intensity_g": 0.0, "segment_start_sample": 14257, "segment_end_sample": 14258, "time_str": ""}}, {"type": "Feature", "geometry": {"type": "LineString", "coordinates": [[4.93041584620337, 52.3639336578813], [4.93043440663926, 52.3638813138382]]}, "properties": {"Speed": 0.0, "Speed_display": 15.8, "road_quality": 2, "marker": 0, "trip_id": "602D3_Trip2", "hrot_diff": 0, "sample_diff": 1, "time_diff_s": 0.02, "gps_distance_m": 6.0, "original_speed": "", "wheel_diameter_mm": 711, "braking_intensity": 0.0, "is_braking": false, "is_crash": false, "crash_intensity_g": 0.0, "segment_start_sample": 14303, "segment_end_sample": 14304, "time_str": ""}}, {"type": "Feature", "geometry": {"type": "LineString", "coordinates": [[4.93043440663926, 52.3638813138382], [4.93044453575973, 52.3638319832641]]}, "properties": {"Speed": 0.0, "Speed_display": 15.1, "road_quality": 2, "marker": 0, "trip_id": "602D3_Trip2", "hrot_diff": 0, "sample_diff": 1, "time_diff_s": 0.02, "gps_distance_m": 5.5, "original_speed": "", "wheel_diameter_mm": 711, "braking_intensity": 0.0, "is_braking": false, "is_crash": false, "crash_intensity_g": 0.0, "segment_start_sample": 14349, "segment_end_sample": 14350, "time_str": ""}}, {"type": "Feature", "geometry": {"type": "LineString", "coordinates": [[4.93044453575973, 52.3638319832641], [4.93045378052447, 52.3637825799791]]}, "properties": {"Speed": 0.0, "Speed_display": 14.4, "road_quality": 2, "marker": 0, "trip_id": "602D3_Trip2", "hrot_diff": 0, "sample_diff": 1, "time_diff_s": 0.02, "gps_distance_m": 5.5, "original_speed": "", "wheel_diameter_mm": 711, "braking_intensity": 0.0, "is_braking": false, "is_crash": false, "crash_intensity_g": 0.0, "segment_start_sample": 14407, "segment_end_sample": 14408, "time_str": ""}}, {"type": "Feature", "geometry": {"type": "LineString", "coordinates": [[4.93045378052447, 52.3637825799791], [4.93046465591043, 52.3637348301561]]}, "properties": {"Speed": 0.0, "Speed_display": 13.7, "road_quality": 2, "marker": 0, "trip_id": "602D3_Trip2", "hrot_diff": 0, "sample_diff": 1, "time_diff_s": 0.02, "gps_distance_m": 5.4, "original_speed": "", "wheel_diameter_mm": 711, "braking_intensity": 0.0, "is_braking": false, "is_crash": false, "crash_intensity_g": 0.0, "segment_start_sample": 14458, "segment_end_sample": 14459, "time_str": ""}}, {"type": "Feature", "geometry": {"type": "LineString", "coordinates": [[4.93046465591043, 52.3637348301561], [4.93048342708544, 52.3636895323178]]}, "properties": {"Speed": 0.0, "Speed_display": 13.7, "road_quality": 2, "marker": 0, "trip_id": "602D3_Trip2", "hrot_diff": 0, "sample_diff": 1, "time_diff_s": 0.02, "gps_distance_m": 5.2, "original_speed": "", "wheel_diameter_mm": 711, "braking_intensity": 0.0, "is_braking": false, "is_crash": false, "crash_intensity_g": 0.0, "segment_start_sample": 14500, "segment_end_sample": 14501, "time_str": ""}}, {"type": "Feature", "geometry": {"type": "LineString", "coordinates": [[4.93048342708544, 52.3636895323178], [4.93048209936851, 52.3636804235062]]}, "properties": {"Speed": 0.0, "Speed_display": 3.6, "road_quality": 2, "marker": 0, "trip_id": "602D3_Trip2", "hrot_diff": 0, "sample_diff": 1, "time_diff_s": 0.02, "gps_distance_m": 1.0, "original_speed": "", "wheel_diameter_mm": 711, "braking_intensity": 0.0, "is_braking": false, "is_crash": false, "crash_intensity_g": 0.0, "segment_start_sample": 14555, "segment_end_sample": 14556, "time_str": ""}}, {"type": "Feature", "geometry": {"type": "LineString", "coordinates": [[4.93048209936851, 52.3636804235062], [4.93049189598421, 52.3636317240202]]}, "properties": {"Speed": 0.0, "Speed_display": 9.4, "road_quality": 2, "marker": 0, "trip_id": "602D3_Trip2", "hrot_diff": 0, "sample_diff": 1, "time_diff_s": 0.02, "gps_distance_m": 5.5, "original_speed": "", "wheel_diameter_mm": 711, "braking_intensity": 0.0, "is_braking": false, "is_crash": false, "crash_intensity_g": 0.0, "segment_start_sample": 14600, "segment_end_sample": 14601, "time_str": ""}}, {"type": "Feature", "geometry": {"type": "LineString", "coordinates": [[4.93049189598421, 52.3636317240202], [4.93047778060453, 52.363601547199]]}, "properties": {"Speed": 0.0, "Speed_display": 7.2, "road_quality": 2, "marker": 0, "trip_id": "602D3_Trip2", "hrot_diff": 0, "sample_diff": 1, "time_diff_s": 0.02, "gps_distance_m": 3.5, "original_speed": "", "wheel_diameter_mm": 711, "braking_intensity": 0.0, "is_braking": false, "is_crash": false, "crash_intensity_g": 0.0, "segment_start_sample": 14659, "segment_end_sample": 14660, "time_str": ""}}, {"type": "Feature", "geometry": {"type": "LineString", "coordinates": [[4.93047778060453, 52.363601547199], [4.93047053741632, 52.3635258935973]]}, "properties": {"Speed": 0.0, "Speed_display": 15.1, "road_quality": 2, "marker": 0, "trip_id": "602D3_Trip2", "hrot_diff": 0, "sample_diff": 1, "time_diff_s": 0.02, "gps_distance_m": 8.4, "original_speed": "", "wheel_diameter_mm": 711, "braking_intensity": 0.0, "is_braking": false, "is_crash": false, "crash_intensity_g": 0.0, "segment_start_sample": 14708, "segment_end_sample": 14709, "time_str": ""}}, {"type": "Feature", "geometry": {"type": "LineString", "coordinates": [[4.93047053741632, 52.3635258935973], [4.93047881968737, 52.3634917349166]]}, "properties": {"Speed": 0.0, "Speed_display": 11.5, "road_quality": 2, "marker": 0, "trip_id": "602D3_Trip2", "hrot_diff": 0, "sample_diff": 1, "time_diff_s": 0.02, "gps_distance_m": 3.8, "original_speed": "", "wheel_diameter_mm": 711, "braking_intensity": 0.0, "is_braking": false, "is_crash": false, "crash_intensity_g": 0.0, "segment_start_sample": 14759, "segment_end_sample": 14760, "time_str": ""}}, {"type": "Feature", "geometry": {"type": "LineString", "coordinates": [[4.93047881968737, 52.3634917349166], [4.9304934623708, 52.3634630360685]]}, "properties": {"Speed": 0.0, "Speed_display": 10.1, "road_quality": 2, "marker": 0, "trip_id": "602D3_Trip2", "hrot_diff": 0, "sample_diff": 1, "time_diff_s": 0.02, "gps_distance_m": 3.3, "original_speed": "", "wheel_diameter_mm": 711, "braking_intensity": 0.0, "is_braking": false, "is_crash": false, "crash_intensity_g": 0.0, "segment_start_sample": 14802, "segment_end_sample": 14803, "time_str": ""}}, {"type": "Feature", "geometry": {"type": "LineString", "coordinates": [[4.9304934623708, 52.3634630360685], [4.93050855508837, 52.3634318871656]]}, "properties": {"Speed": 0.0, "Speed_display": 9.4, "road_quality": 3, "marker": 0, "trip_id": "602D3_Trip2", "hrot_diff": 0, "sample_diff": 1, "time_diff_s": 0.02, "gps_distance_m": 3.6, "original_speed": "", "wheel_diameter_mm": 711, "braking_intensity": 0.0, "is_braking": false, "is_crash": false, "crash_intensity_g": 0.0, "segment_start_sample": 14857, "segment_end_sample": 14858, "time_str": ""}}, {"type": "Feature", "geometry": {"type": "LineString", "coordinates": [[4.93050855508837, 52.3634318871656], [4.93049509983603, 52.3633946853665]]}, "properties": {"Speed": 0.0, "Speed_display": 10.1, "road_quality": 2, "marker": 0, "trip_id": "602D3_Trip2", "hrot_diff": 0, "sample_diff": 1, "time_diff_s": 0.02, "gps_distance_m": 4.2, "original_speed": "", "wheel_diameter_mm": 711, "braking_intensity": 0.0, "is_braking": false, "is_crash": false, "crash_intensity_g": 0.0, "segment_start_sample": 14900, "segment_end_sample": 14901, "time_str": ""}}, {"type": "Feature", "geometry": {"type": "LineString", "coordinates": [[4.93049509983603, 52.3633946853665], [4.93048261898062, 52.3633571947546]]}, "properties": {"Speed": 0.0, "Speed_display": 10.8, "road_quality": 2, "marker": 0, "trip_id": "602D3_Trip2", "hrot_diff": 0, "sample_diff": 1, "time_diff_s": 0.02, "gps_distance_m": 4.3, "original_speed": "", "wheel_diameter_mm": 711, "braking_intensity": 0.0, "is_braking": false, "is_crash": false, "crash_intensity_g": 0.0, "segment_start_sample": 14951, "segment_end_sample": 14952, "time_str": ""}}, {"type": "Feature", "geometry": {"type": "LineString", "coordinates": [[4.93048261898062, 52.3633571947546], [4.93047915295281, 52.363312891639]]}, "properties": {"Speed": 0.0, "Speed_display": 11.5, "road_quality": 2, "marker": 0, "trip_id": "602D3_Trip2", "hrot_diff": 0, "sample_diff": 1, "time_diff_s": 0.02, "gps_distance_m": 4.9, "original_speed": "", "wheel_diameter_mm": 711, "braking_intensity": 0.0, "is_braking": false, "is_crash": false, "crash_intensity_g": 0.0, "segment_start_sample": 15009, "segment_end_sample": 15010, "time_str": ""}}, {"type": "Feature", "geometry": {"type": "LineString", "coordinates": [[4.93047915295281, 52.363312891639], [4.93048714560646, 52.3632704459766]]}, "properties": {"Speed": 0.0, "Speed_display": 12.2, "road_quality": 2, "marker": 0, "trip_id": "602D3_Trip2", "hrot_diff": 0, "sample_diff": 1, "time_diff_s": 0.02, "gps_distance_m": 4.8, "original_speed": "", "wheel_diameter_mm": 711, "braking_intensity": 0.0, "is_braking": false, "is_crash": false, "crash_intensity_g": 0.0, "segment_start_sample": 15055, "segment_end_sample": 15056, "time_str": ""}}, {"type": "Feature", "geometry": {"type": "LineString", "coordinates": [[4.93048714560646, 52.3632704459766], [4.93048738208547, 52.3632253830538]]}, "properties": {"Speed": 0.0, "Speed_display": 12.2, "road_quality": 2, "marker": 0, "trip_id": "602D3_Trip2", "hrot_diff": 0, "sample_diff": 1, "time_diff_s": 0.02, "gps_distance_m": 5.0, "original_speed": "", "wheel_diameter_mm": 711, "braking_intensity": 0.0, "is_braking": false, "is_crash": false, "crash_intensity_g": 0.0, "segment_start_sample": 15099, "segment_end_sample": 15100, "time_str": ""}}, {"type": "Feature", "geometry": {"type": "LineString", "coordinates": [[4.93048738208547, 52.3632253830538], [4.93049124408141, 52.363178486188]]}, "properties": {"Speed": 0.0, "Speed_display": 13.0, "road_quality": 2, "marker": 0, "trip_id": "602D3_Trip2", "hrot_diff": 0, "sample_diff": 1, "time_diff_s": 0.02, "gps_distance_m": 5.2, "original_speed": "", "wheel_diameter_mm": 711, "braking_intensity": 0.0, "is_braking": false, "is_crash": false, "crash_intensity_g": 0.0, "segment_start_sample": 15157, "segment_end_sample": 15158, "time_str": ""}}, {"type": "Feature", "geometry": {"type": "LineString", "coordinates": [[4.93049124408141, 52.363178486188], [4.93050479075023, 52.3631386450892]]}, "properties": {"Speed": 0.0, "Speed_display": 12.2, "road_quality": 2, "marker": 0, "trip_id": "602D3_Trip2", "hrot_diff": 0, "sample_diff": 1, "time_diff_s": 0.02, "gps_distance_m": 4.5, "original_speed": "", "wheel_diameter_mm": 711, "braking_intensity": 0.0, "is_braking": false, "is_crash": false, "crash_intensity_g": 0.0, "segment_start_sample": 15199, "segment_end_sample": 15200, "time_str": ""}}, {"type": "Feature", "geometry": {"type": "LineString", "coordinates": [[4.93050479075023, 52.3631386450892], [4.93052715214437, 52.3630881915673]]}, "properties": {"Speed": 0.0, "Speed_display": 13.7, "road_quality": 2, "marker": 0, "trip_id": "602D3_Trip2", "hrot_diff": 0, "sample_diff": 1, "time_diff_s": 0.02, "gps_distance_m": 5.8, "original_speed": "", "wheel_diameter_mm": 711, "braking_intensity": 0.0, "is_braking": false, "is_crash": false, "crash_intensity_g": 0.0, "segment_start_sample": 15253, "segment_end_sample": 15254, "time_str": ""}}, {"type": "Feature", "geometry": {"type": "LineString", "coordinates": [[4.93052715214437, 52.3630881915673], [4.93052530808151, 52.3630421492399]]}, "properties": {"Speed": 0.0, "Speed_display": 13.7, "road_quality": 2, "marker": 0, "trip_id": "602D3_Trip2", "hrot_diff": 0, "sample_diff": 1, "time_diff_s": 0.02, "gps_distance_m": 5.1, "original_speed": "", "wheel_diameter_mm": 711, "braking_intensity": 0.0, "is_braking": false, "is_crash": false, "crash_intensity_g": 0.0, "segment_start_sample": 15303, "segment_end_sample": 15304, "time_str": ""}}, {"type": "Feature", "geometry": {"type": "LineString", "coordinates": [[4.93052530808151, 52.3630421492399], [4.93053447812471, 52.3629893942129]]}, "properties": {"Speed": 0.0, "Speed_display": 14.4, "road_quality": 2, "marker": 0, "trip_id": "602D3_Trip2", "hrot_diff": 0, "sample_diff": 1, "time_diff_s": 0.02, "gps_distance_m": 5.9, "original_speed": "", "wheel_diameter_mm": 711, "braking_intensity": 0.0, "is_braking": false, "is_crash": false, "crash_intensity_g": 0.0, "segment_start_sample": 15350, "segment_end_sample": 15351, "time_str": ""}}, {"type": "Feature", "geometry": {"type": "LineString", "coordinates": [[4.93053447812471, 52.3629893942129], [4.9305408891551, 52.3629349640644]]}, "properties": {"Speed": 0.0, "Speed_display": 15.1, "road_quality": 2, "marker": 0, "trip_id": "602D3_Trip2", "hrot_diff": 0, "sample_diff": 1, "time_diff_s": 0.02, "gps_distance_m": 6.1, "original_speed": "", "wheel_diameter_mm": 711, "braking_intensity": 0.0, "is_braking": false, "is_crash": false, "crash_intensity_g": 0.0, "segment_start_sample": 15406, "segment_end_sample": 15407, "time_str": ""}}, {"type": "Feature", "geometry": {"type": "LineString", "coordinates": [[4.9305408891551, 52.3629349640644], [4.93054552548392, 52.3628791633612]]}, "properties": {"Speed": 0.0, "Speed_display": 15.8, "road_quality": 2, "marker": 0, "trip_id": "602D3_Trip2", "hrot_diff": 0, "sample_diff": 1, "time_diff_s": 0.02, "gps_distance_m": 6.2, "original_speed": "", "wheel_diameter_mm": 711, "braking_intensity": 0.0, "is_braking": false, "is_crash": false, "crash_intensity_g": 0.0, "segment_start_sample": 15451, "segment_end_sample": 15452, "time_str": ""}}, {"type": "Feature", "geometry": {"type": "LineString", "coordinates": [[4.93054552548392, 52.3628791633612], [4.93054886044948, 52.362821735598]]}, "properties": {"Speed": 0.0, "Speed_display": 15.8, "road_quality": 2, "marker": 0, "trip_id": "602D3_Trip2", "hrot_diff": 0, "sample_diff": 1, "time_diff_s": 0.02, "gps_distance_m": 6.4, "original_speed": "", "wheel_diameter_mm": 711, "braking_intensity": 0.0, "is_braking": false, "is_crash": false, "crash_intensity_g": 0.0, "segment_start_sample": 15503, "segment_end_sample": 15504, "time_str": ""}}, {"type": "Feature", "geometry": {"type": "LineString", "coordinates": [[4.93054886044948, 52.362821735598], [4.93055409858244, 52.3627606880433]]}, "properties": {"Speed": 0.0, "Speed_display": 17.3, "road_quality": 3, "marker": 0, "trip_id": "602D3_Trip2", "hrot_diff": 0, "sample_diff": 1, "time_diff_s": 0.02, "gps_distance_m": 6.8, "original_speed": "", "wheel_diameter_mm": 711, "braking_intensity": 0.0, "is_braking": false, "is_crash": false, "crash_intensity_g": 0.0, "segment_start_sample": 15556, "segment_end_sample": 15557, "time_str": ""}}, {"type": "Feature", "geometry": {"type": "LineString", "coordinates": [[4.93055409858244, 52.3627606880433], [4.93056354498692, 52.3627077078428]]}, "properties": {"Speed": 0.0, "Speed_display": 16.6, "road_quality": 2, "marker": 0, "trip_id": "602D3_Trip2", "hrot_diff": 0, "sample_diff": 1, "time_diff_s": 0.02, "gps_distance_m": 5.9, "original_speed": "", "wheel_diameter_mm": 711, "braking_intensity": 0.0, "is_braking": false, "is_crash": false, "crash_intensity_g": 0.0, "segment_start_sample": 15599, "segment_end_sample": 15600, "time_str": ""}}, {"type": "Feature", "geometry": {"type": "LineString", "coordinates": [[4.93056354498692, 52.3627077078428], [4.93058111103687, 52.3626488216585]]}, "properties": {"Speed": 0.0, "Speed_display": 16.6, "road_quality": 2, "marker": 0, "trip_id": "602D3_Trip2", "hrot_diff": 0, "sample_diff": 1, "time_diff_s": 0.02, "gps_distance_m": 6.7, "original_speed": "", "wheel_diameter_mm": 711, "braking_intensity": 0.0, "is_braking": false, "is_crash": false, "crash_intensity_g": 0.0, "segment_start_sample": 15649, "segment_end_sample": 15650, "time_str": ""}}, {"type": "Feature", "geometry": {"type": "LineString", "coordinates": [[4.93058111103687, 52.3626488216585], [4.93058714516571, 52.3625881752352]]}, "properties": {"Speed": 0.0, "Speed_display": 17.3, "road_quality": 2, "marker": 0, "trip_id": "602D3_Trip2", "hrot_diff": 0, "sample_diff": 1, "time_diff_s": 0.02, "gps_distance_m": 6.8, "original_speed": "", "wheel_diameter_mm": 711, "braking_intensity": 0.0, "is_braking": false, "is_crash": false, "crash_intensity_g": 0.0, "segment_start_sample": 15700, "segment_end_sample": 15701, "time_str": ""}}, {"type": "Feature", "geometry": {"type": "LineString", "coordinates": [[4.93058714516571, 52.3625881752352], [4.93057647048106, 52.362531286871]]}, "properties": {"Speed": 0.0, "Speed_display": 16.6, "road_quality": 2, "marker": 0, "trip_id": "602D3_Trip2", "hrot_diff": 0, "sample_diff": 1, "time_diff_s": 0.02, "gps_distance_m": 6.4, "original_speed": "", "wheel_diameter_mm": 711, "braking_intensity": 0.0, "is_braking": false, "is_crash": false, "crash_intensity_g": 0.0, "segment_start_sample": 15751, "segment_end_sample": 15752, "time_str": ""}}, {"type": "Feature", "geometry": {"type": "LineString", "coordinates": [[4.93057647048106, 52.362531286871], [4.93057774362271, 52.3624745968516]]}, "properties": {"Speed": 0.0, "Speed_display": 16.6, "road_quality": 2, "marker": 0, "trip_id": "602D3_Trip2", "hrot_diff": 0, "sample_diff": 1, "time_diff_s": 0.02, "gps_distance_m": 6.3, "original_speed": "", "wheel_diameter_mm": 711, "braking_intensity": 0.0, "is_braking": false, "is_crash": false, "crash_intensity_g": 0.0, "segment_start_sample": 15802, "segment_end_sample": 15803, "time_str": ""}}, {"type": "Feature", "geometry": {"type": "LineString", "coordinates": [[4.93057774362271, 52.3624745968516], [4.93057922413888, 52.3624142751665]]}, "properties": {"Speed": 0.0, "Speed_display": 17.3, "road_quality": 2, "marker": 0, "trip_id": "602D3_Trip2", "hrot_diff": 0, "sample_diff": 1, "time_diff_s": 0.02, "gps_distance_m": 6.7, "original_speed": "", "wheel_diameter_mm": 711, "braking_intensity": 0.0, "is_braking": false, "is_crash": false, "crash_intensity_g": 0.0, "segment_start_sample": 15852, "segment_end_sample": 15853, "time_str": ""}}, {"type": "Feature", "geometry": {"type": "LineString", "coordinates": [[4.93057922413888, 52.3624142751665], [4.93059448348721, 52.3623559946144]]}, "properties": {"Speed": 0.0, "Speed_display": 17.3, "road_quality": 2, "marker": 0, "trip_id": "602D3_Trip2", "hrot_diff": 0, "sample_diff": 1, "time_diff_s": 0.02, "gps_distance_m": 6.6, "original_speed": "", "wheel_diameter_mm": 711, "braking_intensity": 0.0, "is_braking": false, "is_crash": false, "crash_intensity_g": 0.0, "segment_start_sample": 15901, "segment_end_sample": 15902, "time_str": ""}}, {"type": "Feature", "geometry": {"type": "LineString", "coordinates": [[4.93059448348721, 52.3623559946144], [4.93060255928182, 52.3622970349998]]}, "properties": {"Speed": 0.0, "Speed_display": 16.6, "road_quality": 2, "marker": 0, "trip_id": "602D3_Trip2", "hrot_diff": 0, "sample_diff": 1, "time_diff_s": 0.02, "gps_distance_m": 6.6, "original_speed": "", "wheel_diameter_mm": 711, "braking_intensity": 0.0, "is_braking": false, "is_crash": false, "crash_intensity_g": 0.0, "segment_start_sample": 15951, "segment_end_sample": 15952, "time_str": ""}}, {"type": "Feature", "geometry": {"type": "LineString", "coordinates": [[4.93060255928182, 52.3622970349998], [4.93059649429801, 52.3622379888977]]}, "properties": {"Speed": 0.0, "Speed_display": 16.6, "road_quality": 2, "marker": 0, "trip_id": "602D3_Trip2", "hrot_diff": 0, "sample_diff": 1, "time_diff_s": 0.02, "gps_distance_m": 6.6, "original_speed": "", "wheel_diameter_mm": 711, "braking_intensity": 0.0, "is_braking": false, "is_crash": false, "crash_intensity_g": 0.0, "segment_start_sample": 16001, "segment_end_sample": 16002, "time_str": ""}}, {"type": "Feature", "geometry": {"type": "LineString", "coordinates": [[4.93059649429801, 52.3622379888977], [4.930599978932, 52.3621799207448]]}, "properties": {"Speed": 0.0, "Speed_display": 16.6, "road_quality": 2, "marker": 0, "trip_id": "602D3_Trip2", "hrot_diff": 0, "sample_diff": 1, "time_diff_s": 0.02, "gps_distance_m": 6.5, "original_speed": "", "wheel_diameter_mm": 711, "braking_intensity": 0.0, "is_braking": false, "is_crash": false, "crash_intensity_g": 0.0, "segment_start_sample": 16050, "segment_end_sample": 16051, "time_str": ""}}, {"type": "Feature", "geometry": {"type": "LineString", "coordinates": [[4.930599978932, 52.3621799207448], [4.93060471294298, 52.3621249531263]]}, "properties": {"Speed": 0.0, "Speed_display": 16.6, "road_quality": 2, "marker": 0, "trip_id": "602D3_Trip2", "hrot_diff": 0, "sample_diff": 1, "time_diff_s": 0.02, "gps_distance_m": 6.1, "original_speed": "", "wheel_diameter_mm": 711, "braking_intensity": 0.0, "is_braking": false, "is_crash": false, "crash_intensity_g": 0.0, "segment_start_sample": 16102, "segment_end_sample": 16103, "time_str": ""}}, {"type": "Feature", "geometry": {"type": "LineString", "coordinates": [[4.93060471294298, 52.3621249531263], [4.93059220343125, 52.3620696838271]]}, "properties": {"Speed": 0.0, "Speed_display": 15.8, "road_quality": 2, "marker": 0, "trip_id": "602D3_Trip2", "hrot_diff": 0, "sample_diff": 1, "time_diff_s": 0.02, "gps_distance_m": 6.2, "original_speed": "", "wheel_diameter_mm": 711, "braking_intensity": 0.0, "is_braking": false, "is_crash": false, "crash_intensity_g": 0.0, "segment_start_sample": 16154, "segment_end_sample": 16155, "time_str": ""}}, {"type": "Feature", "geometry": {"type": "LineString", "coordinates": [[4.93059220343125, 52.3620696838271], [4.93059019356878, 52.3620125430789]]}, "properties": {"Speed": 0.0, "Speed_display": 15.8, "road_quality": 2, "marker": 0, "trip_id": "602D3_Trip2", "hrot_diff": 0, "sample_diff": 1, "time_diff_s": 0.02, "gps_distance_m": 6.4, "original_speed": "", "wheel_diameter_mm": 711, "braking_intensity": 0.0, "is_braking": false, "is_crash": false, "crash_intensity_g": 0.0, "segment_start_sample": 16205, "segment_end_sample": 16206, "time_str": ""}}, {"type": "Feature", "geometry": {"type": "LineString", "coordinates": [[4.93059019356878, 52.3620125430789], [4.93058822786112, 52.361958712175]]}, "properties": {"Speed": 0.0, "Speed_display": 15.8, "road_quality": 3, "marker": 0, "trip_id": "602D3_Trip2", "hrot_diff": 0, "sample_diff": 1, "time_diff_s": 0.02, "gps_distance_m": 6.0, "original_speed": "", "wheel_diameter_mm": 711, "braking_intensity": 0.0, "is_braking": false, "is_crash": false, "crash_intensity_g": 0.0, "segment_start_sample": 16248, "segment_end_sample": 16249, "time_str": ""}}, {"type": "Feature", "geometry": {"type": "LineString", "coordinates": [[4.93058822786112, 52.361958712175], [4.93058308739885, 52.3618989272561]]}, "properties": {"Speed": 0.0, "Speed_display": 16.6, "road_quality": 3, "marker": 0, "trip_id": "602D3_Trip2", "hrot_diff": 0, "sample_diff": 1, "time_diff_s": 0.02, "gps_distance_m": 6.7, "original_speed": "", "wheel_diameter_mm": 711, "braking_intensity": 0.0, "is_braking": false, "is_crash": false, "crash_intensity_g": 0.0, "segment_start_sample": 16299, "segment_end_sample": 16300, "time_str": ""}}, {"type": "Feature", "geometry": {"type": "LineString", "coordinates": [[4.93058308739885, 52.3618989272561], [4.93058039073241, 52.3618430965363]]}, "properties": {"Speed": 0.0, "Speed_display": 15.8, "road_quality": 2, "marker": 0, "trip_id": "602D3_Trip2", "hrot_diff": 0, "sample_diff": 1, "time_diff_s": 0.02, "gps_distance_m": 6.2, "original_speed": "", "wheel_diameter_mm": 711, "braking_intensity": 0.0, "is_braking": false, "is_crash": false, "crash_intensity_g": 0.0, "segment_start_sample": 16350, "segment_end_sample": 16351, "time_str": ""}}, {"type": "Feature", "geometry": {"type": "LineString", "coordinates": [[4.93058039073241, 52.3618430965363], [4.93056127110482, 52.3617884266311]]}, "properties": {"Speed": 0.0, "Speed_display": 15.8, "road_quality": 2, "marker": 0, "trip_id": "602D3_Trip2", "hrot_diff": 0, "sample_diff": 1, "time_diff_s": 0.02, "gps_distance_m": 6.2, "original_speed": "", "wheel_diameter_mm": 711, "braking_intensity": 0.0, "is_braking": false, "is_crash": false, "crash_intensity_g": 0.0, "segment_start_sample": 16403, "segment_end_sample": 16404, "time_str": ""}}, {"type": "Feature", "geometry": {"type": "LineString", "coordinates": [[4.93056127110482, 52.3617884266311], [4.93054652122294, 52.3617339271148]]}, "properties": {"Speed": 0.0, "Speed_display": 15.8, "road_quality": 2, "marker": 0, "trip_id": "602D3_Trip2", "hrot_diff": 0, "sample_diff": 1, "time_diff_s": 0.02, "gps_distance_m": 6.1, "original_speed": "", "wheel_diameter_mm": 711, "braking_intensity": 0.0, "is_braking": false, "is_crash": false, "crash_intensity_g": 0.0, "segment_start_sample": 16456, "segment_end_sample": 16457, "time_str": ""}}, {"type": "Feature", "geometry": {"type": "LineString", "coordinates": [[4.93054652122294, 52.3617339271148], [4.93052975187117, 52.3616748402558]]}, "properties": {"Speed": 0.0, "Speed_display": 16.6, "road_quality": 2, "marker": 0, "trip_id": "602D3_Trip2", "hrot_diff": 0, "sample_diff": 1, "time_diff_s": 0.02, "gps_distance_m": 6.7, "original_speed": "", "wheel_diameter_mm": 711, "braking_intensity": 0.0, "is_braking": false, "is_crash": false, "crash_intensity_g": 0.0, "segment_start_sample": 16499, "segment_end_sample": 16500, "time_str": ""}}, {"type": "Feature", "geometry": {"type": "LineString", "coordinates": [[4.93052975187117, 52.3616748402558], [4.93051371515072, 52.3616193458746]]}, "properties": {"Speed": 0.0, "Speed_display": 16.6, "road_quality": 3, "marker": 0, "trip_id": "602D3_Trip2", "hrot_diff": 0, "sample_diff": 1, "time_diff_s": 0.02, "gps_distance_m": 6.3, "original_speed": "", "wheel_diameter_mm": 711, "braking_intensity": 0.0, "is_braking": false, "is_crash": false, "crash_intensity_g": 0.0, "segment_start_sample": 16552, "segment_end_sample": 16553, "time_str": ""}}, {"type": "Feature", "geometry": {"type": "LineString", "coordinates": [[4.93051371515072, 52.3616193458746], [4.93050408469254, 52.3615648231128]]}, "properties": {"Speed": 0.0, "Speed_display": 16.6, "road_quality": 3, "marker": 0, "trip_id": "602D3_Trip2", "hrot_diff": 0, "sample_diff": 1, "time_diff_s": 0.02, "gps_distance_m": 6.1, "original_speed": "", "wheel_diameter_mm": 711, "braking_intensity": 0.0, "is_braking": false, "is_crash": false, "crash_intensity_g": 0.0, "segment_start_sample": 16604, "segment_end_sample": 16605, "time_str": ""}}, {"type": "Feature", "geometry": {"type": "LineString", "coordinates": [[4.93050408469254, 52.3615648231128], [4.93048262938882, 52.3615113344791]]}, "properties": {"Speed": 0.0, "Speed_display": 15.8, "road_quality": 2, "marker": 0, "trip_id": "602D3_Trip2", "hrot_diff": 0, "sample_diff": 1, "time_diff_s": 0.02, "gps_distance_m": 6.1, "original_speed": "", "wheel_diameter_mm": 711, "braking_intensity": 0.0, "is_braking": false, "is_crash": false, "crash_intensity_g": 0.0, "segment_start_sample": 16648, "segment_end_sample": 16649, "time_str": ""}}, {"type": "Feature", "geometry": {"type": "LineString", "coordinates": [[4.93048262938882, 52.3615113344791], [4.93047213833545, 52.3614605341071]]}, "properties": {"Speed": 0.0, "Speed_display": 15.1, "road_quality": 2, "marker": 0, "trip_id": "602D3_Trip2", "hrot_diff": 0, "sample_diff": 1, "time_diff_s": 0.02, "gps_distance_m": 5.7, "original_speed": "", "wheel_diameter_mm": 711, "braking_intensity": 0.0, "is_braking": false, "is_crash": false, "crash_intensity_g": 0.0, "segment_start_sample": 16703, "segment_end_sample": 16704, "time_str": ""}}, {"type": "Feature", "geometry": {"type": "LineString", "coordinates": [[4.93047213833545, 52.3614605341071], [4.93043436127466, 52.3614149700104]]}, "properties": {"Speed": 0.0, "Speed_display": 14.4, "road_quality": 2, "marker": 0, "trip_id": "602D3_Trip2", "hrot_diff": 0, "sample_diff": 1, "time_diff_s": 0.02, "gps_distance_m": 5.7, "original_speed": "", "wheel_diameter_mm": 711, "braking_intensity": 0.0, "is_braking": false, "is_crash": false, "crash_intensity_g": 0.0, "segment_start_sample": 16751, "segment_end_sample": 16752, "time_str": ""}}, {"type": "Feature", "geometry": {"type": "LineString", "coordinates": [[4.93043436127466, 52.3614149700104], [4.93040131310966, 52.3613705800135]]}, "properties": {"Speed": 0.0, "Speed_display": 13.7, "road_quality": 2, "marker": 0, "trip_id": "602D3_Trip2", "hrot_diff": 0, "sample_diff": 1, "time_diff_s": 0.02, "gps_distance_m": 5.4, "original_speed": "", "wheel_diameter_mm": 711, "braking_intensity": 0.0, "is_braking": false, "is_crash": false, "crash_intensity_g": 0.0, "segment_start_sample": 16801, "segment_end_sample": 16802, "time_str": ""}}, {"type": "Feature", "geometry": {"type": "LineString", "coordinates": [[4.93040131310966, 52.3613705800135], [4.93037776647826, 52.3613404794167]]}, "properties": {"Speed": 0.0, "Speed_display": 11.5, "road_quality": 2, "marker": 0, "trip_id": "602D3_Trip2", "hrot_diff": 0, "sample_diff": 1, "time_diff_s": 0.02, "gps_distance_m": 3.7, "original_speed": "", "wheel_diameter_mm": 711, "braking_intensity": 0.0, "is_braking": false, "is_crash": false, "crash_intensity_g": 0.0, "segment_start_sample": 16855, "segment_end_sample": 16856, "time_str": ""}}, {"type": "Feature", "geometry": {"type": "LineString", "coordinates": [[4.93037776647826, 52.3613404794167], [4.93036727370432, 52.3613291766287]]}, "properties": {"Speed": 0.0, "Speed_display": 7.2, "road_quality": 2, "marker": 0, "trip_id": "602D3_Trip2", "hrot_diff": 0, "sample_diff": 1, "time_diff_s": 0.02, "gps_distance_m": 1.4, "original_speed": "", "wheel_diameter_mm": 711, "braking_intensity": 0.0, "is_braking": false, "is_crash": false, "crash_intensity_g": 0.0, "segment_start_sample": 16904, "segment_end_sample": 16905, "time_str": ""}}, {"type": "Feature", "geometry": {"type": "LineString", "coordinates": [[4.93036727370432, 52.3613291766287], [4.93038265454154, 52.361322986374]]}, "properties": {"Speed": 0.0, "Speed_display": 3.6, "road_quality": 3, "marker": 0, "trip_id": "602D3_Trip2", "hrot_diff": 0, "sample_diff": 1, "time_diff_s": 0.02, "gps_distance_m": 1.3, "original_speed": "", "wheel_diameter_mm": 711, "braking_intensity": 0.0, "is_braking": false, "is_crash": false, "crash_intensity_g": 0.0, "segment_start_sample": 16950, "segment_end_sample": 16951, "time_str": ""}}, {"type": "Feature", "geometry": {"type": "LineString", "coordinates": [[4.93038265454154, 52.361322986374], [4.93039851545807, 52.3613075423509]]}, "properties": {"Speed": 0.0, "Speed_display": 4.3, "road_quality": 2, "marker": 0, "trip_id": "602D3_Trip2", "hrot_diff": 0, "sample_diff": 1, "time_diff_s": 0.02, "gps_distance_m": 2.0, "original_speed": "", "wheel_diameter_mm": 711, "braking_intensity": 0.0, "is_braking": false, "is_crash": false, "crash_intensity_g": 0.0, "segment_start_sample": 17013, "segment_end_sample": 17014, "time_str": ""}}, {"type": "Feature", "geometry": {"type": "LineString", "coordinates": [[4.93039851545807, 52.3613075423509], [4.93040734911848, 52.3612758251974]]}, "properties": {"Speed": 0.0, "Speed_display": 7.2, "road_quality": 2, "marker": 0, "trip_id": "602D3_Trip2", "hrot_diff": 0, "sample_diff": 1, "time_diff_s": 0.02, "gps_distance_m": 3.6, "original_speed": "", "wheel_diameter_mm": 711, "braking_intensity": 0.0, "is_braking": false, "is_crash": false, "crash_intensity_g": 0.0, "segment_start_sample": 17049, "segment_end_sample": 17050, "time_str": ""}}, {"type": "Feature", "geometry": {"type": "LineString", "coordinates": [[4.93040734911848, 52.3612758251974], [4.93039193362989, 52.3612631062343]]}, "properties": {"Speed": 0.0, "Speed_display": 3.6, "road_quality": 3, "marker": 0, "trip_id": "602D3_Trip2", "hrot_diff": 0, "sample_diff": 1, "time_diff_s": 0.02, "gps_distance_m": 1.8, "original_speed": "", "wheel_diameter_mm": 711, "braking_intensity": 0.0, "is_braking": false, "is_crash": false, "crash_intensity_g": 0.0, "segment_start_sample": 17101, "segment_end_sample": 17102, "time_str": ""}}, {"type": "Feature", "geometry": {"type": "LineString", "coordinates": [[4.93039193362989, 52.3612631062343], [4.93039094902919, 52.3612277473803]]}, "properties": {"Speed": 0.0, "Speed_display": 7.2, "road_quality": 3, "marker": 0, "trip_id": "602D3_Trip2", "hrot_diff": 0, "sample_diff": 1, "time_diff_s": 0.02, "gps_distance_m": 3.9, "original_speed": "", "wheel_diameter_mm": 711, "braking_intensity": 0.0, "is_braking": false, "is_crash": false, "crash_intensity_g": 0.0, "segment_start_sample": 17150, "segment_end_sample": 17151, "time_str": ""}}, {"type": "Feature", "geometry": {"type": "LineString", "coordinates": [[4.93039094902919, 52.3612277473803], [4.93039160906007, 52.3612128606238]]}, "properties": {"Speed": 0.0, "Speed_display": 3.6, "road_quality": 3, "marker": 0, "trip_id": "602D3_Trip2", "hrot_diff": 0, "sample_diff": 1, "time_diff_s": 0.02, "gps_distance_m": 1.7, "original_speed": "", "wheel_diameter_mm": 711, "braking_intensity": 0.0, "is_braking": false, "is_crash": false, "crash_intensity_g": 0.0, "segment_start_sample": 17204, "segment_end_sample": 17205, "time_str": ""}}]}