{"type": "FeatureCollection", "features": [{"type": "Feature", "geometry": {"type": "LineString", "coordinates": [[4.9159343, 52.3736874], [4.9160316, 52.3736525]]}, "properties": {"Speed": 0.0, "Speed_display": 17.3, "road_quality": 3, "marker": 0, "trip_id": "604F9_Trip6", "hrot_diff": 0, "sample_diff": 1, "time_diff_s": 0.02, "gps_distance_m": 7.7, "original_speed": "", "wheel_diameter_mm": 711, "braking_intensity": 0.0, "is_braking": false, "is_crash": false, "crash_intensity_g": 0.0, "segment_start_sample": 1188, "segment_end_sample": 1189, "time_str": ""}}, {"type": "Feature", "geometry": {"type": "LineString", "coordinates": [[4.9160316, 52.3736525], [4.9161066, 52.3736227]]}, "properties": {"Speed": 0.0, "Speed_display": 15.1, "road_quality": 3, "marker": 0, "trip_id": "604F9_Trip6", "hrot_diff": 0, "sample_diff": 1, "time_diff_s": 0.02, "gps_distance_m": 6.1, "original_speed": "", "wheel_diameter_mm": 711, "braking_intensity": 0.0, "is_braking": false, "is_crash": false, "crash_intensity_g": 0.0, "segment_start_sample": 1240, "segment_end_sample": 1241, "time_str": ""}}, {"type": "Feature", "geometry": {"type": "LineString", "coordinates": [[4.9161066, 52.3736227], [4.9161835, 52.3735875]]}, "properties": {"Speed": 0.0, "Speed_display": 15.8, "road_quality": 3, "marker": 0, "trip_id": "604F9_Trip6", "hrot_diff": 0, "sample_diff": 1, "time_diff_s": 0.02, "gps_distance_m": 6.5, "original_speed": "", "wheel_diameter_mm": 711, "braking_intensity": 0.0, "is_braking": false, "is_crash": false, "crash_intensity_g": 0.0, "segment_start_sample": 1292, "segment_end_sample": 1293, "time_str": ""}}, {"type": "Feature", "geometry": {"type": "LineString", "coordinates": [[4.9161835, 52.3735875], [4.9162569, 52.373551]]}, "properties": {"Speed": 0.0, "Speed_display": 15.1, "road_quality": 3, "marker": 0, "trip_id": "604F9_Trip6", "hrot_diff": 0, "sample_diff": 1, "time_diff_s": 0.02, "gps_distance_m": 6.4, "original_speed": "", "wheel_diameter_mm": 711, "braking_intensity": 0.0, "is_braking": false, "is_crash": false, "crash_intensity_g": 0.0, "segment_start_sample": 1362, "segment_end_sample": 1363, "time_str": ""}}, {"type": "Feature", "geometry": {"type": "LineString", "coordinates": [[4.9162569, 52.373551], [4.9163271, 52.3735102]]}, "properties": {"Speed": 0.0, "Speed_display": 15.8, "road_quality": 4, "marker": 0, "trip_id": "604F9_Trip6", "hrot_diff": 0, "sample_diff": 1, "time_diff_s": 0.02, "gps_distance_m": 6.6, "original_speed": "", "wheel_diameter_mm": 711, "braking_intensity": 0.0, "is_braking": false, "is_crash": false, "crash_intensity_g": 0.0, "segment_start_sample": 1388, "segment_end_sample": 1389, "time_str": ""}}, {"type": "Feature", "geometry": {"type": "LineString", "coordinates": [[4.9163271, 52.3735102], [4.9163895, 52.3734646]]}, "properties": {"Speed": 0.0, "Speed_display": 15.1, "road_quality": 4, "marker": 0, "trip_id": "604F9_Trip6", "hrot_diff": 0, "sample_diff": 1, "time_diff_s": 0.02, "gps_distance_m": 6.6, "original_speed": "", "wheel_diameter_mm": 711, "braking_intensity": 0.0, "is_braking": false, "is_crash": false, "crash_intensity_g": 0.0, "segment_start_sample": 1445, "segment_end_sample": 1446, "time_str": ""}}, {"type": "Feature", "geometry": {"type": "LineString", "coordinates": [[4.9163895, 52.3734646], [4.9164605, 52.3734251]]}, "properties": {"Speed": 0.0, "Speed_display": 16.6, "road_quality": 4, "marker": 0, "trip_id": "604F9_Trip6", "hrot_diff": 0, "sample_diff": 1, "time_diff_s": 0.02, "gps_distance_m": 6.5, "original_speed": "", "wheel_diameter_mm": 711, "braking_intensity": 0.0, "is_braking": false, "is_crash": false, "crash_intensity_g": 0.0, "segment_start_sample": 1493, "segment_end_sample": 1494, "time_str": ""}}, {"type": "Feature", "geometry": {"type": "LineString", "coordinates": [[4.9164605, 52.3734251], [4.9165429, 52.3733852]]}, "properties": {"Speed": 0.0, "Speed_display": 18.0, "road_quality": 4, "marker": 0, "trip_id": "604F9_Trip6", "hrot_diff": 0, "sample_diff": 1, "time_diff_s": 0.02, "gps_distance_m": 7.1, "original_speed": "", "wheel_diameter_mm": 711, "braking_intensity": 0.0, "is_braking": false, "is_crash": false, "crash_intensity_g": 0.0, "segment_start_sample": 1540, "segment_end_sample": 1541, "time_str": ""}}, {"type": "Feature", "geometry": {"type": "LineString", "coordinates": [[4.9165429, 52.3733852], [4.9166139, 52.3733442]]}, "properties": {"Speed": 0.0, "Speed_display": 18.0, "road_quality": 3, "marker": 0, "trip_id": "604F9_Trip6", "hrot_diff": 0, "sample_diff": 1, "time_diff_s": 0.02, "gps_distance_m": 6.6, "original_speed": "", "wheel_diameter_mm": 711, "braking_intensity": 0.0, "is_braking": false, "is_crash": false, "crash_intensity_g": 0.0, "segment_start_sample": 1588, "segment_end_sample": 1589, "time_str": ""}}, {"type": "Feature", "geometry": {"type": "LineString", "coordinates": [[4.9166139, 52.3733442], [4.9166863, 52.3733028]]}, "properties": {"Speed": 0.0, "Speed_display": 17.3, "road_quality": 3, "marker": 0, "trip_id": "604F9_Trip6", "hrot_diff": 0, "sample_diff": 1, "time_diff_s": 0.02, "gps_distance_m": 6.7, "original_speed": "", "wheel_diameter_mm": 711, "braking_intensity": 0.0, "is_braking": false, "is_crash": false, "crash_intensity_g": 0.0, "segment_start_sample": 1642, "segment_end_sample": 1643, "time_str": ""}}, {"type": "Feature", "geometry": {"type": "LineString", "coordinates": [[4.9166863, 52.3733028], [4.9167576, 52.3732586]]}, "properties": {"Speed": 0.0, "Speed_display": 17.3, "road_quality": 3, "marker": 0, "trip_id": "604F9_Trip6", "hrot_diff": 0, "sample_diff": 1, "time_diff_s": 0.02, "gps_distance_m": 6.9, "original_speed": "", "wheel_diameter_mm": 711, "braking_intensity": 0.0, "is_braking": false, "is_crash": false, "crash_intensity_g": 0.0, "segment_start_sample": 1692, "segment_end_sample": 1693, "time_str": ""}}, {"type": "Feature", "geometry": {"type": "LineString", "coordinates": [[4.9167576, 52.3732586], [4.9168352, 52.3732219]]}, "properties": {"Speed": 0.0, "Speed_display": 17.3, "road_quality": 3, "marker": 0, "trip_id": "604F9_Trip6", "hrot_diff": 0, "sample_diff": 1, "time_diff_s": 0.02, "gps_distance_m": 6.7, "original_speed": "", "wheel_diameter_mm": 711, "braking_intensity": 0.0, "is_braking": false, "is_crash": false, "crash_intensity_g": 0.0, "segment_start_sample": 1740, "segment_end_sample": 1741, "time_str": ""}}, {"type": "Feature", "geometry": {"type": "LineString", "coordinates": [[4.9168352, 52.3732219], [4.9169116, 52.3731751]]}, "properties": {"Speed": 0.0, "Speed_display": 16.6, "road_quality": 3, "marker": 0, "trip_id": "604F9_Trip6", "hrot_diff": 0, "sample_diff": 1, "time_diff_s": 0.02, "gps_distance_m": 7.3, "original_speed": "", "wheel_diameter_mm": 711, "braking_intensity": 0.0, "is_braking": false, "is_crash": false, "crash_intensity_g": 0.0, "segment_start_sample": 1794, "segment_end_sample": 1795, "time_str": ""}}, {"type": "Feature", "geometry": {"type": "LineString", "coordinates": [[4.9169116, 52.3731751], [4.9169795, 52.3731307]]}, "properties": {"Speed": 0.0, "Speed_display": 16.6, "road_quality": 3, "marker": 0, "trip_id": "604F9_Trip6", "hrot_diff": 0, "sample_diff": 1, "time_diff_s": 0.02, "gps_distance_m": 6.8, "original_speed": "", "wheel_diameter_mm": 711, "braking_intensity": 0.0, "is_braking": false, "is_crash": false, "crash_intensity_g": 0.0, "segment_start_sample": 1860, "segment_end_sample": 1861, "time_str": ""}}, {"type": "Feature", "geometry": {"type": "LineString", "coordinates": [[4.9169795, 52.3731307], [4.9170498, 52.3730865]]}, "properties": {"Speed": 0.0, "Speed_display": 15.8, "road_quality": 4, "marker": 0, "trip_id": "604F9_Trip6", "hrot_diff": 0, "sample_diff": 1, "time_diff_s": 0.02, "gps_distance_m": 6.9, "original_speed": "", "wheel_diameter_mm": 711, "braking_intensity": 0.0, "is_braking": false, "is_crash": false, "crash_intensity_g": 0.0, "segment_start_sample": 1893, "segment_end_sample": 1894, "time_str": ""}}, {"type": "Feature", "geometry": {"type": "LineString", "coordinates": [[4.9170498, 52.3730865], [4.9171145, 52.3730404]]}, "properties": {"Speed": 0.0, "Speed_display": 16.6, "road_quality": 4, "marker": 0, "trip_id": "604F9_Trip6", "hrot_diff": 0, "sample_diff": 1, "time_diff_s": 0.02, "gps_distance_m": 6.8, "original_speed": "", "wheel_diameter_mm": 711, "braking_intensity": 0.0, "is_braking": false, "is_crash": false, "crash_intensity_g": 0.0, "segment_start_sample": 1943, "segment_end_sample": 1944, "time_str": ""}}, {"type": "Feature", "geometry": {"type": "LineString", "coordinates": [[4.9171145, 52.3730404], [4.9171853, 52.3729988]]}, "properties": {"Speed": 0.0, "Speed_display": 16.6, "road_quality": 3, "marker": 0, "trip_id": "604F9_Trip6", "hrot_diff": 0, "sample_diff": 1, "time_diff_s": 0.02, "gps_distance_m": 6.7, "original_speed": "", "wheel_diameter_mm": 711, "braking_intensity": 0.0, "is_braking": false, "is_crash": false, "crash_intensity_g": 0.0, "segment_start_sample": 1991, "segment_end_sample": 1992, "time_str": ""}}, {"type": "Feature", "geometry": {"type": "LineString", "coordinates": [[4.9171853, 52.3729988], [4.917265, 52.3729627]]}, "properties": {"Speed": 0.0, "Speed_display": 17.3, "road_quality": 3, "marker": 0, "trip_id": "604F9_Trip6", "hrot_diff": 0, "sample_diff": 1, "time_diff_s": 0.02, "gps_distance_m": 6.7, "original_speed": "", "wheel_diameter_mm": 711, "braking_intensity": 0.0, "is_braking": false, "is_crash": false, "crash_intensity_g": 0.0, "segment_start_sample": 2042, "segment_end_sample": 2043, "time_str": ""}}, {"type": "Feature", "geometry": {"type": "LineString", "coordinates": [[4.917265, 52.3729627], [4.9173438, 52.3729234]]}, "properties": {"Speed": 0.0, "Speed_display": 17.3, "road_quality": 3, "marker": 0, "trip_id": "604F9_Trip6", "hrot_diff": 0, "sample_diff": 1, "time_diff_s": 0.02, "gps_distance_m": 6.9, "original_speed": "", "wheel_diameter_mm": 711, "braking_intensity": 0.0, "is_braking": false, "is_crash": false, "crash_intensity_g": 0.0, "segment_start_sample": 2090, "segment_end_sample": 2091, "time_str": ""}}, {"type": "Feature", "geometry": {"type": "LineString", "coordinates": [[4.9173438, 52.3729234], [4.9174169, 52.3728787]]}, "properties": {"Speed": 0.0, "Speed_display": 17.3, "road_quality": 3, "marker": 0, "trip_id": "604F9_Trip6", "hrot_diff": 0, "sample_diff": 1, "time_diff_s": 0.02, "gps_distance_m": 7.0, "original_speed": "", "wheel_diameter_mm": 711, "braking_intensity": 0.0, "is_braking": false, "is_crash": false, "crash_intensity_g": 0.0, "segment_start_sample": 2142, "segment_end_sample": 2143, "time_str": ""}}, {"type": "Feature", "geometry": {"type": "LineString", "coordinates": [[4.9174169, 52.3728787], [4.917491, 52.3728394]]}, "properties": {"Speed": 0.0, "Speed_display": 17.3, "road_quality": 3, "marker": 0, "trip_id": "604F9_Trip6", "hrot_diff": 0, "sample_diff": 1, "time_diff_s": 0.02, "gps_distance_m": 6.7, "original_speed": "", "wheel_diameter_mm": 711, "braking_intensity": 0.0, "is_braking": false, "is_crash": false, "crash_intensity_g": 0.0, "segment_start_sample": 2192, "segment_end_sample": 2193, "time_str": ""}}, {"type": "Feature", "geometry": {"type": "LineString", "coordinates": [[4.917491, 52.3728394], [4.917556, 52.3727964]]}, "properties": {"Speed": 0.0, "Speed_display": 16.6, "road_quality": 3, "marker": 0, "trip_id": "604F9_Trip6", "hrot_diff": 0, "sample_diff": 1, "time_diff_s": 0.02, "gps_distance_m": 6.5, "original_speed": "", "wheel_diameter_mm": 711, "braking_intensity": 0.0, "is_braking": false, "is_crash": false, "crash_intensity_g": 0.0, "segment_start_sample": 2253, "segment_end_sample": 2254, "time_str": ""}}, {"type": "Feature", "geometry": {"type": "LineString", "coordinates": [[4.917556, 52.3727964], [4.9176177, 52.3727546]]}, "properties": {"Speed": 0.0, "Speed_display": 17.3, "road_quality": 3, "marker": 0, "trip_id": "604F9_Trip6", "hrot_diff": 0, "sample_diff": 1, "time_diff_s": 0.02, "gps_distance_m": 6.3, "original_speed": "", "wheel_diameter_mm": 711, "braking_intensity": 0.0, "is_braking": false, "is_crash": false, "crash_intensity_g": 0.0, "segment_start_sample": 2291, "segment_end_sample": 2292, "time_str": ""}}, {"type": "Feature", "geometry": {"type": "LineString", "coordinates": [[4.9176177, 52.3727546], [4.9176758, 52.3727133]]}, "properties": {"Speed": 0.0, "Speed_display": 15.1, "road_quality": 3, "marker": 0, "trip_id": "604F9_Trip6", "hrot_diff": 0, "sample_diff": 1, "time_diff_s": 0.02, "gps_distance_m": 6.1, "original_speed": "", "wheel_diameter_mm": 711, "braking_intensity": 0.0, "is_braking": false, "is_crash": false, "crash_intensity_g": 0.0, "segment_start_sample": 2339, "segment_end_sample": 2340, "time_str": ""}}, {"type": "Feature", "geometry": {"type": "LineString", "coordinates": [[4.9176758, 52.3727133], [4.917732, 52.3726736]]}, "properties": {"Speed": 0.0, "Speed_display": 14.4, "road_quality": 3, "marker": 0, "trip_id": "604F9_Trip6", "hrot_diff": 0, "sample_diff": 1, "time_diff_s": 0.02, "gps_distance_m": 5.8, "original_speed": "", "wheel_diameter_mm": 711, "braking_intensity": 0.0, "is_braking": false, "is_crash": false, "crash_intensity_g": 0.0, "segment_start_sample": 2388, "segment_end_sample": 2389, "time_str": ""}}, {"type": "Feature", "geometry": {"type": "LineString", "coordinates": [[4.917732, 52.3726736], [4.9177914, 52.3726352]]}, "properties": {"Speed": 0.0, "Speed_display": 15.1, "road_quality": 3, "marker": 0, "trip_id": "604F9_Trip6", "hrot_diff": 0, "sample_diff": 1, "time_diff_s": 0.02, "gps_distance_m": 5.9, "original_speed": "", "wheel_diameter_mm": 711, "braking_intensity": 0.0, "is_braking": false, "is_crash": false, "crash_intensity_g": 0.0, "segment_start_sample": 2441, "segment_end_sample": 2442, "time_str": ""}}, {"type": "Feature", "geometry": {"type": "LineString", "coordinates": [[4.9177914, 52.3726352], [4.9178547, 52.372601]]}, "properties": {"Speed": 0.0, "Speed_display": 15.1, "road_quality": 2, "marker": 0, "trip_id": "604F9_Trip6", "hrot_diff": 0, "sample_diff": 1, "time_diff_s": 0.02, "gps_distance_m": 5.7, "original_speed": "", "wheel_diameter_mm": 711, "braking_intensity": 0.0, "is_braking": false, "is_crash": false, "crash_intensity_g": 0.0, "segment_start_sample": 2488, "segment_end_sample": 2489, "time_str": ""}}, {"type": "Feature", "geometry": {"type": "LineString", "coordinates": [[4.9178547, 52.372601], [4.9179184, 52.3725583]]}, "properties": {"Speed": 0.0, "Speed_display": 15.8, "road_quality": 2, "marker": 0, "trip_id": "604F9_Trip6", "hrot_diff": 0, "sample_diff": 1, "time_diff_s": 0.02, "gps_distance_m": 6.4, "original_speed": "", "wheel_diameter_mm": 711, "braking_intensity": 0.0, "is_braking": false, "is_crash": false, "crash_intensity_g": 0.0, "segment_start_sample": 2542, "segment_end_sample": 2543, "time_str": ""}}, {"type": "Feature", "geometry": {"type": "LineString", "coordinates": [[4.9179184, 52.3725583], [4.9179664, 52.37251]]}, "properties": {"Speed": 0.0, "Speed_display": 15.8, "road_quality": 2, "marker": 0, "trip_id": "604F9_Trip6", "hrot_diff": 0, "sample_diff": 1, "time_diff_s": 0.02, "gps_distance_m": 6.3, "original_speed": "", "wheel_diameter_mm": 711, "braking_intensity": 0.0, "is_braking": false, "is_crash": false, "crash_intensity_g": 0.0, "segment_start_sample": 2592, "segment_end_sample": 2593, "time_str": ""}}, {"type": "Feature", "geometry": {"type": "LineString", "coordinates": [[4.9179664, 52.37251], [4.9179586, 52.3724668]]}, "properties": {"Speed": 0.0, "Speed_display": 15.1, "road_quality": 3, "marker": 0, "trip_id": "604F9_Trip6", "hrot_diff": 0, "sample_diff": 1, "time_diff_s": 0.02, "gps_distance_m": 4.8, "original_speed": "", "wheel_diameter_mm": 711, "braking_intensity": 0.0, "is_braking": false, "is_crash": false, "crash_intensity_g": 0.0, "segment_start_sample": 2644, "segment_end_sample": 2645, "time_str": ""}}, {"type": "Feature", "geometry": {"type": "LineString", "coordinates": [[4.9179586, 52.3724668], [4.9178991, 52.3724264]]}, "properties": {"Speed": 0.0, "Speed_display": 15.1, "road_quality": 2, "marker": 0, "trip_id": "604F9_Trip6", "hrot_diff": 0, "sample_diff": 1, "time_diff_s": 0.02, "gps_distance_m": 6.0, "original_speed": "", "wheel_diameter_mm": 711, "braking_intensity": 0.0, "is_braking": false, "is_crash": false, "crash_intensity_g": 0.0, "segment_start_sample": 2692, "segment_end_sample": 2693, "time_str": ""}}, {"type": "Feature", "geometry": {"type": "LineString", "coordinates": [[4.9178991, 52.3724264], [4.9178314, 52.3723954]]}, "properties": {"Speed": 0.0, "Speed_display": 14.4, "road_quality": 2, "marker": 0, "trip_id": "604F9_Trip6", "hrot_diff": 0, "sample_diff": 1, "time_diff_s": 0.02, "gps_distance_m": 5.7, "original_speed": "", "wheel_diameter_mm": 711, "braking_intensity": 0.0, "is_braking": false, "is_crash": false, "crash_intensity_g": 0.0, "segment_start_sample": 2739, "segment_end_sample": 2740, "time_str": ""}}, {"type": "Feature", "geometry": {"type": "LineString", "coordinates": [[4.9178314, 52.3723954], [4.9177586, 52.3723559]]}, "properties": {"Speed": 0.0, "Speed_display": 16.6, "road_quality": 2, "marker": 0, "trip_id": "604F9_Trip6", "hrot_diff": 0, "sample_diff": 1, "time_diff_s": 0.02, "gps_distance_m": 6.6, "original_speed": "", "wheel_diameter_mm": 711, "braking_intensity": 0.0, "is_braking": false, "is_crash": false, "crash_intensity_g": 0.0, "segment_start_sample": 2796, "segment_end_sample": 2797, "time_str": ""}}, {"type": "Feature", "geometry": {"type": "LineString", "coordinates": [[4.9177586, 52.3723559], [4.9176897, 52.3723176]]}, "properties": {"Speed": 0.0, "Speed_display": 16.6, "road_quality": 3, "marker": 0, "trip_id": "604F9_Trip6", "hrot_diff": 0, "sample_diff": 1, "time_diff_s": 0.02, "gps_distance_m": 6.3, "original_speed": "", "wheel_diameter_mm": 711, "braking_intensity": 0.0, "is_braking": false, "is_crash": false, "crash_intensity_g": 0.0, "segment_start_sample": 2841, "segment_end_sample": 2842, "time_str": ""}}, {"type": "Feature", "geometry": {"type": "LineString", "coordinates": [[4.9176897, 52.3723176], [4.9176262, 52.3722729]]}, "properties": {"Speed": 0.0, "Speed_display": 16.6, "road_quality": 3, "marker": 0, "trip_id": "604F9_Trip6", "hrot_diff": 0, "sample_diff": 1, "time_diff_s": 0.02, "gps_distance_m": 6.6, "original_speed": "", "wheel_diameter_mm": 711, "braking_intensity": 0.0, "is_braking": false, "is_crash": false, "crash_intensity_g": 0.0, "segment_start_sample": 2895, "segment_end_sample": 2896, "time_str": ""}}, {"type": "Feature", "geometry": {"type": "LineString", "coordinates": [[4.9176262, 52.3722729], [4.9175598, 52.3722337]]}, "properties": {"Speed": 0.0, "Speed_display": 16.6, "road_quality": 3, "marker": 0, "trip_id": "604F9_Trip6", "hrot_diff": 0, "sample_diff": 1, "time_diff_s": 0.02, "gps_distance_m": 6.3, "original_speed": "", "wheel_diameter_mm": 711, "braking_intensity": 0.0, "is_braking": false, "is_crash": false, "crash_intensity_g": 0.0, "segment_start_sample": 2940, "segment_end_sample": 2941, "time_str": ""}}, {"type": "Feature", "geometry": {"type": "LineString", "coordinates": [[4.9175598, 52.3722337], [4.917492, 52.3721939]]}, "properties": {"Speed": 0.0, "Speed_display": 16.6, "road_quality": 3, "marker": 0, "trip_id": "604F9_Trip6", "hrot_diff": 0, "sample_diff": 1, "time_diff_s": 0.02, "gps_distance_m": 6.4, "original_speed": "", "wheel_diameter_mm": 711, "braking_intensity": 0.0, "is_braking": false, "is_crash": false, "crash_intensity_g": 0.0, "segment_start_sample": 2992, "segment_end_sample": 2993, "time_str": ""}}, {"type": "Feature", "geometry": {"type": "LineString", "coordinates": [[4.917492, 52.3721939], [4.9174333, 52.3721551]]}, "properties": {"Speed": 0.0, "Speed_display": 15.8, "road_quality": 3, "marker": 0, "trip_id": "604F9_Trip6", "hrot_diff": 0, "sample_diff": 1, "time_diff_s": 0.02, "gps_distance_m": 5.9, "original_speed": "", "wheel_diameter_mm": 711, "braking_intensity": 0.0, "is_braking": false, "is_crash": false, "crash_intensity_g": 0.0, "segment_start_sample": 3046, "segment_end_sample": 3047, "time_str": ""}}, {"type": "Feature", "geometry": {"type": "LineString", "coordinates": [[4.9174333, 52.3721551], [4.9173737, 52.37212]]}, "properties": {"Speed": 0.0, "Speed_display": 15.1, "road_quality": 3, "marker": 0, "trip_id": "604F9_Trip6", "hrot_diff": 0, "sample_diff": 1, "time_diff_s": 0.02, "gps_distance_m": 5.6, "original_speed": "", "wheel_diameter_mm": 711, "braking_intensity": 0.0, "is_braking": false, "is_crash": false, "crash_intensity_g": 0.0, "segment_start_sample": 3090, "segment_end_sample": 3091, "time_str": ""}}, {"type": "Feature", "geometry": {"type": "LineString", "coordinates": [[4.9173737, 52.37212], [4.9173097, 52.3720834]]}, "properties": {"Speed": 0.0, "Speed_display": 14.4, "road_quality": 2, "marker": 0, "trip_id": "604F9_Trip6", "hrot_diff": 0, "sample_diff": 1, "time_diff_s": 0.02, "gps_distance_m": 6.0, "original_speed": "", "wheel_diameter_mm": 711, "braking_intensity": 0.0, "is_braking": false, "is_crash": false, "crash_intensity_g": 0.0, "segment_start_sample": 3142, "segment_end_sample": 3143, "time_str": ""}}, {"type": "Feature", "geometry": {"type": "LineString", "coordinates": [[4.9173097, 52.3720834], [4.9172463, 52.3720478]]}, "properties": {"Speed": 0.0, "Speed_display": 14.4, "road_quality": 3, "marker": 0, "trip_id": "604F9_Trip6", "hrot_diff": 0, "sample_diff": 1, "time_diff_s": 0.02, "gps_distance_m": 5.8, "original_speed": "", "wheel_diameter_mm": 711, "braking_intensity": 0.0, "is_braking": false, "is_crash": false, "crash_intensity_g": 0.0, "segment_start_sample": 3195, "segment_end_sample": 3196, "time_str": ""}}, {"type": "Feature", "geometry": {"type": "LineString", "coordinates": [[4.9172463, 52.3720478], [4.9171787, 52.3720055]]}, "properties": {"Speed": 0.0, "Speed_display": 15.8, "road_quality": 3, "marker": 0, "trip_id": "604F9_Trip6", "hrot_diff": 0, "sample_diff": 1, "time_diff_s": 0.02, "gps_distance_m": 6.6, "original_speed": "", "wheel_diameter_mm": 711, "braking_intensity": 0.0, "is_braking": false, "is_crash": false, "crash_intensity_g": 0.0, "segment_start_sample": 3247, "segment_end_sample": 3248, "time_str": ""}}, {"type": "Feature", "geometry": {"type": "LineString", "coordinates": [[4.9171787, 52.3720055], [4.9170976, 52.3719735]]}, "properties": {"Speed": 0.0, "Speed_display": 15.8, "road_quality": 2, "marker": 0, "trip_id": "604F9_Trip6", "hrot_diff": 0, "sample_diff": 1, "time_diff_s": 0.02, "gps_distance_m": 6.6, "original_speed": "", "wheel_diameter_mm": 711, "braking_intensity": 0.0, "is_braking": false, "is_crash": false, "crash_intensity_g": 0.0, "segment_start_sample": 3290, "segment_end_sample": 3291, "time_str": ""}}, {"type": "Feature", "geometry": {"type": "LineString", "coordinates": [[4.9170976, 52.3719735], [4.9170274, 52.3719422]]}, "properties": {"Speed": 0.0, "Speed_display": 15.8, "road_quality": 2, "marker": 0, "trip_id": "604F9_Trip6", "hrot_diff": 0, "sample_diff": 1, "time_diff_s": 0.02, "gps_distance_m": 5.9, "original_speed": "", "wheel_diameter_mm": 711, "braking_intensity": 0.0, "is_braking": false, "is_crash": false, "crash_intensity_g": 0.0, "segment_start_sample": 3343, "segment_end_sample": 3344, "time_str": ""}}, {"type": "Feature", "geometry": {"type": "LineString", "coordinates": [[4.9170274, 52.3719422], [4.9169469, 52.3719101]]}, "properties": {"Speed": 0.0, "Speed_display": 15.8, "road_quality": 2, "marker": 0, "trip_id": "604F9_Trip6", "hrot_diff": 0, "sample_diff": 1, "time_diff_s": 0.02, "gps_distance_m": 6.5, "original_speed": "", "wheel_diameter_mm": 711, "braking_intensity": 0.0, "is_braking": false, "is_crash": false, "crash_intensity_g": 0.0, "segment_start_sample": 3395, "segment_end_sample": 3396, "time_str": ""}}, {"type": "Feature", "geometry": {"type": "LineString", "coordinates": [[4.9169469, 52.3719101], [4.9168658, 52.3718784]]}, "properties": {"Speed": 0.0, "Speed_display": 15.8, "road_quality": 2, "marker": 0, "trip_id": "604F9_Trip6", "hrot_diff": 0, "sample_diff": 1, "time_diff_s": 0.02, "gps_distance_m": 6.5, "original_speed": "", "wheel_diameter_mm": 711, "braking_intensity": 0.0, "is_braking": false, "is_crash": false, "crash_intensity_g": 0.0, "segment_start_sample": 3440, "segment_end_sample": 3441, "time_str": ""}}, {"type": "Feature", "geometry": {"type": "LineString", "coordinates": [[4.9168658, 52.3718784], [4.9167882, 52.3718522]]}, "properties": {"Speed": 0.0, "Speed_display": 15.8, "road_quality": 3, "marker": 0, "trip_id": "604F9_Trip6", "hrot_diff": 0, "sample_diff": 1, "time_diff_s": 0.02, "gps_distance_m": 6.0, "original_speed": "", "wheel_diameter_mm": 711, "braking_intensity": 0.0, "is_braking": false, "is_crash": false, "crash_intensity_g": 0.0, "segment_start_sample": 3492, "segment_end_sample": 3493, "time_str": ""}}, {"type": "Feature", "geometry": {"type": "LineString", "coordinates": [[4.9167882, 52.3718522], [4.9167055, 52.3718235]]}, "properties": {"Speed": 0.0, "Speed_display": 15.8, "road_quality": 3, "marker": 0, "trip_id": "604F9_Trip6", "hrot_diff": 0, "sample_diff": 1, "time_diff_s": 0.02, "gps_distance_m": 6.5, "original_speed": "", "wheel_diameter_mm": 711, "braking_intensity": 0.0, "is_braking": false, "is_crash": false, "crash_intensity_g": 0.0, "segment_start_sample": 3546, "segment_end_sample": 3547, "time_str": ""}}, {"type": "Feature", "geometry": {"type": "LineString", "coordinates": [[4.9167055, 52.3718235], [4.9166275, 52.3717963]]}, "properties": {"Speed": 0.0, "Speed_display": 15.8, "road_quality": 2, "marker": 0, "trip_id": "604F9_Trip6", "hrot_diff": 0, "sample_diff": 1, "time_diff_s": 0.02, "gps_distance_m": 6.1, "original_speed": "", "wheel_diameter_mm": 711, "braking_intensity": 0.0, "is_braking": false, "is_crash": false, "crash_intensity_g": 0.0, "segment_start_sample": 3593, "segment_end_sample": 3594, "time_str": ""}}, {"type": "Feature", "geometry": {"type": "LineString", "coordinates": [[4.9166275, 52.3717963], [4.9165522, 52.3717667]]}, "properties": {"Speed": 0.0, "Speed_display": 15.1, "road_quality": 2, "marker": 0, "trip_id": "604F9_Trip6", "hrot_diff": 0, "sample_diff": 1, "time_diff_s": 0.02, "gps_distance_m": 6.1, "original_speed": "", "wheel_diameter_mm": 711, "braking_intensity": 0.0, "is_braking": false, "is_crash": false, "crash_intensity_g": 0.0, "segment_start_sample": 3642, "segment_end_sample": 3643, "time_str": ""}}, {"type": "Feature", "geometry": {"type": "LineString", "coordinates": [[4.9165522, 52.3717667], [4.9164771, 52.3717399]]}, "properties": {"Speed": 0.0, "Speed_display": 14.4, "road_quality": 2, "marker": 0, "trip_id": "604F9_Trip6", "hrot_diff": 0, "sample_diff": 1, "time_diff_s": 0.02, "gps_distance_m": 5.9, "original_speed": "", "wheel_diameter_mm": 711, "braking_intensity": 0.0, "is_braking": false, "is_crash": false, "crash_intensity_g": 0.0, "segment_start_sample": 3694, "segment_end_sample": 3695, "time_str": ""}}, {"type": "Feature", "geometry": {"type": "LineString", "coordinates": [[4.9164771, 52.3717399], [4.9163918, 52.3717118]]}, "properties": {"Speed": 0.0, "Speed_display": 15.1, "road_quality": 2, "marker": 0, "trip_id": "604F9_Trip6", "hrot_diff": 0, "sample_diff": 1, "time_diff_s": 0.02, "gps_distance_m": 6.6, "original_speed": "", "wheel_diameter_mm": 711, "braking_intensity": 0.0, "is_braking": false, "is_crash": false, "crash_intensity_g": 0.0, "segment_start_sample": 3739, "segment_end_sample": 3740, "time_str": ""}}, {"type": "Feature", "geometry": {"type": "LineString", "coordinates": [[4.9163918, 52.3717118], [4.9163087, 52.3716849]]}, "properties": {"Speed": 0.0, "Speed_display": 14.4, "road_quality": 2, "marker": 0, "trip_id": "604F9_Trip6", "hrot_diff": 0, "sample_diff": 1, "time_diff_s": 0.02, "gps_distance_m": 6.4, "original_speed": "", "wheel_diameter_mm": 711, "braking_intensity": 0.0, "is_braking": false, "is_crash": false, "crash_intensity_g": 0.0, "segment_start_sample": 3795, "segment_end_sample": 3796, "time_str": ""}}, {"type": "Feature", "geometry": {"type": "LineString", "coordinates": [[4.9163087, 52.3716849], [4.9162293, 52.3716621]]}, "properties": {"Speed": 0.0, "Speed_display": 13.7, "road_quality": 3, "marker": 0, "trip_id": "604F9_Trip6", "hrot_diff": 0, "sample_diff": 1, "time_diff_s": 0.02, "gps_distance_m": 6.0, "original_speed": "", "wheel_diameter_mm": 711, "braking_intensity": 0.0, "is_braking": false, "is_crash": false, "crash_intensity_g": 0.0, "segment_start_sample": 3838, "segment_end_sample": 3839, "time_str": ""}}, {"type": "Feature", "geometry": {"type": "LineString", "coordinates": [[4.9162293, 52.3716621], [4.9161495, 52.3716378]]}, "properties": {"Speed": 0.0, "Speed_display": 13.7, "road_quality": 3, "marker": 0, "trip_id": "604F9_Trip6", "hrot_diff": 0, "sample_diff": 1, "time_diff_s": 0.02, "gps_distance_m": 6.1, "original_speed": "", "wheel_diameter_mm": 711, "braking_intensity": 0.0, "is_braking": false, "is_crash": false, "crash_intensity_g": 0.0, "segment_start_sample": 3894, "segment_end_sample": 3895, "time_str": ""}}, {"type": "Feature", "geometry": {"type": "LineString", "coordinates": [[4.9161495, 52.3716378], [4.9160761, 52.3716196]]}, "properties": {"Speed": 0.0, "Speed_display": 13.0, "road_quality": 2, "marker": 0, "trip_id": "604F9_Trip6", "hrot_diff": 0, "sample_diff": 1, "time_diff_s": 0.02, "gps_distance_m": 5.4, "original_speed": "", "wheel_diameter_mm": 711, "braking_intensity": 0.0, "is_braking": false, "is_crash": false, "crash_intensity_g": 0.0, "segment_start_sample": 3940, "segment_end_sample": 3941, "time_str": ""}}, {"type": "Feature", "geometry": {"type": "LineString", "coordinates": [[4.9160761, 52.3716196], [4.9160075, 52.3715942]]}, "properties": {"Speed": 0.0, "Speed_display": 13.7, "road_quality": 3, "marker": 0, "trip_id": "604F9_Trip6", "hrot_diff": 0, "sample_diff": 1, "time_diff_s": 0.02, "gps_distance_m": 5.4, "original_speed": "", "wheel_diameter_mm": 711, "braking_intensity": 0.0, "is_braking": false, "is_crash": false, "crash_intensity_g": 0.0, "segment_start_sample": 3994, "segment_end_sample": 3995, "time_str": ""}}, {"type": "Feature", "geometry": {"type": "LineString", "coordinates": [[4.9160075, 52.3715942], [4.9159329, 52.3715706]]}, "properties": {"Speed": 0.0, "Speed_display": 13.0, "road_quality": 2, "marker": 0, "trip_id": "604F9_Trip6", "hrot_diff": 0, "sample_diff": 1, "time_diff_s": 0.02, "gps_distance_m": 5.7, "original_speed": "", "wheel_diameter_mm": 711, "braking_intensity": 0.0, "is_braking": false, "is_crash": false, "crash_intensity_g": 0.0, "segment_start_sample": 4042, "segment_end_sample": 4043, "time_str": ""}}, {"type": "Feature", "geometry": {"type": "LineString", "coordinates": [[4.9159329, 52.3715706], [4.9158618, 52.3715499]]}, "properties": {"Speed": 0.0, "Speed_display": 13.7, "road_quality": 2, "marker": 0, "trip_id": "604F9_Trip6", "hrot_diff": 0, "sample_diff": 1, "time_diff_s": 0.02, "gps_distance_m": 5.3, "original_speed": "", "wheel_diameter_mm": 711, "braking_intensity": 0.0, "is_braking": false, "is_crash": false, "crash_intensity_g": 0.0, "segment_start_sample": 4088, "segment_end_sample": 4089, "time_str": ""}}, {"type": "Feature", "geometry": {"type": "LineString", "coordinates": [[4.9158618, 52.3715499], [4.9157864, 52.371532]]}, "properties": {"Speed": 0.0, "Speed_display": 14.4, "road_quality": 2, "marker": 0, "trip_id": "604F9_Trip6", "hrot_diff": 0, "sample_diff": 1, "time_diff_s": 0.02, "gps_distance_m": 5.5, "original_speed": "", "wheel_diameter_mm": 711, "braking_intensity": 0.0, "is_braking": false, "is_crash": false, "crash_intensity_g": 0.0, "segment_start_sample": 4144, "segment_end_sample": 4145, "time_str": ""}}, {"type": "Feature", "geometry": {"type": "LineString", "coordinates": [[4.9157864, 52.371532], [4.9157009, 52.3715169]]}, "properties": {"Speed": 0.0, "Speed_display": 14.4, "road_quality": 2, "marker": 0, "trip_id": "604F9_Trip6", "hrot_diff": 0, "sample_diff": 1, "time_diff_s": 0.02, "gps_distance_m": 6.0, "original_speed": "", "wheel_diameter_mm": 711, "braking_intensity": 0.0, "is_braking": false, "is_crash": false, "crash_intensity_g": 0.0, "segment_start_sample": 4191, "segment_end_sample": 4192, "time_str": ""}}, {"type": "Feature", "geometry": {"type": "LineString", "coordinates": [[4.9157009, 52.3715169], [4.9156188, 52.3715023]]}, "properties": {"Speed": 0.0, "Speed_display": 14.4, "road_quality": 2, "marker": 0, "trip_id": "604F9_Trip6", "hrot_diff": 0, "sample_diff": 1, "time_diff_s": 0.02, "gps_distance_m": 5.8, "original_speed": "", "wheel_diameter_mm": 711, "braking_intensity": 0.0, "is_braking": false, "is_crash": false, "crash_intensity_g": 0.0, "segment_start_sample": 4245, "segment_end_sample": 4246, "time_str": ""}}, {"type": "Feature", "geometry": {"type": "LineString", "coordinates": [[4.9156188, 52.3715023], [4.9155393, 52.371488]]}, "properties": {"Speed": 0.0, "Speed_display": 13.7, "road_quality": 2, "marker": 0, "trip_id": "604F9_Trip6", "hrot_diff": 0, "sample_diff": 1, "time_diff_s": 0.02, "gps_distance_m": 5.6, "original_speed": "", "wheel_diameter_mm": 711, "braking_intensity": 0.0, "is_braking": false, "is_crash": false, "crash_intensity_g": 0.0, "segment_start_sample": 4292, "segment_end_sample": 4293, "time_str": ""}}, {"type": "Feature", "geometry": {"type": "LineString", "coordinates": [[4.9155393, 52.371488], [4.9154554, 52.3714733]]}, "properties": {"Speed": 0.0, "Speed_display": 13.0, "road_quality": 2, "marker": 0, "trip_id": "604F9_Trip6", "hrot_diff": 0, "sample_diff": 1, "time_diff_s": 0.02, "gps_distance_m": 5.9, "original_speed": "", "wheel_diameter_mm": 711, "braking_intensity": 0.0, "is_braking": false, "is_crash": false, "crash_intensity_g": 0.0, "segment_start_sample": 4343, "segment_end_sample": 4344, "time_str": ""}}, {"type": "Feature", "geometry": {"type": "LineString", "coordinates": [[4.9154554, 52.3714733], [4.9153713, 52.3714398]]}, "properties": {"Speed": 0.0, "Speed_display": 12.2, "road_quality": 2, "marker": 0, "trip_id": "604F9_Trip6", "hrot_diff": 0, "sample_diff": 1, "time_diff_s": 0.02, "gps_distance_m": 6.8, "original_speed": "", "wheel_diameter_mm": 711, "braking_intensity": 0.0, "is_braking": false, "is_crash": false, "crash_intensity_g": 0.0, "segment_start_sample": 4393, "segment_end_sample": 4394, "time_str": ""}}, {"type": "Feature", "geometry": {"type": "LineString", "coordinates": [[4.9153713, 52.3714398], [4.9153033, 52.3714195]]}, "properties": {"Speed": 0.0, "Speed_display": 11.5, "road_quality": 2, "marker": 0, "trip_id": "604F9_Trip6", "hrot_diff": 0, "sample_diff": 1, "time_diff_s": 0.02, "gps_distance_m": 5.1, "original_speed": "", "wheel_diameter_mm": 711, "braking_intensity": 0.0, "is_braking": false, "is_crash": false, "crash_intensity_g": 0.0, "segment_start_sample": 4441, "segment_end_sample": 4442, "time_str": ""}}, {"type": "Feature", "geometry": {"type": "LineString", "coordinates": [[4.9153033, 52.3714195], [4.9152396, 52.371397]]}, "properties": {"Speed": 0.0, "Speed_display": 10.8, "road_quality": 2, "marker": 0, "trip_id": "604F9_Trip6", "hrot_diff": 0, "sample_diff": 1, "time_diff_s": 0.02, "gps_distance_m": 5.0, "original_speed": "", "wheel_diameter_mm": 711, "braking_intensity": 0.0, "is_braking": false, "is_crash": false, "crash_intensity_g": 0.0, "segment_start_sample": 4491, "segment_end_sample": 4492, "time_str": ""}}, {"type": "Feature", "geometry": {"type": "LineString", "coordinates": [[4.9152396, 52.371397], [4.9151955, 52.3713813]]}, "properties": {"Speed": 0.0, "Speed_display": 7.9, "road_quality": 2, "marker": 0, "trip_id": "604F9_Trip6", "hrot_diff": 0, "sample_diff": 1, "time_diff_s": 0.02, "gps_distance_m": 3.5, "original_speed": "", "wheel_diameter_mm": 711, "braking_intensity": 0.0, "is_braking": false, "is_crash": false, "crash_intensity_g": 0.0, "segment_start_sample": 4547, "segment_end_sample": 4548, "time_str": ""}}, {"type": "Feature", "geometry": {"type": "LineString", "coordinates": [[4.9151955, 52.3713813], [4.9151833, 52.3713658]]}, "properties": {"Speed": 0.0, "Speed_display": 4.3, "road_quality": 2, "marker": 0, "trip_id": "604F9_Trip6", "hrot_diff": 0, "sample_diff": 1, "time_diff_s": 0.02, "gps_distance_m": 1.9, "original_speed": "", "wheel_diameter_mm": 711, "braking_intensity": 0.0, "is_braking": false, "is_crash": false, "crash_intensity_g": 0.0, "segment_start_sample": 4601, "segment_end_sample": 4602, "time_str": ""}}, {"type": "Feature", "geometry": {"type": "LineString", "coordinates": [[4.9151833, 52.3713658], [4.9151948, 52.3713571]]}, "properties": {"Speed": 0.0, "Speed_display": 0.7, "road_quality": 2, "marker": 0, "trip_id": "604F9_Trip6", "hrot_diff": 0, "sample_diff": 1, "time_diff_s": 0.02, "gps_distance_m": 1.2, "original_speed": "", "wheel_diameter_mm": 711, "braking_intensity": 0.0, "is_braking": false, "is_crash": false, "crash_intensity_g": 0.0, "segment_start_sample": 4711, "segment_end_sample": 4712, "time_str": ""}}, {"type": "Feature", "geometry": {"type": "LineString", "coordinates": [[4.9151948, 52.3713571], [4.9151951, 52.3713383]]}, "properties": {"Speed": 0.0, "Speed_display": 2.2, "road_quality": 3, "marker": 0, "trip_id": "604F9_Trip6", "hrot_diff": 0, "sample_diff": 1, "time_diff_s": 0.02, "gps_distance_m": 2.1, "original_speed": "", "wheel_diameter_mm": 711, "braking_intensity": 0.0, "is_braking": false, "is_crash": false, "crash_intensity_g": 0.0, "segment_start_sample": 6091, "segment_end_sample": 6092, "time_str": ""}}, {"type": "Feature", "geometry": {"type": "LineString", "coordinates": [[4.9151951, 52.3713383], [4.9152043, 52.3713248]]}, "properties": {"Speed": 0.0, "Speed_display": 4.3, "road_quality": 3, "marker": 0, "trip_id": "604F9_Trip6", "hrot_diff": 0, "sample_diff": 1, "time_diff_s": 0.02, "gps_distance_m": 1.6, "original_speed": "", "wheel_diameter_mm": 711, "braking_intensity": 0.0, "is_braking": false, "is_crash": false, "crash_intensity_g": 0.0, "segment_start_sample": 6110, "segment_end_sample": 6111, "time_str": ""}}, {"type": "Feature", "geometry": {"type": "LineString", "coordinates": [[4.9152043, 52.3713248], [4.9152233, 52.3713055]]}, "properties": {"Speed": 0.0, "Speed_display": 6.5, "road_quality": 3, "marker": 0, "trip_id": "604F9_Trip6", "hrot_diff": 0, "sample_diff": 1, "time_diff_s": 0.02, "gps_distance_m": 2.5, "original_speed": "", "wheel_diameter_mm": 711, "braking_intensity": 0.0, "is_braking": false, "is_crash": false, "crash_intensity_g": 0.0, "segment_start_sample": 6149, "segment_end_sample": 6150, "time_str": ""}}, {"type": "Feature", "geometry": {"type": "LineString", "coordinates": [[4.9152233, 52.3713055], [4.9152463, 52.371282]]}, "properties": {"Speed": 0.0, "Speed_display": 7.9, "road_quality": 2, "marker": 0, "trip_id": "604F9_Trip6", "hrot_diff": 0, "sample_diff": 1, "time_diff_s": 0.02, "gps_distance_m": 3.0, "original_speed": "", "wheel_diameter_mm": 711, "braking_intensity": 0.0, "is_braking": false, "is_crash": false, "crash_intensity_g": 0.0, "segment_start_sample": 6208, "segment_end_sample": 6209, "time_str": ""}}, {"type": "Feature", "geometry": {"type": "LineString", "coordinates": [[4.9152463, 52.371282], [4.9152708, 52.3712511]]}, "properties": {"Speed": 0.0, "Speed_display": 7.9, "road_quality": 2, "marker": 0, "trip_id": "604F9_Trip6", "hrot_diff": 0, "sample_diff": 1, "time_diff_s": 0.02, "gps_distance_m": 3.8, "original_speed": "", "wheel_diameter_mm": 711, "braking_intensity": 0.0, "is_braking": false, "is_crash": false, "crash_intensity_g": 0.0, "segment_start_sample": 6247, "segment_end_sample": 6248, "time_str": ""}}, {"type": "Feature", "geometry": {"type": "LineString", "coordinates": [[4.9152708, 52.3712511], [4.9153055, 52.3712189]]}, "properties": {"Speed": 0.0, "Speed_display": 12.2, "road_quality": 3, "marker": 0, "trip_id": "604F9_Trip6", "hrot_diff": 0, "sample_diff": 1, "time_diff_s": 0.02, "gps_distance_m": 4.3, "original_speed": "", "wheel_diameter_mm": 711, "braking_intensity": 0.0, "is_braking": false, "is_crash": false, "crash_intensity_g": 0.0, "segment_start_sample": 6305, "segment_end_sample": 6306, "time_str": ""}}, {"type": "Feature", "geometry": {"type": "LineString", "coordinates": [[4.9153055, 52.3712189], [4.9153551, 52.3711771]]}, "properties": {"Speed": 0.0, "Speed_display": 12.2, "road_quality": 3, "marker": 0, "trip_id": "604F9_Trip6", "hrot_diff": 0, "sample_diff": 1, "time_diff_s": 0.02, "gps_distance_m": 5.7, "original_speed": "", "wheel_diameter_mm": 711, "braking_intensity": 0.0, "is_braking": false, "is_crash": false, "crash_intensity_g": 0.0, "segment_start_sample": 6354, "segment_end_sample": 6355, "time_str": ""}}, {"type": "Feature", "geometry": {"type": "LineString", "coordinates": [[4.9153551, 52.3711771], [4.9153906, 52.3711285]]}, "properties": {"Speed": 0.0, "Speed_display": 14.4, "road_quality": 2, "marker": 0, "trip_id": "604F9_Trip6", "hrot_diff": 0, "sample_diff": 1, "time_diff_s": 0.02, "gps_distance_m": 5.9, "original_speed": "", "wheel_diameter_mm": 711, "braking_intensity": 0.0, "is_braking": false, "is_crash": false, "crash_intensity_g": 0.0, "segment_start_sample": 6399, "segment_end_sample": 6400, "time_str": ""}}, {"type": "Feature", "geometry": {"type": "LineString", "coordinates": [[4.9153906, 52.3711285], [4.9154382, 52.371084]]}, "properties": {"Speed": 0.0, "Speed_display": 15.1, "road_quality": 2, "marker": 0, "trip_id": "604F9_Trip6", "hrot_diff": 0, "sample_diff": 1, "time_diff_s": 0.02, "gps_distance_m": 5.9, "original_speed": "", "wheel_diameter_mm": 711, "braking_intensity": 0.0, "is_braking": false, "is_crash": false, "crash_intensity_g": 0.0, "segment_start_sample": 6444, "segment_end_sample": 6445, "time_str": ""}}, {"type": "Feature", "geometry": {"type": "LineString", "coordinates": [[4.9154382, 52.371084], [4.9154848, 52.3710371]]}, "properties": {"Speed": 0.0, "Speed_display": 15.1, "road_quality": 3, "marker": 0, "trip_id": "604F9_Trip6", "hrot_diff": 0, "sample_diff": 1, "time_diff_s": 0.02, "gps_distance_m": 6.1, "original_speed": "", "wheel_diameter_mm": 711, "braking_intensity": 0.0, "is_braking": false, "is_crash": false, "crash_intensity_g": 0.0, "segment_start_sample": 6496, "segment_end_sample": 6497, "time_str": ""}}, {"type": "Feature", "geometry": {"type": "LineString", "coordinates": [[4.9154848, 52.3710371], [4.9155577, 52.3709957]]}, "properties": {"Speed": 0.0, "Speed_display": 15.8, "road_quality": 3, "marker": 0, "trip_id": "604F9_Trip6", "hrot_diff": 0, "sample_diff": 1, "time_diff_s": 0.02, "gps_distance_m": 6.8, "original_speed": "", "wheel_diameter_mm": 711, "braking_intensity": 0.0, "is_braking": false, "is_crash": false, "crash_intensity_g": 0.0, "segment_start_sample": 6548, "segment_end_sample": 6549, "time_str": ""}}, {"type": "Feature", "geometry": {"type": "LineString", "coordinates": [[4.9155577, 52.3709957], [4.9156405, 52.3709635]]}, "properties": {"Speed": 0.0, "Speed_display": 15.8, "road_quality": 3, "marker": 0, "trip_id": "604F9_Trip6", "hrot_diff": 0, "sample_diff": 1, "time_diff_s": 0.02, "gps_distance_m": 6.7, "original_speed": "", "wheel_diameter_mm": 711, "braking_intensity": 0.0, "is_braking": false, "is_crash": false, "crash_intensity_g": 0.0, "segment_start_sample": 6597, "segment_end_sample": 6598, "time_str": ""}}, {"type": "Feature", "geometry": {"type": "LineString", "coordinates": [[4.9156405, 52.3709635], [4.9157269, 52.3709305]]}, "properties": {"Speed": 0.0, "Speed_display": 15.8, "road_quality": 3, "marker": 0, "trip_id": "604F9_Trip6", "hrot_diff": 0, "sample_diff": 1, "time_diff_s": 0.02, "gps_distance_m": 6.9, "original_speed": "", "wheel_diameter_mm": 711, "braking_intensity": 0.0, "is_braking": false, "is_crash": false, "crash_intensity_g": 0.0, "segment_start_sample": 6649, "segment_end_sample": 6650, "time_str": ""}}, {"type": "Feature", "geometry": {"type": "LineString", "coordinates": [[4.9157269, 52.3709305], [4.9158127, 52.3708948]]}, "properties": {"Speed": 0.0, "Speed_display": 17.3, "road_quality": 3, "marker": 0, "trip_id": "604F9_Trip6", "hrot_diff": 0, "sample_diff": 1, "time_diff_s": 0.02, "gps_distance_m": 7.0, "original_speed": "", "wheel_diameter_mm": 711, "braking_intensity": 0.0, "is_braking": false, "is_crash": false, "crash_intensity_g": 0.0, "segment_start_sample": 6698, "segment_end_sample": 6699, "time_str": ""}}, {"type": "Feature", "geometry": {"type": "LineString", "coordinates": [[4.9158127, 52.3708948], [4.9159028, 52.3708588]]}, "properties": {"Speed": 0.0, "Speed_display": 17.3, "road_quality": 3, "marker": 0, "trip_id": "604F9_Trip6", "hrot_diff": 0, "sample_diff": 1, "time_diff_s": 0.02, "gps_distance_m": 7.3, "original_speed": "", "wheel_diameter_mm": 711, "braking_intensity": 0.0, "is_braking": false, "is_crash": false, "crash_intensity_g": 0.0, "segment_start_sample": 6745, "segment_end_sample": 6746, "time_str": ""}}, {"type": "Feature", "geometry": {"type": "LineString", "coordinates": [[4.9159028, 52.3708588], [4.9159957, 52.3708309]]}, "properties": {"Speed": 0.0, "Speed_display": 17.3, "road_quality": 2, "marker": 0, "trip_id": "604F9_Trip6", "hrot_diff": 0, "sample_diff": 1, "time_diff_s": 0.02, "gps_distance_m": 7.0, "original_speed": "", "wheel_diameter_mm": 711, "braking_intensity": 0.0, "is_braking": false, "is_crash": false, "crash_intensity_g": 0.0, "segment_start_sample": 6798, "segment_end_sample": 6799, "time_str": ""}}, {"type": "Feature", "geometry": {"type": "LineString", "coordinates": [[4.9159957, 52.3708309], [4.9160852, 52.3708002]]}, "properties": {"Speed": 0.0, "Speed_display": 18.0, "road_quality": 2, "marker": 0, "trip_id": "604F9_Trip6", "hrot_diff": 0, "sample_diff": 1, "time_diff_s": 0.02, "gps_distance_m": 7.0, "original_speed": "", "wheel_diameter_mm": 711, "braking_intensity": 0.0, "is_braking": false, "is_crash": false, "crash_intensity_g": 0.0, "segment_start_sample": 6844, "segment_end_sample": 6845, "time_str": ""}}, {"type": "Feature", "geometry": {"type": "LineString", "coordinates": [[4.9160852, 52.3708002], [4.9161763, 52.3707605]]}, "properties": {"Speed": 0.0, "Speed_display": 18.0, "road_quality": 3, "marker": 0, "trip_id": "604F9_Trip6", "hrot_diff": 0, "sample_diff": 1, "time_diff_s": 0.02, "gps_distance_m": 7.6, "original_speed": "", "wheel_diameter_mm": 711, "braking_intensity": 0.0, "is_braking": false, "is_crash": false, "crash_intensity_g": 0.0, "segment_start_sample": 6890, "segment_end_sample": 6891, "time_str": ""}}, {"type": "Feature", "geometry": {"type": "LineString", "coordinates": [[4.9161763, 52.3707605], [4.9162657, 52.3707248]]}, "properties": {"Speed": 0.0, "Speed_display": 18.0, "road_quality": 3, "marker": 0, "trip_id": "604F9_Trip6", "hrot_diff": 0, "sample_diff": 1, "time_diff_s": 0.02, "gps_distance_m": 7.3, "original_speed": "", "wheel_diameter_mm": 711, "braking_intensity": 0.0, "is_braking": false, "is_crash": false, "crash_intensity_g": 0.0, "segment_start_sample": 6950, "segment_end_sample": 6951, "time_str": ""}}, {"type": "Feature", "geometry": {"type": "LineString", "coordinates": [[4.9162657, 52.3707248], [4.9163564, 52.3706919]]}, "properties": {"Speed": 0.0, "Speed_display": 18.0, "road_quality": 3, "marker": 0, "trip_id": "604F9_Trip6", "hrot_diff": 0, "sample_diff": 1, "time_diff_s": 0.02, "gps_distance_m": 7.2, "original_speed": "", "wheel_diameter_mm": 711, "braking_intensity": 0.0, "is_braking": false, "is_crash": false, "crash_intensity_g": 0.0, "segment_start_sample": 7001, "segment_end_sample": 7002, "time_str": ""}}, {"type": "Feature", "geometry": {"type": "LineString", "coordinates": [[4.9163564, 52.3706919], [4.9164509, 52.370661]]}, "properties": {"Speed": 0.0, "Speed_display": 18.0, "road_quality": 3, "marker": 0, "trip_id": "604F9_Trip6", "hrot_diff": 0, "sample_diff": 1, "time_diff_s": 0.02, "gps_distance_m": 7.3, "original_speed": "", "wheel_diameter_mm": 711, "braking_intensity": 0.0, "is_braking": false, "is_crash": false, "crash_intensity_g": 0.0, "segment_start_sample": 7089, "segment_end_sample": 7090, "time_str": ""}}, {"type": "Feature", "geometry": {"type": "LineString", "coordinates": [[4.9164509, 52.370661], [4.9165509, 52.3706298]]}, "properties": {"Speed": 0.0, "Speed_display": 18.0, "road_quality": 3, "marker": 0, "trip_id": "604F9_Trip6", "hrot_diff": 0, "sample_diff": 1, "time_diff_s": 0.02, "gps_distance_m": 7.6, "original_speed": "", "wheel_diameter_mm": 711, "braking_intensity": 0.0, "is_braking": false, "is_crash": false, "crash_intensity_g": 0.0, "segment_start_sample": 7105, "segment_end_sample": 7106, "time_str": ""}}, {"type": "Feature", "geometry": {"type": "LineString", "coordinates": [[4.9165509, 52.3706298], [4.9166493, 52.3705999]]}, "properties": {"Speed": 0.0, "Speed_display": 18.7, "road_quality": 3, "marker": 0, "trip_id": "604F9_Trip6", "hrot_diff": 0, "sample_diff": 1, "time_diff_s": 0.02, "gps_distance_m": 7.5, "original_speed": "", "wheel_diameter_mm": 711, "braking_intensity": 0.0, "is_braking": false, "is_crash": false, "crash_intensity_g": 0.0, "segment_start_sample": 7163, "segment_end_sample": 7164, "time_str": ""}}, {"type": "Feature", "geometry": {"type": "LineString", "coordinates": [[4.9166493, 52.3705999], [4.9167483, 52.3705613]]}, "properties": {"Speed": 0.0, "Speed_display": 18.7, "road_quality": 2, "marker": 0, "trip_id": "604F9_Trip6", "hrot_diff": 0, "sample_diff": 1, "time_diff_s": 0.02, "gps_distance_m": 8.0, "original_speed": "", "wheel_diameter_mm": 711, "braking_intensity": 0.0, "is_braking": false, "is_crash": false, "crash_intensity_g": 0.0, "segment_start_sample": 7198, "segment_end_sample": 7199, "time_str": ""}}, {"type": "Feature", "geometry": {"type": "LineString", "coordinates": [[4.9167483, 52.3705613], [4.9168418, 52.3705219]]}, "properties": {"Speed": 0.0, "Speed_display": 18.7, "road_quality": 3, "marker": 0, "trip_id": "604F9_Trip6", "hrot_diff": 0, "sample_diff": 1, "time_diff_s": 0.02, "gps_distance_m": 7.7, "original_speed": "", "wheel_diameter_mm": 711, "braking_intensity": 0.0, "is_braking": false, "is_crash": false, "crash_intensity_g": 0.0, "segment_start_sample": 7251, "segment_end_sample": 7252, "time_str": ""}}, {"type": "Feature", "geometry": {"type": "LineString", "coordinates": [[4.9168418, 52.3705219], [4.9169317, 52.3704872]]}, "properties": {"Speed": 0.0, "Speed_display": 18.7, "road_quality": 3, "marker": 0, "trip_id": "604F9_Trip6", "hrot_diff": 0, "sample_diff": 1, "time_diff_s": 0.02, "gps_distance_m": 7.2, "original_speed": "", "wheel_diameter_mm": 711, "braking_intensity": 0.0, "is_braking": false, "is_crash": false, "crash_intensity_g": 0.0, "segment_start_sample": 7310, "segment_end_sample": 7311, "time_str": ""}}, {"type": "Feature", "geometry": {"type": "LineString", "coordinates": [[4.9169317, 52.3704872], [4.9170242, 52.3704562]]}, "properties": {"Speed": 0.0, "Speed_display": 18.7, "road_quality": 3, "marker": 0, "trip_id": "604F9_Trip6", "hrot_diff": 0, "sample_diff": 1, "time_diff_s": 0.02, "gps_distance_m": 7.2, "original_speed": "", "wheel_diameter_mm": 711, "braking_intensity": 0.0, "is_braking": false, "is_crash": false, "crash_intensity_g": 0.0, "segment_start_sample": 7355, "segment_end_sample": 7356, "time_str": ""}}, {"type": "Feature", "geometry": {"type": "LineString", "coordinates": [[4.9170242, 52.3704562], [4.9171236, 52.3704264]]}, "properties": {"Speed": 0.0, "Speed_display": 18.7, "road_quality": 2, "marker": 0, "trip_id": "604F9_Trip6", "hrot_diff": 0, "sample_diff": 1, "time_diff_s": 0.02, "gps_distance_m": 7.5, "original_speed": "", "wheel_diameter_mm": 711, "braking_intensity": 0.0, "is_braking": false, "is_crash": false, "crash_intensity_g": 0.0, "segment_start_sample": 7412, "segment_end_sample": 7413, "time_str": ""}}, {"type": "Feature", "geometry": {"type": "LineString", "coordinates": [[4.9171236, 52.3704264], [4.9172204, 52.3703927]]}, "properties": {"Speed": 0.0, "Speed_display": 18.7, "road_quality": 3, "marker": 0, "trip_id": "604F9_Trip6", "hrot_diff": 0, "sample_diff": 1, "time_diff_s": 0.02, "gps_distance_m": 7.6, "original_speed": "", "wheel_diameter_mm": 711, "braking_intensity": 0.0, "is_braking": false, "is_crash": false, "crash_intensity_g": 0.0, "segment_start_sample": 7442, "segment_end_sample": 7443, "time_str": ""}}, {"type": "Feature", "geometry": {"type": "LineString", "coordinates": [[4.9172204, 52.3703927], [4.9173084, 52.3703572]]}, "properties": {"Speed": 0.0, "Speed_display": 18.7, "road_quality": 3, "marker": 0, "trip_id": "604F9_Trip6", "hrot_diff": 0, "sample_diff": 1, "time_diff_s": 0.02, "gps_distance_m": 7.2, "original_speed": "", "wheel_diameter_mm": 711, "braking_intensity": 0.0, "is_braking": false, "is_crash": false, "crash_intensity_g": 0.0, "segment_start_sample": 7492, "segment_end_sample": 7493, "time_str": ""}}, {"type": "Feature", "geometry": {"type": "LineString", "coordinates": [[4.9173084, 52.3703572], [4.9174056, 52.3703197]]}, "properties": {"Speed": 0.0, "Speed_display": 18.7, "road_quality": 3, "marker": 0, "trip_id": "604F9_Trip6", "hrot_diff": 0, "sample_diff": 1, "time_diff_s": 0.02, "gps_distance_m": 7.8, "original_speed": "", "wheel_diameter_mm": 711, "braking_intensity": 0.0, "is_braking": false, "is_crash": false, "crash_intensity_g": 0.0, "segment_start_sample": 7546, "segment_end_sample": 7547, "time_str": ""}}, {"type": "Feature", "geometry": {"type": "LineString", "coordinates": [[4.9174056, 52.3703197], [4.9174974, 52.3702801]]}, "properties": {"Speed": 0.0, "Speed_display": 18.7, "road_quality": 3, "marker": 0, "trip_id": "604F9_Trip6", "hrot_diff": 0, "sample_diff": 1, "time_diff_s": 0.02, "gps_distance_m": 7.6, "original_speed": "", "wheel_diameter_mm": 711, "braking_intensity": 0.0, "is_braking": false, "is_crash": false, "crash_intensity_g": 0.0, "segment_start_sample": 7589, "segment_end_sample": 7590, "time_str": ""}}, {"type": "Feature", "geometry": {"type": "LineString", "coordinates": [[4.9174974, 52.3702801], [4.9176001, 52.3702448]]}, "properties": {"Speed": 0.0, "Speed_display": 19.4, "road_quality": 3, "marker": 0, "trip_id": "604F9_Trip6", "hrot_diff": 0, "sample_diff": 1, "time_diff_s": 0.02, "gps_distance_m": 8.0, "original_speed": "", "wheel_diameter_mm": 711, "braking_intensity": 0.0, "is_braking": false, "is_crash": false, "crash_intensity_g": 0.0, "segment_start_sample": 7648, "segment_end_sample": 7649, "time_str": ""}}, {"type": "Feature", "geometry": {"type": "LineString", "coordinates": [[4.9176001, 52.3702448], [4.9176961, 52.3702135]]}, "properties": {"Speed": 0.0, "Speed_display": 18.7, "road_quality": 3, "marker": 0, "trip_id": "604F9_Trip6", "hrot_diff": 0, "sample_diff": 1, "time_diff_s": 0.02, "gps_distance_m": 7.4, "original_speed": "", "wheel_diameter_mm": 711, "braking_intensity": 0.0, "is_braking": false, "is_crash": false, "crash_intensity_g": 0.0, "segment_start_sample": 7699, "segment_end_sample": 7700, "time_str": ""}}, {"type": "Feature", "geometry": {"type": "LineString", "coordinates": [[4.9176961, 52.3702135], [4.9177944, 52.3701816]]}, "properties": {"Speed": 0.0, "Speed_display": 19.4, "road_quality": 3, "marker": 0, "trip_id": "604F9_Trip6", "hrot_diff": 0, "sample_diff": 1, "time_diff_s": 0.02, "gps_distance_m": 7.6, "original_speed": "", "wheel_diameter_mm": 711, "braking_intensity": 0.0, "is_braking": false, "is_crash": false, "crash_intensity_g": 0.0, "segment_start_sample": 7752, "segment_end_sample": 7753, "time_str": ""}}, {"type": "Feature", "geometry": {"type": "LineString", "coordinates": [[4.9177944, 52.3701816], [4.9178934, 52.3701514]]}, "properties": {"Speed": 0.0, "Speed_display": 18.7, "road_quality": 3, "marker": 0, "trip_id": "604F9_Trip6", "hrot_diff": 0, "sample_diff": 1, "time_diff_s": 0.02, "gps_distance_m": 7.5, "original_speed": "", "wheel_diameter_mm": 711, "braking_intensity": 0.0, "is_braking": false, "is_crash": false, "crash_intensity_g": 0.0, "segment_start_sample": 7797, "segment_end_sample": 7798, "time_str": ""}}, {"type": "Feature", "geometry": {"type": "LineString", "coordinates": [[4.9178934, 52.3701514], [4.9179898, 52.3701203]]}, "properties": {"Speed": 0.0, "Speed_display": 18.7, "road_quality": 3, "marker": 0, "trip_id": "604F9_Trip6", "hrot_diff": 0, "sample_diff": 1, "time_diff_s": 0.02, "gps_distance_m": 7.4, "original_speed": "", "wheel_diameter_mm": 711, "braking_intensity": 0.0, "is_braking": false, "is_crash": false, "crash_intensity_g": 0.0, "segment_start_sample": 7840, "segment_end_sample": 7841, "time_str": ""}}, {"type": "Feature", "geometry": {"type": "LineString", "coordinates": [[4.9179898, 52.3701203], [4.9180904, 52.370086]]}, "properties": {"Speed": 0.0, "Speed_display": 18.7, "road_quality": 3, "marker": 0, "trip_id": "604F9_Trip6", "hrot_diff": 0, "sample_diff": 1, "time_diff_s": 0.02, "gps_distance_m": 7.8, "original_speed": "", "wheel_diameter_mm": 711, "braking_intensity": 0.0, "is_braking": false, "is_crash": false, "crash_intensity_g": 0.0, "segment_start_sample": 7899, "segment_end_sample": 7900, "time_str": ""}}, {"type": "Feature", "geometry": {"type": "LineString", "coordinates": [[4.9180904, 52.370086], [4.9181829, 52.3700518]]}, "properties": {"Speed": 0.0, "Speed_display": 28.8, "road_quality": 3, "marker": 0, "trip_id": "604F9_Trip6", "hrot_diff": 0, "sample_diff": 1, "time_diff_s": 0.02, "gps_distance_m": 7.3, "original_speed": "", "wheel_diameter_mm": 711, "braking_intensity": 0.0, "is_braking": false, "is_crash": false, "crash_intensity_g": 0.0, "segment_start_sample": 7947, "segment_end_sample": 7948, "time_str": ""}}, {"type": "Feature", "geometry": {"type": "LineString", "coordinates": [[4.9181829, 52.3700518], [4.9182825, 52.3700212]]}, "properties": {"Speed": 0.0, "Speed_display": 19.4, "road_quality": 3, "marker": 0, "trip_id": "604F9_Trip6", "hrot_diff": 0, "sample_diff": 1, "time_diff_s": 0.02, "gps_distance_m": 7.6, "original_speed": "", "wheel_diameter_mm": 711, "braking_intensity": 0.0, "is_braking": false, "is_crash": false, "crash_intensity_g": 0.0, "segment_start_sample": 7998, "segment_end_sample": 7999, "time_str": ""}}, {"type": "Feature", "geometry": {"type": "LineString", "coordinates": [[4.9182825, 52.3700212], [4.9183797, 52.3699894]]}, "properties": {"Speed": 0.0, "Speed_display": 19.4, "road_quality": 3, "marker": 0, "trip_id": "604F9_Trip6", "hrot_diff": 0, "sample_diff": 1, "time_diff_s": 0.02, "gps_distance_m": 7.5, "original_speed": "", "wheel_diameter_mm": 711, "braking_intensity": 0.0, "is_braking": false, "is_crash": false, "crash_intensity_g": 0.0, "segment_start_sample": 8056, "segment_end_sample": 8057, "time_str": ""}}, {"type": "Feature", "geometry": {"type": "LineString", "coordinates": [[4.9183797, 52.3699894], [4.9184778, 52.3699642]]}, "properties": {"Speed": 0.0, "Speed_display": 18.7, "road_quality": 3, "marker": 0, "trip_id": "604F9_Trip6", "hrot_diff": 0, "sample_diff": 1, "time_diff_s": 0.02, "gps_distance_m": 7.2, "original_speed": "", "wheel_diameter_mm": 711, "braking_intensity": 0.0, "is_braking": false, "is_crash": false, "crash_intensity_g": 0.0, "segment_start_sample": 8092, "segment_end_sample": 8093, "time_str": ""}}, {"type": "Feature", "geometry": {"type": "LineString", "coordinates": [[4.9184778, 52.3699642], [4.9185627, 52.3699355]]}, "properties": {"Speed": 0.0, "Speed_display": 18.0, "road_quality": 3, "marker": 0, "trip_id": "604F9_Trip6", "hrot_diff": 0, "sample_diff": 1, "time_diff_s": 0.02, "gps_distance_m": 6.6, "original_speed": "", "wheel_diameter_mm": 711, "braking_intensity": 0.0, "is_braking": false, "is_crash": false, "crash_intensity_g": 0.0, "segment_start_sample": 8146, "segment_end_sample": 8147, "time_str": ""}}, {"type": "Feature", "geometry": {"type": "LineString", "coordinates": [[4.9185627, 52.3699355], [4.9186467, 52.3699034]]}, "properties": {"Speed": 0.0, "Speed_display": 15.1, "road_quality": 3, "marker": 0, "trip_id": "604F9_Trip6", "hrot_diff": 0, "sample_diff": 1, "time_diff_s": 0.02, "gps_distance_m": 6.7, "original_speed": "", "wheel_diameter_mm": 711, "braking_intensity": 0.0, "is_braking": false, "is_crash": false, "crash_intensity_g": 0.0, "segment_start_sample": 8188, "segment_end_sample": 8189, "time_str": ""}}, {"type": "Feature", "geometry": {"type": "LineString", "coordinates": [[4.9186467, 52.3699034], [4.9187086, 52.3698803]]}, "properties": {"Speed": 0.0, "Speed_display": 10.1, "road_quality": 3, "marker": 0, "trip_id": "604F9_Trip6", "hrot_diff": 0, "sample_diff": 1, "time_diff_s": 0.02, "gps_distance_m": 4.9, "original_speed": "", "wheel_diameter_mm": 711, "braking_intensity": 0.0, "is_braking": false, "is_crash": false, "crash_intensity_g": 0.0, "segment_start_sample": 8246, "segment_end_sample": 8247, "time_str": ""}}, {"type": "Feature", "geometry": {"type": "LineString", "coordinates": [[4.9187086, 52.3698803], [4.9187604, 52.3698645]]}, "properties": {"Speed": 0.0, "Speed_display": 9.4, "road_quality": 2, "marker": 0, "trip_id": "604F9_Trip6", "hrot_diff": 0, "sample_diff": 1, "time_diff_s": 0.02, "gps_distance_m": 3.9, "original_speed": "", "wheel_diameter_mm": 711, "braking_intensity": 0.0, "is_braking": false, "is_crash": false, "crash_intensity_g": 0.0, "segment_start_sample": 8289, "segment_end_sample": 8290, "time_str": ""}}, {"type": "Feature", "geometry": {"type": "LineString", "coordinates": [[4.9187604, 52.3698645], [4.9188178, 52.3698497]]}, "properties": {"Speed": 0.0, "Speed_display": 8.6, "road_quality": 2, "marker": 0, "trip_id": "604F9_Trip6", "hrot_diff": 0, "sample_diff": 1, "time_diff_s": 0.02, "gps_distance_m": 4.2, "original_speed": "", "wheel_diameter_mm": 711, "braking_intensity": 0.0, "is_braking": false, "is_crash": false, "crash_intensity_g": 0.0, "segment_start_sample": 8346, "segment_end_sample": 8347, "time_str": ""}}, {"type": "Feature", "geometry": {"type": "LineString", "coordinates": [[4.9188178, 52.3698497], [4.9188712, 52.3698386]]}, "properties": {"Speed": 0.0, "Speed_display": 7.9, "road_quality": 2, "marker": 0, "trip_id": "604F9_Trip6", "hrot_diff": 0, "sample_diff": 1, "time_diff_s": 0.02, "gps_distance_m": 3.8, "original_speed": "", "wheel_diameter_mm": 711, "braking_intensity": 0.0, "is_braking": false, "is_crash": false, "crash_intensity_g": 0.0, "segment_start_sample": 8391, "segment_end_sample": 8392, "time_str": ""}}, {"type": "Feature", "geometry": {"type": "LineString", "coordinates": [[4.9188712, 52.3698386], [4.9189219, 52.369824]]}, "properties": {"Speed": 0.0, "Speed_display": 7.9, "road_quality": 2, "marker": 0, "trip_id": "604F9_Trip6", "hrot_diff": 0, "sample_diff": 1, "time_diff_s": 0.02, "gps_distance_m": 3.8, "original_speed": "", "wheel_diameter_mm": 711, "braking_intensity": 0.0, "is_braking": false, "is_crash": false, "crash_intensity_g": 0.0, "segment_start_sample": 8450, "segment_end_sample": 8451, "time_str": ""}}, {"type": "Feature", "geometry": {"type": "LineString", "coordinates": [[4.9189219, 52.369824], [4.9189548, 52.3698108]]}, "properties": {"Speed": 0.0, "Speed_display": 5.0, "road_quality": 2, "marker": 0, "trip_id": "604F9_Trip6", "hrot_diff": 0, "sample_diff": 1, "time_diff_s": 0.02, "gps_distance_m": 2.7, "original_speed": "", "wheel_diameter_mm": 711, "braking_intensity": 0.0, "is_braking": false, "is_crash": false, "crash_intensity_g": 0.0, "segment_start_sample": 8497, "segment_end_sample": 8498, "time_str": ""}}, {"type": "Feature", "geometry": {"type": "LineString", "coordinates": [[4.9189548, 52.3698108], [4.9189792, 52.3698034]]}, "properties": {"Speed": 0.0, "Speed_display": 2.9, "road_quality": 2, "marker": 0, "trip_id": "604F9_Trip6", "hrot_diff": 0, "sample_diff": 1, "time_diff_s": 0.02, "gps_distance_m": 1.8, "original_speed": "", "wheel_diameter_mm": 711, "braking_intensity": 0.0, "is_braking": false, "is_crash": false, "crash_intensity_g": 0.0, "segment_start_sample": 8550, "segment_end_sample": 8551, "time_str": ""}}, {"type": "Feature", "geometry": {"type": "LineString", "coordinates": [[4.9189792, 52.3698034], [4.9189998, 52.369798]]}, "properties": {"Speed": 0.0, "Speed_display": 2.9, "road_quality": 2, "marker": 0, "trip_id": "604F9_Trip6", "hrot_diff": 0, "sample_diff": 1, "time_diff_s": 0.02, "gps_distance_m": 1.5, "original_speed": "", "wheel_diameter_mm": 711, "braking_intensity": 0.0, "is_braking": false, "is_crash": false, "crash_intensity_g": 0.0, "segment_start_sample": 8611, "segment_end_sample": 8612, "time_str": ""}}, {"type": "Feature", "geometry": {"type": "LineString", "coordinates": [[4.9189998, 52.369798], [4.9190295, 52.369778]]}, "properties": {"Speed": 0.0, "Speed_display": 4.3, "road_quality": 3, "marker": 0, "trip_id": "604F9_Trip6", "hrot_diff": 0, "sample_diff": 1, "time_diff_s": 0.02, "gps_distance_m": 3.0, "original_speed": "", "wheel_diameter_mm": 711, "braking_intensity": 0.0, "is_braking": false, "is_crash": false, "crash_intensity_g": 0.0, "segment_start_sample": 8662, "segment_end_sample": 8663, "time_str": ""}}, {"type": "Feature", "geometry": {"type": "LineString", "coordinates": [[4.9190295, 52.369778], [4.9190662, 52.369764]]}, "properties": {"Speed": 0.0, "Speed_display": 6.5, "road_quality": 3, "marker": 0, "trip_id": "604F9_Trip6", "hrot_diff": 0, "sample_diff": 1, "time_diff_s": 0.02, "gps_distance_m": 2.9, "original_speed": "", "wheel_diameter_mm": 711, "braking_intensity": 0.0, "is_braking": false, "is_crash": false, "crash_intensity_g": 0.0, "segment_start_sample": 8713, "segment_end_sample": 8714, "time_str": ""}}, {"type": "Feature", "geometry": {"type": "LineString", "coordinates": [[4.9190662, 52.369764], [4.9191084, 52.3697485]]}, "properties": {"Speed": 0.0, "Speed_display": 5.8, "road_quality": 3, "marker": 0, "trip_id": "604F9_Trip6", "hrot_diff": 0, "sample_diff": 1, "time_diff_s": 0.02, "gps_distance_m": 3.3, "original_speed": "", "wheel_diameter_mm": 711, "braking_intensity": 0.0, "is_braking": false, "is_crash": false, "crash_intensity_g": 0.0, "segment_start_sample": 8757, "segment_end_sample": 8758, "time_str": ""}}, {"type": "Feature", "geometry": {"type": "LineString", "coordinates": [[4.9191084, 52.3697485], [4.9191506, 52.3697348]]}, "properties": {"Speed": 0.0, "Speed_display": 6.5, "road_quality": 3, "marker": 0, "trip_id": "604F9_Trip6", "hrot_diff": 0, "sample_diff": 1, "time_diff_s": 0.02, "gps_distance_m": 3.2, "original_speed": "", "wheel_diameter_mm": 711, "braking_intensity": 0.0, "is_braking": false, "is_crash": false, "crash_intensity_g": 0.0, "segment_start_sample": 8795, "segment_end_sample": 8796, "time_str": ""}}, {"type": "Feature", "geometry": {"type": "LineString", "coordinates": [[4.9191506, 52.3697348], [4.9191982, 52.3697196]]}, "properties": {"Speed": 0.0, "Speed_display": 7.9, "road_quality": 2, "marker": 0, "trip_id": "604F9_Trip6", "hrot_diff": 0, "sample_diff": 1, "time_diff_s": 0.02, "gps_distance_m": 3.6, "original_speed": "", "wheel_diameter_mm": 711, "braking_intensity": 0.0, "is_braking": false, "is_crash": false, "crash_intensity_g": 0.0, "segment_start_sample": 8850, "segment_end_sample": 8851, "time_str": ""}}, {"type": "Feature", "geometry": {"type": "LineString", "coordinates": [[4.9191982, 52.3697196], [4.9192507, 52.3697037]]}, "properties": {"Speed": 0.0, "Speed_display": 8.6, "road_quality": 3, "marker": 0, "trip_id": "604F9_Trip6", "hrot_diff": 0, "sample_diff": 1, "time_diff_s": 0.02, "gps_distance_m": 4.0, "original_speed": "", "wheel_diameter_mm": 711, "braking_intensity": 0.0, "is_braking": false, "is_crash": false, "crash_intensity_g": 0.0, "segment_start_sample": 8897, "segment_end_sample": 8898, "time_str": ""}}, {"type": "Feature", "geometry": {"type": "LineString", "coordinates": [[4.9192507, 52.3697037], [4.919308, 52.3696879]]}, "properties": {"Speed": 0.0, "Speed_display": 10.8, "road_quality": 3, "marker": 0, "trip_id": "604F9_Trip6", "hrot_diff": 0, "sample_diff": 1, "time_diff_s": 0.02, "gps_distance_m": 4.3, "original_speed": "", "wheel_diameter_mm": 711, "braking_intensity": 0.0, "is_braking": false, "is_crash": false, "crash_intensity_g": 0.0, "segment_start_sample": 8949, "segment_end_sample": 8950, "time_str": ""}}, {"type": "Feature", "geometry": {"type": "LineString", "coordinates": [[4.919308, 52.3696879], [4.9193822, 52.3696559]]}, "properties": {"Speed": 0.0, "Speed_display": 12.2, "road_quality": 2, "marker": 0, "trip_id": "604F9_Trip6", "hrot_diff": 0, "sample_diff": 1, "time_diff_s": 0.02, "gps_distance_m": 6.2, "original_speed": "", "wheel_diameter_mm": 711, "braking_intensity": 0.0, "is_braking": false, "is_crash": false, "crash_intensity_g": 0.0, "segment_start_sample": 8995, "segment_end_sample": 8996, "time_str": ""}}, {"type": "Feature", "geometry": {"type": "LineString", "coordinates": [[4.9193822, 52.3696559], [4.9194519, 52.3696224]]}, "properties": {"Speed": 0.0, "Speed_display": 13.0, "road_quality": 2, "marker": 0, "trip_id": "604F9_Trip6", "hrot_diff": 0, "sample_diff": 1, "time_diff_s": 0.02, "gps_distance_m": 6.0, "original_speed": "", "wheel_diameter_mm": 711, "braking_intensity": 0.0, "is_braking": false, "is_crash": false, "crash_intensity_g": 0.0, "segment_start_sample": 9038, "segment_end_sample": 9039, "time_str": ""}}, {"type": "Feature", "geometry": {"type": "LineString", "coordinates": [[4.9194519, 52.3696224], [4.9195178, 52.369597]]}, "properties": {"Speed": 0.0, "Speed_display": 13.0, "road_quality": 3, "marker": 0, "trip_id": "604F9_Trip6", "hrot_diff": 0, "sample_diff": 1, "time_diff_s": 0.02, "gps_distance_m": 5.3, "original_speed": "", "wheel_diameter_mm": 711, "braking_intensity": 0.0, "is_braking": false, "is_crash": false, "crash_intensity_g": 0.0, "segment_start_sample": 9101, "segment_end_sample": 9102, "time_str": ""}}, {"type": "Feature", "geometry": {"type": "LineString", "coordinates": [[4.9195178, 52.369597], [4.9195947, 52.3695829]]}, "properties": {"Speed": 0.0, "Speed_display": 12.2, "road_quality": 3, "marker": 0, "trip_id": "604F9_Trip6", "hrot_diff": 0, "sample_diff": 1, "time_diff_s": 0.02, "gps_distance_m": 5.5, "original_speed": "", "wheel_diameter_mm": 711, "braking_intensity": 0.0, "is_braking": false, "is_crash": false, "crash_intensity_g": 0.0, "segment_start_sample": 9139, "segment_end_sample": 9140, "time_str": ""}}, {"type": "Feature", "geometry": {"type": "LineString", "coordinates": [[4.9195947, 52.3695829], [4.9196701, 52.3695547]]}, "properties": {"Speed": 0.0, "Speed_display": 13.7, "road_quality": 3, "marker": 0, "trip_id": "604F9_Trip6", "hrot_diff": 0, "sample_diff": 1, "time_diff_s": 0.02, "gps_distance_m": 6.0, "original_speed": "", "wheel_diameter_mm": 711, "braking_intensity": 0.0, "is_braking": false, "is_crash": false, "crash_intensity_g": 0.0, "segment_start_sample": 9192, "segment_end_sample": 9193, "time_str": ""}}, {"type": "Feature", "geometry": {"type": "LineString", "coordinates": [[4.9196701, 52.3695547], [4.9197462, 52.3695243]]}, "properties": {"Speed": 0.0, "Speed_display": 14.4, "road_quality": 3, "marker": 0, "trip_id": "604F9_Trip6", "hrot_diff": 0, "sample_diff": 1, "time_diff_s": 0.02, "gps_distance_m": 6.2, "original_speed": "", "wheel_diameter_mm": 711, "braking_intensity": 0.0, "is_braking": false, "is_crash": false, "crash_intensity_g": 0.0, "segment_start_sample": 9245, "segment_end_sample": 9246, "time_str": ""}}, {"type": "Feature", "geometry": {"type": "LineString", "coordinates": [[4.9197462, 52.3695243], [4.9198271, 52.3694947]]}, "properties": {"Speed": 0.0, "Speed_display": 15.8, "road_quality": 3, "marker": 0, "trip_id": "604F9_Trip6", "hrot_diff": 0, "sample_diff": 1, "time_diff_s": 0.02, "gps_distance_m": 6.4, "original_speed": "", "wheel_diameter_mm": 711, "braking_intensity": 0.0, "is_braking": false, "is_crash": false, "crash_intensity_g": 0.0, "segment_start_sample": 9296, "segment_end_sample": 9297, "time_str": ""}}, {"type": "Feature", "geometry": {"type": "LineString", "coordinates": [[4.9198271, 52.3694947], [4.919911, 52.3694618]]}, "properties": {"Speed": 0.0, "Speed_display": 16.6, "road_quality": 3, "marker": 0, "trip_id": "604F9_Trip6", "hrot_diff": 0, "sample_diff": 1, "time_diff_s": 0.02, "gps_distance_m": 6.8, "original_speed": "", "wheel_diameter_mm": 711, "braking_intensity": 0.0, "is_braking": false, "is_crash": false, "crash_intensity_g": 0.0, "segment_start_sample": 9344, "segment_end_sample": 9345, "time_str": ""}}, {"type": "Feature", "geometry": {"type": "LineString", "coordinates": [[4.919911, 52.3694618], [4.9200057, 52.3694327]]}, "properties": {"Speed": 0.0, "Speed_display": 17.3, "road_quality": 3, "marker": 0, "trip_id": "604F9_Trip6", "hrot_diff": 0, "sample_diff": 1, "time_diff_s": 0.02, "gps_distance_m": 7.2, "original_speed": "", "wheel_diameter_mm": 711, "braking_intensity": 0.0, "is_braking": false, "is_crash": false, "crash_intensity_g": 0.0, "segment_start_sample": 9399, "segment_end_sample": 9400, "time_str": ""}}, {"type": "Feature", "geometry": {"type": "LineString", "coordinates": [[4.9200057, 52.3694327], [4.9200986, 52.3694001]]}, "properties": {"Speed": 0.0, "Speed_display": 17.3, "road_quality": 3, "marker": 0, "trip_id": "604F9_Trip6", "hrot_diff": 0, "sample_diff": 1, "time_diff_s": 0.02, "gps_distance_m": 7.3, "original_speed": "", "wheel_diameter_mm": 711, "braking_intensity": 0.0, "is_braking": false, "is_crash": false, "crash_intensity_g": 0.0, "segment_start_sample": 9448, "segment_end_sample": 9449, "time_str": ""}}, {"type": "Feature", "geometry": {"type": "LineString", "coordinates": [[4.9200986, 52.3694001], [4.9201933, 52.3693696]]}, "properties": {"Speed": 0.0, "Speed_display": 17.3, "road_quality": 3, "marker": 0, "trip_id": "604F9_Trip6", "hrot_diff": 0, "sample_diff": 1, "time_diff_s": 0.02, "gps_distance_m": 7.3, "original_speed": "", "wheel_diameter_mm": 711, "braking_intensity": 0.0, "is_braking": false, "is_crash": false, "crash_intensity_g": 0.0, "segment_start_sample": 9493, "segment_end_sample": 9494, "time_str": ""}}, {"type": "Feature", "geometry": {"type": "LineString", "coordinates": [[4.9201933, 52.3693696], [4.9202871, 52.3693383]]}, "properties": {"Speed": 0.0, "Speed_display": 18.0, "road_quality": 3, "marker": 0, "trip_id": "604F9_Trip6", "hrot_diff": 0, "sample_diff": 1, "time_diff_s": 0.02, "gps_distance_m": 7.3, "original_speed": "", "wheel_diameter_mm": 711, "braking_intensity": 0.0, "is_braking": false, "is_crash": false, "crash_intensity_g": 0.0, "segment_start_sample": 9546, "segment_end_sample": 9547, "time_str": ""}}, {"type": "Feature", "geometry": {"type": "LineString", "coordinates": [[4.9202871, 52.3693383], [4.920386, 52.3693042]]}, "properties": {"Speed": 0.0, "Speed_display": 18.0, "road_quality": 3, "marker": 0, "trip_id": "604F9_Trip6", "hrot_diff": 0, "sample_diff": 1, "time_diff_s": 0.02, "gps_distance_m": 7.7, "original_speed": "", "wheel_diameter_mm": 711, "braking_intensity": 0.0, "is_braking": false, "is_crash": false, "crash_intensity_g": 0.0, "segment_start_sample": 9600, "segment_end_sample": 9601, "time_str": ""}}, {"type": "Feature", "geometry": {"type": "LineString", "coordinates": [[4.920386, 52.3693042], [4.9204783, 52.3692722]]}, "properties": {"Speed": 0.0, "Speed_display": 18.7, "road_quality": 3, "marker": 0, "trip_id": "604F9_Trip6", "hrot_diff": 0, "sample_diff": 1, "time_diff_s": 0.02, "gps_distance_m": 7.2, "original_speed": "", "wheel_diameter_mm": 711, "braking_intensity": 0.0, "is_braking": false, "is_crash": false, "crash_intensity_g": 0.0, "segment_start_sample": 9649, "segment_end_sample": 9650, "time_str": ""}}, {"type": "Feature", "geometry": {"type": "LineString", "coordinates": [[4.9204783, 52.3692722], [4.9205756, 52.3692399]]}, "properties": {"Speed": 0.0, "Speed_display": 18.7, "road_quality": 2, "marker": 0, "trip_id": "604F9_Trip6", "hrot_diff": 0, "sample_diff": 1, "time_diff_s": 0.02, "gps_distance_m": 7.5, "original_speed": "", "wheel_diameter_mm": 711, "braking_intensity": 0.0, "is_braking": false, "is_crash": false, "crash_intensity_g": 0.0, "segment_start_sample": 9731, "segment_end_sample": 9732, "time_str": ""}}, {"type": "Feature", "geometry": {"type": "LineString", "coordinates": [[4.9205756, 52.3692399], [4.9206702, 52.3692047]]}, "properties": {"Speed": 0.0, "Speed_display": 18.7, "road_quality": 2, "marker": 0, "trip_id": "604F9_Trip6", "hrot_diff": 0, "sample_diff": 1, "time_diff_s": 0.02, "gps_distance_m": 7.5, "original_speed": "", "wheel_diameter_mm": 711, "braking_intensity": 0.0, "is_braking": false, "is_crash": false, "crash_intensity_g": 0.0, "segment_start_sample": 9738, "segment_end_sample": 9739, "time_str": ""}}, {"type": "Feature", "geometry": {"type": "LineString", "coordinates": [[4.9206702, 52.3692047], [4.9207688, 52.369172]]}, "properties": {"Speed": 0.0, "Speed_display": 18.0, "road_quality": 2, "marker": 0, "trip_id": "604F9_Trip6", "hrot_diff": 0, "sample_diff": 1, "time_diff_s": 0.02, "gps_distance_m": 7.6, "original_speed": "", "wheel_diameter_mm": 711, "braking_intensity": 0.0, "is_braking": false, "is_crash": false, "crash_intensity_g": 0.0, "segment_start_sample": 9791, "segment_end_sample": 9792, "time_str": ""}}, {"type": "Feature", "geometry": {"type": "LineString", "coordinates": [[4.9207688, 52.369172], [4.9208582, 52.3691416]]}, "properties": {"Speed": 0.0, "Speed_display": 16.6, "road_quality": 2, "marker": 0, "trip_id": "604F9_Trip6", "hrot_diff": 0, "sample_diff": 1, "time_diff_s": 0.02, "gps_distance_m": 6.9, "original_speed": "", "wheel_diameter_mm": 711, "braking_intensity": 0.0, "is_braking": false, "is_crash": false, "crash_intensity_g": 0.0, "segment_start_sample": 9843, "segment_end_sample": 9844, "time_str": ""}}, {"type": "Feature", "geometry": {"type": "LineString", "coordinates": [[4.9208582, 52.3691416], [4.9209452, 52.3691124]]}, "properties": {"Speed": 0.0, "Speed_display": 16.6, "road_quality": 3, "marker": 0, "trip_id": "604F9_Trip6", "hrot_diff": 0, "sample_diff": 1, "time_diff_s": 0.02, "gps_distance_m": 6.7, "original_speed": "", "wheel_diameter_mm": 711, "braking_intensity": 0.0, "is_braking": false, "is_crash": false, "crash_intensity_g": 0.0, "segment_start_sample": 9914, "segment_end_sample": 9915, "time_str": ""}}, {"type": "Feature", "geometry": {"type": "LineString", "coordinates": [[4.9209452, 52.3691124], [4.9210266, 52.3690858]]}, "properties": {"Speed": 0.0, "Speed_display": 16.6, "road_quality": 3, "marker": 0, "trip_id": "604F9_Trip6", "hrot_diff": 0, "sample_diff": 1, "time_diff_s": 0.02, "gps_distance_m": 6.3, "original_speed": "", "wheel_diameter_mm": 711, "braking_intensity": 0.0, "is_braking": false, "is_crash": false, "crash_intensity_g": 0.0, "segment_start_sample": 9944, "segment_end_sample": 9945, "time_str": ""}}, {"type": "Feature", "geometry": {"type": "LineString", "coordinates": [[4.9210266, 52.3690858], [4.9211118, 52.3690581]]}, "properties": {"Speed": 0.0, "Speed_display": 17.3, "road_quality": 3, "marker": 0, "trip_id": "604F9_Trip6", "hrot_diff": 0, "sample_diff": 1, "time_diff_s": 0.02, "gps_distance_m": 6.6, "original_speed": "", "wheel_diameter_mm": 711, "braking_intensity": 0.0, "is_braking": false, "is_crash": false, "crash_intensity_g": 0.0, "segment_start_sample": 9989, "segment_end_sample": 9990, "time_str": ""}}, {"type": "Feature", "geometry": {"type": "LineString", "coordinates": [[4.9211118, 52.3690581], [4.9212011, 52.3690259]]}, "properties": {"Speed": 0.0, "Speed_display": 16.6, "road_quality": 3, "marker": 0, "trip_id": "604F9_Trip6", "hrot_diff": 0, "sample_diff": 1, "time_diff_s": 0.02, "gps_distance_m": 7.0, "original_speed": "", "wheel_diameter_mm": 711, "braking_intensity": 0.0, "is_braking": false, "is_crash": false, "crash_intensity_g": 0.0, "segment_start_sample": 10040, "segment_end_sample": 10041, "time_str": ""}}, {"type": "Feature", "geometry": {"type": "LineString", "coordinates": [[4.9212011, 52.3690259], [4.9212912, 52.368997]]}, "properties": {"Speed": 0.0, "Speed_display": 17.3, "road_quality": 3, "marker": 0, "trip_id": "604F9_Trip6", "hrot_diff": 0, "sample_diff": 1, "time_diff_s": 0.02, "gps_distance_m": 6.9, "original_speed": "", "wheel_diameter_mm": 711, "braking_intensity": 0.0, "is_braking": false, "is_crash": false, "crash_intensity_g": 0.0, "segment_start_sample": 10096, "segment_end_sample": 10097, "time_str": ""}}, {"type": "Feature", "geometry": {"type": "LineString", "coordinates": [[4.9212912, 52.368997], [4.9213879, 52.3689689]]}, "properties": {"Speed": 0.0, "Speed_display": 17.3, "road_quality": 3, "marker": 0, "trip_id": "604F9_Trip6", "hrot_diff": 0, "sample_diff": 1, "time_diff_s": 0.02, "gps_distance_m": 7.3, "original_speed": "", "wheel_diameter_mm": 711, "braking_intensity": 0.0, "is_braking": false, "is_crash": false, "crash_intensity_g": 0.0, "segment_start_sample": 10141, "segment_end_sample": 10142, "time_str": ""}}, {"type": "Feature", "geometry": {"type": "LineString", "coordinates": [[4.9213879, 52.3689689], [4.9214791, 52.3689438]]}, "properties": {"Speed": 0.0, "Speed_display": 17.3, "road_quality": 3, "marker": 0, "trip_id": "604F9_Trip6", "hrot_diff": 0, "sample_diff": 1, "time_diff_s": 0.02, "gps_distance_m": 6.8, "original_speed": "", "wheel_diameter_mm": 711, "braking_intensity": 0.0, "is_braking": false, "is_crash": false, "crash_intensity_g": 0.0, "segment_start_sample": 10191, "segment_end_sample": 10192, "time_str": ""}}, {"type": "Feature", "geometry": {"type": "LineString", "coordinates": [[4.9214791, 52.3689438], [4.9215836, 52.3689186]]}, "properties": {"Speed": 0.0, "Speed_display": 17.3, "road_quality": 3, "marker": 0, "trip_id": "604F9_Trip6", "hrot_diff": 0, "sample_diff": 1, "time_diff_s": 0.02, "gps_distance_m": 7.6, "original_speed": "", "wheel_diameter_mm": 711, "braking_intensity": 0.0, "is_braking": false, "is_crash": false, "crash_intensity_g": 0.0, "segment_start_sample": 10245, "segment_end_sample": 10246, "time_str": ""}}, {"type": "Feature", "geometry": {"type": "LineString", "coordinates": [[4.9215836, 52.3689186], [4.9216805, 52.3688915]]}, "properties": {"Speed": 0.0, "Speed_display": 17.3, "road_quality": 2, "marker": 0, "trip_id": "604F9_Trip6", "hrot_diff": 0, "sample_diff": 1, "time_diff_s": 0.02, "gps_distance_m": 7.2, "original_speed": "", "wheel_diameter_mm": 711, "braking_intensity": 0.0, "is_braking": false, "is_crash": false, "crash_intensity_g": 0.0, "segment_start_sample": 10291, "segment_end_sample": 10292, "time_str": ""}}, {"type": "Feature", "geometry": {"type": "LineString", "coordinates": [[4.9216805, 52.3688915], [4.9217758, 52.3688577]]}, "properties": {"Speed": 0.0, "Speed_display": 18.0, "road_quality": 3, "marker": 0, "trip_id": "604F9_Trip6", "hrot_diff": 0, "sample_diff": 1, "time_diff_s": 0.02, "gps_distance_m": 7.5, "original_speed": "", "wheel_diameter_mm": 711, "braking_intensity": 0.0, "is_braking": false, "is_crash": false, "crash_intensity_g": 0.0, "segment_start_sample": 10344, "segment_end_sample": 10345, "time_str": ""}}, {"type": "Feature", "geometry": {"type": "LineString", "coordinates": [[4.9217758, 52.3688577], [4.9218705, 52.3688213]]}, "properties": {"Speed": 0.0, "Speed_display": 18.0, "road_quality": 3, "marker": 0, "trip_id": "604F9_Trip6", "hrot_diff": 0, "sample_diff": 1, "time_diff_s": 0.02, "gps_distance_m": 7.6, "original_speed": "", "wheel_diameter_mm": 711, "braking_intensity": 0.0, "is_braking": false, "is_crash": false, "crash_intensity_g": 0.0, "segment_start_sample": 10398, "segment_end_sample": 10399, "time_str": ""}}, {"type": "Feature", "geometry": {"type": "LineString", "coordinates": [[4.9218705, 52.3688213], [4.9219699, 52.3687898]]}, "properties": {"Speed": 0.0, "Speed_display": 18.0, "road_quality": 3, "marker": 0, "trip_id": "604F9_Trip6", "hrot_diff": 0, "sample_diff": 1, "time_diff_s": 0.02, "gps_distance_m": 7.6, "original_speed": "", "wheel_diameter_mm": 711, "braking_intensity": 0.0, "is_braking": false, "is_crash": false, "crash_intensity_g": 0.0, "segment_start_sample": 10444, "segment_end_sample": 10445, "time_str": ""}}, {"type": "Feature", "geometry": {"type": "LineString", "coordinates": [[4.9219699, 52.3687898], [4.9220706, 52.3687619]]}, "properties": {"Speed": 0.0, "Speed_display": 18.0, "road_quality": 3, "marker": 0, "trip_id": "604F9_Trip6", "hrot_diff": 0, "sample_diff": 1, "time_diff_s": 0.02, "gps_distance_m": 7.5, "original_speed": "", "wheel_diameter_mm": 711, "braking_intensity": 0.0, "is_braking": false, "is_crash": false, "crash_intensity_g": 0.0, "segment_start_sample": 10489, "segment_end_sample": 10490, "time_str": ""}}, {"type": "Feature", "geometry": {"type": "LineString", "coordinates": [[4.9220706, 52.3687619], [4.9221653, 52.3687273]]}, "properties": {"Speed": 0.0, "Speed_display": 18.0, "road_quality": 3, "marker": 0, "trip_id": "604F9_Trip6", "hrot_diff": 0, "sample_diff": 1, "time_diff_s": 0.02, "gps_distance_m": 7.5, "original_speed": "", "wheel_diameter_mm": 711, "braking_intensity": 0.0, "is_braking": false, "is_crash": false, "crash_intensity_g": 0.0, "segment_start_sample": 10549, "segment_end_sample": 10550, "time_str": ""}}, {"type": "Feature", "geometry": {"type": "LineString", "coordinates": [[4.9221653, 52.3687273], [4.9222617, 52.3686926]]}, "properties": {"Speed": 0.0, "Speed_display": 18.0, "road_quality": 3, "marker": 0, "trip_id": "604F9_Trip6", "hrot_diff": 0, "sample_diff": 1, "time_diff_s": 0.02, "gps_distance_m": 7.6, "original_speed": "", "wheel_diameter_mm": 711, "braking_intensity": 0.0, "is_braking": false, "is_crash": false, "crash_intensity_g": 0.0, "segment_start_sample": 10595, "segment_end_sample": 10596, "time_str": ""}}, {"type": "Feature", "geometry": {"type": "LineString", "coordinates": [[4.9222617, 52.3686926], [4.9223597, 52.3686601]]}, "properties": {"Speed": 0.0, "Speed_display": 18.0, "road_quality": 3, "marker": 0, "trip_id": "604F9_Trip6", "hrot_diff": 0, "sample_diff": 1, "time_diff_s": 0.02, "gps_distance_m": 7.6, "original_speed": "", "wheel_diameter_mm": 711, "braking_intensity": 0.0, "is_braking": false, "is_crash": false, "crash_intensity_g": 0.0, "segment_start_sample": 10642, "segment_end_sample": 10643, "time_str": ""}}, {"type": "Feature", "geometry": {"type": "LineString", "coordinates": [[4.9223597, 52.3686601], [4.9224529, 52.3686281]]}, "properties": {"Speed": 0.0, "Speed_display": 18.7, "road_quality": 3, "marker": 0, "trip_id": "604F9_Trip6", "hrot_diff": 0, "sample_diff": 1, "time_diff_s": 0.02, "gps_distance_m": 7.3, "original_speed": "", "wheel_diameter_mm": 711, "braking_intensity": 0.0, "is_braking": false, "is_crash": false, "crash_intensity_g": 0.0, "segment_start_sample": 10693, "segment_end_sample": 10694, "time_str": ""}}, {"type": "Feature", "geometry": {"type": "LineString", "coordinates": [[4.9224529, 52.3686281], [4.9225429, 52.3685959]]}, "properties": {"Speed": 0.0, "Speed_display": 27.4, "road_quality": 3, "marker": 0, "trip_id": "604F9_Trip6", "hrot_diff": 0, "sample_diff": 1, "time_diff_s": 0.02, "gps_distance_m": 7.1, "original_speed": "", "wheel_diameter_mm": 711, "braking_intensity": 0.0, "is_braking": false, "is_crash": false, "crash_intensity_g": 0.0, "segment_start_sample": 10738, "segment_end_sample": 10739, "time_str": ""}}, {"type": "Feature", "geometry": {"type": "LineString", "coordinates": [[4.9225429, 52.3685959], [4.9226316, 52.3685589]]}, "properties": {"Speed": 0.0, "Speed_display": 18.0, "road_quality": 3, "marker": 0, "trip_id": "604F9_Trip6", "hrot_diff": 0, "sample_diff": 1, "time_diff_s": 0.02, "gps_distance_m": 7.3, "original_speed": "", "wheel_diameter_mm": 711, "braking_intensity": 0.0, "is_braking": false, "is_crash": false, "crash_intensity_g": 0.0, "segment_start_sample": 10794, "segment_end_sample": 10795, "time_str": ""}}, {"type": "Feature", "geometry": {"type": "LineString", "coordinates": [[4.9226316, 52.3685589], [4.9227229, 52.3685208]]}, "properties": {"Speed": 0.0, "Speed_display": 18.0, "road_quality": 3, "marker": 0, "trip_id": "604F9_Trip6", "hrot_diff": 0, "sample_diff": 1, "time_diff_s": 0.02, "gps_distance_m": 7.5, "original_speed": "", "wheel_diameter_mm": 711, "braking_intensity": 0.0, "is_braking": false, "is_crash": false, "crash_intensity_g": 0.0, "segment_start_sample": 10845, "segment_end_sample": 10846, "time_str": ""}}, {"type": "Feature", "geometry": {"type": "LineString", "coordinates": [[4.9227229, 52.3685208], [4.9228173, 52.3684856]]}, "properties": {"Speed": 0.0, "Speed_display": 18.0, "road_quality": 3, "marker": 0, "trip_id": "604F9_Trip6", "hrot_diff": 0, "sample_diff": 1, "time_diff_s": 0.02, "gps_distance_m": 7.5, "original_speed": "", "wheel_diameter_mm": 711, "braking_intensity": 0.0, "is_braking": false, "is_crash": false, "crash_intensity_g": 0.0, "segment_start_sample": 10912, "segment_end_sample": 10913, "time_str": ""}}, {"type": "Feature", "geometry": {"type": "LineString", "coordinates": [[4.9228173, 52.3684856], [4.9229154, 52.3684539]]}, "properties": {"Speed": 0.0, "Speed_display": 18.7, "road_quality": 3, "marker": 0, "trip_id": "604F9_Trip6", "hrot_diff": 0, "sample_diff": 1, "time_diff_s": 0.02, "gps_distance_m": 7.5, "original_speed": "", "wheel_diameter_mm": 711, "braking_intensity": 0.0, "is_braking": false, "is_crash": false, "crash_intensity_g": 0.0, "segment_start_sample": 10943, "segment_end_sample": 10944, "time_str": ""}}, {"type": "Feature", "geometry": {"type": "LineString", "coordinates": [[4.9229154, 52.3684539], [4.9230126, 52.368421]]}, "properties": {"Speed": 0.0, "Speed_display": 18.7, "road_quality": 3, "marker": 0, "trip_id": "604F9_Trip6", "hrot_diff": 0, "sample_diff": 1, "time_diff_s": 0.02, "gps_distance_m": 7.5, "original_speed": "", "wheel_diameter_mm": 711, "braking_intensity": 0.0, "is_braking": false, "is_crash": false, "crash_intensity_g": 0.0, "segment_start_sample": 10991, "segment_end_sample": 10992, "time_str": ""}}, {"type": "Feature", "geometry": {"type": "LineString", "coordinates": [[4.9230126, 52.368421], [4.9231093, 52.3683819]]}, "properties": {"Speed": 0.0, "Speed_display": 18.7, "road_quality": 4, "marker": 0, "trip_id": "604F9_Trip6", "hrot_diff": 0, "sample_diff": 1, "time_diff_s": 0.02, "gps_distance_m": 7.9, "original_speed": "", "wheel_diameter_mm": 711, "braking_intensity": 0.0, "is_braking": false, "is_crash": false, "crash_intensity_g": 0.0, "segment_start_sample": 11058, "segment_end_sample": 11059, "time_str": ""}}, {"type": "Feature", "geometry": {"type": "LineString", "coordinates": [[4.9231093, 52.3683819], [4.9232076, 52.3683436]]}, "properties": {"Speed": 0.0, "Speed_display": 19.4, "road_quality": 4, "marker": 0, "trip_id": "604F9_Trip6", "hrot_diff": 0, "sample_diff": 1, "time_diff_s": 0.02, "gps_distance_m": 7.9, "original_speed": "", "wheel_diameter_mm": 711, "braking_intensity": 0.0, "is_braking": false, "is_crash": false, "crash_intensity_g": 0.0, "segment_start_sample": 11092, "segment_end_sample": 11093, "time_str": ""}}, {"type": "Feature", "geometry": {"type": "LineString", "coordinates": [[4.9232076, 52.3683436], [4.9233003, 52.3683035]]}, "properties": {"Speed": 0.0, "Speed_display": 19.4, "road_quality": 3, "marker": 0, "trip_id": "604F9_Trip6", "hrot_diff": 0, "sample_diff": 1, "time_diff_s": 0.02, "gps_distance_m": 7.7, "original_speed": "", "wheel_diameter_mm": 711, "braking_intensity": 0.0, "is_braking": false, "is_crash": false, "crash_intensity_g": 0.0, "segment_start_sample": 11172, "segment_end_sample": 11173, "time_str": ""}}, {"type": "Feature", "geometry": {"type": "LineString", "coordinates": [[4.9233003, 52.3683035], [4.9233968, 52.3682709]]}, "properties": {"Speed": 0.0, "Speed_display": 18.7, "road_quality": 3, "marker": 0, "trip_id": "604F9_Trip6", "hrot_diff": 0, "sample_diff": 1, "time_diff_s": 0.02, "gps_distance_m": 7.5, "original_speed": "", "wheel_diameter_mm": 711, "braking_intensity": 0.0, "is_braking": false, "is_crash": false, "crash_intensity_g": 0.0, "segment_start_sample": 11216, "segment_end_sample": 11217, "time_str": ""}}, {"type": "Feature", "geometry": {"type": "LineString", "coordinates": [[4.9233968, 52.3682709], [4.9234933, 52.3682335]]}, "properties": {"Speed": 0.0, "Speed_display": 19.4, "road_quality": 3, "marker": 0, "trip_id": "604F9_Trip6", "hrot_diff": 0, "sample_diff": 1, "time_diff_s": 0.02, "gps_distance_m": 7.8, "original_speed": "", "wheel_diameter_mm": 711, "braking_intensity": 0.0, "is_braking": false, "is_crash": false, "crash_intensity_g": 0.0, "segment_start_sample": 11260, "segment_end_sample": 11261, "time_str": ""}}, {"type": "Feature", "geometry": {"type": "LineString", "coordinates": [[4.9234933, 52.3682335], [4.9235903, 52.3681919]]}, "properties": {"Speed": 0.0, "Speed_display": 19.4, "road_quality": 3, "marker": 0, "trip_id": "604F9_Trip6", "hrot_diff": 0, "sample_diff": 1, "time_diff_s": 0.02, "gps_distance_m": 8.0, "original_speed": "", "wheel_diameter_mm": 711, "braking_intensity": 0.0, "is_braking": false, "is_crash": false, "crash_intensity_g": 0.0, "segment_start_sample": 11288, "segment_end_sample": 11289, "time_str": ""}}, {"type": "Feature", "geometry": {"type": "LineString", "coordinates": [[4.9235903, 52.3681919], [4.9236796, 52.3681561]]}, "properties": {"Speed": 0.0, "Speed_display": 19.4, "road_quality": 3, "marker": 0, "trip_id": "604F9_Trip6", "hrot_diff": 0, "sample_diff": 1, "time_diff_s": 0.02, "gps_distance_m": 7.3, "original_speed": "", "wheel_diameter_mm": 711, "braking_intensity": 0.0, "is_braking": false, "is_crash": false, "crash_intensity_g": 0.0, "segment_start_sample": 11339, "segment_end_sample": 11340, "time_str": ""}}, {"type": "Feature", "geometry": {"type": "LineString", "coordinates": [[4.9236796, 52.3681561], [4.923772, 52.3681219]]}, "properties": {"Speed": 0.0, "Speed_display": 18.7, "road_quality": 3, "marker": 0, "trip_id": "604F9_Trip6", "hrot_diff": 0, "sample_diff": 1, "time_diff_s": 0.02, "gps_distance_m": 7.3, "original_speed": "", "wheel_diameter_mm": 711, "braking_intensity": 0.0, "is_braking": false, "is_crash": false, "crash_intensity_g": 0.0, "segment_start_sample": 11405, "segment_end_sample": 11406, "time_str": ""}}, {"type": "Feature", "geometry": {"type": "LineString", "coordinates": [[4.923772, 52.3681219], [4.9238663, 52.3680893]]}, "properties": {"Speed": 0.0, "Speed_display": 18.0, "road_quality": 3, "marker": 0, "trip_id": "604F9_Trip6", "hrot_diff": 0, "sample_diff": 1, "time_diff_s": 0.02, "gps_distance_m": 7.4, "original_speed": "", "wheel_diameter_mm": 711, "braking_intensity": 0.0, "is_braking": false, "is_crash": false, "crash_intensity_g": 0.0, "segment_start_sample": 11440, "segment_end_sample": 11441, "time_str": ""}}, {"type": "Feature", "geometry": {"type": "LineString", "coordinates": [[4.9238663, 52.3680893], [4.923958, 52.3680571]]}, "properties": {"Speed": 0.0, "Speed_display": 18.7, "road_quality": 2, "marker": 0, "trip_id": "604F9_Trip6", "hrot_diff": 0, "sample_diff": 1, "time_diff_s": 0.02, "gps_distance_m": 7.2, "original_speed": "", "wheel_diameter_mm": 711, "braking_intensity": 0.0, "is_braking": false, "is_crash": false, "crash_intensity_g": 0.0, "segment_start_sample": 11493, "segment_end_sample": 11494, "time_str": ""}}, {"type": "Feature", "geometry": {"type": "LineString", "coordinates": [[4.923958, 52.3680571], [4.9240482, 52.3680262]]}, "properties": {"Speed": 0.0, "Speed_display": 27.4, "road_quality": 3, "marker": 0, "trip_id": "604F9_Trip6", "hrot_diff": 0, "sample_diff": 1, "time_diff_s": 0.02, "gps_distance_m": 7.0, "original_speed": "", "wheel_diameter_mm": 711, "braking_intensity": 0.0, "is_braking": false, "is_crash": false, "crash_intensity_g": 0.0, "segment_start_sample": 11541, "segment_end_sample": 11542, "time_str": ""}}, {"type": "Feature", "geometry": {"type": "LineString", "coordinates": [[4.9240482, 52.3680262], [4.9241509, 52.3680011]]}, "properties": {"Speed": 0.0, "Speed_display": 18.7, "road_quality": 3, "marker": 0, "trip_id": "604F9_Trip6", "hrot_diff": 0, "sample_diff": 1, "time_diff_s": 0.02, "gps_distance_m": 7.5, "original_speed": "", "wheel_diameter_mm": 711, "braking_intensity": 0.0, "is_braking": false, "is_crash": false, "crash_intensity_g": 0.0, "segment_start_sample": 11595, "segment_end_sample": 11596, "time_str": ""}}, {"type": "Feature", "geometry": {"type": "LineString", "coordinates": [[4.9241509, 52.3680011], [4.9242441, 52.3679707]]}, "properties": {"Speed": 0.0, "Speed_display": 18.7, "road_quality": 3, "marker": 0, "trip_id": "604F9_Trip6", "hrot_diff": 0, "sample_diff": 1, "time_diff_s": 0.02, "gps_distance_m": 7.2, "original_speed": "", "wheel_diameter_mm": 711, "braking_intensity": 0.0, "is_braking": false, "is_crash": false, "crash_intensity_g": 0.0, "segment_start_sample": 11642, "segment_end_sample": 11643, "time_str": ""}}, {"type": "Feature", "geometry": {"type": "LineString", "coordinates": [[4.9242441, 52.3679707], [4.9243307, 52.3679487]]}, "properties": {"Speed": 0.0, "Speed_display": 16.6, "road_quality": 2, "marker": 0, "trip_id": "604F9_Trip6", "hrot_diff": 0, "sample_diff": 1, "time_diff_s": 0.02, "gps_distance_m": 6.4, "original_speed": "", "wheel_diameter_mm": 711, "braking_intensity": 0.0, "is_braking": false, "is_crash": false, "crash_intensity_g": 0.0, "segment_start_sample": 11695, "segment_end_sample": 11696, "time_str": ""}}, {"type": "Feature", "geometry": {"type": "LineString", "coordinates": [[4.9243307, 52.3679487], [4.9244171, 52.3679174]]}, "properties": {"Speed": 0.0, "Speed_display": 16.6, "road_quality": 2, "marker": 0, "trip_id": "604F9_Trip6", "hrot_diff": 0, "sample_diff": 1, "time_diff_s": 0.02, "gps_distance_m": 6.8, "original_speed": "", "wheel_diameter_mm": 711, "braking_intensity": 0.0, "is_braking": false, "is_crash": false, "crash_intensity_g": 0.0, "segment_start_sample": 11742, "segment_end_sample": 11743, "time_str": ""}}, {"type": "Feature", "geometry": {"type": "LineString", "coordinates": [[4.9244171, 52.3679174], [4.9244924, 52.3678894]]}, "properties": {"Speed": 0.0, "Speed_display": 17.3, "road_quality": 3, "marker": 0, "trip_id": "604F9_Trip6", "hrot_diff": 0, "sample_diff": 1, "time_diff_s": 0.02, "gps_distance_m": 6.0, "original_speed": "", "wheel_diameter_mm": 711, "braking_intensity": 0.0, "is_braking": false, "is_crash": false, "crash_intensity_g": 0.0, "segment_start_sample": 11800, "segment_end_sample": 11801, "time_str": ""}}, {"type": "Feature", "geometry": {"type": "LineString", "coordinates": [[4.9244924, 52.3678894], [4.9245808, 52.367861]]}, "properties": {"Speed": 0.0, "Speed_display": 16.6, "road_quality": 3, "marker": 0, "trip_id": "604F9_Trip6", "hrot_diff": 0, "sample_diff": 1, "time_diff_s": 0.02, "gps_distance_m": 6.8, "original_speed": "", "wheel_diameter_mm": 711, "braking_intensity": 0.0, "is_braking": false, "is_crash": false, "crash_intensity_g": 0.0, "segment_start_sample": 11850, "segment_end_sample": 11851, "time_str": ""}}, {"type": "Feature", "geometry": {"type": "LineString", "coordinates": [[4.9245808, 52.367861], [4.924671, 52.3678331]]}, "properties": {"Speed": 0.0, "Speed_display": 18.0, "road_quality": 2, "marker": 0, "trip_id": "604F9_Trip6", "hrot_diff": 0, "sample_diff": 1, "time_diff_s": 0.02, "gps_distance_m": 6.9, "original_speed": "", "wheel_diameter_mm": 711, "braking_intensity": 0.0, "is_braking": false, "is_crash": false, "crash_intensity_g": 0.0, "segment_start_sample": 11898, "segment_end_sample": 11899, "time_str": ""}}, {"type": "Feature", "geometry": {"type": "LineString", "coordinates": [[4.924671, 52.3678331], [4.9247642, 52.3678059]]}, "properties": {"Speed": 0.0, "Speed_display": 18.0, "road_quality": 2, "marker": 0, "trip_id": "604F9_Trip6", "hrot_diff": 0, "sample_diff": 1, "time_diff_s": 0.02, "gps_distance_m": 7.0, "original_speed": "", "wheel_diameter_mm": 711, "braking_intensity": 0.0, "is_braking": false, "is_crash": false, "crash_intensity_g": 0.0, "segment_start_sample": 11944, "segment_end_sample": 11945, "time_str": ""}}, {"type": "Feature", "geometry": {"type": "LineString", "coordinates": [[4.9247642, 52.3678059], [4.9248591, 52.3677786]]}, "properties": {"Speed": 0.0, "Speed_display": 17.3, "road_quality": 2, "marker": 0, "trip_id": "604F9_Trip6", "hrot_diff": 0, "sample_diff": 1, "time_diff_s": 0.02, "gps_distance_m": 7.1, "original_speed": "", "wheel_diameter_mm": 711, "braking_intensity": 0.0, "is_braking": false, "is_crash": false, "crash_intensity_g": 0.0, "segment_start_sample": 11998, "segment_end_sample": 11999, "time_str": ""}}, {"type": "Feature", "geometry": {"type": "LineString", "coordinates": [[4.9248591, 52.3677786], [4.9249543, 52.3677485]]}, "properties": {"Speed": 0.0, "Speed_display": 17.3, "road_quality": 3, "marker": 0, "trip_id": "604F9_Trip6", "hrot_diff": 0, "sample_diff": 1, "time_diff_s": 0.02, "gps_distance_m": 7.3, "original_speed": "", "wheel_diameter_mm": 711, "braking_intensity": 0.0, "is_braking": false, "is_crash": false, "crash_intensity_g": 0.0, "segment_start_sample": 12046, "segment_end_sample": 12047, "time_str": ""}}, {"type": "Feature", "geometry": {"type": "LineString", "coordinates": [[4.9249543, 52.3677485], [4.9250457, 52.3677242]]}, "properties": {"Speed": 0.0, "Speed_display": 16.6, "road_quality": 3, "marker": 0, "trip_id": "604F9_Trip6", "hrot_diff": 0, "sample_diff": 1, "time_diff_s": 0.02, "gps_distance_m": 6.8, "original_speed": "", "wheel_diameter_mm": 711, "braking_intensity": 0.0, "is_braking": false, "is_crash": false, "crash_intensity_g": 0.0, "segment_start_sample": 12095, "segment_end_sample": 12096, "time_str": ""}}, {"type": "Feature", "geometry": {"type": "LineString", "coordinates": [[4.9250457, 52.3677242], [4.9251427, 52.3677022]]}, "properties": {"Speed": 0.0, "Speed_display": 16.6, "road_quality": 2, "marker": 0, "trip_id": "604F9_Trip6", "hrot_diff": 0, "sample_diff": 1, "time_diff_s": 0.02, "gps_distance_m": 7.0, "original_speed": "", "wheel_diameter_mm": 711, "braking_intensity": 0.0, "is_braking": false, "is_crash": false, "crash_intensity_g": 0.0, "segment_start_sample": 12146, "segment_end_sample": 12147, "time_str": ""}}, {"type": "Feature", "geometry": {"type": "LineString", "coordinates": [[4.9251427, 52.3677022], [4.925233, 52.3676826]]}, "properties": {"Speed": 0.0, "Speed_display": 15.1, "road_quality": 2, "marker": 0, "trip_id": "604F9_Trip6", "hrot_diff": 0, "sample_diff": 1, "time_diff_s": 0.02, "gps_distance_m": 6.5, "original_speed": "", "wheel_diameter_mm": 711, "braking_intensity": 0.0, "is_braking": false, "is_crash": false, "crash_intensity_g": 0.0, "segment_start_sample": 12189, "segment_end_sample": 12190, "time_str": ""}}, {"type": "Feature", "geometry": {"type": "LineString", "coordinates": [[4.925233, 52.3676826], [4.9253127, 52.3676596]]}, "properties": {"Speed": 0.0, "Speed_display": 14.4, "road_quality": 2, "marker": 0, "trip_id": "604F9_Trip6", "hrot_diff": 0, "sample_diff": 1, "time_diff_s": 0.02, "gps_distance_m": 6.0, "original_speed": "", "wheel_diameter_mm": 711, "braking_intensity": 0.0, "is_braking": false, "is_crash": false, "crash_intensity_g": 0.0, "segment_start_sample": 12246, "segment_end_sample": 12247, "time_str": ""}}, {"type": "Feature", "geometry": {"type": "LineString", "coordinates": [[4.9253127, 52.3676596], [4.9253707, 52.3676348]]}, "properties": {"Speed": 0.0, "Speed_display": 12.2, "road_quality": 2, "marker": 0, "trip_id": "604F9_Trip6", "hrot_diff": 0, "sample_diff": 1, "time_diff_s": 0.02, "gps_distance_m": 4.8, "original_speed": "", "wheel_diameter_mm": 711, "braking_intensity": 0.0, "is_braking": false, "is_crash": false, "crash_intensity_g": 0.0, "segment_start_sample": 12299, "segment_end_sample": 12300, "time_str": ""}}, {"type": "Feature", "geometry": {"type": "LineString", "coordinates": [[4.9253707, 52.3676348], [4.9254137, 52.3676119]]}, "properties": {"Speed": 0.0, "Speed_display": 7.2, "road_quality": 2, "marker": 0, "trip_id": "604F9_Trip6", "hrot_diff": 0, "sample_diff": 1, "time_diff_s": 0.02, "gps_distance_m": 3.9, "original_speed": "", "wheel_diameter_mm": 711, "braking_intensity": 0.0, "is_braking": false, "is_crash": false, "crash_intensity_g": 0.0, "segment_start_sample": 12348, "segment_end_sample": 12349, "time_str": ""}}, {"type": "Feature", "geometry": {"type": "LineString", "coordinates": [[4.9254137, 52.3676119], [4.9254076, 52.3675941]]}, "properties": {"Speed": 0.0, "Speed_display": 2.9, "road_quality": 2, "marker": 0, "trip_id": "604F9_Trip6", "hrot_diff": 0, "sample_diff": 1, "time_diff_s": 0.02, "gps_distance_m": 2.0, "original_speed": "", "wheel_diameter_mm": 711, "braking_intensity": 0.0, "is_braking": false, "is_crash": false, "crash_intensity_g": 0.0, "segment_start_sample": 12409, "segment_end_sample": 12410, "time_str": ""}}, {"type": "Feature", "geometry": {"type": "LineString", "coordinates": [[4.9254076, 52.3675941], [4.9254049, 52.3675894]]}, "properties": {"Speed": 0.0, "Speed_display": 0.7, "road_quality": 2, "marker": 0, "trip_id": "604F9_Trip6", "hrot_diff": 0, "sample_diff": 1, "time_diff_s": 0.02, "gps_distance_m": 0.6, "original_speed": "", "wheel_diameter_mm": 711, "braking_intensity": 0.0, "is_braking": false, "is_crash": false, "crash_intensity_g": 0.0, "segment_start_sample": 12485, "segment_end_sample": 12486, "time_str": ""}}, {"type": "Feature", "geometry": {"type": "LineString", "coordinates": [[4.9254049, 52.3675894], [4.9254105, 52.367583]]}, "properties": {"Speed": 0.0, "Speed_display": 3.6, "road_quality": 3, "marker": 0, "trip_id": "604F9_Trip6", "hrot_diff": 0, "sample_diff": 1, "time_diff_s": 0.02, "gps_distance_m": 0.8, "original_speed": "", "wheel_diameter_mm": 711, "braking_intensity": 0.0, "is_braking": false, "is_crash": false, "crash_intensity_g": 0.0, "segment_start_sample": 14082, "segment_end_sample": 14083, "time_str": ""}}, {"type": "Feature", "geometry": {"type": "LineString", "coordinates": [[4.9254105, 52.367583], [4.9253989, 52.3675675]]}, "properties": {"Speed": 0.0, "Speed_display": 6.5, "road_quality": 3, "marker": 0, "trip_id": "604F9_Trip6", "hrot_diff": 0, "sample_diff": 1, "time_diff_s": 0.02, "gps_distance_m": 1.9, "original_speed": "", "wheel_diameter_mm": 711, "braking_intensity": 0.0, "is_braking": false, "is_crash": false, "crash_intensity_g": 0.0, "segment_start_sample": 14108, "segment_end_sample": 14109, "time_str": ""}}, {"type": "Feature", "geometry": {"type": "LineString", "coordinates": [[4.9253989, 52.3675675], [4.9253785, 52.3675405]]}, "properties": {"Speed": 0.0, "Speed_display": 8.6, "road_quality": 3, "marker": 0, "trip_id": "604F9_Trip6", "hrot_diff": 0, "sample_diff": 1, "time_diff_s": 0.02, "gps_distance_m": 3.3, "original_speed": "", "wheel_diameter_mm": 711, "braking_intensity": 0.0, "is_braking": false, "is_crash": false, "crash_intensity_g": 0.0, "segment_start_sample": 14151, "segment_end_sample": 14152, "time_str": ""}}, {"type": "Feature", "geometry": {"type": "LineString", "coordinates": [[4.9253785, 52.3675405], [4.9253604, 52.3675152]]}, "properties": {"Speed": 0.0, "Speed_display": 8.6, "road_quality": 3, "marker": 0, "trip_id": "604F9_Trip6", "hrot_diff": 0, "sample_diff": 1, "time_diff_s": 0.02, "gps_distance_m": 3.1, "original_speed": "", "wheel_diameter_mm": 711, "braking_intensity": 0.0, "is_braking": false, "is_crash": false, "crash_intensity_g": 0.0, "segment_start_sample": 14202, "segment_end_sample": 14203, "time_str": ""}}, {"type": "Feature", "geometry": {"type": "LineString", "coordinates": [[4.9253604, 52.3675152], [4.9253357, 52.3674875]]}, "properties": {"Speed": 0.0, "Speed_display": 10.8, "road_quality": 2, "marker": 0, "trip_id": "604F9_Trip6", "hrot_diff": 0, "sample_diff": 1, "time_diff_s": 0.02, "gps_distance_m": 3.5, "original_speed": "", "wheel_diameter_mm": 711, "braking_intensity": 0.0, "is_braking": false, "is_crash": false, "crash_intensity_g": 0.0, "segment_start_sample": 14249, "segment_end_sample": 14250, "time_str": ""}}, {"type": "Feature", "geometry": {"type": "LineString", "coordinates": [[4.9253357, 52.3674875], [4.9253037, 52.3674548]]}, "properties": {"Speed": 0.0, "Speed_display": 11.5, "road_quality": 3, "marker": 0, "trip_id": "604F9_Trip6", "hrot_diff": 0, "sample_diff": 1, "time_diff_s": 0.02, "gps_distance_m": 4.2, "original_speed": "", "wheel_diameter_mm": 711, "braking_intensity": 0.0, "is_braking": false, "is_crash": false, "crash_intensity_g": 0.0, "segment_start_sample": 14298, "segment_end_sample": 14299, "time_str": ""}}, {"type": "Feature", "geometry": {"type": "LineString", "coordinates": [[4.9253037, 52.3674548], [4.9252851, 52.3674191]]}, "properties": {"Speed": 0.0, "Speed_display": 11.5, "road_quality": 2, "marker": 0, "trip_id": "604F9_Trip6", "hrot_diff": 0, "sample_diff": 1, "time_diff_s": 0.02, "gps_distance_m": 4.2, "original_speed": "", "wheel_diameter_mm": 711, "braking_intensity": 0.0, "is_braking": false, "is_crash": false, "crash_intensity_g": 0.0, "segment_start_sample": 14339, "segment_end_sample": 14340, "time_str": ""}}, {"type": "Feature", "geometry": {"type": "LineString", "coordinates": [[4.9252851, 52.3674191], [4.9252774, 52.3673713]]}, "properties": {"Speed": 0.0, "Speed_display": 12.2, "road_quality": 3, "marker": 0, "trip_id": "604F9_Trip6", "hrot_diff": 0, "sample_diff": 1, "time_diff_s": 0.02, "gps_distance_m": 5.3, "original_speed": "", "wheel_diameter_mm": 711, "braking_intensity": 0.0, "is_braking": false, "is_crash": false, "crash_intensity_g": 0.0, "segment_start_sample": 14391, "segment_end_sample": 14392, "time_str": ""}}, {"type": "Feature", "geometry": {"type": "LineString", "coordinates": [[4.9252774, 52.3673713], [4.9252521, 52.3673238]]}, "properties": {"Speed": 0.0, "Speed_display": 13.7, "road_quality": 3, "marker": 0, "trip_id": "604F9_Trip6", "hrot_diff": 0, "sample_diff": 1, "time_diff_s": 0.02, "gps_distance_m": 5.6, "original_speed": "", "wheel_diameter_mm": 711, "braking_intensity": 0.0, "is_braking": false, "is_crash": false, "crash_intensity_g": 0.0, "segment_start_sample": 14442, "segment_end_sample": 14443, "time_str": ""}}, {"type": "Feature", "geometry": {"type": "LineString", "coordinates": [[4.9252521, 52.3673238], [4.9252093, 52.3672833]]}, "properties": {"Speed": 0.0, "Speed_display": 14.4, "road_quality": 3, "marker": 0, "trip_id": "604F9_Trip6", "hrot_diff": 0, "sample_diff": 1, "time_diff_s": 0.02, "gps_distance_m": 5.4, "original_speed": "", "wheel_diameter_mm": 711, "braking_intensity": 0.0, "is_braking": false, "is_crash": false, "crash_intensity_g": 0.0, "segment_start_sample": 14505, "segment_end_sample": 14506, "time_str": ""}}, {"type": "Feature", "geometry": {"type": "LineString", "coordinates": [[4.9252093, 52.3672833], [4.9251588, 52.3672413]]}, "properties": {"Speed": 0.0, "Speed_display": 15.1, "road_quality": 3, "marker": 0, "trip_id": "604F9_Trip6", "hrot_diff": 0, "sample_diff": 1, "time_diff_s": 0.02, "gps_distance_m": 5.8, "original_speed": "", "wheel_diameter_mm": 711, "braking_intensity": 0.0, "is_braking": false, "is_crash": false, "crash_intensity_g": 0.0, "segment_start_sample": 14551, "segment_end_sample": 14552, "time_str": ""}}, {"type": "Feature", "geometry": {"type": "LineString", "coordinates": [[4.9251588, 52.3672413], [4.9251056, 52.367196]]}, "properties": {"Speed": 0.0, "Speed_display": 15.1, "road_quality": 3, "marker": 0, "trip_id": "604F9_Trip6", "hrot_diff": 0, "sample_diff": 1, "time_diff_s": 0.02, "gps_distance_m": 6.2, "original_speed": "", "wheel_diameter_mm": 711, "braking_intensity": 0.0, "is_braking": false, "is_crash": false, "crash_intensity_g": 0.0, "segment_start_sample": 14591, "segment_end_sample": 14592, "time_str": ""}}, {"type": "Feature", "geometry": {"type": "LineString", "coordinates": [[4.9251056, 52.367196], [4.9250512, 52.3671506]]}, "properties": {"Speed": 0.0, "Speed_display": 16.6, "road_quality": 3, "marker": 0, "trip_id": "604F9_Trip6", "hrot_diff": 0, "sample_diff": 1, "time_diff_s": 0.02, "gps_distance_m": 6.3, "original_speed": "", "wheel_diameter_mm": 711, "braking_intensity": 0.0, "is_braking": false, "is_crash": false, "crash_intensity_g": 0.0, "segment_start_sample": 14644, "segment_end_sample": 14645, "time_str": ""}}, {"type": "Feature", "geometry": {"type": "LineString", "coordinates": [[4.9250512, 52.3671506], [4.9249965, 52.3671125]]}, "properties": {"Speed": 0.0, "Speed_display": 15.1, "road_quality": 3, "marker": 0, "trip_id": "604F9_Trip6", "hrot_diff": 0, "sample_diff": 1, "time_diff_s": 0.02, "gps_distance_m": 5.6, "original_speed": "", "wheel_diameter_mm": 711, "braking_intensity": 0.0, "is_braking": false, "is_crash": false, "crash_intensity_g": 0.0, "segment_start_sample": 14694, "segment_end_sample": 14695, "time_str": ""}}, {"type": "Feature", "geometry": {"type": "LineString", "coordinates": [[4.9249965, 52.3671125], [4.9249746, 52.3670697]]}, "properties": {"Speed": 0.0, "Speed_display": 10.8, "road_quality": 3, "marker": 0, "trip_id": "604F9_Trip6", "hrot_diff": 0, "sample_diff": 1, "time_diff_s": 0.02, "gps_distance_m": 5.0, "original_speed": "", "wheel_diameter_mm": 711, "braking_intensity": 0.0, "is_braking": false, "is_crash": false, "crash_intensity_g": 0.0, "segment_start_sample": 14745, "segment_end_sample": 14746, "time_str": ""}}, {"type": "Feature", "geometry": {"type": "LineString", "coordinates": [[4.9249746, 52.3670697], [4.9250147, 52.3670244]]}, "properties": {"Speed": 0.0, "Speed_display": 13.0, "road_quality": 2, "marker": 0, "trip_id": "604F9_Trip6", "hrot_diff": 0, "sample_diff": 1, "time_diff_s": 0.02, "gps_distance_m": 5.7, "original_speed": "", "wheel_diameter_mm": 711, "braking_intensity": 0.0, "is_braking": false, "is_crash": false, "crash_intensity_g": 0.0, "segment_start_sample": 14799, "segment_end_sample": 14800, "time_str": ""}}, {"type": "Feature", "geometry": {"type": "LineString", "coordinates": [[4.9250147, 52.3670244], [4.9250651, 52.366975]]}, "properties": {"Speed": 0.0, "Speed_display": 14.4, "road_quality": 3, "marker": 0, "trip_id": "604F9_Trip6", "hrot_diff": 0, "sample_diff": 1, "time_diff_s": 0.02, "gps_distance_m": 6.5, "original_speed": "", "wheel_diameter_mm": 711, "braking_intensity": 0.0, "is_braking": false, "is_crash": false, "crash_intensity_g": 0.0, "segment_start_sample": 14844, "segment_end_sample": 14845, "time_str": ""}}, {"type": "Feature", "geometry": {"type": "LineString", "coordinates": [[4.9250651, 52.366975], [4.9250994, 52.3669355]]}, "properties": {"Speed": 0.0, "Speed_display": 10.8, "road_quality": 3, "marker": 0, "trip_id": "604F9_Trip6", "hrot_diff": 0, "sample_diff": 1, "time_diff_s": 0.02, "gps_distance_m": 5.0, "original_speed": "", "wheel_diameter_mm": 711, "braking_intensity": 0.0, "is_braking": false, "is_crash": false, "crash_intensity_g": 0.0, "segment_start_sample": 14898, "segment_end_sample": 14899, "time_str": ""}}, {"type": "Feature", "geometry": {"type": "LineString", "coordinates": [[4.9250994, 52.3669355], [4.9251369, 52.3669035]]}, "properties": {"Speed": 0.0, "Speed_display": 8.6, "road_quality": 3, "marker": 0, "trip_id": "604F9_Trip6", "hrot_diff": 0, "sample_diff": 1, "time_diff_s": 0.02, "gps_distance_m": 4.4, "original_speed": "", "wheel_diameter_mm": 711, "braking_intensity": 0.0, "is_braking": false, "is_crash": false, "crash_intensity_g": 0.0, "segment_start_sample": 14950, "segment_end_sample": 14951, "time_str": ""}}, {"type": "Feature", "geometry": {"type": "LineString", "coordinates": [[4.9251369, 52.3669035], [4.9251736, 52.3668744]]}, "properties": {"Speed": 0.0, "Speed_display": 10.1, "road_quality": 3, "marker": 0, "trip_id": "604F9_Trip6", "hrot_diff": 0, "sample_diff": 1, "time_diff_s": 0.02, "gps_distance_m": 4.1, "original_speed": "", "wheel_diameter_mm": 711, "braking_intensity": 0.0, "is_braking": false, "is_crash": false, "crash_intensity_g": 0.0, "segment_start_sample": 14992, "segment_end_sample": 14993, "time_str": ""}}, {"type": "Feature", "geometry": {"type": "LineString", "coordinates": [[4.9251736, 52.3668744], [4.9252163, 52.3668499]]}, "properties": {"Speed": 0.0, "Speed_display": 10.1, "road_quality": 3, "marker": 0, "trip_id": "604F9_Trip6", "hrot_diff": 0, "sample_diff": 1, "time_diff_s": 0.02, "gps_distance_m": 4.0, "original_speed": "", "wheel_diameter_mm": 711, "braking_intensity": 0.0, "is_braking": false, "is_crash": false, "crash_intensity_g": 0.0, "segment_start_sample": 15047, "segment_end_sample": 15048, "time_str": ""}}, {"type": "Feature", "geometry": {"type": "LineString", "coordinates": [[4.9252163, 52.3668499], [4.9252568, 52.3668228]]}, "properties": {"Speed": 0.0, "Speed_display": 10.8, "road_quality": 3, "marker": 0, "trip_id": "604F9_Trip6", "hrot_diff": 0, "sample_diff": 1, "time_diff_s": 0.02, "gps_distance_m": 4.1, "original_speed": "", "wheel_diameter_mm": 711, "braking_intensity": 0.0, "is_braking": false, "is_crash": false, "crash_intensity_g": 0.0, "segment_start_sample": 15099, "segment_end_sample": 15100, "time_str": ""}}, {"type": "Feature", "geometry": {"type": "LineString", "coordinates": [[4.9252568, 52.3668228], [4.9253132, 52.3667885]]}, "properties": {"Speed": 0.0, "Speed_display": 13.7, "road_quality": 3, "marker": 0, "trip_id": "604F9_Trip6", "hrot_diff": 0, "sample_diff": 1, "time_diff_s": 0.02, "gps_distance_m": 5.4, "original_speed": "", "wheel_diameter_mm": 711, "braking_intensity": 0.0, "is_braking": false, "is_crash": false, "crash_intensity_g": 0.0, "segment_start_sample": 15143, "segment_end_sample": 15144, "time_str": ""}}, {"type": "Feature", "geometry": {"type": "LineString", "coordinates": [[4.9253132, 52.3667885], [4.9253751, 52.3667496]]}, "properties": {"Speed": 0.0, "Speed_display": 15.1, "road_quality": 3, "marker": 0, "trip_id": "604F9_Trip6", "hrot_diff": 0, "sample_diff": 1, "time_diff_s": 0.02, "gps_distance_m": 6.0, "original_speed": "", "wheel_diameter_mm": 711, "braking_intensity": 0.0, "is_braking": false, "is_crash": false, "crash_intensity_g": 0.0, "segment_start_sample": 15189, "segment_end_sample": 15190, "time_str": ""}}, {"type": "Feature", "geometry": {"type": "LineString", "coordinates": [[4.9253751, 52.3667496], [4.9254389, 52.3667143]]}, "properties": {"Speed": 0.0, "Speed_display": 15.1, "road_quality": 3, "marker": 0, "trip_id": "604F9_Trip6", "hrot_diff": 0, "sample_diff": 1, "time_diff_s": 0.02, "gps_distance_m": 5.8, "original_speed": "", "wheel_diameter_mm": 711, "braking_intensity": 0.0, "is_braking": false, "is_crash": false, "crash_intensity_g": 0.0, "segment_start_sample": 15244, "segment_end_sample": 15245, "time_str": ""}}, {"type": "Feature", "geometry": {"type": "LineString", "coordinates": [[4.9254389, 52.3667143], [4.925504, 52.3666792]]}, "properties": {"Speed": 0.0, "Speed_display": 15.8, "road_quality": 3, "marker": 0, "trip_id": "604F9_Trip6", "hrot_diff": 0, "sample_diff": 1, "time_diff_s": 0.02, "gps_distance_m": 5.9, "original_speed": "", "wheel_diameter_mm": 711, "braking_intensity": 0.0, "is_braking": false, "is_crash": false, "crash_intensity_g": 0.0, "segment_start_sample": 15288, "segment_end_sample": 15289, "time_str": ""}}, {"type": "Feature", "geometry": {"type": "LineString", "coordinates": [[4.925504, 52.3666792], [4.9255636, 52.3666401]]}, "properties": {"Speed": 0.0, "Speed_display": 15.1, "road_quality": 3, "marker": 0, "trip_id": "604F9_Trip6", "hrot_diff": 0, "sample_diff": 1, "time_diff_s": 0.02, "gps_distance_m": 5.9, "original_speed": "", "wheel_diameter_mm": 711, "braking_intensity": 0.0, "is_braking": false, "is_crash": false, "crash_intensity_g": 0.0, "segment_start_sample": 15346, "segment_end_sample": 15347, "time_str": ""}}, {"type": "Feature", "geometry": {"type": "LineString", "coordinates": [[4.9255636, 52.3666401], [4.9256185, 52.366597]]}, "properties": {"Speed": 0.0, "Speed_display": 15.8, "road_quality": 3, "marker": 0, "trip_id": "604F9_Trip6", "hrot_diff": 0, "sample_diff": 1, "time_diff_s": 0.02, "gps_distance_m": 6.1, "original_speed": "", "wheel_diameter_mm": 711, "braking_intensity": 0.0, "is_braking": false, "is_crash": false, "crash_intensity_g": 0.0, "segment_start_sample": 15397, "segment_end_sample": 15398, "time_str": ""}}, {"type": "Feature", "geometry": {"type": "LineString", "coordinates": [[4.9256185, 52.366597], [4.9256826, 52.3665561]]}, "properties": {"Speed": 0.0, "Speed_display": 16.6, "road_quality": 3, "marker": 0, "trip_id": "604F9_Trip6", "hrot_diff": 0, "sample_diff": 1, "time_diff_s": 0.02, "gps_distance_m": 6.3, "original_speed": "", "wheel_diameter_mm": 711, "braking_intensity": 0.0, "is_braking": false, "is_crash": false, "crash_intensity_g": 0.0, "segment_start_sample": 15447, "segment_end_sample": 15448, "time_str": ""}}, {"type": "Feature", "geometry": {"type": "LineString", "coordinates": [[4.9256826, 52.3665561], [4.9257515, 52.3665093]]}, "properties": {"Speed": 0.0, "Speed_display": 17.3, "road_quality": 3, "marker": 0, "trip_id": "604F9_Trip6", "hrot_diff": 0, "sample_diff": 1, "time_diff_s": 0.02, "gps_distance_m": 7.0, "original_speed": "", "wheel_diameter_mm": 711, "braking_intensity": 0.0, "is_braking": false, "is_crash": false, "crash_intensity_g": 0.0, "segment_start_sample": 15495, "segment_end_sample": 15496, "time_str": ""}}, {"type": "Feature", "geometry": {"type": "LineString", "coordinates": [[4.9257515, 52.3665093], [4.9258158, 52.3664638]]}, "properties": {"Speed": 0.0, "Speed_display": 16.6, "road_quality": 2, "marker": 0, "trip_id": "604F9_Trip6", "hrot_diff": 0, "sample_diff": 1, "time_diff_s": 0.02, "gps_distance_m": 6.7, "original_speed": "", "wheel_diameter_mm": 711, "braking_intensity": 0.0, "is_braking": false, "is_crash": false, "crash_intensity_g": 0.0, "segment_start_sample": 15544, "segment_end_sample": 15545, "time_str": ""}}, {"type": "Feature", "geometry": {"type": "LineString", "coordinates": [[4.9258158, 52.3664638], [4.9258851, 52.3664178]]}, "properties": {"Speed": 0.0, "Speed_display": 18.0, "road_quality": 2, "marker": 0, "trip_id": "604F9_Trip6", "hrot_diff": 0, "sample_diff": 1, "time_diff_s": 0.02, "gps_distance_m": 6.9, "original_speed": "", "wheel_diameter_mm": 711, "braking_intensity": 0.0, "is_braking": false, "is_crash": false, "crash_intensity_g": 0.0, "segment_start_sample": 15594, "segment_end_sample": 15595, "time_str": ""}}, {"type": "Feature", "geometry": {"type": "LineString", "coordinates": [[4.9258851, 52.3664178], [4.9259555, 52.366377]]}, "properties": {"Speed": 0.0, "Speed_display": 17.3, "road_quality": 2, "marker": 0, "trip_id": "604F9_Trip6", "hrot_diff": 0, "sample_diff": 1, "time_diff_s": 0.02, "gps_distance_m": 6.6, "original_speed": "", "wheel_diameter_mm": 711, "braking_intensity": 0.0, "is_braking": false, "is_crash": false, "crash_intensity_g": 0.0, "segment_start_sample": 15642, "segment_end_sample": 15643, "time_str": ""}}, {"type": "Feature", "geometry": {"type": "LineString", "coordinates": [[4.9259555, 52.366377], [4.9260251, 52.3663337]]}, "properties": {"Speed": 0.0, "Speed_display": 17.3, "road_quality": 2, "marker": 0, "trip_id": "604F9_Trip6", "hrot_diff": 0, "sample_diff": 1, "time_diff_s": 0.02, "gps_distance_m": 6.7, "original_speed": "", "wheel_diameter_mm": 711, "braking_intensity": 0.0, "is_braking": false, "is_crash": false, "crash_intensity_g": 0.0, "segment_start_sample": 15691, "segment_end_sample": 15692, "time_str": ""}}, {"type": "Feature", "geometry": {"type": "LineString", "coordinates": [[4.9260251, 52.3663337], [4.9261004, 52.3662973]]}, "properties": {"Speed": 0.0, "Speed_display": 15.8, "road_quality": 3, "marker": 0, "trip_id": "604F9_Trip6", "hrot_diff": 0, "sample_diff": 1, "time_diff_s": 0.02, "gps_distance_m": 6.5, "original_speed": "", "wheel_diameter_mm": 711, "braking_intensity": 0.0, "is_braking": false, "is_crash": false, "crash_intensity_g": 0.0, "segment_start_sample": 15739, "segment_end_sample": 15740, "time_str": ""}}, {"type": "Feature", "geometry": {"type": "LineString", "coordinates": [[4.9261004, 52.3662973], [4.9261703, 52.3662645]]}, "properties": {"Speed": 0.0, "Speed_display": 15.8, "road_quality": 3, "marker": 0, "trip_id": "604F9_Trip6", "hrot_diff": 0, "sample_diff": 1, "time_diff_s": 0.02, "gps_distance_m": 6.0, "original_speed": "", "wheel_diameter_mm": 711, "braking_intensity": 0.0, "is_braking": false, "is_crash": false, "crash_intensity_g": 0.0, "segment_start_sample": 15792, "segment_end_sample": 15793, "time_str": ""}}, {"type": "Feature", "geometry": {"type": "LineString", "coordinates": [[4.9261703, 52.3662645], [4.9262411, 52.3662284]]}, "properties": {"Speed": 0.0, "Speed_display": 14.4, "road_quality": 2, "marker": 0, "trip_id": "604F9_Trip6", "hrot_diff": 0, "sample_diff": 1, "time_diff_s": 0.02, "gps_distance_m": 6.3, "original_speed": "", "wheel_diameter_mm": 711, "braking_intensity": 0.0, "is_braking": false, "is_crash": false, "crash_intensity_g": 0.0, "segment_start_sample": 15838, "segment_end_sample": 15839, "time_str": ""}}, {"type": "Feature", "geometry": {"type": "LineString", "coordinates": [[4.9262411, 52.3662284], [4.9262984, 52.3661938]]}, "properties": {"Speed": 0.0, "Speed_display": 13.7, "road_quality": 2, "marker": 0, "trip_id": "604F9_Trip6", "hrot_diff": 0, "sample_diff": 1, "time_diff_s": 0.02, "gps_distance_m": 5.5, "original_speed": "", "wheel_diameter_mm": 711, "braking_intensity": 0.0, "is_braking": false, "is_crash": false, "crash_intensity_g": 0.0, "segment_start_sample": 15889, "segment_end_sample": 15890, "time_str": ""}}, {"type": "Feature", "geometry": {"type": "LineString", "coordinates": [[4.9262984, 52.3661938], [4.926354, 52.3661621]]}, "properties": {"Speed": 0.0, "Speed_display": 12.2, "road_quality": 2, "marker": 0, "trip_id": "604F9_Trip6", "hrot_diff": 0, "sample_diff": 1, "time_diff_s": 0.02, "gps_distance_m": 5.2, "original_speed": "", "wheel_diameter_mm": 711, "braking_intensity": 0.0, "is_braking": false, "is_crash": false, "crash_intensity_g": 0.0, "segment_start_sample": 15939, "segment_end_sample": 15940, "time_str": ""}}, {"type": "Feature", "geometry": {"type": "LineString", "coordinates": [[4.926354, 52.3661621], [4.9263921, 52.3661378]]}, "properties": {"Speed": 0.0, "Speed_display": 10.1, "road_quality": 2, "marker": 0, "trip_id": "604F9_Trip6", "hrot_diff": 0, "sample_diff": 1, "time_diff_s": 0.02, "gps_distance_m": 3.7, "original_speed": "", "wheel_diameter_mm": 711, "braking_intensity": 0.0, "is_braking": false, "is_crash": false, "crash_intensity_g": 0.0, "segment_start_sample": 15999, "segment_end_sample": 16000, "time_str": ""}}, {"type": "Feature", "geometry": {"type": "LineString", "coordinates": [[4.9263921, 52.3661378], [4.9264314, 52.3661137]]}, "properties": {"Speed": 0.0, "Speed_display": 7.9, "road_quality": 2, "marker": 0, "trip_id": "604F9_Trip6", "hrot_diff": 0, "sample_diff": 1, "time_diff_s": 0.02, "gps_distance_m": 3.8, "original_speed": "", "wheel_diameter_mm": 711, "braking_intensity": 0.0, "is_braking": false, "is_crash": false, "crash_intensity_g": 0.0, "segment_start_sample": 16039, "segment_end_sample": 16040, "time_str": ""}}, {"type": "Feature", "geometry": {"type": "LineString", "coordinates": [[4.9264314, 52.3661137], [4.9264626, 52.3660938]]}, "properties": {"Speed": 0.0, "Speed_display": 6.5, "road_quality": 2, "marker": 0, "trip_id": "604F9_Trip6", "hrot_diff": 0, "sample_diff": 1, "time_diff_s": 0.02, "gps_distance_m": 3.1, "original_speed": "", "wheel_diameter_mm": 711, "braking_intensity": 0.0, "is_braking": false, "is_crash": false, "crash_intensity_g": 0.0, "segment_start_sample": 16093, "segment_end_sample": 16094, "time_str": ""}}, {"type": "Feature", "geometry": {"type": "LineString", "coordinates": [[4.9264626, 52.3660938], [4.9264813, 52.3660781]]}, "properties": {"Speed": 0.0, "Speed_display": 3.6, "road_quality": 2, "marker": 0, "trip_id": "604F9_Trip6", "hrot_diff": 0, "sample_diff": 1, "time_diff_s": 0.02, "gps_distance_m": 2.2, "original_speed": "", "wheel_diameter_mm": 711, "braking_intensity": 0.0, "is_braking": false, "is_crash": false, "crash_intensity_g": 0.0, "segment_start_sample": 16144, "segment_end_sample": 16145, "time_str": ""}}, {"type": "Feature", "geometry": {"type": "LineString", "coordinates": [[4.9264813, 52.3660781], [4.9264955, 52.3660702]]}, "properties": {"Speed": 0.0, "Speed_display": 2.9, "road_quality": 1, "marker": 0, "trip_id": "604F9_Trip6", "hrot_diff": 0, "sample_diff": 1, "time_diff_s": 0.02, "gps_distance_m": 1.3, "original_speed": "", "wheel_diameter_mm": 711, "braking_intensity": 0.0, "is_braking": false, "is_crash": false, "crash_intensity_g": 0.0, "segment_start_sample": 16214, "segment_end_sample": 16215, "time_str": ""}}, {"type": "Feature", "geometry": {"type": "LineString", "coordinates": [[4.9264955, 52.3660702], [4.9265073, 52.3660632]]}, "properties": {"Speed": 0.0, "Speed_display": 2.2, "road_quality": 1, "marker": 0, "trip_id": "604F9_Trip6", "hrot_diff": 0, "sample_diff": 1, "time_diff_s": 0.02, "gps_distance_m": 1.1, "original_speed": "", "wheel_diameter_mm": 711, "braking_intensity": 0.0, "is_braking": false, "is_crash": false, "crash_intensity_g": 0.0, "segment_start_sample": 16267, "segment_end_sample": 16268, "time_str": ""}}, {"type": "Feature", "geometry": {"type": "LineString", "coordinates": [[4.9265073, 52.3660632], [4.9265063, 52.3660621]]}, "properties": {"Speed": 0.0, "Speed_display": 0.0, "road_quality": 1, "marker": 0, "trip_id": "604F9_Trip6", "hrot_diff": 0, "sample_diff": 1, "time_diff_s": 0.02, "gps_distance_m": 0.1, "original_speed": "", "wheel_diameter_mm": 711, "braking_intensity": 0.0, "is_braking": false, "is_crash": false, "crash_intensity_g": 0.0, "segment_start_sample": 16343, "segment_end_sample": 16344, "time_str": ""}}, {"type": "Feature", "geometry": {"type": "LineString", "coordinates": [[4.9265063, 52.3660621], [4.9265586, 52.3660367]]}, "properties": {"Speed": 0.0, "Speed_display": 4.3, "road_quality": 3, "marker": 0, "trip_id": "604F9_Trip6", "hrot_diff": 0, "sample_diff": 1, "time_diff_s": 0.02, "gps_distance_m": 4.5, "original_speed": "", "wheel_diameter_mm": 711, "braking_intensity": 0.0, "is_braking": false, "is_crash": false, "crash_intensity_g": 0.0, "segment_start_sample": 18001, "segment_end_sample": 18002, "time_str": ""}}, {"type": "Feature", "geometry": {"type": "LineString", "coordinates": [[4.9265586, 52.3660367], [4.9265735, 52.3660212]]}, "properties": {"Speed": 0.0, "Speed_display": 4.3, "road_quality": 3, "marker": 0, "trip_id": "604F9_Trip6", "hrot_diff": 0, "sample_diff": 1, "time_diff_s": 0.02, "gps_distance_m": 2.0, "original_speed": "", "wheel_diameter_mm": 711, "braking_intensity": 0.0, "is_braking": false, "is_crash": false, "crash_intensity_g": 0.0, "segment_start_sample": 18064, "segment_end_sample": 18065, "time_str": ""}}, {"type": "Feature", "geometry": {"type": "LineString", "coordinates": [[4.9265735, 52.3660212], [4.9265917, 52.3660041]]}, "properties": {"Speed": 0.0, "Speed_display": 5.0, "road_quality": 3, "marker": 0, "trip_id": "604F9_Trip6", "hrot_diff": 0, "sample_diff": 1, "time_diff_s": 0.02, "gps_distance_m": 2.3, "original_speed": "", "wheel_diameter_mm": 711, "braking_intensity": 0.0, "is_braking": false, "is_crash": false, "crash_intensity_g": 0.0, "segment_start_sample": 18107, "segment_end_sample": 18108, "time_str": ""}}, {"type": "Feature", "geometry": {"type": "LineString", "coordinates": [[4.9265917, 52.3660041], [4.9266114, 52.3659833]]}, "properties": {"Speed": 0.0, "Speed_display": 7.2, "road_quality": 3, "marker": 0, "trip_id": "604F9_Trip6", "hrot_diff": 0, "sample_diff": 1, "time_diff_s": 0.02, "gps_distance_m": 2.7, "original_speed": "", "wheel_diameter_mm": 711, "braking_intensity": 0.0, "is_braking": false, "is_crash": false, "crash_intensity_g": 0.0, "segment_start_sample": 18147, "segment_end_sample": 18148, "time_str": ""}}, {"type": "Feature", "geometry": {"type": "LineString", "coordinates": [[4.9266114, 52.3659833], [4.9266266, 52.3659573]]}, "properties": {"Speed": 0.0, "Speed_display": 7.9, "road_quality": 3, "marker": 0, "trip_id": "604F9_Trip6", "hrot_diff": 0, "sample_diff": 1, "time_diff_s": 0.02, "gps_distance_m": 3.1, "original_speed": "", "wheel_diameter_mm": 711, "braking_intensity": 0.0, "is_braking": false, "is_crash": false, "crash_intensity_g": 0.0, "segment_start_sample": 18197, "segment_end_sample": 18198, "time_str": ""}}, {"type": "Feature", "geometry": {"type": "LineString", "coordinates": [[4.9266266, 52.3659573], [4.9266342, 52.3659257]]}, "properties": {"Speed": 0.0, "Speed_display": 8.6, "road_quality": 3, "marker": 0, "trip_id": "604F9_Trip6", "hrot_diff": 0, "sample_diff": 1, "time_diff_s": 0.02, "gps_distance_m": 3.6, "original_speed": "", "wheel_diameter_mm": 711, "braking_intensity": 0.0, "is_braking": false, "is_crash": false, "crash_intensity_g": 0.0, "segment_start_sample": 18241, "segment_end_sample": 18242, "time_str": ""}}, {"type": "Feature", "geometry": {"type": "LineString", "coordinates": [[4.9266342, 52.3659257], [4.9266446, 52.3658915]]}, "properties": {"Speed": 0.0, "Speed_display": 9.4, "road_quality": 3, "marker": 0, "trip_id": "604F9_Trip6", "hrot_diff": 0, "sample_diff": 1, "time_diff_s": 0.02, "gps_distance_m": 3.9, "original_speed": "", "wheel_diameter_mm": 711, "braking_intensity": 0.0, "is_braking": false, "is_crash": false, "crash_intensity_g": 0.0, "segment_start_sample": 18296, "segment_end_sample": 18297, "time_str": ""}}, {"type": "Feature", "geometry": {"type": "LineString", "coordinates": [[4.9266446, 52.3658915], [4.9266519, 52.3658568]]}, "properties": {"Speed": 0.0, "Speed_display": 9.4, "road_quality": 3, "marker": 0, "trip_id": "604F9_Trip6", "hrot_diff": 0, "sample_diff": 1, "time_diff_s": 0.02, "gps_distance_m": 3.9, "original_speed": "", "wheel_diameter_mm": 711, "braking_intensity": 0.0, "is_braking": false, "is_crash": false, "crash_intensity_g": 0.0, "segment_start_sample": 18352, "segment_end_sample": 18353, "time_str": ""}}, {"type": "Feature", "geometry": {"type": "LineString", "coordinates": [[4.9266519, 52.3658568], [4.9266642, 52.3658187]]}, "properties": {"Speed": 0.0, "Speed_display": 10.1, "road_quality": 2, "marker": 0, "trip_id": "604F9_Trip6", "hrot_diff": 0, "sample_diff": 1, "time_diff_s": 0.02, "gps_distance_m": 4.3, "original_speed": "", "wheel_diameter_mm": 711, "braking_intensity": 0.0, "is_braking": false, "is_crash": false, "crash_intensity_g": 0.0, "segment_start_sample": 18407, "segment_end_sample": 18408, "time_str": ""}}, {"type": "Feature", "geometry": {"type": "LineString", "coordinates": [[4.9266642, 52.3658187], [4.9266757, 52.3657831]]}, "properties": {"Speed": 0.0, "Speed_display": 10.1, "road_quality": 2, "marker": 0, "trip_id": "604F9_Trip6", "hrot_diff": 0, "sample_diff": 1, "time_diff_s": 0.02, "gps_distance_m": 4.0, "original_speed": "", "wheel_diameter_mm": 711, "braking_intensity": 0.0, "is_braking": false, "is_crash": false, "crash_intensity_g": 0.0, "segment_start_sample": 18449, "segment_end_sample": 18450, "time_str": ""}}, {"type": "Feature", "geometry": {"type": "LineString", "coordinates": [[4.9266757, 52.3657831], [4.9266923, 52.3657458]]}, "properties": {"Speed": 0.0, "Speed_display": 10.8, "road_quality": 3, "marker": 0, "trip_id": "604F9_Trip6", "hrot_diff": 0, "sample_diff": 1, "time_diff_s": 0.02, "gps_distance_m": 4.3, "original_speed": "", "wheel_diameter_mm": 711, "braking_intensity": 0.0, "is_braking": false, "is_crash": false, "crash_intensity_g": 0.0, "segment_start_sample": 18501, "segment_end_sample": 18502, "time_str": ""}}, {"type": "Feature", "geometry": {"type": "LineString", "coordinates": [[4.9266923, 52.3657458], [4.9267187, 52.3657146]]}, "properties": {"Speed": 0.0, "Speed_display": 10.8, "road_quality": 3, "marker": 0, "trip_id": "604F9_Trip6", "hrot_diff": 0, "sample_diff": 1, "time_diff_s": 0.02, "gps_distance_m": 3.9, "original_speed": "", "wheel_diameter_mm": 711, "braking_intensity": 0.0, "is_braking": false, "is_crash": false, "crash_intensity_g": 0.0, "segment_start_sample": 18539, "segment_end_sample": 18540, "time_str": ""}}, {"type": "Feature", "geometry": {"type": "LineString", "coordinates": [[4.9267187, 52.3657146], [4.9267471, 52.3656824]]}, "properties": {"Speed": 0.0, "Speed_display": 10.1, "road_quality": 3, "marker": 0, "trip_id": "604F9_Trip6", "hrot_diff": 0, "sample_diff": 1, "time_diff_s": 0.02, "gps_distance_m": 4.1, "original_speed": "", "wheel_diameter_mm": 711, "braking_intensity": 0.0, "is_braking": false, "is_crash": false, "crash_intensity_g": 0.0, "segment_start_sample": 18596, "segment_end_sample": 18597, "time_str": ""}}, {"type": "Feature", "geometry": {"type": "LineString", "coordinates": [[4.9267471, 52.3656824], [4.926793, 52.3656505]]}, "properties": {"Speed": 0.0, "Speed_display": 12.2, "road_quality": 3, "marker": 0, "trip_id": "604F9_Trip6", "hrot_diff": 0, "sample_diff": 1, "time_diff_s": 0.02, "gps_distance_m": 4.7, "original_speed": "", "wheel_diameter_mm": 711, "braking_intensity": 0.0, "is_braking": false, "is_crash": false, "crash_intensity_g": 0.0, "segment_start_sample": 18654, "segment_end_sample": 18655, "time_str": ""}}, {"type": "Feature", "geometry": {"type": "LineString", "coordinates": [[4.926793, 52.3656505], [4.9268479, 52.3656114]]}, "properties": {"Speed": 0.0, "Speed_display": 12.2, "road_quality": 3, "marker": 0, "trip_id": "604F9_Trip6", "hrot_diff": 0, "sample_diff": 1, "time_diff_s": 0.02, "gps_distance_m": 5.7, "original_speed": "", "wheel_diameter_mm": 711, "braking_intensity": 0.0, "is_braking": false, "is_crash": false, "crash_intensity_g": 0.0, "segment_start_sample": 18699, "segment_end_sample": 18700, "time_str": ""}}, {"type": "Feature", "geometry": {"type": "LineString", "coordinates": [[4.9268479, 52.3656114], [4.9269072, 52.3655823]]}, "properties": {"Speed": 0.0, "Speed_display": 12.2, "road_quality": 3, "marker": 0, "trip_id": "604F9_Trip6", "hrot_diff": 0, "sample_diff": 1, "time_diff_s": 0.02, "gps_distance_m": 5.2, "original_speed": "", "wheel_diameter_mm": 711, "braking_intensity": 0.0, "is_braking": false, "is_crash": false, "crash_intensity_g": 0.0, "segment_start_sample": 18744, "segment_end_sample": 18745, "time_str": ""}}, {"type": "Feature", "geometry": {"type": "LineString", "coordinates": [[4.9269072, 52.3655823], [4.9269781, 52.3655647]]}, "properties": {"Speed": 0.0, "Speed_display": 12.2, "road_quality": 3, "marker": 0, "trip_id": "604F9_Trip6", "hrot_diff": 0, "sample_diff": 1, "time_diff_s": 0.02, "gps_distance_m": 5.2, "original_speed": "", "wheel_diameter_mm": 711, "braking_intensity": 0.0, "is_braking": false, "is_crash": false, "crash_intensity_g": 0.0, "segment_start_sample": 18797, "segment_end_sample": 18798, "time_str": ""}}, {"type": "Feature", "geometry": {"type": "LineString", "coordinates": [[4.9269781, 52.3655647], [4.9270515, 52.3655435]]}, "properties": {"Speed": 0.0, "Speed_display": 14.4, "road_quality": 3, "marker": 0, "trip_id": "604F9_Trip6", "hrot_diff": 0, "sample_diff": 1, "time_diff_s": 0.02, "gps_distance_m": 5.5, "original_speed": "", "wheel_diameter_mm": 711, "braking_intensity": 0.0, "is_braking": false, "is_crash": false, "crash_intensity_g": 0.0, "segment_start_sample": 18852, "segment_end_sample": 18853, "time_str": ""}}, {"type": "Feature", "geometry": {"type": "LineString", "coordinates": [[4.9270515, 52.3655435], [4.9271368, 52.3655191]]}, "properties": {"Speed": 0.0, "Speed_display": 15.8, "road_quality": 3, "marker": 0, "trip_id": "604F9_Trip6", "hrot_diff": 0, "sample_diff": 1, "time_diff_s": 0.02, "gps_distance_m": 6.4, "original_speed": "", "wheel_diameter_mm": 711, "braking_intensity": 0.0, "is_braking": false, "is_crash": false, "crash_intensity_g": 0.0, "segment_start_sample": 18896, "segment_end_sample": 18897, "time_str": ""}}, {"type": "Feature", "geometry": {"type": "LineString", "coordinates": [[4.9271368, 52.3655191], [4.9272149, 52.3654913]]}, "properties": {"Speed": 0.0, "Speed_display": 15.8, "road_quality": 3, "marker": 0, "trip_id": "604F9_Trip6", "hrot_diff": 0, "sample_diff": 1, "time_diff_s": 0.02, "gps_distance_m": 6.1, "original_speed": "", "wheel_diameter_mm": 711, "braking_intensity": 0.0, "is_braking": false, "is_crash": false, "crash_intensity_g": 0.0, "segment_start_sample": 18947, "segment_end_sample": 18948, "time_str": ""}}, {"type": "Feature", "geometry": {"type": "LineString", "coordinates": [[4.9272149, 52.3654913], [4.9272964, 52.365462]]}, "properties": {"Speed": 0.0, "Speed_display": 16.6, "road_quality": 3, "marker": 0, "trip_id": "604F9_Trip6", "hrot_diff": 0, "sample_diff": 1, "time_diff_s": 0.02, "gps_distance_m": 6.4, "original_speed": "", "wheel_diameter_mm": 711, "braking_intensity": 0.0, "is_braking": false, "is_crash": false, "crash_intensity_g": 0.0, "segment_start_sample": 19000, "segment_end_sample": 19001, "time_str": ""}}, {"type": "Feature", "geometry": {"type": "LineString", "coordinates": [[4.9272964, 52.365462], [4.9273815, 52.3654339]]}, "properties": {"Speed": 0.0, "Speed_display": 16.6, "road_quality": 3, "marker": 0, "trip_id": "604F9_Trip6", "hrot_diff": 0, "sample_diff": 1, "time_diff_s": 0.02, "gps_distance_m": 6.6, "original_speed": "", "wheel_diameter_mm": 711, "braking_intensity": 0.0, "is_braking": false, "is_crash": false, "crash_intensity_g": 0.0, "segment_start_sample": 19040, "segment_end_sample": 19041, "time_str": ""}}, {"type": "Feature", "geometry": {"type": "LineString", "coordinates": [[4.9273815, 52.3654339], [4.9274672, 52.3654023]]}, "properties": {"Speed": 0.0, "Speed_display": 17.3, "road_quality": 3, "marker": 0, "trip_id": "604F9_Trip6", "hrot_diff": 0, "sample_diff": 1, "time_diff_s": 0.02, "gps_distance_m": 6.8, "original_speed": "", "wheel_diameter_mm": 711, "braking_intensity": 0.0, "is_braking": false, "is_crash": false, "crash_intensity_g": 0.0, "segment_start_sample": 19096, "segment_end_sample": 19097, "time_str": ""}}, {"type": "Feature", "geometry": {"type": "LineString", "coordinates": [[4.9274672, 52.3654023], [4.927554, 52.3653652]]}, "properties": {"Speed": 0.0, "Speed_display": 18.0, "road_quality": 3, "marker": 0, "trip_id": "604F9_Trip6", "hrot_diff": 0, "sample_diff": 1, "time_diff_s": 0.02, "gps_distance_m": 7.2, "original_speed": "", "wheel_diameter_mm": 711, "braking_intensity": 0.0, "is_braking": false, "is_crash": false, "crash_intensity_g": 0.0, "segment_start_sample": 19151, "segment_end_sample": 19152, "time_str": ""}}, {"type": "Feature", "geometry": {"type": "LineString", "coordinates": [[4.927554, 52.3653652], [4.9276431, 52.365333]]}, "properties": {"Speed": 0.0, "Speed_display": 18.0, "road_quality": 3, "marker": 0, "trip_id": "604F9_Trip6", "hrot_diff": 0, "sample_diff": 1, "time_diff_s": 0.02, "gps_distance_m": 7.0, "original_speed": "", "wheel_diameter_mm": 711, "braking_intensity": 0.0, "is_braking": false, "is_crash": false, "crash_intensity_g": 0.0, "segment_start_sample": 19188, "segment_end_sample": 19189, "time_str": ""}}, {"type": "Feature", "geometry": {"type": "LineString", "coordinates": [[4.9276431, 52.365333], [4.9277432, 52.3653043]]}, "properties": {"Speed": 0.0, "Speed_display": 18.0, "road_quality": 3, "marker": 0, "trip_id": "604F9_Trip6", "hrot_diff": 0, "sample_diff": 1, "time_diff_s": 0.02, "gps_distance_m": 7.5, "original_speed": "", "wheel_diameter_mm": 711, "braking_intensity": 0.0, "is_braking": false, "is_crash": false, "crash_intensity_g": 0.0, "segment_start_sample": 19269, "segment_end_sample": 19270, "time_str": ""}}, {"type": "Feature", "geometry": {"type": "LineString", "coordinates": [[4.9277432, 52.3653043], [4.9278411, 52.3652735]]}, "properties": {"Speed": 0.0, "Speed_display": 18.7, "road_quality": 3, "marker": 0, "trip_id": "604F9_Trip6", "hrot_diff": 0, "sample_diff": 1, "time_diff_s": 0.02, "gps_distance_m": 7.5, "original_speed": "", "wheel_diameter_mm": 711, "braking_intensity": 0.0, "is_braking": false, "is_crash": false, "crash_intensity_g": 0.0, "segment_start_sample": 19298, "segment_end_sample": 19299, "time_str": ""}}, {"type": "Feature", "geometry": {"type": "LineString", "coordinates": [[4.9278411, 52.3652735], [4.9279408, 52.3652397]]}, "properties": {"Speed": 0.0, "Speed_display": 19.4, "road_quality": 3, "marker": 0, "trip_id": "604F9_Trip6", "hrot_diff": 0, "sample_diff": 1, "time_diff_s": 0.02, "gps_distance_m": 7.7, "original_speed": "", "wheel_diameter_mm": 711, "braking_intensity": 0.0, "is_braking": false, "is_crash": false, "crash_intensity_g": 0.0, "segment_start_sample": 19347, "segment_end_sample": 19348, "time_str": ""}}, {"type": "Feature", "geometry": {"type": "LineString", "coordinates": [[4.9279408, 52.3652397], [4.9280427, 52.3652055]]}, "properties": {"Speed": 0.0, "Speed_display": 20.2, "road_quality": 3, "marker": 0, "trip_id": "604F9_Trip6", "hrot_diff": 0, "sample_diff": 1, "time_diff_s": 0.02, "gps_distance_m": 7.9, "original_speed": "", "wheel_diameter_mm": 711, "braking_intensity": 0.0, "is_braking": false, "is_crash": false, "crash_intensity_g": 0.0, "segment_start_sample": 19413, "segment_end_sample": 19414, "time_str": ""}}, {"type": "Feature", "geometry": {"type": "LineString", "coordinates": [[4.9280427, 52.3652055], [4.9281487, 52.3651694]]}, "properties": {"Speed": 0.0, "Speed_display": 20.2, "road_quality": 3, "marker": 0, "trip_id": "604F9_Trip6", "hrot_diff": 0, "sample_diff": 1, "time_diff_s": 0.02, "gps_distance_m": 8.2, "original_speed": "", "wheel_diameter_mm": 711, "braking_intensity": 0.0, "is_braking": false, "is_crash": false, "crash_intensity_g": 0.0, "segment_start_sample": 19443, "segment_end_sample": 19444, "time_str": ""}}, {"type": "Feature", "geometry": {"type": "LineString", "coordinates": [[4.9281487, 52.3651694], [4.9282585, 52.365136]]}, "properties": {"Speed": 0.0, "Speed_display": 20.2, "road_quality": 3, "marker": 0, "trip_id": "604F9_Trip6", "hrot_diff": 0, "sample_diff": 1, "time_diff_s": 0.02, "gps_distance_m": 8.3, "original_speed": "", "wheel_diameter_mm": 711, "braking_intensity": 0.0, "is_braking": false, "is_crash": false, "crash_intensity_g": 0.0, "segment_start_sample": 19497, "segment_end_sample": 19498, "time_str": ""}}, {"type": "Feature", "geometry": {"type": "LineString", "coordinates": [[4.9282585, 52.365136], [4.9283592, 52.365099]]}, "properties": {"Speed": 0.0, "Speed_display": 20.9, "road_quality": 3, "marker": 0, "trip_id": "604F9_Trip6", "hrot_diff": 0, "sample_diff": 1, "time_diff_s": 0.02, "gps_distance_m": 8.0, "original_speed": "", "wheel_diameter_mm": 711, "braking_intensity": 0.0, "is_braking": false, "is_crash": false, "crash_intensity_g": 0.0, "segment_start_sample": 19552, "segment_end_sample": 19553, "time_str": ""}}, {"type": "Feature", "geometry": {"type": "LineString", "coordinates": [[4.9283592, 52.365099], [4.9284621, 52.3650574]]}, "properties": {"Speed": 0.0, "Speed_display": 40, "road_quality": 3, "marker": 0, "trip_id": "604F9_Trip6", "hrot_diff": 0, "sample_diff": 1, "time_diff_s": 0.02, "gps_distance_m": 8.4, "original_speed": "", "wheel_diameter_mm": 711, "braking_intensity": 0.0, "is_braking": false, "is_crash": false, "crash_intensity_g": 0.0, "segment_start_sample": 19598, "segment_end_sample": 19599, "time_str": ""}}, {"type": "Feature", "geometry": {"type": "LineString", "coordinates": [[4.9284621, 52.3650574], [4.9285631, 52.3650176]]}, "properties": {"Speed": 0.0, "Speed_display": 20.2, "road_quality": 3, "marker": 0, "trip_id": "604F9_Trip6", "hrot_diff": 0, "sample_diff": 1, "time_diff_s": 0.02, "gps_distance_m": 8.2, "original_speed": "", "wheel_diameter_mm": 711, "braking_intensity": 0.0, "is_braking": false, "is_crash": false, "crash_intensity_g": 0.0, "segment_start_sample": 19650, "segment_end_sample": 19651, "time_str": ""}}, {"type": "Feature", "geometry": {"type": "LineString", "coordinates": [[4.9285631, 52.3650176], [4.9286624, 52.3649764]]}, "properties": {"Speed": 0.0, "Speed_display": 20.2, "road_quality": 3, "marker": 0, "trip_id": "604F9_Trip6", "hrot_diff": 0, "sample_diff": 1, "time_diff_s": 0.02, "gps_distance_m": 8.2, "original_speed": "", "wheel_diameter_mm": 711, "braking_intensity": 0.0, "is_braking": false, "is_crash": false, "crash_intensity_g": 0.0, "segment_start_sample": 19705, "segment_end_sample": 19706, "time_str": ""}}, {"type": "Feature", "geometry": {"type": "LineString", "coordinates": [[4.9286624, 52.3649764], [4.9287606, 52.3649323]]}, "properties": {"Speed": 0.0, "Speed_display": 20.2, "road_quality": 3, "marker": 0, "trip_id": "604F9_Trip6", "hrot_diff": 0, "sample_diff": 1, "time_diff_s": 0.02, "gps_distance_m": 8.3, "original_speed": "", "wheel_diameter_mm": 711, "braking_intensity": 0.0, "is_braking": false, "is_crash": false, "crash_intensity_g": 0.0, "segment_start_sample": 19776, "segment_end_sample": 19777, "time_str": ""}}, {"type": "Feature", "geometry": {"type": "LineString", "coordinates": [[4.9287606, 52.3649323], [4.9288606, 52.3648995]]}, "properties": {"Speed": 0.0, "Speed_display": 20.9, "road_quality": 3, "marker": 0, "trip_id": "604F9_Trip6", "hrot_diff": 0, "sample_diff": 1, "time_diff_s": 0.02, "gps_distance_m": 7.7, "original_speed": "", "wheel_diameter_mm": 711, "braking_intensity": 0.0, "is_braking": false, "is_crash": false, "crash_intensity_g": 0.0, "segment_start_sample": 19804, "segment_end_sample": 19805, "time_str": ""}}, {"type": "Feature", "geometry": {"type": "LineString", "coordinates": [[4.9288606, 52.3648995], [4.9289658, 52.3648652]]}, "properties": {"Speed": 0.0, "Speed_display": 20.9, "road_quality": 3, "marker": 0, "trip_id": "604F9_Trip6", "hrot_diff": 0, "sample_diff": 1, "time_diff_s": 0.02, "gps_distance_m": 8.1, "original_speed": "", "wheel_diameter_mm": 711, "braking_intensity": 0.0, "is_braking": false, "is_crash": false, "crash_intensity_g": 0.0, "segment_start_sample": 19858, "segment_end_sample": 19859, "time_str": ""}}, {"type": "Feature", "geometry": {"type": "LineString", "coordinates": [[4.9289658, 52.3648652], [4.9290652, 52.3648286]]}, "properties": {"Speed": 0.0, "Speed_display": 20.9, "road_quality": 3, "marker": 0, "trip_id": "604F9_Trip6", "hrot_diff": 0, "sample_diff": 1, "time_diff_s": 0.02, "gps_distance_m": 7.9, "original_speed": "", "wheel_diameter_mm": 711, "braking_intensity": 0.0, "is_braking": false, "is_crash": false, "crash_intensity_g": 0.0, "segment_start_sample": 19899, "segment_end_sample": 19900, "time_str": ""}}, {"type": "Feature", "geometry": {"type": "LineString", "coordinates": [[4.9290652, 52.3648286], [4.9291647, 52.364789]]}, "properties": {"Speed": 0.0, "Speed_display": 20.2, "road_quality": 3, "marker": 0, "trip_id": "604F9_Trip6", "hrot_diff": 0, "sample_diff": 1, "time_diff_s": 0.02, "gps_distance_m": 8.1, "original_speed": "", "wheel_diameter_mm": 711, "braking_intensity": 0.0, "is_braking": false, "is_crash": false, "crash_intensity_g": 0.0, "segment_start_sample": 19940, "segment_end_sample": 19941, "time_str": ""}}, {"type": "Feature", "geometry": {"type": "LineString", "coordinates": [[4.9291647, 52.364789], [4.9292608, 52.3647457]]}, "properties": {"Speed": 0.0, "Speed_display": 20.9, "road_quality": 3, "marker": 0, "trip_id": "604F9_Trip6", "hrot_diff": 0, "sample_diff": 1, "time_diff_s": 0.02, "gps_distance_m": 8.1, "original_speed": "", "wheel_diameter_mm": 711, "braking_intensity": 0.0, "is_braking": false, "is_crash": false, "crash_intensity_g": 0.0, "segment_start_sample": 20036, "segment_end_sample": 20037, "time_str": ""}}, {"type": "Feature", "geometry": {"type": "LineString", "coordinates": [[4.9292608, 52.3647457], [4.9293487, 52.3646964]]}, "properties": {"Speed": 0.0, "Speed_display": 30.6, "road_quality": 3, "marker": 0, "trip_id": "604F9_Trip6", "hrot_diff": 0, "sample_diff": 1, "time_diff_s": 0.02, "gps_distance_m": 8.1, "original_speed": "", "wheel_diameter_mm": 711, "braking_intensity": 0.0, "is_braking": false, "is_crash": false, "crash_intensity_g": 0.0, "segment_start_sample": 20040, "segment_end_sample": 20041, "time_str": ""}}, {"type": "Feature", "geometry": {"type": "LineString", "coordinates": [[4.9293487, 52.3646964], [4.9294374, 52.3646484]]}, "properties": {"Speed": 0.0, "Speed_display": 20.9, "road_quality": 3, "marker": 0, "trip_id": "604F9_Trip6", "hrot_diff": 0, "sample_diff": 1, "time_diff_s": 0.02, "gps_distance_m": 8.0, "original_speed": "", "wheel_diameter_mm": 711, "braking_intensity": 0.0, "is_braking": false, "is_crash": false, "crash_intensity_g": 0.0, "segment_start_sample": 20090, "segment_end_sample": 20091, "time_str": ""}}, {"type": "Feature", "geometry": {"type": "LineString", "coordinates": [[4.9294374, 52.3646484], [4.9295222, 52.364605]]}, "properties": {"Speed": 0.0, "Speed_display": 20.2, "road_quality": 3, "marker": 0, "trip_id": "604F9_Trip6", "hrot_diff": 0, "sample_diff": 1, "time_diff_s": 0.02, "gps_distance_m": 7.5, "original_speed": "", "wheel_diameter_mm": 711, "braking_intensity": 0.0, "is_braking": false, "is_crash": false, "crash_intensity_g": 0.0, "segment_start_sample": 20138, "segment_end_sample": 20139, "time_str": ""}}, {"type": "Feature", "geometry": {"type": "LineString", "coordinates": [[4.9295222, 52.364605], [4.9296152, 52.3645554]]}, "properties": {"Speed": 0.0, "Speed_display": 20.9, "road_quality": 3, "marker": 0, "trip_id": "604F9_Trip6", "hrot_diff": 0, "sample_diff": 1, "time_diff_s": 0.02, "gps_distance_m": 8.4, "original_speed": "", "wheel_diameter_mm": 711, "braking_intensity": 0.0, "is_braking": false, "is_crash": false, "crash_intensity_g": 0.0, "segment_start_sample": 20215, "segment_end_sample": 20216, "time_str": ""}}, {"type": "Feature", "geometry": {"type": "LineString", "coordinates": [[4.9296152, 52.3645554], [4.9297006, 52.364504]]}, "properties": {"Speed": 0.0, "Speed_display": 20.9, "road_quality": 3, "marker": 0, "trip_id": "604F9_Trip6", "hrot_diff": 0, "sample_diff": 1, "time_diff_s": 0.02, "gps_distance_m": 8.1, "original_speed": "", "wheel_diameter_mm": 711, "braking_intensity": 0.0, "is_braking": false, "is_crash": false, "crash_intensity_g": 0.0, "segment_start_sample": 20242, "segment_end_sample": 20243, "time_str": ""}}, {"type": "Feature", "geometry": {"type": "LineString", "coordinates": [[4.9297006, 52.364504], [4.9297834, 52.3644504]]}, "properties": {"Speed": 0.0, "Speed_display": 19.4, "road_quality": 3, "marker": 0, "trip_id": "604F9_Trip6", "hrot_diff": 0, "sample_diff": 1, "time_diff_s": 0.02, "gps_distance_m": 8.2, "original_speed": "", "wheel_diameter_mm": 711, "braking_intensity": 0.0, "is_braking": false, "is_crash": false, "crash_intensity_g": 0.0, "segment_start_sample": 20291, "segment_end_sample": 20292, "time_str": ""}}, {"type": "Feature", "geometry": {"type": "LineString", "coordinates": [[4.9297834, 52.3644504], [4.9298668, 52.3643998]]}, "properties": {"Speed": 0.0, "Speed_display": 19.4, "road_quality": 3, "marker": 0, "trip_id": "604F9_Trip6", "hrot_diff": 0, "sample_diff": 1, "time_diff_s": 0.02, "gps_distance_m": 8.0, "original_speed": "", "wheel_diameter_mm": 711, "braking_intensity": 0.0, "is_braking": false, "is_crash": false, "crash_intensity_g": 0.0, "segment_start_sample": 20341, "segment_end_sample": 20342, "time_str": ""}}, {"type": "Feature", "geometry": {"type": "LineString", "coordinates": [[4.9298668, 52.3643998], [4.9299443, 52.3643589]]}, "properties": {"Speed": 0.0, "Speed_display": 18.7, "road_quality": 3, "marker": 0, "trip_id": "604F9_Trip6", "hrot_diff": 0, "sample_diff": 1, "time_diff_s": 0.02, "gps_distance_m": 7.0, "original_speed": "", "wheel_diameter_mm": 711, "braking_intensity": 0.0, "is_braking": false, "is_crash": false, "crash_intensity_g": 0.0, "segment_start_sample": 20390, "segment_end_sample": 20391, "time_str": ""}}, {"type": "Feature", "geometry": {"type": "LineString", "coordinates": [[4.9299443, 52.3643589], [4.9300185, 52.3643155]]}, "properties": {"Speed": 0.0, "Speed_display": 18.7, "road_quality": 3, "marker": 0, "trip_id": "604F9_Trip6", "hrot_diff": 0, "sample_diff": 1, "time_diff_s": 0.02, "gps_distance_m": 7.0, "original_speed": "", "wheel_diameter_mm": 711, "braking_intensity": 0.0, "is_braking": false, "is_crash": false, "crash_intensity_g": 0.0, "segment_start_sample": 20444, "segment_end_sample": 20445, "time_str": ""}}, {"type": "Feature", "geometry": {"type": "LineString", "coordinates": [[4.9300185, 52.3643155], [4.9300887, 52.3642707]]}, "properties": {"Speed": 0.0, "Speed_display": 18.7, "road_quality": 3, "marker": 0, "trip_id": "604F9_Trip6", "hrot_diff": 0, "sample_diff": 1, "time_diff_s": 0.02, "gps_distance_m": 6.9, "original_speed": "", "wheel_diameter_mm": 711, "braking_intensity": 0.0, "is_braking": false, "is_crash": false, "crash_intensity_g": 0.0, "segment_start_sample": 20493, "segment_end_sample": 20494, "time_str": ""}}, {"type": "Feature", "geometry": {"type": "LineString", "coordinates": [[4.9300887, 52.3642707], [4.9301593, 52.364226]]}, "properties": {"Speed": 0.0, "Speed_display": 18.7, "road_quality": 3, "marker": 0, "trip_id": "604F9_Trip6", "hrot_diff": 0, "sample_diff": 1, "time_diff_s": 0.02, "gps_distance_m": 6.9, "original_speed": "", "wheel_diameter_mm": 711, "braking_intensity": 0.0, "is_braking": false, "is_crash": false, "crash_intensity_g": 0.0, "segment_start_sample": 20538, "segment_end_sample": 20539, "time_str": ""}}, {"type": "Feature", "geometry": {"type": "LineString", "coordinates": [[4.9301593, 52.364226], [4.9302174, 52.3641724]]}, "properties": {"Speed": 0.0, "Speed_display": 18.0, "road_quality": 3, "marker": 0, "trip_id": "604F9_Trip6", "hrot_diff": 0, "sample_diff": 1, "time_diff_s": 0.02, "gps_distance_m": 7.1, "original_speed": "", "wheel_diameter_mm": 711, "braking_intensity": 0.0, "is_braking": false, "is_crash": false, "crash_intensity_g": 0.0, "segment_start_sample": 20594, "segment_end_sample": 20595, "time_str": ""}}, {"type": "Feature", "geometry": {"type": "LineString", "coordinates": [[4.9302174, 52.3641724], [4.9302686, 52.3641187]]}, "properties": {"Speed": 0.0, "Speed_display": 17.3, "road_quality": 3, "marker": 0, "trip_id": "604F9_Trip6", "hrot_diff": 0, "sample_diff": 1, "time_diff_s": 0.02, "gps_distance_m": 6.9, "original_speed": "", "wheel_diameter_mm": 711, "braking_intensity": 0.0, "is_braking": false, "is_crash": false, "crash_intensity_g": 0.0, "segment_start_sample": 20640, "segment_end_sample": 20641, "time_str": ""}}, {"type": "Feature", "geometry": {"type": "LineString", "coordinates": [[4.9302686, 52.3641187], [4.9303119, 52.3640656]]}, "properties": {"Speed": 0.0, "Speed_display": 16.6, "road_quality": 2, "marker": 0, "trip_id": "604F9_Trip6", "hrot_diff": 0, "sample_diff": 1, "time_diff_s": 0.02, "gps_distance_m": 6.6, "original_speed": "", "wheel_diameter_mm": 711, "braking_intensity": 0.0, "is_braking": false, "is_crash": false, "crash_intensity_g": 0.0, "segment_start_sample": 20689, "segment_end_sample": 20690, "time_str": ""}}, {"type": "Feature", "geometry": {"type": "LineString", "coordinates": [[4.9303119, 52.3640656], [4.9303412, 52.3640082]]}, "properties": {"Speed": 0.0, "Speed_display": 15.8, "road_quality": 2, "marker": 0, "trip_id": "604F9_Trip6", "hrot_diff": 0, "sample_diff": 1, "time_diff_s": 0.02, "gps_distance_m": 6.7, "original_speed": "", "wheel_diameter_mm": 711, "braking_intensity": 0.0, "is_braking": false, "is_crash": false, "crash_intensity_g": 0.0, "segment_start_sample": 20741, "segment_end_sample": 20742, "time_str": ""}}, {"type": "Feature", "geometry": {"type": "LineString", "coordinates": [[4.9303412, 52.3640082], [4.9303775, 52.3639581]]}, "properties": {"Speed": 0.0, "Speed_display": 15.8, "road_quality": 2, "marker": 0, "trip_id": "604F9_Trip6", "hrot_diff": 0, "sample_diff": 1, "time_diff_s": 0.02, "gps_distance_m": 6.1, "original_speed": "", "wheel_diameter_mm": 711, "braking_intensity": 0.0, "is_braking": false, "is_crash": false, "crash_intensity_g": 0.0, "segment_start_sample": 20794, "segment_end_sample": 20795, "time_str": ""}}, {"type": "Feature", "geometry": {"type": "LineString", "coordinates": [[4.9303775, 52.3639581], [4.9304011, 52.3639077]]}, "properties": {"Speed": 0.0, "Speed_display": 15.1, "road_quality": 2, "marker": 0, "trip_id": "604F9_Trip6", "hrot_diff": 0, "sample_diff": 1, "time_diff_s": 0.02, "gps_distance_m": 5.8, "original_speed": "", "wheel_diameter_mm": 711, "braking_intensity": 0.0, "is_braking": false, "is_crash": false, "crash_intensity_g": 0.0, "segment_start_sample": 20838, "segment_end_sample": 20839, "time_str": ""}}, {"type": "Feature", "geometry": {"type": "LineString", "coordinates": [[4.9304011, 52.3639077], [4.9304217, 52.3638589]]}, "properties": {"Speed": 0.0, "Speed_display": 14.4, "road_quality": 3, "marker": 0, "trip_id": "604F9_Trip6", "hrot_diff": 0, "sample_diff": 1, "time_diff_s": 0.02, "gps_distance_m": 5.6, "original_speed": "", "wheel_diameter_mm": 711, "braking_intensity": 0.0, "is_braking": false, "is_crash": false, "crash_intensity_g": 0.0, "segment_start_sample": 20898, "segment_end_sample": 20899, "time_str": ""}}, {"type": "Feature", "geometry": {"type": "LineString", "coordinates": [[4.9304217, 52.3638589], [4.9304371, 52.3638034]]}, "properties": {"Speed": 0.0, "Speed_display": 15.1, "road_quality": 3, "marker": 0, "trip_id": "604F9_Trip6", "hrot_diff": 0, "sample_diff": 1, "time_diff_s": 0.02, "gps_distance_m": 6.3, "original_speed": "", "wheel_diameter_mm": 711, "braking_intensity": 0.0, "is_braking": false, "is_crash": false, "crash_intensity_g": 0.0, "segment_start_sample": 20947, "segment_end_sample": 20948, "time_str": ""}}, {"type": "Feature", "geometry": {"type": "LineString", "coordinates": [[4.9304371, 52.3638034], [4.9304534, 52.3637544]]}, "properties": {"Speed": 0.0, "Speed_display": 13.0, "road_quality": 2, "marker": 0, "trip_id": "604F9_Trip6", "hrot_diff": 0, "sample_diff": 1, "time_diff_s": 0.02, "gps_distance_m": 5.6, "original_speed": "", "wheel_diameter_mm": 711, "braking_intensity": 0.0, "is_braking": false, "is_crash": false, "crash_intensity_g": 0.0, "segment_start_sample": 20996, "segment_end_sample": 20997, "time_str": ""}}, {"type": "Feature", "geometry": {"type": "LineString", "coordinates": [[4.9304534, 52.3637544], [4.930463, 52.3637093]]}, "properties": {"Speed": 0.0, "Speed_display": 13.0, "road_quality": 2, "marker": 0, "trip_id": "604F9_Trip6", "hrot_diff": 0, "sample_diff": 1, "time_diff_s": 0.02, "gps_distance_m": 5.1, "original_speed": "", "wheel_diameter_mm": 711, "braking_intensity": 0.0, "is_braking": false, "is_crash": false, "crash_intensity_g": 0.0, "segment_start_sample": 21047, "segment_end_sample": 21048, "time_str": ""}}, {"type": "Feature", "geometry": {"type": "LineString", "coordinates": [[4.930463, 52.3637093], [4.9304672, 52.3636617]]}, "properties": {"Speed": 0.0, "Speed_display": 13.7, "road_quality": 3, "marker": 0, "trip_id": "604F9_Trip6", "hrot_diff": 0, "sample_diff": 1, "time_diff_s": 0.02, "gps_distance_m": 5.3, "original_speed": "", "wheel_diameter_mm": 711, "braking_intensity": 0.0, "is_braking": false, "is_crash": false, "crash_intensity_g": 0.0, "segment_start_sample": 21089, "segment_end_sample": 21090, "time_str": ""}}, {"type": "Feature", "geometry": {"type": "LineString", "coordinates": [[4.9304672, 52.3636617], [4.9304727, 52.3636142]]}, "properties": {"Speed": 0.0, "Speed_display": 13.0, "road_quality": 3, "marker": 0, "trip_id": "604F9_Trip6", "hrot_diff": 0, "sample_diff": 1, "time_diff_s": 0.02, "gps_distance_m": 5.3, "original_speed": "", "wheel_diameter_mm": 711, "braking_intensity": 0.0, "is_braking": false, "is_crash": false, "crash_intensity_g": 0.0, "segment_start_sample": 21142, "segment_end_sample": 21143, "time_str": ""}}, {"type": "Feature", "geometry": {"type": "LineString", "coordinates": [[4.9304727, 52.3636142], [4.9304729, 52.3635672]]}, "properties": {"Speed": 0.0, "Speed_display": 12.2, "road_quality": 2, "marker": 0, "trip_id": "604F9_Trip6", "hrot_diff": 0, "sample_diff": 1, "time_diff_s": 0.02, "gps_distance_m": 5.2, "original_speed": "", "wheel_diameter_mm": 711, "braking_intensity": 0.0, "is_braking": false, "is_crash": false, "crash_intensity_g": 0.0, "segment_start_sample": 21196, "segment_end_sample": 21197, "time_str": ""}}, {"type": "Feature", "geometry": {"type": "LineString", "coordinates": [[4.9304729, 52.3635672], [4.9304773, 52.3635234]]}, "properties": {"Speed": 0.0, "Speed_display": 12.2, "road_quality": 2, "marker": 0, "trip_id": "604F9_Trip6", "hrot_diff": 0, "sample_diff": 1, "time_diff_s": 0.02, "gps_distance_m": 4.9, "original_speed": "", "wheel_diameter_mm": 711, "braking_intensity": 0.0, "is_braking": false, "is_crash": false, "crash_intensity_g": 0.0, "segment_start_sample": 21239, "segment_end_sample": 21240, "time_str": ""}}, {"type": "Feature", "geometry": {"type": "LineString", "coordinates": [[4.9304773, 52.3635234], [4.9304875, 52.3634873]]}, "properties": {"Speed": 0.0, "Speed_display": 10.1, "road_quality": 2, "marker": 0, "trip_id": "604F9_Trip6", "hrot_diff": 0, "sample_diff": 1, "time_diff_s": 0.02, "gps_distance_m": 4.1, "original_speed": "", "wheel_diameter_mm": 711, "braking_intensity": 0.0, "is_braking": false, "is_crash": false, "crash_intensity_g": 0.0, "segment_start_sample": 21299, "segment_end_sample": 21300, "time_str": ""}}, {"type": "Feature", "geometry": {"type": "LineString", "coordinates": [[4.9304875, 52.3634873], [4.9304877, 52.3634512]]}, "properties": {"Speed": 0.0, "Speed_display": 9.4, "road_quality": 2, "marker": 0, "trip_id": "604F9_Trip6", "hrot_diff": 0, "sample_diff": 1, "time_diff_s": 0.02, "gps_distance_m": 4.0, "original_speed": "", "wheel_diameter_mm": 711, "braking_intensity": 0.0, "is_braking": false, "is_crash": false, "crash_intensity_g": 0.0, "segment_start_sample": 21340, "segment_end_sample": 21341, "time_str": ""}}, {"type": "Feature", "geometry": {"type": "LineString", "coordinates": [[4.9304877, 52.3634512], [4.9304899, 52.3634184]]}, "properties": {"Speed": 0.0, "Speed_display": 8.6, "road_quality": 2, "marker": 0, "trip_id": "604F9_Trip6", "hrot_diff": 0, "sample_diff": 1, "time_diff_s": 0.02, "gps_distance_m": 3.7, "original_speed": "", "wheel_diameter_mm": 711, "braking_intensity": 0.0, "is_braking": false, "is_crash": false, "crash_intensity_g": 0.0, "segment_start_sample": 21398, "segment_end_sample": 21399, "time_str": ""}}, {"type": "Feature", "geometry": {"type": "LineString", "coordinates": [[4.9304899, 52.3634184], [4.9304926, 52.3633897]]}, "properties": {"Speed": 0.0, "Speed_display": 7.2, "road_quality": 2, "marker": 0, "trip_id": "604F9_Trip6", "hrot_diff": 0, "sample_diff": 1, "time_diff_s": 0.02, "gps_distance_m": 3.2, "original_speed": "", "wheel_diameter_mm": 711, "braking_intensity": 0.0, "is_braking": false, "is_crash": false, "crash_intensity_g": 0.0, "segment_start_sample": 21449, "segment_end_sample": 21450, "time_str": ""}}, {"type": "Feature", "geometry": {"type": "LineString", "coordinates": [[4.9304926, 52.3633897], [4.9304934, 52.3633701]]}, "properties": {"Speed": 0.0, "Speed_display": 5.0, "road_quality": 2, "marker": 0, "trip_id": "604F9_Trip6", "hrot_diff": 0, "sample_diff": 1, "time_diff_s": 0.02, "gps_distance_m": 2.2, "original_speed": "", "wheel_diameter_mm": 711, "braking_intensity": 0.0, "is_braking": false, "is_crash": false, "crash_intensity_g": 0.0, "segment_start_sample": 21492, "segment_end_sample": 21493, "time_str": ""}}, {"type": "Feature", "geometry": {"type": "LineString", "coordinates": [[4.9304934, 52.3633701], [4.9304884, 52.3633557]]}, "properties": {"Speed": 0.0, "Speed_display": 3.6, "road_quality": 2, "marker": 0, "trip_id": "604F9_Trip6", "hrot_diff": 0, "sample_diff": 1, "time_diff_s": 0.02, "gps_distance_m": 1.6, "original_speed": "", "wheel_diameter_mm": 711, "braking_intensity": 0.0, "is_braking": false, "is_crash": false, "crash_intensity_g": 0.0, "segment_start_sample": 21565, "segment_end_sample": 21566, "time_str": ""}}, {"type": "Feature", "geometry": {"type": "LineString", "coordinates": [[4.9304884, 52.3633557], [4.9304839, 52.3633444]]}, "properties": {"Speed": 0.0, "Speed_display": 2.9, "road_quality": 3, "marker": 0, "trip_id": "604F9_Trip6", "hrot_diff": 0, "sample_diff": 1, "time_diff_s": 0.02, "gps_distance_m": 1.3, "original_speed": "", "wheel_diameter_mm": 711, "braking_intensity": 0.0, "is_braking": false, "is_crash": false, "crash_intensity_g": 0.0, "segment_start_sample": 21597, "segment_end_sample": 21598, "time_str": ""}}, {"type": "Feature", "geometry": {"type": "LineString", "coordinates": [[4.9304839, 52.3633444], [4.930492, 52.363333]]}, "properties": {"Speed": 0.0, "Speed_display": 3.6, "road_quality": 3, "marker": 0, "trip_id": "604F9_Trip6", "hrot_diff": 0, "sample_diff": 1, "time_diff_s": 0.02, "gps_distance_m": 1.4, "original_speed": "", "wheel_diameter_mm": 711, "braking_intensity": 0.0, "is_braking": false, "is_crash": false, "crash_intensity_g": 0.0, "segment_start_sample": 21673, "segment_end_sample": 21674, "time_str": ""}}, {"type": "Feature", "geometry": {"type": "LineString", "coordinates": [[4.930492, 52.363333], [4.9305001, 52.3633172]]}, "properties": {"Speed": 0.0, "Speed_display": 5.0, "road_quality": 3, "marker": 0, "trip_id": "604F9_Trip6", "hrot_diff": 0, "sample_diff": 1, "time_diff_s": 0.02, "gps_distance_m": 1.8, "original_speed": "", "wheel_diameter_mm": 711, "braking_intensity": 0.0, "is_braking": false, "is_crash": false, "crash_intensity_g": 0.0, "segment_start_sample": 21700, "segment_end_sample": 21701, "time_str": ""}}, {"type": "Feature", "geometry": {"type": "LineString", "coordinates": [[4.9305001, 52.3633172], [4.9305171, 52.3633034]]}, "properties": {"Speed": 0.0, "Speed_display": 5.0, "road_quality": 3, "marker": 0, "trip_id": "604F9_Trip6", "hrot_diff": 0, "sample_diff": 1, "time_diff_s": 0.02, "gps_distance_m": 1.9, "original_speed": "", "wheel_diameter_mm": 711, "braking_intensity": 0.0, "is_braking": false, "is_crash": false, "crash_intensity_g": 0.0, "segment_start_sample": 21745, "segment_end_sample": 21746, "time_str": ""}}, {"type": "Feature", "geometry": {"type": "LineString", "coordinates": [[4.9305171, 52.3633034], [4.9305517, 52.3632925]]}, "properties": {"Speed": 0.0, "Speed_display": 5.8, "road_quality": 3, "marker": 0, "trip_id": "604F9_Trip6", "hrot_diff": 0, "sample_diff": 1, "time_diff_s": 0.02, "gps_distance_m": 2.6, "original_speed": "", "wheel_diameter_mm": 711, "braking_intensity": 0.0, "is_braking": false, "is_crash": false, "crash_intensity_g": 0.0, "segment_start_sample": 21798, "segment_end_sample": 21799, "time_str": ""}}, {"type": "Feature", "geometry": {"type": "LineString", "coordinates": [[4.9305517, 52.3632925], [4.9305889, 52.3632886]]}, "properties": {"Speed": 0.0, "Speed_display": 5.8, "road_quality": 3, "marker": 0, "trip_id": "604F9_Trip6", "hrot_diff": 0, "sample_diff": 1, "time_diff_s": 0.02, "gps_distance_m": 2.6, "original_speed": "", "wheel_diameter_mm": 711, "braking_intensity": 0.0, "is_braking": false, "is_crash": false, "crash_intensity_g": 0.0, "segment_start_sample": 21847, "segment_end_sample": 21848, "time_str": ""}}, {"type": "Feature", "geometry": {"type": "LineString", "coordinates": [[4.9305889, 52.3632886], [4.9306371, 52.3632901]]}, "properties": {"Speed": 0.0, "Speed_display": 11.5, "road_quality": 3, "marker": 0, "trip_id": "604F9_Trip6", "hrot_diff": 0, "sample_diff": 1, "time_diff_s": 0.02, "gps_distance_m": 3.3, "original_speed": "", "wheel_diameter_mm": 711, "braking_intensity": 0.0, "is_braking": false, "is_crash": false, "crash_intensity_g": 0.0, "segment_start_sample": 21889, "segment_end_sample": 21890, "time_str": ""}}, {"type": "Feature", "geometry": {"type": "LineString", "coordinates": [[4.9306371, 52.3632901], [4.9307062, 52.3632963]]}, "properties": {"Speed": 0.0, "Speed_display": 12.2, "road_quality": 3, "marker": 0, "trip_id": "604F9_Trip6", "hrot_diff": 0, "sample_diff": 1, "time_diff_s": 0.02, "gps_distance_m": 4.7, "original_speed": "", "wheel_diameter_mm": 711, "braking_intensity": 0.0, "is_braking": false, "is_crash": false, "crash_intensity_g": 0.0, "segment_start_sample": 21947, "segment_end_sample": 21948, "time_str": ""}}, {"type": "Feature", "geometry": {"type": "LineString", "coordinates": [[4.9307062, 52.3632963], [4.9307923, 52.363298]]}, "properties": {"Speed": 0.0, "Speed_display": 15.1, "road_quality": 3, "marker": 0, "trip_id": "604F9_Trip6", "hrot_diff": 0, "sample_diff": 1, "time_diff_s": 0.02, "gps_distance_m": 5.8, "original_speed": "", "wheel_diameter_mm": 711, "braking_intensity": 0.0, "is_braking": false, "is_crash": false, "crash_intensity_g": 0.0, "segment_start_sample": 21989, "segment_end_sample": 21990, "time_str": ""}}, {"type": "Feature", "geometry": {"type": "LineString", "coordinates": [[4.9307923, 52.363298], [4.9308777, 52.3633092]]}, "properties": {"Speed": 0.0, "Speed_display": 15.1, "road_quality": 3, "marker": 0, "trip_id": "604F9_Trip6", "hrot_diff": 0, "sample_diff": 1, "time_diff_s": 0.02, "gps_distance_m": 5.9, "original_speed": "", "wheel_diameter_mm": 711, "braking_intensity": 0.0, "is_braking": false, "is_crash": false, "crash_intensity_g": 0.0, "segment_start_sample": 22038, "segment_end_sample": 22039, "time_str": ""}}, {"type": "Feature", "geometry": {"type": "LineString", "coordinates": [[4.9308777, 52.3633092], [4.9313917, 52.3634358]]}, "properties": {"Speed": 0.0, "Speed_display": 14.4, "road_quality": 3, "marker": 0, "trip_id": "604F9_Trip6", "hrot_diff": 0, "sample_diff": 1, "time_diff_s": 0.02, "gps_distance_m": 37.6, "original_speed": "", "wheel_diameter_mm": 711, "braking_intensity": 0.0, "is_braking": false, "is_crash": false, "crash_intensity_g": 0.0, "segment_start_sample": 22219, "segment_end_sample": 22220, "time_str": ""}}, {"type": "Feature", "geometry": {"type": "LineString", "coordinates": [[4.9313917, 52.3634358], [4.931436, 52.3634101]]}, "properties": {"Speed": 0.0, "Speed_display": 11.5, "road_quality": 3, "marker": 0, "trip_id": "604F9_Trip6", "hrot_diff": 0, "sample_diff": 1, "time_diff_s": 0.02, "gps_distance_m": 4.1, "original_speed": "", "wheel_diameter_mm": 711, "braking_intensity": 0.0, "is_braking": false, "is_crash": false, "crash_intensity_g": 0.0, "segment_start_sample": 22396, "segment_end_sample": 22397, "time_str": ""}}, {"type": "Feature", "geometry": {"type": "LineString", "coordinates": [[4.931436, 52.3634101], [4.931491, 52.3633488]]}, "properties": {"Speed": 0.0, "Speed_display": 11.5, "road_quality": 3, "marker": 0, "trip_id": "604F9_Trip6", "hrot_diff": 0, "sample_diff": 1, "time_diff_s": 0.02, "gps_distance_m": 7.8, "original_speed": "", "wheel_diameter_mm": 711, "braking_intensity": 0.0, "is_braking": false, "is_crash": false, "crash_intensity_g": 0.0, "segment_start_sample": 22442, "segment_end_sample": 22443, "time_str": ""}}, {"type": "Feature", "geometry": {"type": "LineString", "coordinates": [[4.931491, 52.3633488], [4.9314895, 52.3632973]]}, "properties": {"Speed": 0.0, "Speed_display": 12.2, "road_quality": 3, "marker": 0, "trip_id": "604F9_Trip6", "hrot_diff": 0, "sample_diff": 1, "time_diff_s": 0.02, "gps_distance_m": 5.7, "original_speed": "", "wheel_diameter_mm": 711, "braking_intensity": 0.0, "is_braking": false, "is_crash": false, "crash_intensity_g": 0.0, "segment_start_sample": 22496, "segment_end_sample": 22497, "time_str": ""}}, {"type": "Feature", "geometry": {"type": "LineString", "coordinates": [[4.9314895, 52.3632973], [4.9314982, 52.3632486]]}, "properties": {"Speed": 0.0, "Speed_display": 12.2, "road_quality": 3, "marker": 0, "trip_id": "604F9_Trip6", "hrot_diff": 0, "sample_diff": 1, "time_diff_s": 0.02, "gps_distance_m": 5.4, "original_speed": "", "wheel_diameter_mm": 711, "braking_intensity": 0.0, "is_braking": false, "is_crash": false, "crash_intensity_g": 0.0, "segment_start_sample": 22546, "segment_end_sample": 22547, "time_str": ""}}, {"type": "Feature", "geometry": {"type": "LineString", "coordinates": [[4.9314982, 52.3632486], [4.9315161, 52.3631982]]}, "properties": {"Speed": 0.0, "Speed_display": 12.2, "road_quality": 3, "marker": 0, "trip_id": "604F9_Trip6", "hrot_diff": 0, "sample_diff": 1, "time_diff_s": 0.02, "gps_distance_m": 5.7, "original_speed": "", "wheel_diameter_mm": 711, "braking_intensity": 0.0, "is_braking": false, "is_crash": false, "crash_intensity_g": 0.0, "segment_start_sample": 22593, "segment_end_sample": 22594, "time_str": ""}}, {"type": "Feature", "geometry": {"type": "LineString", "coordinates": [[4.9315161, 52.3631982], [4.9315362, 52.363145]]}, "properties": {"Speed": 0.0, "Speed_display": 12.2, "road_quality": 3, "marker": 0, "trip_id": "604F9_Trip6", "hrot_diff": 0, "sample_diff": 1, "time_diff_s": 0.02, "gps_distance_m": 6.1, "original_speed": "", "wheel_diameter_mm": 711, "braking_intensity": 0.0, "is_braking": false, "is_crash": false, "crash_intensity_g": 0.0, "segment_start_sample": 22643, "segment_end_sample": 22644, "time_str": ""}}, {"type": "Feature", "geometry": {"type": "LineString", "coordinates": [[4.9315362, 52.363145], [4.9315386, 52.363105]]}, "properties": {"Speed": 0.0, "Speed_display": 11.5, "road_quality": 3, "marker": 0, "trip_id": "604F9_Trip6", "hrot_diff": 0, "sample_diff": 1, "time_diff_s": 0.02, "gps_distance_m": 4.5, "original_speed": "", "wheel_diameter_mm": 711, "braking_intensity": 0.0, "is_braking": false, "is_crash": false, "crash_intensity_g": 0.0, "segment_start_sample": 22691, "segment_end_sample": 22692, "time_str": ""}}, {"type": "Feature", "geometry": {"type": "LineString", "coordinates": [[4.9315386, 52.363105], [4.9315466, 52.3630622]]}, "properties": {"Speed": 0.0, "Speed_display": 10.8, "road_quality": 3, "marker": 0, "trip_id": "604F9_Trip6", "hrot_diff": 0, "sample_diff": 1, "time_diff_s": 0.02, "gps_distance_m": 4.8, "original_speed": "", "wheel_diameter_mm": 711, "braking_intensity": 0.0, "is_braking": false, "is_crash": false, "crash_intensity_g": 0.0, "segment_start_sample": 22742, "segment_end_sample": 22743, "time_str": ""}}, {"type": "Feature", "geometry": {"type": "LineString", "coordinates": [[4.9315466, 52.3630622], [4.931551, 52.3630239]]}, "properties": {"Speed": 0.0, "Speed_display": 10.8, "road_quality": 3, "marker": 0, "trip_id": "604F9_Trip6", "hrot_diff": 0, "sample_diff": 1, "time_diff_s": 0.02, "gps_distance_m": 4.3, "original_speed": "", "wheel_diameter_mm": 711, "braking_intensity": 0.0, "is_braking": false, "is_crash": false, "crash_intensity_g": 0.0, "segment_start_sample": 22790, "segment_end_sample": 22791, "time_str": ""}}, {"type": "Feature", "geometry": {"type": "LineString", "coordinates": [[4.931551, 52.3630239], [4.9315608, 52.3629876]]}, "properties": {"Speed": 0.0, "Speed_display": 10.1, "road_quality": 3, "marker": 0, "trip_id": "604F9_Trip6", "hrot_diff": 0, "sample_diff": 1, "time_diff_s": 0.02, "gps_distance_m": 4.1, "original_speed": "", "wheel_diameter_mm": 711, "braking_intensity": 0.0, "is_braking": false, "is_crash": false, "crash_intensity_g": 0.0, "segment_start_sample": 22840, "segment_end_sample": 22841, "time_str": ""}}, {"type": "Feature", "geometry": {"type": "LineString", "coordinates": [[4.9315608, 52.3629876], [4.9315675, 52.3629558]]}, "properties": {"Speed": 0.0, "Speed_display": 7.9, "road_quality": 3, "marker": 0, "trip_id": "604F9_Trip6", "hrot_diff": 0, "sample_diff": 1, "time_diff_s": 0.02, "gps_distance_m": 3.6, "original_speed": "", "wheel_diameter_mm": 711, "braking_intensity": 0.0, "is_braking": false, "is_crash": false, "crash_intensity_g": 0.0, "segment_start_sample": 22896, "segment_end_sample": 22897, "time_str": ""}}, {"type": "Feature", "geometry": {"type": "LineString", "coordinates": [[4.9315675, 52.3629558], [4.931569, 52.3629281]]}, "properties": {"Speed": 0.0, "Speed_display": 8.6, "road_quality": 3, "marker": 0, "trip_id": "604F9_Trip6", "hrot_diff": 0, "sample_diff": 1, "time_diff_s": 0.02, "gps_distance_m": 3.1, "original_speed": "", "wheel_diameter_mm": 711, "braking_intensity": 0.0, "is_braking": false, "is_crash": false, "crash_intensity_g": 0.0, "segment_start_sample": 22942, "segment_end_sample": 22943, "time_str": ""}}, {"type": "Feature", "geometry": {"type": "LineString", "coordinates": [[4.931569, 52.3629281], [4.9315816, 52.3629]]}, "properties": {"Speed": 0.0, "Speed_display": 8.6, "road_quality": 3, "marker": 0, "trip_id": "604F9_Trip6", "hrot_diff": 0, "sample_diff": 1, "time_diff_s": 0.02, "gps_distance_m": 3.2, "original_speed": "", "wheel_diameter_mm": 711, "braking_intensity": 0.0, "is_braking": false, "is_crash": false, "crash_intensity_g": 0.0, "segment_start_sample": 23000, "segment_end_sample": 23001, "time_str": ""}}, {"type": "Feature", "geometry": {"type": "LineString", "coordinates": [[4.9315816, 52.3629], [4.9316041, 52.3628718]]}, "properties": {"Speed": 0.0, "Speed_display": 7.9, "road_quality": 3, "marker": 0, "trip_id": "604F9_Trip6", "hrot_diff": 0, "sample_diff": 1, "time_diff_s": 0.02, "gps_distance_m": 3.5, "original_speed": "", "wheel_diameter_mm": 711, "braking_intensity": 0.0, "is_braking": false, "is_crash": false, "crash_intensity_g": 0.0, "segment_start_sample": 23042, "segment_end_sample": 23043, "time_str": ""}}, {"type": "Feature", "geometry": {"type": "LineString", "coordinates": [[4.9316041, 52.3628718], [4.9316373, 52.3628474]]}, "properties": {"Speed": 0.0, "Speed_display": 7.9, "road_quality": 3, "marker": 0, "trip_id": "604F9_Trip6", "hrot_diff": 0, "sample_diff": 1, "time_diff_s": 0.02, "gps_distance_m": 3.5, "original_speed": "", "wheel_diameter_mm": 711, "braking_intensity": 0.0, "is_braking": false, "is_crash": false, "crash_intensity_g": 0.0, "segment_start_sample": 23093, "segment_end_sample": 23094, "time_str": ""}}, {"type": "Feature", "geometry": {"type": "LineString", "coordinates": [[4.9316373, 52.3628474], [4.9316806, 52.3628291]]}, "properties": {"Speed": 0.0, "Speed_display": 10.1, "road_quality": 3, "marker": 0, "trip_id": "604F9_Trip6", "hrot_diff": 0, "sample_diff": 1, "time_diff_s": 0.02, "gps_distance_m": 3.6, "original_speed": "", "wheel_diameter_mm": 711, "braking_intensity": 0.0, "is_braking": false, "is_crash": false, "crash_intensity_g": 0.0, "segment_start_sample": 23150, "segment_end_sample": 23151, "time_str": ""}}, {"type": "Feature", "geometry": {"type": "LineString", "coordinates": [[4.9316806, 52.3628291], [4.9317403, 52.3628124]]}, "properties": {"Speed": 0.0, "Speed_display": 12.2, "road_quality": 3, "marker": 0, "trip_id": "604F9_Trip6", "hrot_diff": 0, "sample_diff": 1, "time_diff_s": 0.02, "gps_distance_m": 4.5, "original_speed": "", "wheel_diameter_mm": 711, "braking_intensity": 0.0, "is_braking": false, "is_crash": false, "crash_intensity_g": 0.0, "segment_start_sample": 23194, "segment_end_sample": 23195, "time_str": ""}}, {"type": "Feature", "geometry": {"type": "LineString", "coordinates": [[4.9317403, 52.3628124], [4.9318154, 52.3628148]]}, "properties": {"Speed": 0.0, "Speed_display": 11.5, "road_quality": 3, "marker": 0, "trip_id": "604F9_Trip6", "hrot_diff": 0, "sample_diff": 1, "time_diff_s": 0.02, "gps_distance_m": 5.1, "original_speed": "", "wheel_diameter_mm": 711, "braking_intensity": 0.0, "is_braking": false, "is_crash": false, "crash_intensity_g": 0.0, "segment_start_sample": 23248, "segment_end_sample": 23249, "time_str": ""}}, {"type": "Feature", "geometry": {"type": "LineString", "coordinates": [[4.9318154, 52.3628148], [4.9319013, 52.3628249]]}, "properties": {"Speed": 0.0, "Speed_display": 13.7, "road_quality": 3, "marker": 0, "trip_id": "604F9_Trip6", "hrot_diff": 0, "sample_diff": 1, "time_diff_s": 0.02, "gps_distance_m": 5.9, "original_speed": "", "wheel_diameter_mm": 711, "braking_intensity": 0.0, "is_braking": false, "is_crash": false, "crash_intensity_g": 0.0, "segment_start_sample": 23298, "segment_end_sample": 23299, "time_str": ""}}, {"type": "Feature", "geometry": {"type": "LineString", "coordinates": [[4.9319013, 52.3628249], [4.9319855, 52.362837]]}, "properties": {"Speed": 0.0, "Speed_display": 15.1, "road_quality": 3, "marker": 0, "trip_id": "604F9_Trip6", "hrot_diff": 0, "sample_diff": 1, "time_diff_s": 0.02, "gps_distance_m": 5.9, "original_speed": "", "wheel_diameter_mm": 711, "braking_intensity": 0.0, "is_braking": false, "is_crash": false, "crash_intensity_g": 0.0, "segment_start_sample": 23347, "segment_end_sample": 23348, "time_str": ""}}, {"type": "Feature", "geometry": {"type": "LineString", "coordinates": [[4.9319855, 52.362837], [4.9320775, 52.3628528]]}, "properties": {"Speed": 0.0, "Speed_display": 13.7, "road_quality": 3, "marker": 0, "trip_id": "604F9_Trip6", "hrot_diff": 0, "sample_diff": 1, "time_diff_s": 0.02, "gps_distance_m": 6.5, "original_speed": "", "wheel_diameter_mm": 711, "braking_intensity": 0.0, "is_braking": false, "is_crash": false, "crash_intensity_g": 0.0, "segment_start_sample": 23391, "segment_end_sample": 23392, "time_str": ""}}, {"type": "Feature", "geometry": {"type": "LineString", "coordinates": [[4.9320775, 52.3628528], [4.9321471, 52.3628667]]}, "properties": {"Speed": 0.0, "Speed_display": 13.7, "road_quality": 3, "marker": 0, "trip_id": "604F9_Trip6", "hrot_diff": 0, "sample_diff": 1, "time_diff_s": 0.02, "gps_distance_m": 5.0, "original_speed": "", "wheel_diameter_mm": 711, "braking_intensity": 0.0, "is_braking": false, "is_crash": false, "crash_intensity_g": 0.0, "segment_start_sample": 23441, "segment_end_sample": 23442, "time_str": ""}}, {"type": "Feature", "geometry": {"type": "LineString", "coordinates": [[4.9321471, 52.3628667], [4.9322076, 52.3628736]]}, "properties": {"Speed": 0.0, "Speed_display": 11.5, "road_quality": 3, "marker": 0, "trip_id": "604F9_Trip6", "hrot_diff": 0, "sample_diff": 1, "time_diff_s": 0.02, "gps_distance_m": 4.2, "original_speed": "", "wheel_diameter_mm": 711, "braking_intensity": 0.0, "is_braking": false, "is_crash": false, "crash_intensity_g": 0.0, "segment_start_sample": 23488, "segment_end_sample": 23489, "time_str": ""}}]}